company_id,report_date,credit_score,payment_index,derogatory_count,years_on_file,trade_lines_count,utilization_rate
COMP_000001,2020-11-28,58,46.16,2,1.6490305427625942,19,0.8028
COMP_000001,2021-06-06,50,56.68,1,1.0557580365741712,17,0.1728
COMP_000001,2023-10-13,58,47.74,2,1.0911700496460826,19,0.5539
COMP_000002,2021-10-04,90,69.08,0,18.64508613301259,38,0.8754
COMP_000002,2020-01-22,91,74.6,0,2.2626626692340777,27,0.4864
COMP_000003,2023-07-03,94,70.76,0,5.411331930844957,49,0.8244
COMP_000004,2024-03-08,64,83.79,2,15.611367207259429,14,0.2911
COMP_000004,2023-03-26,60,68.48,2,2.9705652681789627,8,0.8962
COMP_000005,2024-09-22,85,99.17,0,3.0683752726497087,27,0.747
COMP_000006,2021-03-08,71,81.51,3,3.5405860906066806,10,0.5507
COMP_000007,2024-08-25,36,56.87,1,3.4623976907876823,43,0.7309
COMP_000007,2024-11-27,38,70.79,4,2.241612733717826,10,0.812
COMP_000007,2020-01-29,39,61.12,2,1.1573560600543158,6,0.4071
COMP_000008,2024-07-04,66,86.23,0,18.261826158550516,18,0.8909
COMP_000009,2024-12-03,72,83.87,2,11.331326728984592,42,0.5278
COMP_000009,2020-08-17,70,88.45,0,5.42401396366108,33,0.874
COMP_000009,2022-09-11,71,79.1,1,1.1461750865211795,31,0.3719
COMP_000010,2021-01-05,75,82.13,1,1.6777666137920397,46,0.4208
COMP_000011,2021-03-21,67,77.51,3,1.6312116829951662,36,0.3123
COMP_000012,2022-06-13,93,63.58,1,5.24723199714931,32,0.2454
COMP_000013,2020-12-18,73,75.06,1,7.6126533562378915,37,0.6975
COMP_000013,2023-11-25,74,82.06,3,2.498395776045617,31,0.6513
COMP_000014,2021-11-18,77,91.3,0,1.556649573140028,26,0.7031
COMP_000014,2024-11-26,73,84.97,2,1.5031334991953735,42,0.3283
COMP_000014,2022-07-22,71,86.1,2,1.9202282493618128,45,0.3111
COMP_000015,2022-08-28,60,46.23,1,10.672498154760614,32,0.3673
COMP_000015,2021-06-09,62,87.17,0,13.576701361539023,40,0.7136
COMP_000015,2020-05-14,64,62.96,1,12.232236631100875,28,0.2413
COMP_000016,2020-08-22,41,43.96,5,12.51281645767568,46,0.7018
COMP_000016,2024-01-29,35,34.25,5,13.543977842416977,15,0.1083
COMP_000016,2023-08-04,39,35.97,4,14.077514135572244,32,0.8615
COMP_000017,2020-09-02,87,66.71,0,16.265848245429456,43,0.2724
COMP_000017,2021-05-22,85,95.79,0,6.869334354219951,45,0.382
COMP_000017,2022-01-01,87,98.13,0,6.903249646782559,33,0.7671
COMP_000018,2024-11-07,76,89.08,1,4.376612091714413,15,0.182
COMP_000018,2023-07-04,75,62.66,2,19.51795030535428,4,0.2672
COMP_000018,2023-08-25,73,87.42,1,14.923729685647986,37,0.6098
COMP_000019,2020-09-11,91,68.0,0,3.9756832859789495,37,0.7682
COMP_000019,2022-10-20,90,95.32,0,10.609199264004214,42,0.5783
COMP_000019,2020-10-25,98,86.69,0,1.69710671601733,10,0.3873
COMP_000020,2022-11-06,68,71.19,1,2.858494289116247,30,0.6744
COMP_000020,2023-07-04,62,94.19,2,3.792315951281852,39,0.632
COMP_000021,2020-08-25,73,75.55,1,13.718977806906503,45,0.7534
COMP_000021,2024-04-06,70,70.96,3,12.706805691027235,3,0.3928
COMP_000022,2020-08-01,75,84.38,0,13.710888744891376,44,0.2505
COMP_000022,2021-04-08,81,60.58,0,17.90990471546909,7,0.6916
COMP_000022,2021-08-13,77,99.88,2,5.638057028339913,34,0.85
COMP_000023,2023-04-03,90,65.41,0,1.9702800573423485,34,0.8112
COMP_000024,2023-03-27,47,35.39,2,18.117444876293927,43,0.1995
COMP_000025,2022-06-13,52,49.64,1,9.475587003143941,10,0.7226
COMP_000026,2024-10-06,72,64.62,2,13.544664170960719,41,0.142
COMP_000026,2023-06-23,74,95.88,1,12.746274555745941,26,0.3215
COMP_000026,2020-06-24,74,75.72,1,16.645769279446924,16,0.7144
COMP_000027,2024-05-30,58,48.82,5,13.217029657674692,49,0.7124
COMP_000028,2020-07-07,64,78.21,3,17.15157039364503,42,0.7258
COMP_000028,2022-03-02,63,69.52,3,7.592053738109338,16,0.7439
COMP_000029,2023-08-02,48,51.32,4,14.429327256229705,7,0.3829
COMP_000030,2020-09-17,63,62.68,2,2.4958110650301197,48,0.4234
COMP_000030,2023-11-05,68,82.47,1,12.478666985728346,48,0.4542
COMP_000031,2022-12-16,62,77.75,0,15.098122346815192,32,0.3935
COMP_000031,2020-10-15,59,77.25,1,2.896380927074029,32,0.1741
COMP_000032,2024-07-29,52,39.77,2,1.7514429783980083,16,0.5887
COMP_000032,2024-12-21,53,39.67,5,16.098703276220586,35,0.4981
COMP_000033,2021-05-09,65,94.68,0,19.54072390379722,27,0.8968
COMP_000033,2023-03-17,67,79.87,0,12.754264766171884,32,0.182
COMP_000034,2024-12-07,55,45.63,3,8.299545254571004,33,0.683
COMP_000034,2020-03-01,54,30.69,3,1.7371428739236592,28,0.3072
COMP_000034,2021-05-30,48,30.65,1,1.4844309396530786,25,0.5383
COMP_000035,2020-04-15,39,61.69,1,7.268328872954506,9,0.7401
COMP_000036,2023-09-26,90,98.19,0,2.865335658786047,8,0.1314
COMP_000036,2020-10-15,91,97.46,0,8.144577477899063,13,0.5852
COMP_000037,2024-04-28,88,69.07,0,14.033040934965337,49,0.3773
COMP_000037,2024-03-26,86,76.2,0,18.629791037331845,14,0.511
COMP_000038,2021-03-15,49,36.86,4,8.375679289161706,11,0.23
COMP_000039,2021-04-21,59,35.17,1,11.614914665424504,33,0.2707
COMP_000040,2024-02-23,70,93.49,0,9.960215125118054,8,0.8791
COMP_000041,2023-11-07,48,65.75,4,16.790066060525206,48,0.8556
COMP_000041,2021-10-09,43,34.82,3,19.75218473639206,27,0.62
COMP_000042,2023-05-12,42,39.67,2,12.551512285834777,24,0.615
COMP_000042,2020-12-01,47,58.21,4,1.6943142468620092,17,0.6071
COMP_000042,2023-06-22,43,55.04,3,14.346012782335489,47,0.7421
COMP_000043,2024-06-24,80,96.33,3,13.5160926651407,47,0.8666
COMP_000043,2024-01-28,79,65.49,2,1.0378946819331383,18,0.2627
COMP_000043,2021-09-16,72,99.47,2,7.935609996562336,9,0.2712
COMP_000044,2022-01-01,77,99.89,1,17.70219854071522,28,0.7057
COMP_000044,2022-05-26,80,72.77,1,6.322556789075175,20,0.606
COMP_000045,2020-09-13,48,55.69,5,1.5524069483123384,31,0.6429
COMP_000045,2020-10-03,47,38.64,2,6.331071406366448,22,0.1625
COMP_000045,2024-09-17,52,66.27,5,4.335256083678978,19,0.6563
COMP_000046,2023-07-03,60,71.2,3,6.26961127568622,40,0.4721
COMP_000046,2021-11-27,65,93.99,0,17.59317990448397,31,0.3509
COMP_000046,2024-05-12,62,78.6,3,13.593638795268857,24,0.5448
COMP_000047,2022-12-14,75,86.79,0,9.560558755540862,26,0.5455
COMP_000048,2021-06-04,76,71.14,2,2.57638921611795,8,0.307
COMP_000049,2022-11-23,84,69.88,0,7.552137116082847,17,0.5493
COMP_000050,2022-06-30,70,98.22,3,3.690687124306443,20,0.7568
COMP_000051,2020-07-19,78,73.65,2,5.846672241328819,36,0.2011
COMP_000051,2023-03-26,71,66.64,0,13.35670461666963,24,0.8153
COMP_000051,2022-08-19,71,77.18,0,2.344914166165763,28,0.5525
COMP_000052,2021-11-15,81,88.95,2,18.247017006628933,38,0.6459
COMP_000052,2021-11-21,88,84.11,0,12.859824040880964,19,0.5552
COMP_000052,2023-10-22,86,74.24,0,9.162902791030245,24,0.4712
COMP_000053,2024-11-04,93,91.62,0,14.467438268364145,42,0.2334
COMP_000053,2020-03-17,91,62.6,0,5.662650013022855,34,0.2987
COMP_000054,2024-04-04,59,45.11,5,13.905506485722334,50,0.5631
COMP_000054,2022-10-22,65,88.75,0,12.323893547434455,35,0.6252
COMP_000055,2020-01-27,58,50.89,2,5.6477930838409005,39,0.6105
COMP_000056,2020-05-31,79,83.93,1,1.0,18,0.5365
COMP_000056,2020-03-24,87,73.07,0,1.0,37,0.2043
COMP_000056,2023-08-26,85,99.2,1,1.0,36,0.8145
COMP_000057,2024-09-28,85,67.99,0,4.370202022506076,24,0.8438
COMP_000057,2022-04-22,84,78.52,0,1.386343363999245,8,0.6359
COMP_000058,2021-06-23,61,67.88,3,8.076144842879732,44,0.4521
COMP_000058,2021-04-19,62,93.01,2,5.360911683795109,5,0.3305
COMP_000059,2022-08-16,90,78.24,0,12.63505013898551,44,0.3893
COMP_000059,2021-08-02,87,82.09,0,1.3947613596855017,9,0.749
COMP_000059,2023-07-20,92,92.13,0,15.49056245117612,6,0.7796
COMP_000060,2024-07-24,68,98.63,2,6.504117825372994,32,0.73
COMP_000060,2020-11-01,68,67.71,1,2.0753119831862934,40,0.1221
COMP_000060,2022-09-04,73,75.48,1,15.91473718655581,39,0.4147
COMP_000061,2020-07-29,71,93.0,3,2.6985339722510213,49,0.3123
COMP_000061,2022-09-28,73,99.23,1,5.281900858020285,34,0.4604
COMP_000061,2020-04-14,69,74.3,0,3.216485009972863,5,0.5064
COMP_000062,2020-05-31,54,51.71,2,4.481458045564578,19,0.7801
COMP_000063,2021-09-24,81,88.06,0,6.884592795296571,42,0.5515
COMP_000064,2021-01-03,39,48.97,5,4.600644121893433,31,0.7875
COMP_000064,2023-06-05,43,75.85,2,14.489599630008394,24,0.757
COMP_000065,2020-09-25,51,30.16,2,18.222369221953624,33,0.1334
COMP_000066,2021-05-23,59,61.62,1,1.4345593571494604,42,0.2195
COMP_000066,2020-07-19,55,52.7,2,7.914295476189183,17,0.1288
COMP_000067,2022-07-10,79,74.11,0,2.2286440323359615,37,0.6554
COMP_000067,2023-11-21,80,84.31,0,1.0581344339137453,13,0.184
COMP_000068,2020-10-21,88,79.45,0,10.888887013879373,36,0.5241
COMP_000068,2024-12-25,92,65.96,0,7.879422831781298,32,0.7064
COMP_000068,2023-12-20,91,74.83,0,5.702658031341237,15,0.3651
COMP_000069,2021-06-08,58,74.67,1,1.788309168683468,49,0.3742
COMP_000069,2023-03-15,58,69.0,5,2.8615234903441644,13,0.2902
COMP_000070,2020-09-30,91,62.24,0,1.093292379912142,26,0.2252
COMP_000070,2022-03-24,96,70.22,0,2.5570365706783784,29,0.2404
COMP_000070,2024-03-25,97,61.76,0,1.0121695444369092,25,0.6429
COMP_000071,2023-03-04,62,94.97,1,15.02099499032003,6,0.699
COMP_000071,2022-11-29,56,57.13,2,18.275799702748422,40,0.6477
COMP_000071,2023-01-29,60,62.69,2,7.222319219657209,36,0.7281
COMP_000072,2022-05-06,52,68.14,3,4.308761793006205,11,0.6066
COMP_000072,2024-03-28,51,65.76,3,19.742848082469088,19,0.7172
COMP_000072,2023-04-14,50,30.78,4,12.014231108948195,5,0.3813
COMP_000073,2021-06-22,85,79.03,0,7.517251613518141,40,0.5731
COMP_000073,2023-04-21,94,62.91,0,16.058867096844907,35,0.7103
COMP_000073,2021-06-27,91,99.64,0,18.521138675858467,30,0.3894
COMP_000074,2020-01-07,91,80.26,0,18.53877132449082,20,0.1519
COMP_000075,2024-05-04,65,68.7,3,17.328469995065404,36,0.138
COMP_000075,2023-11-08,59,65.44,4,1.0321154812581772,45,0.493
COMP_000076,2021-11-22,85,93.66,0,3.2863350831493556,21,0.4604
COMP_000077,2024-08-16,66,66.51,3,6.542570196459808,50,0.7521
COMP_000077,2022-03-19,73,66.31,2,6.0297791555551346,45,0.6558
COMP_000077,2024-10-01,72,69.5,2,7.903195415139441,8,0.8747
COMP_000078,2023-04-02,51,37.4,3,3.4017080480222703,37,0.4493
COMP_000079,2021-04-14,53,74.45,5,12.533137841329218,46,0.6186
COMP_000080,2024-05-23,99,64.68,0,6.483404845030822,3,0.5571
COMP_000080,2021-06-14,95,73.33,0,7.248663804418468,24,0.6551
COMP_000080,2021-04-08,94,80.49,0,2.3437109002395675,26,0.3616
COMP_000081,2024-07-14,45,53.18,4,6.376549202382533,20,0.8804
COMP_000081,2023-03-16,42,60.79,1,2.1269520053497577,32,0.1405
COMP_000081,2021-08-08,39,61.97,3,3.755921780947646,12,0.6587
COMP_000082,2022-05-09,78,89.08,1,18.59915100584687,42,0.4923
COMP_000082,2021-11-06,81,87.73,0,15.414586615468945,23,0.1746
COMP_000082,2022-09-21,76,76.63,3,10.34358675286923,29,0.5049
COMP_000083,2020-10-12,38,47.09,2,6.445642731164408,12,0.4463
COMP_000084,2022-09-29,92,84.99,0,14.714948183668431,39,0.2202
COMP_000084,2021-10-18,89,97.36,0,6.436291608629958,29,0.723
COMP_000085,2022-01-03,44,57.17,3,7.0431126579154935,4,0.1324
COMP_000086,2022-04-07,41,61.14,4,14.277358586824795,25,0.4553
COMP_000086,2022-10-28,45,38.05,5,7.819161229365426,15,0.2756
COMP_000086,2024-06-12,44,34.25,5,7.116583509357168,37,0.5319
COMP_000087,2020-12-19,45,34.83,1,18.07792797866966,36,0.5011
COMP_000087,2022-01-13,47,56.9,5,19.196995647863876,31,0.4483
COMP_000087,2024-04-18,43,52.76,2,17.946837209326464,16,0.1752
COMP_000088,2021-04-28,49,33.65,1,9.536454852469827,6,0.1641
COMP_000089,2020-05-07,74,62.72,2,17.41585932083749,46,0.2151
COMP_000090,2023-11-24,59,42.7,1,4.516376259077996,43,0.2602
COMP_000090,2021-06-06,53,45.87,2,5.329989242231479,29,0.8556
COMP_000090,2023-06-23,57,30.51,1,18.39311382679625,24,0.8235
COMP_000091,2023-12-17,61,67.98,3,12.995035490756399,46,0.3473
COMP_000091,2023-06-23,66,97.41,1,1.0833690171737185,30,0.5234
COMP_000092,2022-06-08,88,91.69,1,17.78739494554075,21,0.8968
COMP_000093,2020-05-25,63,60.16,3,15.212414805416376,32,0.5377
COMP_000093,2020-10-30,57,68.9,4,4.595608643317558,16,0.4477
COMP_000093,2021-08-18,62,93.13,3,8.345991900290892,23,0.1874
COMP_000094,2022-01-27,86,61.56,0,14.511079769164436,19,0.3947
COMP_000095,2021-09-11,81,87.21,0,8.999175899347676,13,0.1752
COMP_000096,2022-09-13,86,64.96,0,3.030661497462125,43,0.2995
COMP_000097,2024-08-22,66,75.41,0,6.518943832123403,40,0.8603
COMP_000097,2021-05-06,68,88.87,0,5.690267731035263,19,0.6304
COMP_000098,2022-11-12,69,69.66,0,5.153382700232562,5,0.7495
COMP_000099,2023-10-31,67,67.96,1,7.844406359525242,35,0.2104
COMP_000100,2022-07-16,66,82.49,1,13.174437414596557,40,0.4684
COMP_000100,2020-09-01,64,82.35,2,4.559754899549378,43,0.745
COMP_000101,2024-11-16,95,72.66,0,12.012078740662593,41,0.5384
COMP_000102,2020-09-22,45,60.56,1,3.3970973262966537,47,0.7089
COMP_000103,2024-02-05,44,44.02,3,2.575175478513387,34,0.2452
COMP_000103,2022-01-06,38,41.24,4,14.090764762015652,4,0.5934
COMP_000103,2021-10-07,39,71.0,3,16.017981363630387,43,0.6662
COMP_000104,2023-02-11,63,97.05,1,12.745020494853737,40,0.5294
COMP_000104,2024-01-15,57,54.79,2,16.148407999823974,12,0.7101
COMP_000104,2020-12-15,58,47.19,1,12.871153412461162,4,0.7442
COMP_000105,2024-08-15,74,67.07,0,14.68818123795208,49,0.2476
COMP_000105,2021-10-04,70,65.6,3,18.338080037236978,29,0.1839
COMP_000105,2021-11-04,74,97.21,0,7.436704885869997,49,0.5588
COMP_000106,2021-07-08,50,63.32,5,7.666338034533226,45,0.4617
COMP_000106,2021-12-16,46,66.54,5,5.871179723843837,11,0.5334
COMP_000106,2024-04-13,45,49.43,3,5.067466324694851,21,0.4635
COMP_000107,2023-09-05,58,59.7,5,1.6631380220660001,48,0.6098
COMP_000107,2022-05-16,56,66.22,4,2.2912035726347257,33,0.6165
COMP_000107,2024-06-07,56,72.95,2,11.138646374806926,34,0.4255
COMP_000108,2020-09-22,81,69.55,0,12.365639121555894,39,0.2646
COMP_000108,2020-08-16,83,70.13,0,11.916845711408278,12,0.7001
COMP_000108,2021-10-24,80,60.92,1,4.883433727145441,13,0.609
COMP_000109,2024-06-08,85,69.1,0,11.185870150241053,23,0.5921
COMP_000109,2021-06-13,81,71.15,0,12.432636044108227,17,0.3441
COMP_000110,2022-01-07,90,80.32,0,5.865326398649017,7,0.7714
COMP_000110,2021-02-18,85,70.25,2,1.5670413951468372,13,0.4295
COMP_000111,2022-04-19,67,81.96,0,16.881734435140576,26,0.6555
COMP_000111,2022-06-02,57,38.58,3,9.751230469478447,21,0.7583
COMP_000112,2023-07-16,79,90.93,2,4.986032932517467,25,0.7131
COMP_000112,2022-05-23,76,62.39,1,15.294004274403997,23,0.2124
COMP_000113,2023-08-29,48,32.46,4,8.058084370914575,17,0.6691
COMP_000113,2021-06-06,55,48.79,1,4.961860777737371,18,0.1994
COMP_000114,2022-03-09,36,49.95,5,14.758836036567862,39,0.3975
COMP_000114,2022-04-15,45,42.99,4,15.68964710959458,40,0.1711
COMP_000114,2024-06-30,35,78.54,2,7.346130149266925,45,0.8124
COMP_000115,2020-09-29,62,74.17,2,14.801762235100732,12,0.8562
COMP_000115,2021-01-15,62,73.58,2,7.955434909513443,25,0.1611
COMP_000116,2024-01-19,40,75.52,5,6.450320735663722,34,0.2679
COMP_000117,2024-08-25,63,90.86,2,1.923505276543894,5,0.8509
COMP_000117,2023-02-10,71,85.52,3,5.52555472658382,10,0.7538
COMP_000117,2020-06-01,63,65.24,0,7.807011461106917,32,0.4344
COMP_000118,2024-02-06,47,30.98,3,13.611912696298795,39,0.337
COMP_000119,2022-07-22,78,84.71,3,9.562836282397903,32,0.6487
COMP_000119,2024-09-10,79,60.42,3,3.1677936114314638,50,0.196
COMP_000119,2024-08-31,77,62.86,1,4.018867950641171,30,0.7801
COMP_000120,2023-08-15,79,73.96,3,12.881740047141534,41,0.6028
COMP_000120,2020-03-09,81,65.33,0,16.750317308583323,30,0.6517
COMP_000120,2022-08-07,77,65.28,1,17.52319370383771,38,0.3326
COMP_000121,2023-03-04,62,71.32,2,6.5780281108589325,14,0.5553
COMP_000121,2022-02-08,69,74.02,3,19.176965922877017,32,0.4037
COMP_000121,2023-07-02,66,79.49,3,15.682929213011871,26,0.6692
COMP_000122,2021-11-11,82,96.48,0,7.2457562346316085,39,0.6866
COMP_000122,2021-03-11,78,66.26,2,13.112157447506904,49,0.7142
COMP_000123,2021-05-14,75,74.22,0,1.533149578686335,23,0.3287
COMP_000123,2024-06-07,79,75.8,1,5.346975697681766,34,0.3253
COMP_000123,2020-04-01,76,84.09,3,6.948621336854538,28,0.8527
COMP_000124,2020-03-19,51,39.6,5,5.721293565792923,29,0.1987
COMP_000125,2023-10-08,40,79.88,1,3.9941284477430496,33,0.5454
COMP_000125,2023-12-23,42,38.9,5,2.182092584322789,48,0.8909
COMP_000126,2021-07-13,65,67.95,3,4.695037028141133,18,0.7165
COMP_000127,2023-04-20,98,80.97,1,2.7592794962233564,27,0.4538
COMP_000127,2020-06-29,99,80.69,0,1.4251288733933034,9,0.1276
COMP_000128,2024-01-10,47,73.61,5,6.111500258078155,36,0.5162
COMP_000129,2022-04-23,73,67.45,3,11.9483000139889,27,0.5394
COMP_000129,2022-12-15,69,78.36,3,16.207453991955234,37,0.6397
COMP_000130,2024-04-08,45,44.62,4,1.4580112651830002,12,0.7059
COMP_000130,2020-12-18,43,67.89,3,2.037382555219792,45,0.8533
COMP_000130,2021-06-20,48,53.71,4,1.0648089869103436,39,0.6049
COMP_000131,2023-08-03,79,86.57,3,18.83239412422712,21,0.7141
COMP_000131,2023-03-04,74,78.81,2,8.293993507413308,18,0.2967
COMP_000131,2024-03-30,72,75.32,1,10.568194527965742,3,0.1686
COMP_000132,2021-07-21,57,53.56,1,6.037077293865198,36,0.5511
COMP_000133,2023-10-24,73,67.0,1,11.561257973475383,21,0.1404
COMP_000134,2023-11-02,46,60.05,2,19.84845606748874,24,0.5587
COMP_000134,2022-09-28,46,33.53,3,4.616960055054767,29,0.2649
COMP_000135,2022-11-14,94,70.88,0,3.6900749575325906,9,0.1069
COMP_000135,2024-03-13,89,60.78,0,6.004174134631727,13,0.115
COMP_000135,2022-07-20,91,61.6,0,1.6007246115456106,6,0.1145
COMP_000136,2022-06-19,86,98.75,0,3.6479547706438438,26,0.5473
COMP_000137,2021-04-09,58,43.43,4,13.76754067295799,47,0.1266
COMP_000137,2023-02-28,62,91.34,0,12.693417069722347,36,0.2753
COMP_000138,2023-09-30,90,99.86,0,13.507353931821381,41,0.782
COMP_000138,2021-05-22,89,60.77,0,8.319748236753613,32,0.3347
COMP_000139,2024-10-21,45,40.11,3,7.773659211581373,31,0.8442
COMP_000139,2021-03-17,42,39.22,3,18.790826362310845,20,0.4483
COMP_000139,2021-01-03,36,31.96,1,4.974360518523152,6,0.5814
COMP_000140,2022-12-23,68,84.47,0,1.428453129246754,36,0.5122
COMP_000140,2021-01-29,64,92.9,2,3.661079696851462,42,0.1896
COMP_000141,2022-05-26,50,63.17,2,9.212021679562264,8,0.2517
COMP_000141,2024-08-20,53,78.26,4,14.25022652055457,6,0.4274
COMP_000142,2020-05-25,39,48.12,1,18.455523019849235,22,0.8708
COMP_000142,2022-01-27,38,75.98,3,8.529237813798407,42,0.1982
COMP_000142,2020-07-10,44,78.39,4,1.0869972529603085,7,0.7936
COMP_000143,2020-10-29,50,53.75,1,1.6165061205766202,29,0.6328
COMP_000143,2021-05-25,51,55.86,2,1.8969964359124543,26,0.6921
COMP_000143,2020-03-02,47,48.52,3,2.016728658064588,38,0.3417
COMP_000144,2021-08-06,83,62.1,0,10.02273802110652,18,0.8135
COMP_000144,2023-08-20,82,77.46,0,15.835951775647805,30,0.3411
COMP_000145,2023-01-23,43,65.89,2,1.1171478332969997,36,0.1153
COMP_000146,2023-11-29,82,85.22,0,14.65122378815312,4,0.2554
COMP_000147,2022-01-23,69,73.37,0,14.520369602426598,39,0.5355
COMP_000147,2023-05-06,70,84.95,1,5.137859629332145,32,0.4841
COMP_000148,2021-06-13,96,68.17,0,19.568924869800192,17,0.7638
COMP_000149,2024-04-16,40,75.08,2,12.796465807578683,18,0.681
COMP_000150,2024-10-30,88,99.17,0,9.102812755660947,27,0.3392
COMP_000150,2020-02-16,80,66.79,0,9.645997078631632,14,0.5861
COMP_000150,2021-06-08,81,87.3,0,12.921354098632518,4,0.3356
COMP_000151,2024-03-03,87,74.4,0,14.8265049591224,19,0.3448
COMP_000152,2024-06-21,36,57.48,2,16.708891135807534,33,0.2997
COMP_000152,2020-08-29,39,31.07,2,15.29010414984652,34,0.6902
COMP_000153,2020-10-25,70,95.26,2,12.108876636883853,30,0.2693
COMP_000154,2022-02-27,84,67.65,0,7.462618825120265,13,0.2636
COMP_000155,2021-04-01,83,76.22,0,11.430000745026163,43,0.6209
COMP_000155,2022-12-18,79,92.6,2,9.909531898274036,13,0.3775
COMP_000156,2023-07-20,94,71.83,0,7.8873126580441095,42,0.2218
COMP_000156,2020-07-08,93,80.93,0,3.2151499348937813,3,0.6246
COMP_000156,2020-07-27,88,85.09,0,11.960686559635482,31,0.1005
COMP_000157,2021-04-02,46,53.61,2,1.1311917803191354,8,0.6519
COMP_000157,2021-05-14,52,34.28,3,3.894462416843676,4,0.7535
COMP_000157,2022-12-19,48,35.29,1,3.540233633431164,29,0.2981
COMP_000158,2020-01-12,64,60.45,3,11.075823408775841,14,0.4745
COMP_000158,2023-06-07,65,99.39,0,3.2292133847170796,13,0.7891
COMP_000159,2021-11-10,67,62.14,3,6.6049541975387465,11,0.5164
COMP_000160,2022-11-17,43,31.34,4,3.5651699471981746,11,0.689
COMP_000161,2021-10-26,56,38.01,1,7.017659188247967,31,0.859
COMP_000161,2020-12-17,48,68.83,4,9.226720735647614,8,0.7596
COMP_000162,2023-10-03,75,85.69,3,4.607273948674313,32,0.8364
COMP_000162,2020-12-28,79,62.64,1,6.049031710448436,11,0.6679
COMP_000162,2023-12-20,78,64.93,1,14.801366376147866,42,0.7402
COMP_000163,2022-08-15,63,82.18,3,4.193049944145497,38,0.8177
COMP_000163,2023-02-18,61,72.51,2,9.564650137626248,6,0.8025
COMP_000163,2021-05-23,62,61.66,3,4.327753830441276,27,0.2926
COMP_000164,2020-06-06,73,77.26,3,1.0423678032927643,43,0.5596
COMP_000164,2023-02-12,69,94.82,1,8.301027821374143,19,0.6965
COMP_000165,2020-07-09,80,90.59,1,5.8932569165786735,50,0.1357
COMP_000166,2023-03-28,70,64.6,0,2.8149904009411775,16,0.7586
COMP_000166,2021-07-29,67,99.76,2,1.7869376559130956,34,0.653
COMP_000167,2024-03-25,63,62.28,0,1.3987179570066068,49,0.2024
COMP_000168,2020-05-26,82,85.36,0,10.871519772572917,32,0.2689
COMP_000168,2024-05-04,80,92.7,3,8.935438321362978,30,0.1017
COMP_000168,2021-10-11,82,67.47,0,8.583848060432977,35,0.357
COMP_000169,2023-02-14,76,92.39,3,8.661016555306997,46,0.3975
COMP_000170,2022-12-02,58,33.82,2,12.270302549729097,25,0.5679
COMP_000170,2020-07-05,57,77.69,5,7.495506454828466,9,0.2272
COMP_000171,2021-08-01,83,77.93,0,7.759406002164738,14,0.7353
COMP_000172,2021-12-22,54,52.5,3,18.21941436629076,13,0.5326
COMP_000173,2022-11-09,59,72.76,5,13.044187875451989,27,0.5175
COMP_000174,2023-04-24,90,81.58,0,2.8445307048778243,24,0.5597
COMP_000175,2023-06-08,80,68.77,3,15.435053151005938,17,0.6384
COMP_000175,2022-08-02,83,77.45,0,1.0271512955986126,50,0.7972
COMP_000175,2022-05-20,83,75.17,2,12.238871346439108,20,0.7862
COMP_000176,2021-07-26,85,62.15,0,1.417922472982431,35,0.1383
COMP_000176,2020-03-09,81,82.54,0,4.333761657505567,42,0.5059
COMP_000176,2021-08-09,88,96.57,0,1.3660300131059635,42,0.3763
COMP_000177,2022-07-03,68,66.88,3,13.943193918658423,24,0.2614
COMP_000177,2023-10-27,66,65.34,2,11.047285895668931,50,0.7936
COMP_000177,2020-01-10,68,92.66,1,2.037809947635385,28,0.3195
COMP_000178,2020-02-15,92,80.14,0,13.951499066115549,35,0.8711
COMP_000178,2020-07-15,98,71.16,1,7.075879813707146,16,0.6059
COMP_000178,2021-12-09,92,75.43,0,13.111963167800202,7,0.7041
COMP_000179,2023-06-10,56,77.69,3,7.77537857241195,16,0.6175
COMP_000179,2020-12-21,52,73.68,1,19.465443285271924,10,0.7404
COMP_000180,2022-09-13,54,47.03,1,19.677798231055533,26,0.4817
COMP_000180,2022-06-28,55,71.25,2,5.157752902064375,26,0.6615
COMP_000181,2024-01-14,95,79.6,0,1.3613050130074043,5,0.4327
COMP_000181,2023-10-06,86,78.67,0,5.014271641687923,7,0.6791
COMP_000181,2022-01-15,91,77.61,0,12.32483674184218,14,0.7625
COMP_000182,2022-06-13,70,73.66,1,12.441274657681271,32,0.5575
COMP_000183,2024-09-15,61,97.39,1,2.637250576213081,16,0.1617
COMP_000183,2024-08-23,70,98.34,1,12.878234366304492,5,0.8671
COMP_000184,2020-10-16,63,68.78,2,1.796154941604667,4,0.4884
COMP_000185,2020-04-24,76,70.07,3,14.075662880856722,7,0.8991
COMP_000186,2023-04-11,71,81.98,0,2.5517548253619227,23,0.539
COMP_000187,2023-01-27,47,41.72,3,10.751527414965862,21,0.5546
COMP_000188,2022-01-31,47,71.24,1,15.715506995969506,18,0.6658
COMP_000189,2023-12-06,79,74.21,2,2.184898014130154,38,0.3049
COMP_000189,2023-05-08,83,94.28,0,6.909867648282452,41,0.4197
COMP_000189,2023-10-10,81,63.28,0,12.881531027011974,3,0.4942
COMP_000190,2021-07-07,46,67.07,4,13.272167790424827,29,0.8912
COMP_000190,2023-07-11,46,41.12,1,13.677362983511241,3,0.4096
COMP_000191,2020-05-23,72,66.3,2,1.3486609116333108,39,0.8847
COMP_000192,2021-10-14,86,71.97,0,18.765720315371837,43,0.79
COMP_000192,2021-08-05,79,93.54,1,13.898098994869668,44,0.6998
COMP_000192,2021-10-11,88,70.92,0,3.440052077702734,45,0.2931
COMP_000193,2021-11-14,43,48.48,3,13.66900458822119,34,0.6158
COMP_000194,2022-09-30,82,92.96,0,10.878258353151264,37,0.7931
COMP_000194,2021-06-08,81,78.19,2,11.733821104908579,4,0.4168
COMP_000194,2023-11-08,79,64.46,2,8.873066610135567,11,0.243
COMP_000195,2022-02-06,63,77.73,2,6.689304329965781,27,0.1252
COMP_000195,2021-08-18,58,71.13,1,7.92147395441123,39,0.6573
COMP_000196,2024-07-06,85,75.83,0,15.635214622212969,40,0.5809
COMP_000196,2023-05-25,85,71.69,0,18.185427797723698,44,0.5396
COMP_000196,2023-01-21,94,66.15,1,9.995785965801668,46,0.4932
COMP_000197,2024-11-16,44,70.57,4,14.220239185970009,45,0.189
COMP_000198,2020-04-28,69,96.09,3,9.621009964142466,32,0.8919
COMP_000198,2023-07-13,71,96.87,1,9.095681830332286,3,0.7266
COMP_000198,2022-03-27,71,73.81,3,2.2528330623610904,38,0.2881
COMP_000199,2022-05-15,57,50.62,4,15.810514867108992,15,0.3936
COMP_000199,2023-06-02,53,48.18,4,9.208975729616109,30,0.6686
COMP_000200,2023-11-12,46,76.08,3,14.350730593017953,25,0.1212
COMP_000200,2024-09-16,49,77.79,3,17.30218799753181,27,0.6841
COMP_000201,2021-02-09,80,86.69,3,15.089107939980059,44,0.6594
COMP_000202,2023-10-10,68,94.02,0,18.628079923634466,46,0.4216
COMP_000202,2022-07-12,58,52.96,5,13.803170255477985,29,0.6438
COMP_000203,2022-10-02,53,45.55,3,1.0,45,0.6991
COMP_000204,2024-08-07,51,78.43,5,12.305814458738633,17,0.7217
COMP_000204,2023-01-29,46,38.69,4,3.636705934172046,24,0.4199
COMP_000205,2024-12-06,77,95.96,1,1.9046302022389998,28,0.6555
COMP_000206,2023-09-07,94,88.8,0,19.4031579906375,35,0.8214
COMP_000206,2020-09-25,89,91.58,0,19.42255775463869,34,0.5055
COMP_000206,2023-03-17,90,98.86,1,7.300723824451634,47,0.4081
COMP_000207,2020-12-25,73,75.05,0,6.1109342283731145,49,0.8995
COMP_000208,2020-03-19,65,65.14,0,13.334705434419948,10,0.1769
COMP_000208,2021-02-15,73,72.25,0,8.673499408278136,46,0.1163
COMP_000209,2020-09-19,92,96.88,0,2.4850634814398265,25,0.2115
COMP_000209,2023-02-10,86,96.23,0,16.40392739051815,48,0.4568
COMP_000210,2022-12-22,42,75.24,2,10.814444403328654,30,0.3703
COMP_000210,2022-11-01,43,33.14,5,9.174172468595517,7,0.2054
COMP_000211,2024-01-24,74,98.88,0,14.738019955275957,50,0.6997
COMP_000211,2022-12-04,82,93.41,0,6.056746619510962,12,0.8463
COMP_000211,2021-03-20,83,72.54,0,1.734337386815901,5,0.4998
COMP_000212,2023-04-13,37,59.38,5,1.0,8,0.6866
COMP_000213,2023-07-07,41,48.08,3,9.22777037828089,25,0.3381
COMP_000213,2024-03-29,40,33.53,2,10.852986316698562,44,0.3624
COMP_000213,2022-03-24,45,55.29,3,1.6239479048122156,49,0.7763
COMP_000214,2020-04-20,88,78.84,0,5.871438000983554,13,0.2372
COMP_000214,2024-05-25,89,62.88,0,5.867386954508539,4,0.353
COMP_000214,2024-12-05,88,79.14,0,5.233947348253096,10,0.6845
COMP_000215,2020-03-22,59,54.26,2,7.761706066302734,46,0.3361
COMP_000216,2023-09-03,53,57.92,4,5.800776405081304,48,0.3333
COMP_000216,2022-04-17,53,76.21,1,18.888465701289043,12,0.5143
COMP_000217,2023-10-31,85,91.65,0,12.729236666734025,3,0.2931
COMP_000217,2021-01-23,80,65.9,0,4.6566200420090835,48,0.2824
COMP_000217,2024-04-06,83,66.75,0,9.16972702447009,34,0.649
COMP_000218,2020-09-03,76,74.5,0,19.24675489879732,31,0.5465
COMP_000218,2023-03-09,74,70.76,2,12.473594127628965,35,0.5498
COMP_000218,2023-07-06,70,72.45,1,14.226689600353229,30,0.8407
COMP_000219,2021-04-11,81,70.47,0,2.0781456653417334,42,0.7683
COMP_000220,2022-09-17,86,87.63,0,3.3991943992250135,44,0.8159
COMP_000220,2023-08-28,88,75.45,0,16.21707317898103,40,0.6759
COMP_000220,2022-06-13,88,73.47,0,19.946593812875992,25,0.8693
COMP_000221,2020-03-23,93,94.04,0,1.0823779188989338,36,0.2381
COMP_000222,2022-05-18,85,99.55,0,1.0,21,0.6098
COMP_000223,2021-11-27,48,71.69,4,6.308576862785608,17,0.582
COMP_000223,2023-02-16,43,47.37,2,3.95015195825271,3,0.8081
COMP_000224,2024-11-28,79,64.47,3,19.1161679917447,38,0.8359
COMP_000224,2020-04-19,84,63.99,0,17.460786868454736,19,0.286
COMP_000224,2020-01-26,83,92.53,0,3.644919791444264,17,0.1293
COMP_000225,2023-12-18,44,41.93,1,11.177356449209283,9,0.6982
COMP_000226,2024-09-02,49,76.36,5,16.5313420197701,34,0.2979
COMP_000227,2020-03-12,65,87.61,3,6.622915282494766,26,0.5634
COMP_000227,2024-07-03,68,90.0,0,1.9767307667390113,39,0.2759
COMP_000227,2024-12-12,64,83.14,3,7.413621268639826,18,0.4167
COMP_000228,2020-11-04,54,37.1,2,2.060834687585437,8,0.827
COMP_000229,2023-05-28,79,87.54,0,10.123303899532335,38,0.4293
COMP_000229,2021-01-12,75,88.65,2,17.706967588921895,49,0.5886
COMP_000229,2020-06-15,84,99.26,0,18.441376316676195,20,0.7312
COMP_000230,2020-12-30,53,52.45,3,1.0534837461735302,42,0.5239
COMP_000230,2020-07-11,53,69.26,2,2.2789087414350053,20,0.5974
COMP_000231,2024-12-17,41,58.89,1,1.2562371803659573,49,0.7402
COMP_000232,2023-07-23,63,76.28,1,17.677920891042984,15,0.2916
COMP_000232,2022-09-29,66,63.7,0,2.922432266806835,37,0.7517
COMP_000233,2024-11-12,51,54.32,3,10.927468695220044,14,0.8125
COMP_000234,2024-11-26,38,64.71,5,2.485739986642482,4,0.481
COMP_000234,2023-12-28,43,66.74,2,5.645980331454078,8,0.8806
COMP_000234,2022-09-17,37,48.22,3,2.286126332222313,37,0.5747
COMP_000235,2020-07-09,83,94.51,0,11.675072814393047,25,0.2869
COMP_000236,2020-05-21,62,87.5,1,11.126373849129179,47,0.4671
COMP_000236,2022-02-16,67,74.7,1,1.3301679697184743,13,0.2447
COMP_000237,2020-08-23,79,69.3,2,1.280786043131159,4,0.7431
COMP_000238,2023-12-10,97,86.31,0,8.395392998581352,24,0.1574
COMP_000238,2022-10-06,88,99.09,0,4.401531291603227,8,0.2384
COMP_000239,2022-03-20,82,77.22,0,6.059171391690215,11,0.2558
COMP_000240,2023-10-28,92,71.57,0,6.746274783832006,47,0.2531
COMP_000241,2022-07-03,46,56.83,3,3.843853221790695,7,0.6874
COMP_000241,2021-03-20,41,56.51,3,6.058667990765173,29,0.6474
COMP_000241,2024-04-26,45,59.95,4,11.551528851568193,20,0.4389
COMP_000242,2023-06-01,60,49.41,2,10.139341027132875,8,0.5068
COMP_000242,2024-05-19,58,78.11,2,4.832161018417598,49,0.2536
COMP_000242,2023-07-01,56,52.79,3,16.554859677277086,29,0.6597
COMP_000243,2021-12-26,90,98.21,0,3.982565397750671,25,0.8642
COMP_000243,2022-01-20,91,99.78,0,1.3293288719805423,31,0.627
COMP_000244,2021-12-05,59,51.12,5,13.490143686292374,26,0.4176
COMP_000244,2022-01-24,52,72.95,1,13.87681732551943,24,0.479
COMP_000245,2022-09-14,69,64.58,2,11.457357974806373,18,0.4487
COMP_000246,2021-05-31,74,69.15,0,19.215262765683377,26,0.5632
COMP_000246,2023-07-30,75,82.42,2,18.507767889691088,32,0.8832
COMP_000247,2024-11-23,68,92.93,0,1.1773688801103437,29,0.7196
COMP_000247,2020-03-05,69,67.58,2,1.2884606441813111,32,0.1311
COMP_000247,2021-04-11,76,90.68,3,11.931057874376846,29,0.6174
COMP_000248,2020-07-18,48,79.62,1,10.899000478020536,11,0.8558
COMP_000248,2021-09-23,48,74.98,4,9.747938472979087,36,0.3467
COMP_000248,2023-03-29,51,60.53,2,10.757883104157177,42,0.7076
COMP_000249,2024-02-08,54,65.37,4,15.701766627188741,36,0.1691
COMP_000250,2021-09-20,60,52.19,3,10.899885556184737,15,0.6429
COMP_000250,2022-08-08,60,65.28,3,6.7123531994118295,32,0.722
COMP_000251,2020-11-13,40,55.31,5,16.52440094874992,22,0.2455
COMP_000252,2023-12-04,52,65.73,2,10.33871347464728,9,0.5385
COMP_000253,2021-05-05,82,90.36,0,10.159863222493563,11,0.1266
COMP_000253,2022-12-09,73,62.85,0,9.436910363473222,35,0.6894
COMP_000253,2021-06-02,80,66.43,3,17.796930005457263,8,0.7069
COMP_000254,2023-07-29,76,65.62,2,17.773739641007836,48,0.6802
COMP_000255,2023-02-17,98,92.49,0,5.142259826211202,48,0.6218
COMP_000255,2021-05-17,97,72.6,0,11.509080876295707,41,0.8538
COMP_000256,2024-12-18,98,88.86,0,12.531243753638002,35,0.1152
COMP_000256,2023-11-09,98,66.89,0,5.367483790097314,13,0.5121
COMP_000257,2024-05-01,85,97.09,0,15.608890231021817,26,0.6789
COMP_000257,2022-03-04,82,95.95,0,9.529468745849131,41,0.3308
COMP_000257,2021-02-02,88,91.71,0,1.776376940685574,13,0.6289
COMP_000258,2022-01-27,58,38.09,3,10.92354179269107,18,0.3394
COMP_000258,2021-08-29,60,59.48,2,6.284319987633617,6,0.7203
COMP_000258,2024-12-03,56,43.21,2,3.466092451241538,11,0.6634
COMP_000259,2023-10-23,72,65.47,0,5.119272458767071,13,0.8869
COMP_000259,2023-11-26,70,72.89,2,3.852445999748546,15,0.8762
COMP_000260,2022-05-11,87,92.29,0,1.1422284653031194,50,0.2846
COMP_000261,2022-12-27,47,61.6,3,9.275763163848058,17,0.1978
COMP_000261,2023-10-01,45,77.5,5,15.25971360814764,31,0.2772
COMP_000262,2024-03-02,98,76.99,1,7.378564374345356,38,0.4566
COMP_000263,2024-10-10,74,90.18,0,12.952422421615452,35,0.8053
COMP_000263,2023-09-17,75,69.2,3,10.541693989077945,38,0.7291
COMP_000263,2024-10-23,76,82.46,3,9.97618945250954,42,0.7544
COMP_000264,2023-09-13,41,70.91,1,12.061006439211562,20,0.7407
COMP_000264,2021-01-13,40,35.18,1,2.3727732262955157,4,0.5598
COMP_000264,2024-12-26,42,69.68,5,14.584954325402826,9,0.311
COMP_000265,2022-04-20,64,96.38,2,3.516293890552371,17,0.5201
COMP_000265,2022-07-04,62,97.49,3,4.680066648305772,12,0.374
COMP_000265,2021-01-06,63,77.98,1,1.0276800946868399,20,0.1449
COMP_000266,2020-02-04,43,56.64,4,2.9084576920902907,14,0.6466
COMP_000267,2024-01-08,76,72.7,2,6.64294304314603,19,0.6326
COMP_000267,2022-03-27,77,75.67,2,15.657930744225697,24,0.4905
COMP_000267,2023-09-22,73,97.71,0,7.98368285437092,48,0.7536
COMP_000268,2022-01-13,44,70.77,4,4.090346185334656,22,0.7829
COMP_000268,2023-11-12,51,54.61,2,14.724389187993856,47,0.6065
COMP_000268,2020-12-11,52,56.87,5,14.247865150384943,5,0.4271
COMP_000269,2021-09-22,47,58.4,1,1.0,45,0.3637
COMP_000269,2022-06-12,51,71.35,1,1.0,25,0.1113
COMP_000270,2021-12-16,80,65.58,2,2.819375998086686,49,0.7158
COMP_000270,2021-06-14,80,70.56,3,1.7915065875869944,4,0.7733
COMP_000270,2021-07-14,72,78.48,0,11.079442330477583,48,0.5545
COMP_000271,2024-11-14,91,73.17,0,2.6437368492176843,30,0.4541
COMP_000272,2020-01-09,58,55.77,2,8.473384654149495,43,0.5141
COMP_000272,2020-12-27,67,63.44,2,5.023044212532602,32,0.408
COMP_000273,2024-01-10,53,59.0,5,12.038517009655807,27,0.5922
COMP_000273,2020-01-21,46,30.26,5,16.206908501378006,18,0.1381
COMP_000273,2020-11-14,49,41.94,2,6.765005648557691,23,0.5661
COMP_000274,2022-06-17,77,67.1,2,1.8675821562547719,33,0.3387
COMP_000275,2022-04-27,78,69.77,1,4.977500804582438,20,0.546
COMP_000275,2020-02-20,80,90.1,2,19.311053747977653,35,0.7271
COMP_000275,2021-04-20,81,60.6,0,3.7630968448873947,22,0.6547
COMP_000276,2020-05-07,87,97.65,0,7.17699026389514,44,0.3569
COMP_000276,2021-04-07,88,70.09,0,6.670708900495282,21,0.4511
COMP_000277,2024-01-06,47,32.72,3,3.184855012500874,33,0.5271
COMP_000277,2023-08-27,39,59.13,1,15.602540013584036,47,0.6845
COMP_000277,2023-09-12,41,61.36,2,18.717484735151004,40,0.3556
COMP_000278,2020-09-01,87,61.8,0,6.456492560228188,36,0.7296
COMP_000279,2020-10-15,86,64.39,1,9.367572249326019,9,0.4918
COMP_000280,2022-10-11,50,64.97,2,2.4003256812716227,45,0.2679
COMP_000280,2023-01-13,47,51.33,4,11.858069139510471,42,0.1636
COMP_000280,2022-01-01,53,54.15,1,18.732527801916646,37,0.2546
COMP_000281,2022-06-22,66,70.6,3,9.53741832459729,7,0.8
COMP_000281,2020-03-03,61,78.6,1,8.877864025271506,15,0.2274
COMP_000282,2024-09-23,61,99.53,2,18.861993102048004,47,0.3786
COMP_000283,2023-03-15,60,36.95,2,7.996105497256169,34,0.2952
COMP_000284,2024-02-27,45,60.45,2,5.320225323037334,45,0.8284
COMP_000285,2022-12-28,47,46.76,2,1.7188811085200384,49,0.3852
COMP_000285,2022-03-02,47,42.78,5,5.199142086892732,45,0.19
COMP_000285,2024-05-23,48,58.26,5,10.409039200430803,27,0.2583
COMP_000286,2021-03-25,58,72.91,5,4.975441760351254,33,0.6
COMP_000286,2023-03-31,54,49.31,2,9.063549336788173,13,0.5876
COMP_000287,2024-08-03,70,60.54,2,18.91283115210063,30,0.4451
COMP_000287,2023-06-23,74,94.38,2,7.35363975313785,33,0.6474
COMP_000288,2021-03-26,44,62.52,3,8.419320822193207,4,0.2553
COMP_000288,2022-11-17,35,73.36,4,4.038985626456143,40,0.1254
COMP_000289,2020-11-04,54,66.42,4,1.0,29,0.3517
COMP_000289,2023-07-24,47,72.06,2,1.0,50,0.8207
COMP_000289,2021-03-15,55,33.61,3,1.0,45,0.6571
COMP_000290,2024-07-26,72,81.15,2,14.860318824757776,40,0.2514
COMP_000291,2021-06-17,48,31.05,1,3.89939404515355,28,0.4949
COMP_000291,2024-08-07,44,49.0,4,5.61736741366816,10,0.7866
COMP_000292,2020-10-09,86,87.76,0,7.556111273697518,45,0.6398
COMP_000292,2022-03-19,90,93.27,0,14.372459556679612,44,0.2259
COMP_000293,2023-07-11,80,72.57,3,4.292376859468307,19,0.288
COMP_000293,2024-01-07,72,67.29,0,16.918324268178964,21,0.1468
COMP_000293,2020-10-08,75,93.88,2,9.12616814328688,50,0.8208
COMP_000294,2020-02-13,47,49.58,4,2.465738268247667,7,0.6181
COMP_000295,2023-08-18,52,59.55,3,8.4661682975593,12,0.5327
COMP_000295,2023-12-21,52,49.31,4,4.260009788099072,7,0.602
COMP_000296,2021-07-26,50,73.63,5,4.3830407790753645,9,0.5759
COMP_000296,2021-12-29,50,74.48,1,18.86789237482639,13,0.8954
COMP_000297,2020-09-01,36,55.71,1,11.060964089550934,28,0.4765
COMP_000298,2021-05-04,65,93.58,1,12.393781503302133,46,0.6009
COMP_000299,2024-10-21,54,70.62,4,18.119817606991212,16,0.3993
COMP_000300,2022-01-27,70,66.71,0,7.022833331185163,21,0.3987
COMP_000300,2020-12-12,68,90.81,0,4.365476630173233,45,0.2119
COMP_000300,2020-05-29,65,64.3,2,13.888036065719383,41,0.4775
COMP_000301,2023-06-15,41,78.66,3,3.853196925067892,29,0.3135
COMP_000302,2021-02-22,65,72.42,3,6.221090585048943,6,0.5132
COMP_000302,2024-09-30,66,73.68,1,2.084175539316407,15,0.2817
COMP_000302,2020-12-26,65,69.48,2,3.596229964373562,50,0.3845
COMP_000303,2023-06-27,43,45.18,1,1.5415492327631768,10,0.6493
COMP_000304,2020-10-04,82,74.98,0,17.816583409944865,5,0.2704
COMP_000304,2020-08-30,76,64.39,0,15.348004326703835,8,0.5367
COMP_000304,2024-04-21,78,78.29,0,19.95192023378401,9,0.7707
COMP_000305,2021-06-20,64,62.15,0,1.8902164510465904,40,0.2335
COMP_000306,2023-03-26,75,83.04,0,13.546572465694545,23,0.1477
COMP_000306,2023-02-22,75,94.92,1,9.768561344015895,35,0.619
COMP_000306,2024-08-08,79,71.79,3,17.680236838841626,34,0.4889
COMP_000307,2021-05-31,61,81.56,1,10.76457516009068,7,0.8503
COMP_000307,2023-12-30,58,39.98,5,7.100342970489459,15,0.1429
COMP_000308,2020-08-29,69,80.52,3,2.0938760969284598,12,0.8054
COMP_000309,2021-04-29,94,75.85,0,2.1176128509150276,14,0.5614
COMP_000309,2023-03-14,95,89.17,0,9.941645024244465,21,0.7181
COMP_000309,2020-05-08,94,60.59,2,3.943933837642331,14,0.8785
COMP_000310,2021-07-30,78,82.22,1,5.283876921069205,3,0.2735
COMP_000310,2023-03-19,77,80.57,3,13.483441230709811,36,0.8344
COMP_000310,2024-02-13,78,95.87,1,10.680589399584779,9,0.5745
COMP_000311,2022-09-30,70,74.17,2,6.6924949977931885,31,0.66
COMP_000312,2021-07-29,86,95.28,0,11.036467807342266,22,0.694
COMP_000312,2022-01-10,87,84.07,0,6.9903430491846965,4,0.2142
COMP_000313,2023-05-15,69,84.94,0,8.520884107284601,5,0.453
COMP_000313,2023-09-24,65,62.16,0,16.42605797205416,4,0.5782
COMP_000314,2020-01-13,61,60.57,1,9.127614557835635,48,0.4054
COMP_000315,2022-10-11,73,84.79,3,9.246802096240536,35,0.161
COMP_000315,2021-01-01,72,91.0,0,6.356408327846693,11,0.4778
COMP_000316,2024-06-21,66,99.81,3,2.038993401543663,30,0.3303
COMP_000316,2021-07-24,69,67.52,1,2.694146817844738,9,0.5304
COMP_000316,2020-04-15,61,66.95,1,2.2312446813231133,49,0.6544
COMP_000317,2021-08-18,80,78.73,1,4.500425882361984,49,0.4289
COMP_000317,2024-08-31,77,85.68,1,15.94487434101607,7,0.1252
COMP_000317,2022-02-25,82,92.66,0,17.02550553161662,23,0.8569
COMP_000318,2022-03-16,90,77.4,0,6.654947866402721,23,0.3955
COMP_000318,2020-09-07,87,73.79,0,5.1080668508061855,39,0.252
COMP_000319,2024-06-04,61,82.75,3,5.862509962663388,8,0.3059
COMP_000320,2021-10-02,63,97.63,1,6.381742403983323,13,0.5046
COMP_000320,2024-07-08,64,94.73,1,1.7450299539339769,11,0.4924
COMP_000321,2023-10-26,91,79.48,0,7.653166030049751,39,0.3329
COMP_000322,2022-12-31,64,77.3,1,6.394119406747832,38,0.6177
COMP_000322,2020-03-31,68,80.18,3,16.011446837222138,23,0.7574
COMP_000322,2022-08-21,65,94.59,3,5.46798063931166,47,0.1834
COMP_000323,2023-05-20,98,94.36,0,16.66338099358402,28,0.4081
COMP_000323,2024-07-06,93,66.62,0,4.789638030517835,11,0.1021
COMP_000324,2022-10-11,81,85.4,0,16.040418833350472,26,0.597
COMP_000324,2020-11-08,83,72.18,0,12.327620593688387,46,0.1535
COMP_000324,2024-05-14,83,62.09,0,3.290603917852532,21,0.8073
COMP_000325,2024-04-16,53,54.08,1,4.246603548923689,9,0.608
COMP_000325,2020-11-13,51,67.42,1,5.638679827135438,6,0.1413
COMP_000326,2021-03-25,57,38.74,2,5.031911741901351,37,0.1272
COMP_000327,2021-04-12,69,86.0,3,15.481406740824847,43,0.5484
COMP_000327,2021-12-20,67,62.16,2,18.983802455703415,44,0.524
COMP_000328,2021-08-05,74,97.05,1,6.996121768354036,22,0.3395
COMP_000328,2022-10-06,75,78.85,0,2.249338882571924,25,0.4267
COMP_000329,2024-08-07,48,51.35,3,9.698358149840619,11,0.4372
COMP_000329,2023-01-07,45,70.92,1,6.5641782694139525,38,0.3568
COMP_000330,2022-09-04,61,69.58,2,16.120583952036668,49,0.8439
COMP_000330,2022-01-02,70,76.92,2,13.917841739787752,4,0.6858
COMP_000331,2022-04-21,49,57.74,2,4.947912927145214,39,0.5573
COMP_000331,2022-06-21,51,58.8,2,3.4760848108080102,3,0.5998
COMP_000331,2021-03-06,45,52.63,3,6.749066531906097,41,0.7653
COMP_000332,2022-12-16,57,63.09,4,11.783937753969433,29,0.2103
COMP_000332,2023-01-23,58,59.85,2,17.26386598974586,8,0.7057
COMP_000333,2022-02-02,54,34.75,1,5.431966176011462,40,0.3571
COMP_000333,2021-07-15,46,63.85,5,11.875497727456496,19,0.3656
COMP_000334,2021-07-13,76,66.17,2,5.134498757258311,38,0.5309
COMP_000335,2020-09-18,44,77.66,2,10.282991960558455,35,0.6982
COMP_000335,2020-11-24,43,75.67,3,1.8668718794700103,8,0.6172
COMP_000336,2023-08-20,78,70.14,2,5.429840785204687,29,0.5208
COMP_000337,2021-12-25,89,60.06,0,4.58105099059788,14,0.1465
COMP_000338,2020-12-22,76,96.55,0,14.44996050517925,46,0.5289
COMP_000338,2024-07-22,74,87.8,1,1.680389056245554,7,0.8613
COMP_000339,2023-09-09,42,50.76,4,11.86869473372432,10,0.8415
COMP_000339,2024-09-15,44,32.68,1,19.89165049154945,26,0.396
COMP_000340,2022-11-09,45,57.52,5,15.2260667831587,9,0.2927
COMP_000341,2021-03-17,73,67.17,3,4.500602634816913,37,0.4702
COMP_000341,2020-03-06,64,94.15,2,14.962097656867385,38,0.2535
COMP_000341,2023-07-23,66,62.19,3,5.164442667449775,36,0.1002
COMP_000342,2024-09-26,89,67.07,0,2.495432607659029,9,0.1056
COMP_000343,2024-08-22,61,77.91,1,17.378810542181895,9,0.8219
COMP_000343,2022-04-05,57,54.58,1,4.5489434832938525,35,0.5737
COMP_000344,2023-07-07,39,71.35,3,17.91924360987086,11,0.2858
COMP_000344,2022-12-28,46,40.56,5,6.788240686188199,18,0.3541
COMP_000345,2022-04-11,52,66.08,1,3.151903754381822,34,0.4169
COMP_000345,2021-06-11,48,31.28,2,8.432503433824486,38,0.5305
COMP_000345,2021-10-21,49,37.96,5,18.406649117859452,12,0.7363
COMP_000346,2021-11-09,89,77.82,0,13.24787079254646,21,0.5551
COMP_000346,2020-02-11,87,62.22,0,17.852168558996457,15,0.633
COMP_000347,2022-12-08,87,77.0,0,12.09864470326911,11,0.2861
COMP_000347,2022-09-30,89,68.78,0,3.3744339018008414,32,0.476
COMP_000347,2021-11-18,89,83.0,0,7.7400212032814135,47,0.2409
COMP_000348,2024-04-05,76,70.99,2,1.1105735710986027,7,0.5959
COMP_000349,2020-03-26,35,38.79,2,6.808011814648017,23,0.4867
COMP_000349,2021-08-05,39,65.3,2,3.2858729483742555,46,0.659
COMP_000349,2022-01-29,40,42.75,4,11.777441231025527,40,0.8577
COMP_000350,2023-11-24,48,42.56,5,2.978276780957902,41,0.2134
COMP_000350,2021-05-13,48,51.98,4,19.92703475516799,42,0.28
COMP_000350,2020-01-09,51,69.35,5,1.8430736880942549,30,0.5719
COMP_000351,2020-04-12,47,47.93,4,16.852686387940576,33,0.2532
COMP_000351,2024-01-26,47,52.77,3,16.494954940163524,15,0.6475
COMP_000352,2022-09-12,68,83.36,0,12.045229414359712,46,0.5317
COMP_000352,2021-03-12,64,70.59,0,13.21439556830273,5,0.8294
COMP_000352,2022-10-04,70,87.99,1,14.691396388970313,48,0.5506
COMP_000353,2023-09-24,48,39.94,4,15.389823303683423,46,0.2131
COMP_000353,2023-03-24,48,50.81,3,10.812487830811603,49,0.2512
COMP_000354,2022-02-19,88,60.05,0,10.645901693745824,11,0.1274
COMP_000355,2024-10-01,67,76.32,0,1.8308718563776418,16,0.224
COMP_000355,2024-05-06,73,65.36,0,1.7198891793787343,10,0.4732
COMP_000356,2021-04-19,82,66.7,0,5.448853977772336,33,0.6428
COMP_000356,2022-01-20,82,93.3,0,5.905736565147231,35,0.8372
COMP_000356,2024-05-26,78,95.99,1,1.8126962220586171,31,0.6031
COMP_000357,2022-06-17,92,63.39,0,1.0,38,0.4557
COMP_000357,2023-02-11,97,63.24,1,1.0,40,0.1835
COMP_000358,2021-03-06,90,84.6,0,17.279556077607914,33,0.3223
COMP_000359,2022-01-21,63,97.57,2,3.2677942996430707,22,0.5042
COMP_000360,2021-03-08,94,76.17,0,18.61173792527929,49,0.5247
COMP_000360,2020-08-25,94,84.81,0,17.339857853590747,13,0.1935
COMP_000361,2024-10-12,70,94.85,3,5.88647361473796,44,0.1876
COMP_000361,2020-09-25,71,60.98,1,1.9247805063551198,10,0.4868
COMP_000361,2021-01-12,67,67.07,2,5.150682791563363,48,0.7553
COMP_000362,2021-11-11,75,94.77,1,16.386491485659942,9,0.7546
COMP_000363,2020-09-14,66,82.29,0,7.48589409133192,21,0.819
COMP_000363,2024-03-01,64,60.05,3,7.533220404824977,24,0.8773
COMP_000363,2022-01-16,61,60.93,0,12.76337068195006,33,0.4296
COMP_000364,2024-05-28,44,61.88,1,15.676455690423097,42,0.6995
COMP_000365,2024-04-29,67,92.5,1,4.409813544437364,25,0.4203
COMP_000365,2020-01-04,69,89.08,2,1.4870494733063375,42,0.448
COMP_000365,2024-01-05,73,87.63,0,15.659374332350822,7,0.6357
COMP_000366,2023-06-29,42,52.54,5,18.78695738964592,4,0.572
COMP_000366,2023-03-27,46,63.76,1,10.518387804337802,15,0.6755
COMP_000366,2024-11-12,43,54.08,3,4.505213163339555,4,0.1972
COMP_000367,2024-03-04,92,65.45,0,3.800409011854451,3,0.5775
COMP_000367,2024-08-06,91,61.21,0,5.9938614702146165,32,0.7686
COMP_000368,2020-12-26,72,88.53,0,1.1370296248568263,4,0.3852
COMP_000368,2023-01-19,71,95.9,2,3.017283805253569,47,0.3228
COMP_000368,2020-02-07,74,81.5,2,3.8434951398570223,3,0.4466
COMP_000369,2022-08-09,81,69.85,0,12.537540518703368,4,0.7895
COMP_000370,2021-06-23,64,97.57,3,18.80272904706544,50,0.3691
COMP_000370,2021-05-26,55,33.04,2,1.8422916148087296,35,0.6234
COMP_000370,2022-09-07,61,87.95,1,11.372878308414284,50,0.1222
COMP_000371,2024-03-06,79,91.53,2,11.35451082874295,10,0.8773
COMP_000371,2022-12-19,79,95.42,3,1.937196157534264,15,0.2022
COMP_000371,2024-12-27,75,81.86,3,6.21042889186302,41,0.3252
COMP_000372,2024-09-10,56,79.21,4,1.3504644432257313,16,0.3104
COMP_000372,2023-09-20,53,37.92,2,1.3381019127347413,42,0.1352
COMP_000372,2020-12-23,46,37.47,1,1.554390617656467,42,0.1487
COMP_000373,2023-01-16,88,88.66,0,6.762957924333021,42,0.1272
COMP_000373,2023-11-21,83,78.23,0,6.476526672348788,39,0.8131
COMP_000374,2020-12-29,64,64.43,0,13.037552415976718,25,0.1697
COMP_000374,2021-08-30,65,94.38,1,17.936315600564125,6,0.3835
COMP_000374,2024-02-07,62,78.01,0,19.970378818913765,14,0.4981
COMP_000375,2023-11-25,77,69.03,1,11.985096358224753,6,0.7081
COMP_000375,2020-10-13,79,80.01,1,16.346932795494535,36,0.7395
COMP_000376,2021-07-16,41,37.89,5,4.996744779040039,14,0.5258
COMP_000377,2021-07-07,58,68.63,1,6.603681836003197,41,0.6142
COMP_000377,2024-10-29,57,51.89,3,1.7762187918436183,31,0.6438
COMP_000377,2020-01-18,65,75.9,0,8.723852848468024,4,0.5237
COMP_000378,2020-10-05,68,91.64,3,1.1289757215480654,14,0.3225
COMP_000378,2022-09-05,72,60.45,1,14.836362295014293,9,0.556
COMP_000379,2023-01-20,70,69.46,1,19.58241603870446,35,0.6944
COMP_000379,2020-07-04,62,96.03,2,10.270841185179112,41,0.5899
COMP_000380,2021-06-07,62,88.08,3,11.167397160556874,50,0.2211
COMP_000381,2023-11-04,93,79.75,0,12.269887382926466,18,0.679
COMP_000382,2023-02-21,86,62.94,0,7.037546435274118,46,0.1785
COMP_000382,2024-07-13,80,91.13,0,4.590214873859675,17,0.3682
COMP_000383,2021-09-29,77,71.83,2,6.662536041576951,29,0.2313
COMP_000384,2022-08-23,40,34.24,1,19.695293028590232,21,0.2995
COMP_000384,2021-04-20,36,52.24,5,7.705342596698016,18,0.5333
COMP_000384,2022-10-20,45,66.74,5,15.588963241683494,50,0.2033
COMP_000385,2024-03-28,91,98.48,0,2.574715330525246,48,0.6622
COMP_000385,2021-09-08,99,69.04,0,5.6062604477935345,21,0.6997
COMP_000385,2022-04-25,93,93.65,0,17.60679776689646,36,0.6426
COMP_000386,2021-01-31,73,97.17,0,5.389161555564223,8,0.7012
COMP_000386,2022-08-11,65,89.67,1,3.644896733736888,30,0.3491
COMP_000387,2024-09-27,89,94.44,0,18.740109443962165,36,0.4401
COMP_000387,2023-03-23,92,78.14,0,1.7053168245563741,16,0.62
COMP_000388,2021-08-15,89,98.9,0,8.917679701975366,48,0.355
COMP_000388,2023-05-01,92,86.71,0,1.6434433310844234,36,0.8531
COMP_000389,2023-06-19,70,79.03,2,8.503571579996223,20,0.3438
COMP_000390,2022-06-12,78,93.48,1,10.547673590812748,6,0.5073
COMP_000390,2020-08-20,84,62.88,2,2.180107948791994,42,0.2822
COMP_000391,2020-05-23,59,55.85,5,6.307539056550705,15,0.2574
COMP_000391,2021-10-05,64,85.57,3,10.30764199426163,22,0.4622
COMP_000392,2023-10-07,61,96.94,3,13.162940099671703,31,0.6723
COMP_000393,2023-01-05,43,34.15,4,1.5989267121294244,29,0.5083
COMP_000393,2024-12-10,36,43.2,2,1.4481886049786268,46,0.4004
COMP_000394,2024-04-30,56,41.65,3,3.3132353099809575,13,0.2615
COMP_000395,2024-01-14,58,30.27,2,18.30111061682796,27,0.248
COMP_000396,2020-09-30,42,40.38,3,3.876474320343786,26,0.2547
COMP_000396,2021-11-04,43,35.31,1,3.015689805792805,36,0.5424
COMP_000397,2021-10-29,65,91.61,2,2.1875644961995055,12,0.1112
COMP_000398,2022-06-19,92,93.15,0,9.339061541716427,50,0.2797
COMP_000399,2024-06-28,54,53.15,3,5.999081203405753,26,0.8883
COMP_000399,2021-01-06,60,38.85,1,14.05457427000999,8,0.3969
COMP_000399,2024-12-31,59,35.47,3,7.445832268913865,33,0.7071
COMP_000400,2023-09-25,52,46.64,5,8.579350184107234,43,0.4172
COMP_000400,2023-10-07,54,40.2,1,19.062792368796313,49,0.4941
COMP_000400,2023-01-22,48,53.75,2,3.8679660315819415,49,0.2888
COMP_000401,2020-12-30,87,81.43,0,3.4625662976538556,12,0.103
COMP_000401,2020-08-21,87,88.1,0,7.995859348283521,17,0.5976
COMP_000402,2021-11-23,56,38.9,1,12.280676870932496,39,0.3743
COMP_000402,2023-07-27,59,67.56,3,6.289319282028679,3,0.5436
COMP_000403,2022-02-23,62,65.34,3,10.64295902050178,27,0.3997
COMP_000404,2024-08-20,67,63.14,1,14.413836545611542,46,0.2955
COMP_000404,2024-06-05,62,66.56,0,10.070401652712665,40,0.2975
COMP_000405,2024-03-06,91,88.92,1,10.02630571094951,34,0.8717
COMP_000405,2022-08-06,89,97.06,0,6.365027952201503,8,0.5224
COMP_000405,2024-08-20,87,99.87,0,3.066417044534544,26,0.4085
COMP_000406,2021-03-04,56,32.27,2,8.223932559669695,27,0.8349
COMP_000406,2024-02-04,56,30.99,5,5.907677670003081,5,0.3986
COMP_000407,2020-08-10,40,52.99,5,4.618286983127418,32,0.5885
COMP_000408,2023-02-06,85,97.68,0,18.718686039394196,46,0.8599
COMP_000409,2021-04-25,68,90.01,0,1.8057593664045584,33,0.6185
COMP_000409,2021-08-21,62,83.84,3,1.975601370799974,27,0.8976
COMP_000410,2024-08-07,70,92.8,0,3.7055111703926187,25,0.5868
COMP_000411,2024-07-09,63,71.74,1,1.3674909906003108,45,0.6229
COMP_000411,2023-08-19,57,63.61,2,1.4062915201513204,29,0.2759
COMP_000411,2023-08-04,55,30.81,4,1.9031541334900097,21,0.8722
COMP_000412,2023-07-04,61,85.55,2,17.369144573739526,37,0.1631
COMP_000413,2022-09-27,44,49.61,1,16.630698764907397,39,0.6062
COMP_000413,2022-04-06,45,58.21,2,2.0039980820024845,6,0.7287
COMP_000413,2021-07-29,49,32.9,2,12.171858102722615,14,0.8376
COMP_000414,2020-08-28,48,70.41,5,13.016562140251484,31,0.4346
COMP_000414,2024-10-22,43,54.28,4,6.699173499944722,18,0.5302
COMP_000414,2020-06-04,42,37.9,2,15.578969507896476,26,0.6783
COMP_000415,2024-10-07,61,85.38,3,10.375024025789715,41,0.7958
COMP_000415,2024-02-25,53,72.2,1,4.519089567071569,48,0.668
COMP_000415,2023-10-14,61,95.35,0,5.295000601750018,43,0.6347
COMP_000416,2021-12-28,78,83.07,1,2.1914726844749097,16,0.8642
COMP_000416,2023-08-02,85,94.43,1,17.34862961688431,29,0.1569
COMP_000416,2024-10-07,82,84.55,0,4.275000494479549,35,0.2614
COMP_000417,2023-05-20,83,73.89,0,2.511767817589626,47,0.734
COMP_000417,2020-02-03,82,90.86,0,3.6631516763193916,19,0.4173
COMP_000417,2024-04-07,87,68.94,0,7.3455180841063425,46,0.5979
COMP_000418,2021-01-10,63,73.01,1,12.32051416410435,7,0.6849
COMP_000419,2021-02-20,76,67.39,3,19.607358691193447,40,0.6037
COMP_000420,2020-04-22,75,72.06,1,5.692446855996958,38,0.8865
COMP_000421,2023-07-18,66,79.13,1,17.525008547083345,46,0.5529
COMP_000421,2022-05-18,71,88.73,1,17.66775933480938,29,0.8529
COMP_000421,2023-04-06,66,60.74,1,1.472283656712199,47,0.1078
COMP_000422,2024-08-16,69,82.79,3,18.11624564816508,11,0.2522
COMP_000423,2023-12-26,80,99.18,1,16.82653391754158,37,0.437
COMP_000423,2022-04-22,86,87.52,2,12.604566803645623,3,0.7717
COMP_000423,2024-09-04,82,74.19,0,6.112202368415665,25,0.82
COMP_000424,2021-05-08,81,89.86,0,17.9979246633327,12,0.1039
COMP_000425,2024-04-09,54,43.47,1,17.28131559610239,19,0.3305
COMP_000426,2021-03-28,54,46.01,4,16.49282378834064,9,0.8037
COMP_000426,2022-02-01,50,39.01,3,11.515898958270265,46,0.4231
COMP_000427,2023-03-26,81,63.33,0,1.0,6,0.3011
COMP_000427,2023-08-13,80,69.56,2,1.0,35,0.5464
COMP_000428,2024-05-10,67,89.63,2,9.800967215568058,49,0.7677
COMP_000428,2022-05-30,69,71.23,2,9.00085124410416,43,0.7815
COMP_000428,2020-03-10,68,60.45,3,8.182485588711941,12,0.7979
COMP_000429,2024-11-10,88,80.9,0,19.692193842175787,29,0.3871
COMP_000430,2020-08-09,94,78.56,0,16.292202629491577,50,0.7864
COMP_000431,2024-06-06,81,70.74,0,4.305837442236214,12,0.7315
COMP_000431,2024-06-23,72,95.42,0,7.411646821449834,3,0.2119
COMP_000432,2022-07-29,88,85.2,0,2.5487272532876344,41,0.4654
COMP_000433,2021-08-13,58,40.92,3,6.129620537981693,37,0.7734
COMP_000433,2021-11-26,61,88.25,0,7.970552823996705,44,0.5272
COMP_000433,2020-05-04,59,69.97,5,5.330099961847413,9,0.8576
COMP_000434,2024-12-21,60,42.13,4,14.98822143318755,49,0.5701
COMP_000434,2021-12-20,53,35.2,5,17.98793099972724,7,0.1323
COMP_000435,2023-12-24,81,68.61,0,8.98526256076384,40,0.7959
COMP_000435,2020-09-24,84,67.43,0,10.744991529142267,33,0.4301
COMP_000436,2022-03-20,88,98.81,0,6.1725644303693175,50,0.1786
COMP_000436,2023-09-28,85,87.38,0,13.272736177246866,12,0.8008
COMP_000437,2024-01-21,44,35.3,2,2.681869780194405,29,0.7437
COMP_000437,2024-06-24,38,32.26,2,7.806596936118011,13,0.263
COMP_000437,2023-06-05,38,52.22,5,5.775109428985541,43,0.5218
COMP_000438,2022-12-28,79,95.27,3,13.525154966633046,25,0.6475
COMP_000439,2024-11-20,46,47.71,1,1.0,32,0.437
COMP_000439,2023-10-06,47,60.37,1,1.0,42,0.1988
COMP_000440,2024-07-30,54,73.53,1,9.97080642668304,46,0.4481
COMP_000440,2022-09-16,53,54.6,3,16.965868730828277,6,0.6078
COMP_000441,2023-02-19,55,78.64,5,16.479472280555363,12,0.4735
COMP_000442,2024-03-19,71,87.46,3,3.0613005469500036,17,0.5602
COMP_000442,2020-03-11,66,98.86,2,16.46055885049156,15,0.2919
COMP_000442,2021-03-19,65,64.77,3,9.086853001793562,46,0.1303
COMP_000443,2023-02-01,72,71.81,1,5.76825156706188,12,0.2854
COMP_000444,2024-05-28,78,81.56,3,7.338992380667637,50,0.5758
COMP_000444,2023-01-11,81,92.57,0,3.401313564159079,8,0.3035
COMP_000445,2020-10-10,78,98.17,2,7.688782157310692,32,0.3129
COMP_000446,2020-12-20,67,70.35,2,1.6048179466227808,28,0.5607
COMP_000446,2022-09-22,64,97.17,0,4.360091825221954,31,0.8037
COMP_000447,2022-07-09,50,36.16,1,18.499207582086342,4,0.753
COMP_000448,2021-02-21,60,34.12,2,3.8693004823672883,31,0.8057
COMP_000448,2022-12-12,60,33.56,3,14.095949670850258,39,0.6977
COMP_000449,2021-03-19,77,90.34,1,7.133583105427412,44,0.5165
COMP_000450,2023-06-18,97,74.83,0,8.219293308636358,35,0.2963
COMP_000450,2020-05-14,91,95.18,0,3.9177455457671595,31,0.8983
COMP_000450,2024-10-18,89,60.8,0,6.797678649016968,15,0.5938
COMP_000451,2024-04-07,75,95.63,0,10.822776500294657,50,0.7651
COMP_000452,2024-10-10,89,73.98,0,13.85498157633439,4,0.2496
COMP_000452,2021-10-18,86,77.24,0,16.505171710347696,27,0.7095
COMP_000453,2022-01-09,62,61.46,0,3.152044885530599,29,0.2278
COMP_000453,2024-11-05,57,68.28,4,3.4413635198396095,36,0.1037
COMP_000453,2024-01-12,53,63.12,1,15.961113042416454,17,0.3341
COMP_000454,2020-03-03,75,92.34,3,10.232671370805233,37,0.4299
COMP_000455,2023-10-22,82,78.67,0,1.8167301738290242,26,0.2801
COMP_000455,2020-12-27,78,73.77,1,14.17748764967194,46,0.6728
COMP_000455,2021-04-01,76,74.24,1,15.903042562971956,16,0.4746
COMP_000456,2020-06-15,50,38.52,1,3.802494690311458,18,0.7395
COMP_000456,2023-10-21,50,60.53,1,3.3323032770148036,49,0.3208
COMP_000457,2024-09-12,69,95.56,3,3.963764953107881,13,0.5649
COMP_000457,2024-05-30,71,78.58,0,4.191562090981427,47,0.7259
COMP_000457,2021-12-06,69,92.32,0,16.671346934348833,46,0.4583
COMP_000458,2021-11-03,84,69.52,2,6.439738384094774,48,0.8307
COMP_000458,2022-02-28,84,85.49,0,9.17812515863458,40,0.3214
COMP_000458,2023-05-08,87,86.88,0,5.237168926909357,21,0.5538
COMP_000459,2023-04-10,76,96.42,0,9.580052157634519,31,0.7144
COMP_000459,2021-08-24,72,66.89,2,5.473414751619235,15,0.2646
COMP_000459,2021-11-04,75,75.65,1,7.600810381484746,31,0.8198
COMP_000460,2024-02-20,47,61.98,1,8.823184126499115,42,0.1216
COMP_000460,2024-11-11,41,68.77,5,10.52671756823824,10,0.5992
COMP_000460,2023-09-16,48,69.06,4,4.652564997219232,5,0.2382
COMP_000461,2023-04-19,50,63.42,4,8.203801173970923,45,0.6113
COMP_000462,2022-12-22,70,74.77,0,18.474529557505573,26,0.1176
COMP_000463,2021-06-26,79,67.09,3,2.1683125692391654,37,0.6462
COMP_000464,2020-01-06,59,37.11,1,6.677219006451548,27,0.813
COMP_000465,2020-03-01,87,98.08,0,13.27748658910736,35,0.8236
COMP_000465,2021-11-14,89,76.62,0,15.572704809028085,26,0.5668
COMP_000465,2024-01-18,87,94.19,0,2.065206584431399,7,0.6476
COMP_000466,2024-03-11,52,31.23,5,14.031147237399408,18,0.7728
COMP_000466,2021-09-07,52,65.56,1,15.048606177387198,17,0.1244
COMP_000466,2023-07-09,51,62.0,3,18.51833340027289,49,0.4652
COMP_000467,2021-09-20,93,95.17,0,5.439284447516253,10,0.6046
COMP_000467,2020-08-07,83,76.58,0,18.55439453409919,5,0.7718
COMP_000468,2020-05-14,40,65.77,4,11.55918777687118,21,0.4053
COMP_000469,2021-03-06,46,60.46,4,16.534033813244264,34,0.3674
COMP_000469,2020-10-02,46,68.8,3,14.609985290919209,17,0.1612
COMP_000470,2020-06-12,53,62.77,5,14.391819844773202,30,0.2537
COMP_000471,2022-05-02,61,74.78,0,10.544567861069872,9,0.4435
COMP_000471,2020-02-05,69,65.39,1,10.331503396130243,35,0.6211
COMP_000472,2022-10-31,74,61.99,0,7.732788558331521,14,0.7648
COMP_000472,2022-05-10,67,74.07,1,14.886860790065265,31,0.8998
COMP_000472,2023-07-25,71,65.19,2,3.4153510109137315,37,0.6185
COMP_000473,2020-08-06,69,70.06,3,5.681552325163809,49,0.6468
COMP_000474,2021-07-17,68,82.23,1,5.760369774110641,29,0.1865
COMP_000474,2024-01-21,69,98.47,1,9.762383664315095,32,0.8435
COMP_000475,2020-04-30,54,59.69,4,15.64815401026808,21,0.6859
COMP_000476,2024-07-01,96,95.51,0,8.023455135909508,43,0.217
COMP_000476,2022-12-26,95,63.93,0,3.0727522103013527,25,0.2592
COMP_000476,2021-01-24,88,74.3,0,17.94478551853078,15,0.894
COMP_000477,2021-09-09,47,68.55,4,4.452616683996926,48,0.5533
COMP_000477,2024-12-27,44,73.92,4,6.410590879428406,41,0.2204
COMP_000477,2023-07-20,48,71.43,5,13.747500162073841,33,0.4017
COMP_000478,2024-04-01,85,68.92,0,19.159139784815892,13,0.1578
COMP_000478,2022-03-28,89,93.04,0,14.308363534095852,14,0.3887
COMP_000478,2024-12-15,82,90.47,1,10.325338565375189,25,0.1721
COMP_000479,2020-03-25,90,79.21,0,18.241914172315763,49,0.2366
COMP_000480,2023-09-06,45,30.73,3,1.8191148454432964,21,0.6586
COMP_000480,2023-03-26,51,51.07,4,7.803792316302919,32,0.1429
COMP_000480,2023-02-22,49,68.5,5,16.45012807209362,41,0.354
COMP_000481,2024-04-03,85,97.06,2,1.2604847132396229,49,0.4419
COMP_000482,2024-02-01,37,62.2,1,7.168706489749263,31,0.8588
COMP_000482,2021-09-03,41,63.02,2,1.7074566080009626,17,0.1021
COMP_000483,2022-09-15,39,47.14,4,14.801096696673412,24,0.2779
COMP_000483,2023-05-06,40,77.65,5,6.9852473163124005,23,0.7103
COMP_000484,2020-10-15,91,83.21,0,1.3524548776830132,50,0.8483
COMP_000485,2020-09-13,91,72.43,0,4.9760116933961225,35,0.4569
COMP_000485,2024-01-27,86,74.44,0,14.990375450328349,37,0.6341
COMP_000486,2022-09-13,89,81.45,0,7.733586609998058,17,0.1687
COMP_000486,2021-12-02,86,65.4,0,8.36804018273094,6,0.5983
COMP_000486,2021-09-28,90,75.31,0,3.0884952150367284,47,0.4503
COMP_000487,2021-11-01,67,89.18,1,12.125562646848103,25,0.2291
COMP_000488,2024-09-23,53,42.31,2,17.67558798418936,34,0.4301
COMP_000488,2022-08-29,56,38.32,2,7.548232833493634,39,0.489
COMP_000488,2020-02-26,57,54.51,5,7.129634761563574,50,0.7327
COMP_000489,2021-09-19,61,74.81,3,7.929956343715323,30,0.1102
COMP_000489,2021-09-28,60,75.58,5,2.4041246545520156,31,0.6159
COMP_000490,2021-05-05,51,62.01,1,1.6468700198383561,20,0.3992
COMP_000491,2023-07-03,67,70.55,3,2.2838130115228497,5,0.3393
COMP_000491,2021-09-19,70,83.37,2,1.6620170058902735,7,0.8655
COMP_000492,2022-06-04,52,50.66,3,12.919108051481642,33,0.4837
COMP_000493,2020-08-17,76,73.14,3,7.246029647066131,41,0.1931
COMP_000493,2020-07-28,80,74.79,3,10.737412999872426,41,0.3622
COMP_000493,2022-05-04,74,94.15,2,12.181610349525156,45,0.732
COMP_000494,2024-07-13,81,89.14,0,7.9712626325211255,48,0.5948
COMP_000494,2021-12-14,80,85.03,1,12.574977182716122,48,0.5019
COMP_000495,2023-03-27,44,56.07,2,10.468176260755595,4,0.1177
COMP_000495,2023-09-20,36,69.29,3,14.371270029986476,46,0.7622
COMP_000495,2022-05-01,45,54.89,4,3.7059200903426666,14,0.5923
COMP_000496,2022-09-02,41,69.96,3,14.024850825754527,44,0.6361
COMP_000497,2020-01-05,65,70.66,2,14.079686138858639,41,0.5652
COMP_000497,2024-01-02,71,91.33,0,10.074392898912613,3,0.4904
COMP_000498,2020-08-19,74,70.37,2,1.4696279526196112,47,0.6575
COMP_000498,2024-02-20,70,91.27,0,4.016906332695087,46,0.7547
COMP_000499,2023-11-30,80,89.45,3,3.798761033321358,18,0.4775
COMP_000499,2024-08-14,78,96.81,1,6.003703653596903,32,0.7683
COMP_000500,2023-06-06,41,73.04,2,8.369853609174674,19,0.3585
COMP_000500,2023-10-27,36,47.61,1,9.236384499764814,47,0.5568
COMP_000500,2022-12-20,40,42.1,1,7.926016199114581,27,0.2541
COMP_000501,2021-08-16,69,65.01,3,2.2302689342067485,17,0.4326
COMP_000501,2024-10-19,69,93.69,3,2.8647015515217116,23,0.2691
COMP_000501,2024-09-29,65,70.9,0,4.0670188029508365,50,0.8783
COMP_000502,2022-11-17,92,64.2,0,4.054428357197764,10,0.5996
COMP_000503,2024-09-11,60,52.86,4,15.408831372405807,14,0.1872
COMP_000503,2024-07-03,60,42.23,2,15.502295578622059,21,0.4318
COMP_000503,2024-09-03,56,35.21,2,15.03493295486784,31,0.6044
COMP_000504,2024-03-29,72,92.01,2,10.211874607731412,24,0.5833
COMP_000505,2020-08-21,95,87.86,0,3.6223189000521767,11,0.4877
COMP_000505,2024-11-02,94,92.46,0,15.74400397878557,6,0.7318
COMP_000505,2020-07-02,93,69.94,2,9.207098817662885,32,0.8533
COMP_000506,2021-05-25,78,65.22,1,15.263722727066869,48,0.4556
COMP_000507,2023-07-26,40,50.64,3,17.75546510286241,38,0.6205
COMP_000507,2024-07-06,42,69.77,2,9.196037317320592,34,0.4713
COMP_000508,2023-03-30,95,64.86,2,15.012296255589797,24,0.3332
COMP_000509,2023-05-02,75,85.66,3,6.31437805676747,3,0.1181
COMP_000509,2020-08-15,72,73.27,1,6.503210858163161,45,0.5763
COMP_000510,2023-03-08,89,68.41,0,7.0672388894666085,9,0.8585
COMP_000510,2023-04-19,90,60.47,0,9.14192907932811,20,0.4006
COMP_000510,2021-03-31,92,71.89,0,2.915984976878306,32,0.6237
COMP_000511,2022-01-24,81,69.24,0,17.527145233011055,15,0.1044
COMP_000511,2024-03-07,77,89.97,0,2.796349414353425,15,0.6599
COMP_000511,2024-12-21,80,60.75,3,16.343378672493472,17,0.3502
COMP_000512,2024-09-16,87,81.52,0,3.3368847587492225,43,0.5943
COMP_000513,2023-05-14,81,95.17,0,12.502073993772642,43,0.4938
COMP_000514,2020-02-05,79,90.38,0,13.166373341343673,31,0.6178
COMP_000514,2024-01-26,73,62.89,3,11.77551441714072,32,0.4332
COMP_000514,2022-06-09,72,61.43,0,5.562535923310705,33,0.2506
COMP_000515,2023-04-07,42,75.27,2,17.129327008776645,35,0.7108
COMP_000515,2021-10-28,43,77.32,1,12.5764590109734,11,0.4391
COMP_000515,2022-10-28,39,69.89,3,14.719935228943976,8,0.7676
COMP_000516,2023-02-26,96,74.12,0,19.244247910940686,14,0.6571
COMP_000516,2020-04-17,90,87.48,0,8.45184767867859,24,0.1961
COMP_000517,2023-12-12,85,61.95,0,16.623702469892436,42,0.2875
COMP_000517,2024-02-16,89,79.28,0,7.317409009764012,11,0.5279
COMP_000518,2023-03-09,66,76.31,3,17.809176980586276,15,0.8966
COMP_000519,2020-01-01,78,84.4,3,6.119224739380807,31,0.8227
COMP_000519,2023-12-21,77,90.14,3,19.568155345805256,33,0.3623
COMP_000519,2024-02-02,82,89.92,0,18.78566513684396,20,0.505
COMP_000520,2021-01-20,85,64.42,0,8.283309014437762,32,0.4776
COMP_000521,2021-07-23,53,68.78,5,17.868716922745833,8,0.8468
COMP_000521,2021-05-01,43,78.84,2,13.202578553730334,40,0.6102
COMP_000522,2022-01-30,52,32.53,5,14.82002434140293,33,0.217
COMP_000523,2022-03-24,66,80.84,1,13.522547002618015,29,0.1141
COMP_000523,2024-03-12,65,98.81,1,15.471742292746699,45,0.4748
COMP_000524,2024-03-25,44,57.53,4,7.131218617110842,12,0.43
COMP_000524,2022-05-27,45,45.91,3,5.207684272810676,28,0.872
COMP_000525,2020-11-04,86,67.31,0,12.918611715183948,28,0.362
COMP_000525,2024-01-21,84,76.91,0,12.2895491867861,26,0.7007
COMP_000525,2022-10-06,86,96.52,0,3.9085648840796763,9,0.5892
COMP_000526,2022-06-14,82,98.96,0,10.72499796810275,24,0.2899
COMP_000526,2020-08-30,87,95.84,2,8.589494117799084,44,0.5398
COMP_000527,2022-10-16,66,64.83,1,9.431228393671203,14,0.8379
COMP_000527,2024-04-19,61,85.63,0,1.6941158842581228,3,0.1933
COMP_000528,2023-10-25,40,69.56,2,11.092163422759981,5,0.5174
COMP_000528,2023-03-04,46,57.3,5,17.682991562620966,27,0.1085
COMP_000529,2024-12-20,80,62.49,2,17.272706003363027,16,0.5582
COMP_000529,2023-03-03,80,89.11,0,16.430366842318897,47,0.8994
COMP_000530,2020-05-18,47,50.14,5,8.640113222558021,23,0.3891
COMP_000530,2023-02-12,45,62.6,5,8.82437342567992,40,0.2049
COMP_000531,2024-06-23,97,65.35,0,13.636862870890583,47,0.2353
COMP_000531,2024-08-25,97,64.92,0,4.214798505923977,22,0.7907
COMP_000532,2024-10-30,78,84.06,0,4.657780004826757,27,0.3402
COMP_000532,2024-06-03,80,93.18,1,1.4439880693208602,49,0.4391
COMP_000533,2021-04-10,71,95.32,2,4.191846956481334,30,0.8949
COMP_000533,2023-12-04,63,95.81,0,9.148733618884902,39,0.8757
COMP_000534,2020-03-04,86,94.44,0,7.479514284690523,48,0.2604
COMP_000534,2022-02-05,84,64.55,0,4.489728841605606,12,0.1209
COMP_000535,2020-12-19,87,76.18,0,11.884685381316938,28,0.5267
COMP_000535,2021-08-08,92,94.35,0,16.476261576791984,12,0.6147
COMP_000536,2020-07-17,46,72.16,3,2.4877874898317653,18,0.3788
COMP_000536,2022-05-22,45,78.09,1,6.908719146147833,26,0.7065
COMP_000537,2020-06-13,75,76.52,2,3.9801061505899575,21,0.5398
COMP_000538,2023-08-28,78,74.06,2,14.494456447194697,48,0.5368
COMP_000538,2021-03-08,77,64.63,1,10.955475009792133,14,0.7043
COMP_000539,2022-11-07,59,40.23,1,10.113736977871913,16,0.7455
COMP_000539,2024-08-21,55,37.83,5,14.469328742926763,33,0.7068
COMP_000539,2021-08-18,61,95.35,2,13.133020753541556,31,0.1183
COMP_000540,2021-01-19,37,46.43,4,2.5579714543852963,7,0.6271
COMP_000540,2020-01-20,38,63.87,3,1.2450077738022354,25,0.8775
COMP_000540,2020-08-12,38,32.67,1,16.801704975309576,44,0.7554
COMP_000541,2021-05-22,40,36.9,2,8.799955189331545,8,0.7831
COMP_000542,2023-08-03,95,82.47,0,2.421762476333944,40,0.6617
COMP_000542,2024-10-15,87,76.55,0,15.004811242994995,39,0.141
COMP_000543,2020-12-30,55,44.21,2,1.3494723078950162,18,0.5089
COMP_000543,2020-05-14,56,32.91,5,1.7781570165880023,37,0.1992
COMP_000544,2022-01-20,60,54.45,2,4.985844903574834,30,0.6351
COMP_000544,2024-08-12,55,75.24,4,1.3901332786658442,41,0.8808
COMP_000544,2020-02-14,58,38.61,5,9.599343303898914,13,0.6604
COMP_000545,2023-03-27,64,81.53,2,14.861147030194683,13,0.4017
COMP_000545,2024-06-22,68,67.62,2,5.321372447329962,10,0.6029
COMP_000545,2022-11-07,64,60.72,2,13.843777633240677,33,0.1469
COMP_000546,2024-12-03,58,30.13,4,12.254294091696318,40,0.509
COMP_000546,2021-05-26,57,32.62,5,3.139444658099005,23,0.5329
COMP_000547,2023-07-22,65,92.99,3,2.224595077074329,37,0.8186
COMP_000547,2023-08-22,70,95.55,1,19.43945620871795,3,0.2749
COMP_000547,2022-06-01,73,75.56,1,6.816061677183533,24,0.2903
COMP_000548,2021-02-10,48,39.2,1,12.810313985734043,13,0.842
COMP_000548,2023-01-17,47,56.61,2,11.052713523324115,31,0.3231
COMP_000548,2024-01-14,47,46.5,3,19.51458145296368,23,0.1451
COMP_000549,2022-03-21,77,88.55,3,8.602422897843255,48,0.55
COMP_000549,2024-02-23,85,74.9,2,17.76749330963349,37,0.4427
COMP_000549,2021-12-16,85,87.29,0,1.2377555293029656,36,0.2961
COMP_000550,2024-07-12,79,61.03,0,2.355744577829992,38,0.5436
COMP_000550,2024-12-29,74,98.17,1,1.9137025936238312,12,0.6617
COMP_000551,2022-08-22,73,61.67,0,1.8503266885929652,12,0.3535
COMP_000551,2022-06-30,74,88.17,0,12.488857012138238,24,0.7437
COMP_000551,2023-02-07,79,64.14,0,16.706433826860085,3,0.2451
COMP_000552,2020-03-18,45,54.63,4,19.999357718278283,42,0.1296
COMP_000552,2024-06-30,37,58.04,5,18.533199224516984,3,0.7559
COMP_000553,2022-07-22,49,61.59,1,14.770760537117772,6,0.6642
COMP_000553,2021-01-17,58,77.31,4,6.534674646576999,27,0.6324
COMP_000553,2022-02-05,57,72.59,5,7.437991967289856,11,0.8316
COMP_000554,2021-09-05,59,45.32,1,11.236592208934185,8,0.7321
COMP_000554,2022-10-26,60,31.47,4,11.641633144594797,35,0.8794
COMP_000555,2021-01-14,66,98.14,2,12.811402806029399,34,0.1786
COMP_000555,2024-04-19,66,80.68,3,13.266857053843777,44,0.7583
COMP_000556,2024-10-06,68,85.04,3,1.9468311079631702,20,0.1147
COMP_000557,2024-05-23,70,98.35,3,7.5500768723682805,6,0.2706
COMP_000558,2023-09-25,69,88.84,2,12.928606724884805,17,0.1642
COMP_000558,2022-08-22,64,96.55,0,12.569340656787514,19,0.5301
COMP_000559,2022-04-28,66,92.63,3,16.568331506750575,11,0.6567
COMP_000559,2023-04-24,68,71.73,3,9.835091846764026,34,0.5465
COMP_000560,2021-06-22,93,92.91,1,6.598901671672732,41,0.9
COMP_000561,2022-01-02,97,66.02,0,12.972332009345505,8,0.5041
COMP_000561,2021-01-03,90,64.7,0,6.185002392864719,12,0.3981
COMP_000561,2023-04-06,91,66.9,0,17.22259977208745,9,0.8548
COMP_000562,2021-11-22,74,61.87,1,4.850135553041179,21,0.664
COMP_000563,2021-04-19,56,51.11,2,11.82276000239742,49,0.5616
COMP_000563,2020-03-02,56,79.27,5,5.43710584667123,22,0.2448
COMP_000564,2023-04-23,73,63.2,1,13.503321810578782,4,0.7659
COMP_000564,2023-02-01,77,71.62,0,15.723450948516879,8,0.579
COMP_000565,2024-02-08,82,86.52,0,11.209950398625725,44,0.6984
COMP_000565,2020-04-17,91,70.21,0,1.3523901466929278,22,0.1067
COMP_000566,2021-02-28,95,76.76,0,3.1734279527416844,9,0.4025
COMP_000567,2020-01-07,56,64.16,4,2.729845611049022,26,0.3956
COMP_000568,2023-02-13,60,31.28,3,10.385578636791067,43,0.5217
COMP_000568,2020-06-11,59,59.59,1,1.7782850320019152,39,0.744
COMP_000569,2024-06-19,95,94.06,0,18.17289878356225,14,0.3322
COMP_000569,2020-12-12,97,79.25,0,19.5844884168687,44,0.3442
COMP_000570,2023-11-28,58,73.4,1,6.641061867420993,19,0.1041
COMP_000570,2021-06-03,62,82.19,1,6.657596551050278,24,0.6704
COMP_000571,2020-07-16,83,99.13,2,4.700083401256284,43,0.6632
COMP_000571,2023-12-01,84,99.22,0,12.42314332991015,15,0.7123
COMP_000572,2022-01-31,75,62.94,0,9.033103639895723,17,0.7775
COMP_000572,2024-11-30,79,65.71,2,4.233055233700808,38,0.1136
COMP_000573,2024-08-19,93,98.46,0,3.071678564004192,35,0.7639
COMP_000574,2022-09-16,86,87.36,0,1.6094263737957522,18,0.6943
COMP_000575,2022-05-17,73,89.08,1,13.368878333933061,46,0.6999
COMP_000575,2022-03-27,68,61.34,0,16.01185115026695,31,0.2761
COMP_000575,2020-12-17,70,71.41,1,18.78382272832269,10,0.6984
COMP_000576,2020-05-16,54,66.19,4,3.1949090946656247,17,0.3497
COMP_000576,2021-04-09,50,35.56,2,11.84835484455606,36,0.2435
COMP_000576,2023-08-31,49,31.28,4,5.634314845187119,50,0.7783
COMP_000577,2022-12-05,94,95.23,0,14.06261303853005,43,0.4617
COMP_000577,2024-12-31,92,66.91,0,15.845488717084102,46,0.3864
COMP_000577,2023-06-04,91,74.33,0,12.304431296179153,7,0.1718
COMP_000578,2020-12-26,87,89.68,0,1.7139803649980276,33,0.1693
COMP_000578,2023-08-04,82,67.65,0,17.306736448520393,36,0.8232
COMP_000579,2024-11-13,47,74.8,1,15.77197614291298,4,0.3123
COMP_000579,2024-11-13,44,56.0,3,8.806151214425846,20,0.8945
COMP_000580,2020-12-10,81,63.83,0,17.248732988524093,9,0.2392
COMP_000580,2023-01-22,80,73.0,1,6.998556343657614,33,0.629
COMP_000580,2021-08-04,76,83.19,1,9.113632558369016,23,0.7475
COMP_000581,2022-10-31,68,79.15,0,6.167988511996773,17,0.1377
COMP_000581,2022-09-27,70,69.86,0,18.639769710133795,31,0.4075
COMP_000582,2020-06-01,85,62.67,0,16.556494633941316,19,0.5714
COMP_000582,2022-08-17,88,61.1,0,3.2885869520340556,26,0.5745
COMP_000583,2024-07-24,90,94.32,0,13.699612967698194,50,0.6682
COMP_000584,2020-10-15,94,83.82,0,11.11717576645102,4,0.3227
COMP_000584,2020-07-10,92,76.69,0,5.428420309928026,25,0.7698
COMP_000584,2022-09-20,95,80.94,0,15.510208377591713,39,0.1202
COMP_000585,2020-09-22,90,98.23,0,12.870549673175924,15,0.6253
COMP_000585,2023-01-13,89,67.61,1,6.802842032159502,42,0.7655
COMP_000585,2020-05-04,88,66.11,1,6.437759002648883,34,0.3277
COMP_000586,2020-02-24,37,48.24,1,6.701253809870734,46,0.1934
COMP_000586,2021-07-28,41,69.46,5,16.730972452303863,31,0.8793
COMP_000587,2023-07-06,68,96.97,1,11.351606610660715,7,0.4105
COMP_000587,2021-04-28,73,65.08,1,11.910422641098526,32,0.6143
COMP_000588,2020-01-11,71,61.27,2,10.233013180972193,32,0.4712
COMP_000589,2024-10-04,88,96.66,0,8.1590231003156,6,0.4596
COMP_000589,2022-06-06,85,74.48,0,16.18600483334964,13,0.5649
COMP_000589,2024-05-05,89,99.61,0,2.643063657499276,7,0.6629
COMP_000590,2024-06-05,62,88.18,1,8.770762326408217,32,0.1032
COMP_000590,2021-08-23,53,37.7,1,18.314116363953595,12,0.7803
COMP_000591,2022-05-09,88,87.15,0,4.300740223464457,22,0.1228
COMP_000592,2023-06-08,50,39.51,4,9.61702762205134,20,0.5225
COMP_000592,2022-09-30,59,61.01,1,9.074924511429327,28,0.216
COMP_000593,2024-07-30,68,98.85,3,2.871027876319646,49,0.4709
COMP_000593,2023-06-21,71,97.0,2,3.3701013847126213,47,0.1426
COMP_000593,2020-12-17,64,95.43,3,1.4105191020679673,11,0.6292
COMP_000594,2022-05-15,83,92.41,1,2.248865066422687,42,0.5108
COMP_000594,2024-04-27,82,74.84,0,3.695243722280196,44,0.3122
COMP_000595,2020-07-05,82,83.21,0,19.773804956160173,13,0.2556
COMP_000596,2020-01-23,49,46.03,3,8.155606171743571,37,0.7053
COMP_000596,2024-10-09,48,44.05,5,5.270731510204801,38,0.3801
COMP_000596,2020-07-16,48,65.63,5,6.445469020052447,14,0.2677
COMP_000597,2021-11-05,75,64.31,0,3.7520928359307035,49,0.4465
COMP_000597,2024-04-21,80,62.89,0,1.5993855954496632,38,0.8223
COMP_000598,2021-10-23,54,78.1,3,3.4351903919464233,24,0.4499
COMP_000599,2024-01-19,59,31.57,1,14.127700583498964,41,0.8963
COMP_000599,2023-05-11,62,77.7,3,8.649220054626587,50,0.4424
COMP_000600,2024-06-04,75,98.05,1,12.593003936904717,44,0.3816
COMP_000601,2024-12-29,61,96.5,3,1.0,28,0.492
COMP_000601,2021-04-28,58,34.63,5,1.0,46,0.1259
COMP_000601,2021-06-13,67,95.06,3,1.0,33,0.3875
COMP_000602,2022-02-16,64,95.43,1,13.321947368556344,5,0.1393
COMP_000602,2022-12-09,64,88.86,0,8.619129983815128,5,0.3154
COMP_000602,2022-10-03,69,96.84,1,11.829448854210048,13,0.239
COMP_000603,2022-07-10,46,57.25,5,12.895542050009627,22,0.1788
COMP_000604,2020-10-06,94,79.34,0,4.1216510497324474,21,0.6868
COMP_000604,2021-09-25,87,99.56,0,5.474750930274898,3,0.1189
COMP_000605,2022-04-02,76,95.54,0,12.358789079035814,36,0.6953
COMP_000605,2024-07-03,79,60.26,3,15.434572072120579,43,0.5745
COMP_000605,2022-02-06,80,87.34,3,11.209000784965067,33,0.2006
COMP_000606,2022-08-02,54,79.38,5,18.196317364512346,50,0.4742
COMP_000606,2024-10-18,49,39.39,3,1.9538726939613587,12,0.5313
COMP_000606,2024-12-16,52,72.48,3,7.4945004407092615,14,0.84
COMP_000607,2023-04-17,69,93.71,1,5.08225770470873,21,0.1519
COMP_000608,2024-12-15,99,64.59,0,1.2654812941616258,3,0.2414
COMP_000608,2020-09-24,100,74.28,0,5.030629374472001,29,0.5235
COMP_000608,2024-07-01,96,94.93,0,2.9050086402886555,22,0.5002
COMP_000609,2021-06-07,63,72.78,3,16.360523433125373,46,0.5629
COMP_000609,2021-11-22,59,58.45,2,15.5183245485187,30,0.8305
COMP_000610,2024-10-15,45,38.8,2,6.633650476998653,15,0.2451
COMP_000610,2023-03-31,38,34.05,3,11.297887023910903,36,0.64
COMP_000610,2023-06-17,40,78.54,4,6.330523695266503,29,0.4954
COMP_000611,2024-05-25,69,82.04,3,5.671107065120449,3,0.4705
COMP_000612,2023-12-20,89,88.1,0,8.445247384614397,20,0.2191
COMP_000612,2023-07-10,90,86.0,0,9.734517163645442,46,0.892
COMP_000613,2022-04-27,54,40.82,1,6.059004600677306,48,0.4475
COMP_000613,2024-01-08,62,95.11,3,10.922909289068338,30,0.8686
COMP_000613,2023-02-25,56,59.02,2,10.83111967386093,14,0.6402
COMP_000614,2023-10-14,43,68.37,5,7.58369079657006,24,0.6191
COMP_000614,2024-11-05,40,55.07,3,9.07938153188482,21,0.3056
COMP_000614,2022-06-02,39,30.02,2,10.504276437281383,11,0.2968
COMP_000615,2023-11-24,52,44.73,3,18.06894320782964,11,0.1256
COMP_000616,2021-01-09,63,71.96,2,2.6040744875339135,42,0.7192
COMP_000616,2024-04-19,64,67.45,3,3.507980379519466,15,0.5062
COMP_000617,2021-05-20,44,32.94,4,5.266020655172172,20,0.4656
COMP_000618,2023-11-19,44,77.23,2,7.687447473640088,9,0.7109
COMP_000619,2023-10-28,94,72.19,0,14.396429844316234,22,0.5935
COMP_000620,2021-04-19,89,87.17,0,17.94252927098695,18,0.144
COMP_000620,2023-04-15,84,86.8,0,8.186378538448281,9,0.5934
COMP_000621,2024-08-23,44,63.58,2,17.614941264391955,37,0.7411
COMP_000621,2021-10-10,48,76.68,1,4.017680521397689,15,0.7269
COMP_000622,2020-04-07,96,63.48,0,1.8475632959993096,39,0.5425
COMP_000622,2022-09-15,97,68.62,0,5.820413589433699,25,0.2034
COMP_000623,2023-10-13,62,62.0,3,3.0903400262685796,25,0.4222
COMP_000624,2021-11-02,53,55.98,1,14.47494226042097,14,0.5469
COMP_000625,2022-06-27,52,31.13,3,14.917802688339012,30,0.6523
COMP_000625,2021-06-08,59,42.28,1,5.585234510740342,8,0.5636
COMP_000626,2020-04-30,80,66.34,3,4.931218971646124,14,0.8276
COMP_000627,2020-01-30,59,62.54,1,6.110655609973409,27,0.3809
COMP_000628,2024-07-03,46,53.68,4,1.0,15,0.2103
COMP_000629,2021-05-03,79,92.91,3,12.7322960043553,33,0.5946
COMP_000629,2021-02-27,83,69.72,0,11.19171111024377,24,0.1868
COMP_000629,2021-12-20,77,62.39,2,11.234007129000736,4,0.7272
COMP_000630,2020-10-09,62,72.01,3,1.0,36,0.1649
COMP_000630,2022-11-24,61,63.41,3,1.0,37,0.1003
COMP_000631,2020-04-04,63,67.57,1,18.838147023260696,40,0.728
COMP_000631,2021-05-22,67,87.44,3,3.625758569702374,20,0.235
COMP_000632,2021-10-28,88,77.41,0,8.297671750499251,47,0.1955
COMP_000633,2023-02-03,47,64.46,4,9.893931988143997,44,0.7548
COMP_000633,2022-07-17,46,39.06,2,11.930010638283399,34,0.2499
COMP_000634,2022-11-19,74,97.7,2,9.34409929746096,6,0.7964
COMP_000634,2022-03-13,73,79.33,0,13.03885092911104,17,0.4648
COMP_000635,2020-01-31,42,78.15,5,8.066388542854469,42,0.5381
COMP_000635,2021-05-26,47,74.53,2,2.4226590482642383,12,0.4175
COMP_000635,2024-09-26,51,78.73,5,15.5012285078358,27,0.2374
COMP_000636,2024-11-05,39,75.92,4,2.068475337683923,8,0.2261
COMP_000637,2022-06-25,54,71.12,3,4.187332791154612,37,0.6265
COMP_000637,2023-12-13,48,69.86,2,10.057355275219765,18,0.1948
COMP_000637,2024-04-01,47,68.23,1,6.1963264545102685,25,0.7082
COMP_000638,2021-11-10,71,71.51,2,10.553831946481608,31,0.5967
COMP_000638,2020-02-28,78,68.98,0,6.06745929662182,6,0.872
COMP_000638,2021-12-05,74,74.34,0,1.342969088235443,32,0.1101
COMP_000639,2023-03-09,40,42.19,3,5.98838312106367,15,0.2435
COMP_000639,2023-08-13,41,74.01,1,4.128458912233384,33,0.4305
COMP_000639,2023-05-10,50,75.78,4,3.5973706534986145,25,0.2562
COMP_000640,2024-01-20,39,47.77,4,6.635304669693021,38,0.4041
COMP_000640,2024-08-26,42,47.07,5,14.0764394259629,19,0.1373
COMP_000641,2024-03-19,85,62.11,0,18.326096171681037,21,0.1928
COMP_000641,2024-09-21,89,85.36,2,14.121976199223372,44,0.3982
COMP_000641,2020-05-03,82,81.43,0,1.3252649056994712,16,0.8219
COMP_000642,2024-08-14,91,62.66,0,14.040115750312083,44,0.4154
COMP_000642,2021-01-26,90,86.95,0,10.631017561617654,25,0.7142
COMP_000642,2023-10-14,89,79.3,0,16.762573456612014,44,0.247
COMP_000643,2022-06-20,97,67.73,0,4.662789236527173,47,0.8477
COMP_000644,2023-01-23,70,70.6,2,2.1226476232309293,11,0.4632
COMP_000645,2021-01-06,75,84.56,3,1.4381636203345562,19,0.138
COMP_000646,2021-01-03,98,62.35,0,3.861620621853171,43,0.6288
COMP_000646,2023-05-13,96,98.11,0,2.080647864775576,44,0.507
COMP_000647,2023-10-26,79,61.92,2,3.2252986252926314,12,0.4062
COMP_000647,2020-04-20,82,72.84,0,7.110176281062538,18,0.6069
COMP_000647,2020-03-13,80,75.54,3,12.671666829742936,37,0.2879
COMP_000648,2024-05-22,85,87.69,0,5.075394816985193,40,0.6526
COMP_000649,2022-09-11,59,78.11,4,2.0570121142815085,43,0.8917
COMP_000649,2022-09-22,61,96.29,1,2.076913599735623,20,0.5752
COMP_000649,2024-02-29,63,90.93,3,1.470656414485978,40,0.3783
COMP_000650,2020-03-21,55,48.66,5,17.907987927141885,21,0.5792
COMP_000651,2021-07-20,91,90.63,0,14.13017285882817,41,0.7521
COMP_000651,2024-03-14,85,70.86,0,4.2182384793882814,35,0.4137
COMP_000652,2023-03-25,44,50.63,2,16.688010807803316,12,0.644
COMP_000652,2020-06-03,37,59.72,3,19.69299917337475,11,0.5358
COMP_000653,2021-09-25,90,81.87,0,1.8957656081824126,43,0.2969
COMP_000653,2021-09-23,86,73.71,0,1.9973368448508038,31,0.2972
COMP_000654,2023-01-01,80,86.7,2,3.2384721702937047,46,0.3623
COMP_000655,2020-12-15,78,73.93,3,7.311352879536253,13,0.3865
COMP_000656,2022-06-17,53,58.23,3,2.6475839903730636,11,0.4652
COMP_000656,2021-07-30,55,50.22,2,2.398409124863755,14,0.5216
COMP_000656,2023-08-29,54,45.02,2,10.76095614138367,8,0.3688
COMP_000657,2020-12-11,62,87.11,2,17.60118065747134,20,0.7839
COMP_000657,2021-11-24,55,48.89,1,3.6204055467440126,24,0.3683
COMP_000657,2024-08-31,63,78.66,1,9.120291558817879,27,0.7445
COMP_000658,2020-10-13,45,74.33,3,2.8294037630034916,5,0.1812
COMP_000658,2024-06-20,45,64.78,5,5.730110284082925,43,0.4326
COMP_000659,2024-02-02,77,63.45,0,1.1260837579452039,47,0.1424
COMP_000659,2020-07-28,82,80.71,0,3.648551506552591,25,0.7351
COMP_000659,2022-12-12,79,71.95,1,3.119039038042355,26,0.1889
COMP_000660,2023-01-06,50,76.69,2,14.931010303275018,49,0.604
COMP_000660,2022-11-11,48,73.69,2,6.185806797813428,38,0.8695
COMP_000660,2024-08-21,55,35.52,3,10.8461160370382,17,0.3346
COMP_000661,2022-06-18,63,75.49,3,10.54597289551062,10,0.1395
COMP_000662,2021-12-24,36,58.95,2,11.604122510873498,50,0.4285
COMP_000662,2023-11-15,35,50.45,4,2.9227664586545457,29,0.69
COMP_000662,2024-03-05,39,68.21,1,13.726937761046148,18,0.5941
COMP_000663,2022-04-27,91,97.61,1,1.4007865114913007,20,0.7283
COMP_000664,2020-10-13,78,93.4,2,6.854359446781425,12,0.5817
COMP_000664,2023-12-16,78,96.09,0,6.983950037757779,19,0.2781
COMP_000664,2021-06-27,81,81.53,0,4.569793693326088,49,0.7075
COMP_000665,2024-05-29,79,88.58,3,4.374554389791879,10,0.4036
COMP_000665,2020-08-13,75,79.11,2,4.659830146719274,19,0.3968
COMP_000666,2023-05-26,88,81.09,0,3.807028675224459,43,0.8581
COMP_000666,2021-03-04,95,68.87,0,1.3475354774675532,32,0.5975
COMP_000667,2021-07-20,48,35.71,3,4.161402628291475,41,0.3715
COMP_000668,2020-08-07,45,60.9,5,12.67816565763173,35,0.7812
COMP_000668,2024-06-16,41,77.97,3,15.74956876029204,20,0.2199
COMP_000669,2021-07-17,42,48.69,2,10.859021397111261,31,0.2493
COMP_000669,2020-10-04,41,60.57,2,8.81932908856502,34,0.6726
COMP_000669,2024-03-21,39,43.6,2,10.554819276174465,17,0.5812
COMP_000670,2024-07-10,65,97.7,1,15.025191547981708,8,0.5693
COMP_000671,2022-04-25,56,78.42,4,4.199227184721128,9,0.3045
COMP_000671,2020-07-20,59,67.57,2,5.330891901703097,47,0.2957
COMP_000671,2020-03-11,58,66.45,5,4.5446241541994645,17,0.7882
COMP_000672,2023-06-04,64,91.54,2,6.576974490809314,29,0.1421
COMP_000673,2021-02-10,43,33.6,2,18.78194145804921,18,0.1146
COMP_000674,2024-10-04,39,60.99,4,4.651421322139022,40,0.4714
COMP_000675,2024-12-06,73,89.63,2,7.028103856086662,43,0.3696
COMP_000675,2020-06-07,77,79.79,3,12.461349228157307,6,0.6542
COMP_000675,2024-06-13,78,62.23,2,2.5367952299397127,21,0.1336
COMP_000676,2023-09-03,50,75.68,4,14.128007528665812,9,0.2162
COMP_000676,2021-03-06,48,73.25,2,6.995639165565587,43,0.2609
COMP_000677,2020-06-26,46,56.47,2,13.873077030453066,43,0.2264
COMP_000677,2024-02-18,47,67.43,1,10.39609830324448,32,0.5646
COMP_000677,2024-05-27,56,59.88,3,8.272547216587695,5,0.7764
COMP_000678,2023-04-16,42,56.03,2,3.326356437558257,16,0.491
COMP_000678,2023-05-13,43,70.75,1,5.622651301825761,46,0.6484
COMP_000679,2024-12-30,79,67.11,3,15.496370354365474,27,0.2561
COMP_000680,2020-02-10,59,63.49,4,8.279926833751254,47,0.3005
COMP_000681,2024-09-29,75,74.21,0,9.75536957817134,33,0.2102
COMP_000681,2020-09-03,77,76.09,3,4.3295116302511385,6,0.4836
COMP_000681,2020-02-02,75,75.45,2,18.92556315816699,41,0.7934
COMP_000682,2021-09-05,61,76.12,2,16.517619864135604,28,0.6587
COMP_000682,2023-01-04,60,50.41,2,5.654046324333471,37,0.5838
COMP_000683,2022-06-14,70,85.47,0,9.709185662931034,21,0.1842
COMP_000684,2023-05-12,72,93.34,2,1.5007122552860985,31,0.8639
COMP_000684,2021-11-13,81,97.08,0,4.322523266916191,6,0.7535
COMP_000685,2024-07-30,74,74.72,3,19.119654339313044,36,0.375
COMP_000686,2020-05-26,62,78.89,1,15.16645786206752,32,0.6277
COMP_000686,2022-11-12,65,67.94,1,3.4517686176001328,32,0.2019
COMP_000686,2024-02-08,67,78.16,3,8.464458641586607,47,0.8705
COMP_000687,2023-07-20,79,70.62,3,7.319656831783302,19,0.1465
COMP_000687,2024-02-27,80,88.17,0,11.223136509157106,16,0.2531
COMP_000688,2021-01-01,70,61.81,0,6.340707778656036,11,0.7599
COMP_000688,2021-01-29,64,82.54,2,11.73029690011358,49,0.777
COMP_000688,2022-02-27,73,92.43,3,10.284647358351657,28,0.1093
COMP_000689,2021-11-11,58,72.52,2,3.8703056172067987,22,0.3238
COMP_000690,2023-03-01,88,92.28,0,9.913749929584137,6,0.8881
COMP_000690,2022-03-29,84,100.0,0,18.260173049726173,43,0.6275
COMP_000691,2022-05-30,89,74.16,0,1.0,34,0.5919
COMP_000692,2024-07-11,92,73.8,0,18.983349164381504,40,0.4813
COMP_000692,2021-04-18,99,74.75,0,12.071414737401284,45,0.2767
COMP_000693,2020-06-16,48,41.65,3,6.895569447692811,3,0.675
COMP_000694,2021-04-30,40,58.73,5,1.3941322577754653,22,0.4728
COMP_000694,2023-06-08,37,37.6,3,3.7118447321154973,26,0.8126
COMP_000694,2021-02-14,38,75.77,5,1.87733257643279,14,0.5219
COMP_000695,2023-07-02,50,64.93,3,10.163369590527278,46,0.7443
COMP_000695,2024-06-19,52,34.44,4,16.19052282604863,37,0.182
COMP_000695,2022-04-20,52,78.01,5,9.683453349377803,48,0.4693
COMP_000696,2023-07-08,63,93.01,1,1.957821011887906,47,0.4045
COMP_000697,2022-06-05,73,97.52,2,7.577175981303536,19,0.8462
COMP_000697,2023-11-25,69,99.01,2,6.427518711232088,48,0.4676
COMP_000698,2020-01-31,62,81.09,1,9.307490428001922,9,0.3484
COMP_000698,2021-08-31,57,45.23,3,15.077171393188781,13,0.7697
COMP_000698,2021-10-08,58,74.47,3,1.869483741132091,5,0.5496
COMP_000699,2024-12-09,92,69.26,0,12.769606323309405,9,0.1124
COMP_000700,2023-01-02,40,51.48,1,4.888025427101015,10,0.6536
COMP_000700,2021-06-27,47,55.18,2,11.14626248154963,4,0.8969
COMP_000701,2021-10-20,46,46.99,3,13.218274353991347,45,0.4874
COMP_000701,2020-07-17,43,43.46,3,3.883548859732617,49,0.3915
COMP_000701,2023-07-22,42,32.54,1,1.9347153958409922,8,0.6717
COMP_000702,2020-12-06,83,73.81,0,12.965539846275934,48,0.5477
COMP_000703,2023-05-06,55,66.19,4,4.279920043436981,14,0.672
COMP_000704,2022-05-30,88,60.67,1,4.45785508960836,31,0.4956
COMP_000704,2022-06-18,88,85.27,0,17.334182907294167,28,0.6476
COMP_000705,2022-03-01,84,99.55,0,12.02968010431275,41,0.4511
COMP_000705,2024-10-13,87,78.68,0,17.05970898495123,24,0.6313
COMP_000706,2024-05-13,74,60.57,3,16.172372959013053,11,0.7318
COMP_000707,2020-06-06,85,95.53,0,3.988262611258585,27,0.8301
COMP_000707,2022-10-13,89,76.95,0,6.373796038851778,41,0.1057
COMP_000708,2022-12-01,51,56.76,5,3.5602773556709817,26,0.7239
COMP_000708,2023-03-01,51,35.52,2,3.2697375200815184,18,0.1183
COMP_000709,2021-07-17,45,76.69,3,1.0,30,0.1269
COMP_000709,2023-08-11,52,41.6,1,1.0,18,0.1255
COMP_000710,2022-02-24,59,77.25,1,17.440479766372476,37,0.4364
COMP_000711,2022-10-22,97,83.14,0,8.730598181848482,43,0.693
COMP_000712,2022-05-08,44,51.78,2,1.7121953583304363,27,0.1705
COMP_000713,2024-08-27,94,95.58,0,2.8160883772713667,30,0.681
COMP_000714,2024-11-25,64,63.53,1,9.903023338996109,9,0.5885
COMP_000714,2024-12-11,66,97.03,0,9.113763661546383,38,0.5015
COMP_000715,2023-07-23,60,51.23,5,1.0,32,0.4643
COMP_000715,2024-05-21,59,62.69,1,1.0,14,0.2373
COMP_000715,2024-03-26,58,34.48,2,1.0,39,0.5185
COMP_000716,2022-08-22,87,73.96,2,1.2797635749683964,16,0.1883
COMP_000716,2021-03-29,86,76.41,0,2.905955568449385,49,0.5303
COMP_000716,2021-08-20,93,84.92,0,2.045678511740747,35,0.2384
COMP_000717,2020-12-06,72,77.94,1,16.554601919302662,24,0.5366
COMP_000717,2020-09-03,75,87.47,0,1.4133626902643033,50,0.4036
COMP_000717,2022-05-16,78,64.55,1,3.749064921951912,21,0.2576
COMP_000718,2020-02-08,97,81.49,0,5.710188925673513,20,0.6139
COMP_000718,2022-07-13,91,76.21,1,10.09037555090085,23,0.5317
COMP_000718,2023-08-09,96,94.58,0,7.074018812753166,22,0.7342
COMP_000719,2021-09-11,82,66.9,0,5.841587796275143,5,0.1235
COMP_000719,2023-01-26,79,78.97,3,17.97034985375869,47,0.4706
COMP_000719,2024-04-06,77,98.45,2,17.177299957136864,39,0.6815
COMP_000720,2023-09-20,90,64.92,0,4.046194138957415,13,0.2707
COMP_000720,2020-10-20,90,71.53,0,17.80179654940451,39,0.3472
COMP_000721,2022-11-14,52,62.93,3,4.124699698542645,31,0.6202
COMP_000722,2023-02-10,55,67.95,5,4.319302018333397,46,0.3061
COMP_000723,2020-10-19,51,72.09,4,9.159337609376525,47,0.8542
COMP_000723,2023-08-13,49,76.15,2,8.538221938695054,4,0.8158
COMP_000723,2021-01-27,52,61.44,3,1.8298871182152552,26,0.8163
COMP_000724,2023-11-27,49,72.24,1,1.3649875074879252,42,0.3092
COMP_000724,2023-11-01,46,68.11,5,3.8081822673585752,38,0.6048
COMP_000724,2023-02-08,45,62.83,1,3.3076317032101508,42,0.899
COMP_000725,2020-10-25,96,69.69,1,10.443839096773718,25,0.6488
COMP_000725,2023-10-28,92,64.89,0,9.703955101076314,25,0.2793
COMP_000726,2022-06-22,70,99.25,3,16.36777518100167,24,0.8453
COMP_000727,2024-10-13,77,68.42,1,19.471646100228078,42,0.2068
COMP_000727,2022-10-04,76,84.98,1,18.11908829256273,28,0.653
COMP_000728,2024-10-22,98,74.29,0,5.647404189939263,32,0.8746
COMP_000728,2023-05-05,98,98.55,0,16.5001510380361,28,0.7164
COMP_000729,2024-09-01,45,72.97,2,4.359456009949703,38,0.3621
COMP_000729,2023-04-16,36,77.48,5,7.7923336110144845,14,0.4315
COMP_000730,2020-01-03,91,74.7,0,4.874817352485058,30,0.794
COMP_000731,2023-09-30,93,87.04,0,1.0,41,0.3264
COMP_000731,2023-06-26,93,64.66,0,1.0,17,0.8301
COMP_000732,2022-09-29,44,64.61,3,3.610726259513433,42,0.4085
COMP_000733,2021-12-03,86,89.43,0,6.091813061475437,46,0.7405
COMP_000733,2020-01-09,89,68.53,0,2.1649947016076823,19,0.6411
COMP_000733,2023-12-23,91,79.53,0,8.253977026612532,31,0.4437
COMP_000734,2023-10-17,86,67.67,0,12.130717578508648,41,0.3579
COMP_000734,2024-07-18,82,91.25,0,10.371843045731346,12,0.8535
COMP_000734,2020-02-24,86,64.23,0,5.416627627159954,40,0.5074
COMP_000735,2020-03-04,53,33.52,3,2.080967796114548,6,0.6367
COMP_000736,2020-07-09,60,39.79,3,13.631437663937822,34,0.6034
COMP_000736,2022-01-26,55,32.43,3,1.8513832877841208,31,0.3209
COMP_000737,2021-12-12,60,44.28,5,9.472579428271686,12,0.8653
COMP_000738,2023-08-08,97,96.81,1,19.453104924277497,44,0.1848
COMP_000738,2020-02-06,97,91.83,0,6.9507989715573215,20,0.6144
COMP_000739,2020-05-21,61,87.42,2,2.3002382280885336,14,0.4672
COMP_000740,2020-04-15,87,93.16,0,9.145677007630475,20,0.1013
COMP_000740,2024-11-17,83,86.19,0,8.597851934973399,4,0.4346
COMP_000741,2024-09-28,88,60.2,0,1.399755534426544,18,0.4022
COMP_000742,2024-11-16,49,79.44,2,4.875506682560886,29,0.6571
COMP_000742,2021-06-12,51,69.85,3,16.000689230181788,39,0.2335
COMP_000743,2021-04-14,55,48.21,1,1.0,5,0.3468
COMP_000743,2021-04-25,56,47.9,2,1.0,48,0.8774
COMP_000743,2022-06-17,51,53.27,3,1.0,10,0.4756
COMP_000744,2024-08-18,94,66.97,0,12.767227321459236,15,0.8196
COMP_000744,2023-04-11,95,65.19,0,19.58339846518434,37,0.3311
COMP_000745,2021-06-12,81,68.48,0,15.81573669572873,26,0.8186
COMP_000745,2020-02-03,90,66.55,0,11.597985052737549,15,0.3263
COMP_000746,2020-08-13,83,75.91,0,19.65143294428248,21,0.5519
COMP_000746,2023-04-25,79,83.93,0,14.61461359010828,28,0.6677
COMP_000746,2021-02-24,85,72.24,0,7.539520410077676,47,0.4599
COMP_000747,2022-11-21,65,72.12,3,7.751966159066393,33,0.2826
COMP_000747,2022-06-04,65,71.35,1,7.477957880731037,44,0.3405
COMP_000747,2021-09-30,67,88.2,2,19.40011564766377,46,0.3655
COMP_000748,2022-03-16,52,50.95,4,1.0,8,0.4968
COMP_000749,2022-09-14,83,77.48,0,18.749139164918223,12,0.2473
COMP_000750,2024-10-04,52,78.74,4,5.771300126756117,26,0.2978
COMP_000750,2022-06-14,56,56.06,4,4.0627042739257195,36,0.7132
COMP_000751,2023-04-23,45,33.12,1,2.2972760599320314,18,0.3618
COMP_000751,2021-01-22,52,49.97,3,5.601620079646552,41,0.712
COMP_000751,2024-01-27,44,60.72,1,3.045037598514728,23,0.4332
COMP_000752,2021-12-03,78,79.57,2,2.945875436349013,32,0.5621
COMP_000753,2023-06-18,68,88.71,2,8.860529542506608,37,0.7666
COMP_000753,2022-12-20,71,63.72,0,8.380060297214474,49,0.7715
COMP_000754,2024-09-14,73,82.77,0,17.14785967226936,32,0.4564
COMP_000754,2024-01-29,72,90.95,0,19.44383032643373,3,0.5477
COMP_000754,2023-01-18,73,81.27,3,13.557111760326416,40,0.762
COMP_000755,2021-12-09,43,69.92,5,17.553910584611028,47,0.7092
COMP_000755,2021-05-19,41,53.8,4,6.583109336851233,27,0.5787
COMP_000756,2021-10-12,62,71.55,2,5.743612963875314,43,0.1103
COMP_000757,2020-08-20,57,79.73,5,1.5160006557688552,16,0.845
COMP_000757,2021-12-19,57,48.22,1,1.9320243297267852,29,0.5481
COMP_000757,2022-04-20,53,45.96,4,1.5817159198577913,3,0.4896
COMP_000758,2022-02-02,87,73.47,0,3.4364399164826374,15,0.6177
COMP_000758,2021-01-26,92,74.04,0,3.1138424168116696,7,0.6638
COMP_000759,2024-12-27,64,90.08,3,19.34670455203146,34,0.1383
COMP_000759,2021-05-17,59,30.41,5,19.091350305454725,49,0.1201
COMP_000760,2024-02-11,45,74.01,5,2.7368426817055127,6,0.846
COMP_000760,2022-02-15,51,31.65,4,6.989550823603529,4,0.8592
COMP_000761,2022-04-03,54,63.35,5,5.4230206490314234,17,0.2059
COMP_000761,2024-11-09,52,31.55,4,10.763392785170325,35,0.8233
COMP_000761,2024-02-25,52,54.2,4,13.18677155903565,18,0.7908
COMP_000762,2021-06-25,49,43.05,5,15.008123810431467,5,0.523
COMP_000763,2024-09-29,53,46.13,4,5.602029179281798,11,0.271
COMP_000763,2021-09-05,59,68.04,1,10.8778204063915,29,0.4189
COMP_000764,2023-08-12,45,77.0,3,12.449718504776522,9,0.7396
COMP_000765,2023-05-05,61,75.07,1,14.96081838244611,27,0.3203
COMP_000765,2022-03-28,60,38.87,5,11.8763097000347,29,0.2641
COMP_000766,2022-07-21,86,76.94,0,11.399850770835261,28,0.3593
COMP_000766,2022-12-10,88,93.75,0,2.2325967807322487,40,0.8188
COMP_000767,2022-12-18,64,91.34,0,1.9178330692247634,45,0.1285
COMP_000767,2024-08-15,58,62.95,4,3.033276956189526,28,0.8257
COMP_000768,2022-07-07,79,88.6,1,1.0332453965596802,7,0.2472
COMP_000769,2022-01-06,91,91.48,0,9.757538169633278,5,0.3484
COMP_000769,2021-04-13,89,78.81,0,8.206654290860083,5,0.1684
COMP_000770,2023-11-26,55,40.02,4,3.457557072399437,22,0.5548
COMP_000770,2020-06-13,62,80.23,1,2.195690658933331,3,0.1927
COMP_000771,2021-09-06,40,53.61,3,3.3543657778453952,43,0.7752
COMP_000772,2024-07-06,49,71.32,4,2.36908594048374,4,0.839
COMP_000772,2021-11-07,57,50.15,3,5.597845524073861,27,0.5189
COMP_000773,2022-10-09,42,61.55,1,19.662186160492027,26,0.6935
COMP_000774,2024-12-28,75,64.71,3,13.54898053764607,9,0.5983
COMP_000774,2023-01-13,74,64.43,0,6.717027438174753,44,0.5545
COMP_000774,2021-03-12,81,94.78,0,4.149840141753737,49,0.8547
COMP_000775,2023-06-29,77,98.29,1,14.143764345279616,19,0.8594
COMP_000775,2020-05-12,85,77.56,0,13.628589590549707,33,0.7925
COMP_000775,2020-02-28,84,95.43,0,17.628785943812066,44,0.3422
COMP_000776,2024-08-20,94,63.83,0,7.801697351754899,37,0.375
COMP_000776,2022-01-08,97,68.91,1,6.016326888171271,21,0.8884
COMP_000776,2022-02-14,94,86.07,0,7.055683931701191,40,0.2689
COMP_000777,2021-07-02,59,75.27,5,6.64593202588792,47,0.599
COMP_000777,2021-01-26,60,51.4,3,18.191931504696786,9,0.8238
COMP_000778,2023-04-03,59,51.4,4,7.629573623282241,19,0.8481
COMP_000778,2021-06-15,62,67.76,1,17.485866106330402,49,0.7384
COMP_000779,2022-06-05,44,63.48,3,17.585912540173414,29,0.1641
COMP_000779,2023-01-03,44,37.16,4,8.56157896943148,37,0.8528
COMP_000779,2020-11-24,45,60.34,1,5.526794286861721,28,0.6233
COMP_000780,2020-04-17,61,97.24,3,15.696547356344645,42,0.374
COMP_000781,2024-11-01,57,68.01,4,7.525988343272778,42,0.152
COMP_000781,2020-04-29,58,56.17,4,17.562134666222224,4,0.2339
COMP_000782,2022-08-03,69,92.37,0,1.3340956047053774,43,0.1947
COMP_000782,2022-07-02,64,84.41,2,2.475466089031438,13,0.7085
COMP_000783,2020-06-04,41,63.83,4,1.163789823945566,30,0.7175
COMP_000783,2023-01-03,35,38.69,2,4.898499626964435,30,0.2935
COMP_000783,2020-11-05,43,76.47,2,13.433138520936371,44,0.4502
COMP_000784,2022-11-09,64,82.5,3,15.016635470439383,7,0.1161
COMP_000784,2020-10-16,67,73.4,3,10.553966177603414,35,0.2973
COMP_000784,2020-04-24,67,89.16,1,8.495546422558668,28,0.3557
COMP_000785,2024-11-05,89,87.37,0,2.6880681810324156,34,0.111
COMP_000785,2024-02-02,91,63.29,0,4.610945448094283,21,0.8048
COMP_000786,2022-03-27,57,38.65,4,1.0,43,0.3681
COMP_000786,2023-04-02,50,46.11,3,1.0,44,0.8627
COMP_000786,2021-12-17,55,54.33,1,1.0,18,0.3857
COMP_000787,2021-02-22,90,75.48,0,15.244267141485583,23,0.8302
COMP_000787,2022-11-03,89,81.94,0,13.638825448570044,44,0.6511
COMP_000788,2024-05-18,79,82.51,3,14.821115853008669,19,0.3286
COMP_000788,2024-05-27,75,96.99,1,5.396171440543059,19,0.5204
COMP_000789,2024-02-22,80,66.51,2,1.6203398690783377,9,0.2554
COMP_000789,2022-11-30,74,92.14,2,2.726818140120094,24,0.568
COMP_000789,2021-06-21,82,77.45,0,7.034820136827371,7,0.8477
COMP_000790,2023-05-05,63,79.9,1,8.091733543839,48,0.1457
COMP_000790,2024-07-19,58,73.57,3,8.400917558434774,23,0.6858
COMP_000790,2021-05-29,60,43.02,5,5.164969920904369,18,0.1272
COMP_000791,2023-07-30,89,94.84,0,4.905795810345495,15,0.585
COMP_000792,2021-11-18,51,72.19,4,5.3635359946148675,41,0.3646
COMP_000792,2023-01-14,45,47.59,1,19.83697116090826,17,0.491
COMP_000792,2024-08-02,50,61.17,4,6.161462732204758,9,0.4492
COMP_000793,2021-08-15,87,85.32,0,14.680794085952455,12,0.6814
COMP_000794,2020-11-16,60,78.34,5,12.441938371815347,49,0.5588
COMP_000795,2024-12-14,52,49.04,1,5.571459933024528,35,0.4269
COMP_000796,2020-10-12,36,68.73,4,12.296312048472416,16,0.894
COMP_000797,2022-02-12,77,92.37,3,13.552423333426757,7,0.1342
COMP_000797,2021-12-09,82,67.9,0,10.56164186092538,24,0.7815
COMP_000797,2022-10-31,82,89.25,0,15.445743850570642,43,0.4953
COMP_000798,2024-03-14,40,42.26,2,1.9460360642285286,4,0.506
COMP_000799,2024-04-19,67,67.14,3,9.35574468179037,22,0.1074
COMP_000799,2020-02-11,74,76.17,3,2.938521642708058,27,0.4552
COMP_000799,2021-02-17,70,80.91,3,19.449098164892302,50,0.5968
COMP_000800,2021-03-26,44,44.88,5,1.5612680143979873,32,0.6162
COMP_000801,2024-02-16,67,67.65,3,19.440063139180904,44,0.3659
COMP_000801,2022-04-19,66,69.52,3,2.6196952149488673,41,0.5822
COMP_000801,2023-10-26,65,72.58,0,4.138280387646933,15,0.1134
COMP_000802,2023-05-27,83,96.85,0,8.325659284143118,45,0.4526
COMP_000802,2020-07-31,87,98.97,0,14.526095928010367,22,0.2495
COMP_000803,2022-09-20,41,37.71,5,9.09751465864476,5,0.8048
COMP_000804,2021-10-25,91,92.89,1,14.691130586605029,21,0.458
COMP_000804,2021-08-08,94,76.7,0,5.23977083871008,19,0.6118
COMP_000805,2020-02-15,41,40.84,2,7.387601627583764,36,0.7765
COMP_000805,2020-11-03,45,56.08,3,12.231576324917832,3,0.8829
COMP_000806,2020-09-28,38,74.76,3,6.88332921229307,50,0.143
COMP_000806,2022-12-29,40,75.3,1,5.960226044667397,23,0.6292
COMP_000806,2022-02-01,38,60.25,3,6.062784446540027,43,0.8938
COMP_000807,2022-07-04,67,66.34,0,3.102030198275403,32,0.8345
COMP_000807,2024-02-24,73,75.08,0,12.926582193238684,39,0.4565
COMP_000808,2022-05-30,45,77.98,3,10.359951468332348,35,0.5602
COMP_000808,2021-10-19,50,66.58,3,7.670073568549235,10,0.4261
COMP_000809,2023-06-26,81,83.89,2,7.971482381141411,48,0.3983
COMP_000810,2020-08-26,64,71.06,3,8.328869489280812,14,0.4344
COMP_000810,2021-09-23,59,56.28,5,10.393117251326377,44,0.5419
COMP_000810,2022-11-26,59,58.08,4,11.406284325215129,5,0.1043
COMP_000811,2020-07-13,53,73.71,1,1.7050003816680208,40,0.7398
COMP_000811,2020-08-06,55,61.14,5,2.7891348317677456,25,0.7833
COMP_000811,2020-08-10,48,48.85,2,3.0698547817809456,46,0.6683
COMP_000812,2023-01-18,78,61.05,2,19.3671284920064,40,0.7678
COMP_000812,2024-03-08,76,91.72,1,2.0820474080460976,39,0.6979
COMP_000813,2022-01-22,50,64.44,4,3.132475552016598,46,0.4297
COMP_000814,2024-07-02,72,92.78,1,1.555791419870633,8,0.2399
COMP_000814,2020-03-18,69,79.04,2,2.8986052597399627,34,0.3218
COMP_000815,2020-09-15,73,63.33,0,3.3979409778541894,45,0.1909
COMP_000815,2023-09-12,71,87.96,3,1.889384942511553,31,0.4241
COMP_000816,2020-08-22,77,75.56,1,1.851568141941644,22,0.1591
COMP_000816,2021-11-01,70,91.94,2,1.8362434768584777,19,0.4324
COMP_000816,2020-08-30,71,62.08,1,1.4754172844016287,13,0.2937
COMP_000817,2022-12-03,55,69.43,5,6.222449954441361,33,0.2337
COMP_000817,2023-03-03,55,72.8,5,11.92718434418357,11,0.1443
COMP_000818,2023-11-11,43,79.81,1,8.461153183386894,46,0.2981
COMP_000818,2023-11-29,38,52.8,4,1.309632224147536,7,0.7471
COMP_000819,2022-05-04,55,59.07,1,17.42542354512195,40,0.6713
COMP_000820,2022-11-14,52,64.03,1,4.108298468715514,7,0.3425
COMP_000820,2020-02-03,49,66.81,2,2.785019704184868,35,0.8254
COMP_000820,2023-10-29,46,41.23,3,6.208057000231095,18,0.4615
COMP_000821,2020-10-23,50,48.01,5,8.440830369626834,4,0.7293
COMP_000822,2020-10-06,88,85.76,0,19.12016447739021,10,0.2864
COMP_000822,2024-02-17,89,76.51,0,18.598747682681314,25,0.4453
COMP_000822,2024-06-04,90,73.72,0,6.6698844286421926,47,0.5166
COMP_000823,2021-12-24,57,30.12,3,1.5345800999864574,27,0.858
COMP_000824,2024-12-12,60,52.47,1,3.014191917773225,28,0.5316
COMP_000824,2020-10-31,65,74.42,1,4.614487344819604,26,0.6389
COMP_000825,2024-04-30,57,41.38,4,5.070965371813181,3,0.5678
COMP_000826,2024-11-20,92,69.13,0,5.61378351713065,5,0.2706
COMP_000827,2021-10-03,87,61.16,0,11.361303562914781,49,0.7881
COMP_000827,2023-08-02,92,76.62,0,11.973103031823706,46,0.7205
COMP_000827,2023-10-15,84,61.61,2,13.376785446867684,39,0.3256
COMP_000828,2021-02-03,91,98.86,0,7.807051355389836,16,0.702
COMP_000828,2021-02-10,92,79.3,0,1.9332448008443999,11,0.4428
COMP_000828,2021-08-28,88,96.88,0,9.01884945082261,41,0.1196
COMP_000829,2021-06-04,90,70.56,0,6.919737611839223,42,0.3338
COMP_000829,2021-01-23,95,91.27,0,6.620226393218611,31,0.166
COMP_000830,2023-03-05,87,67.17,0,13.763440350801421,34,0.6499
COMP_000830,2023-04-08,88,74.11,0,17.09036830632698,15,0.249
COMP_000830,2023-12-26,93,74.52,0,10.61389764702586,17,0.6382
COMP_000831,2020-09-27,96,98.4,0,8.033817116921613,9,0.537
COMP_000831,2024-11-22,98,93.62,0,16.804951157110718,19,0.3751
COMP_000831,2020-01-04,98,71.86,0,6.038364665238098,9,0.5941
COMP_000832,2023-04-26,70,94.66,2,19.88822876696246,30,0.6231
COMP_000832,2024-12-10,79,80.11,0,15.65387554731413,9,0.414
COMP_000832,2024-04-23,72,61.2,1,3.0515688869745565,20,0.6753
COMP_000833,2021-06-24,37,71.55,3,1.4311966897244082,49,0.6117
COMP_000833,2020-08-01,44,40.52,1,5.775930145262506,13,0.3797
COMP_000833,2021-01-17,39,34.82,2,8.581213951324177,15,0.229
COMP_000834,2021-04-11,70,93.04,0,10.403815895617244,44,0.6627
COMP_000834,2022-12-10,74,98.81,2,8.730632794219567,17,0.3162
COMP_000834,2023-09-19,79,97.65,1,7.292354161077387,46,0.2501
COMP_000835,2020-01-13,78,99.0,0,5.088511305476723,15,0.3022
COMP_000836,2023-07-19,73,78.74,2,8.129374075602326,50,0.8072
COMP_000837,2020-06-04,57,56.89,2,13.812619552913379,20,0.6755
COMP_000838,2022-12-12,84,60.69,0,3.620573388817404,20,0.2216
COMP_000838,2024-02-20,88,61.01,0,17.00201039239001,15,0.2008
COMP_000838,2024-12-04,93,78.12,0,15.818829330771901,25,0.3844
COMP_000839,2023-12-15,50,40.03,4,7.71727010149755,38,0.8695
COMP_000840,2021-06-10,95,62.17,0,11.325577967796868,21,0.2727
COMP_000841,2024-03-27,76,69.66,3,4.518564871080045,31,0.5802
COMP_000841,2023-07-08,80,73.32,0,13.634710726917596,36,0.883
COMP_000842,2022-07-14,58,47.49,4,14.840147883483302,5,0.174
COMP_000842,2024-03-09,54,55.76,3,10.027096577740577,38,0.7419
COMP_000842,2023-11-09,54,69.66,5,11.426026762799625,36,0.2714
COMP_000843,2020-06-24,74,66.82,2,2.011844502946217,35,0.1534
COMP_000843,2023-07-06,79,71.01,2,6.732377051381278,33,0.2195
COMP_000844,2023-06-06,86,75.01,0,2.703615673112365,38,0.2525
COMP_000844,2020-06-07,84,85.03,0,1.644209873379296,45,0.8919
COMP_000844,2021-04-02,84,65.58,0,2.9785252860794884,15,0.7419
COMP_000845,2022-10-24,55,37.41,2,2.247880294163245,22,0.1277
COMP_000845,2022-05-13,65,86.02,2,14.688356232057185,30,0.3262
COMP_000845,2021-11-15,65,92.72,0,19.893662609213358,46,0.2911
COMP_000846,2023-09-28,45,39.49,4,1.0984111290174268,21,0.4795
COMP_000846,2023-03-08,45,42.75,3,14.858711379812675,24,0.4337
COMP_000846,2022-06-23,44,50.59,4,4.562885354442409,12,0.7036
COMP_000847,2022-11-02,73,71.48,3,14.585954367552219,28,0.7354
COMP_000847,2024-06-17,68,99.18,1,1.810040675016432,45,0.6636
COMP_000848,2022-04-21,79,97.11,1,6.488707523713993,34,0.2005
COMP_000849,2023-10-09,79,92.84,2,12.88602128091977,49,0.4348
COMP_000849,2022-04-08,81,99.11,0,15.521136081381545,6,0.7591
COMP_000849,2021-10-16,81,69.63,0,18.148351179830396,25,0.2999
COMP_000850,2021-03-30,70,98.37,3,7.80197580181731,47,0.1555
COMP_000851,2021-02-06,58,66.47,5,9.694392675574981,4,0.256
COMP_000851,2021-02-07,59,63.03,2,10.532161035778879,36,0.1166
COMP_000852,2022-09-12,51,63.59,2,2.8544433961708346,38,0.1156
COMP_000853,2020-02-27,45,43.73,3,15.956410509581298,28,0.848
COMP_000853,2024-12-03,42,36.77,2,10.16781266534531,38,0.5623
COMP_000853,2024-08-17,45,56.98,1,1.7043703132107302,35,0.3781
COMP_000854,2023-04-05,46,41.54,2,1.1321353930453624,35,0.8528
COMP_000854,2020-05-03,40,50.35,5,1.7671141770474958,23,0.3984
COMP_000854,2024-02-03,40,34.76,1,1.8133187835886488,41,0.4784
COMP_000855,2020-02-13,68,67.62,2,3.080253521058773,11,0.2244
COMP_000855,2022-05-18,62,66.65,1,17.898473200944935,29,0.4221
COMP_000856,2023-01-06,93,89.04,0,10.300349598305683,46,0.2051
COMP_000856,2022-10-11,93,81.59,0,9.949324940712929,3,0.5655
COMP_000857,2020-07-19,60,34.1,2,9.176608417117963,47,0.3503
COMP_000858,2023-11-23,52,66.94,1,3.5958035336863348,30,0.583
COMP_000858,2022-10-01,45,66.42,5,15.69620640200551,26,0.4201
COMP_000859,2024-09-23,50,41.88,3,11.970212274389908,37,0.416
COMP_000859,2023-06-08,45,55.02,2,2.8302803199323145,7,0.5411
COMP_000859,2020-06-30,43,54.88,5,14.167044270139733,35,0.3544
COMP_000860,2022-02-01,41,76.3,3,1.67569276441184,7,0.7153
COMP_000860,2023-09-17,47,35.05,1,1.1143458426762982,17,0.1668
COMP_000861,2020-12-02,72,78.08,1,1.7015808979246216,40,0.1137
COMP_000861,2021-09-19,74,96.67,2,16.467836528762838,21,0.7263
COMP_000862,2020-02-29,78,84.91,0,4.426795149334527,18,0.248
COMP_000862,2021-10-28,70,63.11,3,4.22629820512266,40,0.7935
COMP_000862,2022-12-28,77,69.79,2,5.857712344196756,35,0.5491
COMP_000863,2021-06-20,64,72.5,0,1.0,18,0.7428
COMP_000864,2023-07-23,77,74.64,1,14.417289219331257,31,0.5417
COMP_000864,2022-02-11,84,78.53,2,15.164582202699014,48,0.2885
COMP_000865,2022-03-26,75,92.29,2,6.557080985405126,12,0.3335
COMP_000865,2021-06-28,84,93.23,2,19.052252956972264,4,0.8889
COMP_000865,2023-05-17,75,67.95,0,9.859667822542146,13,0.8182
COMP_000866,2023-12-05,63,71.59,0,1.3832311003178734,40,0.8746
COMP_000867,2020-12-24,46,51.74,5,19.559708594817867,4,0.6079
COMP_000868,2021-09-26,91,61.61,0,3.177269789079518,29,0.1642
COMP_000869,2024-07-16,55,35.1,3,1.3370621272905812,12,0.2031
COMP_000869,2022-12-28,54,50.28,5,3.4983929346386438,40,0.2039
COMP_000869,2024-10-09,56,74.58,2,2.027543129347732,45,0.3297
COMP_000870,2020-07-24,45,67.32,1,17.34095053982322,41,0.842
COMP_000870,2024-10-16,39,51.66,5,7.433204274677017,42,0.2749
COMP_000870,2021-05-02,48,63.92,2,14.51865090451744,19,0.4676
COMP_000871,2023-11-01,73,85.26,3,10.999053950419096,18,0.5354
COMP_000871,2023-10-23,73,81.3,1,3.8235141000583006,19,0.8129
COMP_000872,2022-05-31,72,80.01,2,5.677395554991852,36,0.1371
COMP_000872,2021-08-02,74,96.94,1,10.668795418574712,6,0.716
COMP_000873,2023-07-14,69,82.86,3,8.767407786680096,35,0.3773
COMP_000874,2022-09-29,42,32.77,5,2.9697113337920222,49,0.5623
COMP_000874,2021-01-11,36,34.89,4,11.18960838094264,49,0.5494
COMP_000875,2022-03-19,73,69.95,3,16.553067012263288,19,0.8453
COMP_000876,2023-09-12,71,61.92,3,13.562206524906498,13,0.6835
COMP_000877,2024-04-23,46,64.43,2,8.719537128048945,4,0.2832
COMP_000877,2024-05-26,45,31.61,1,18.36357940135563,16,0.8898
COMP_000877,2022-11-04,43,40.76,5,1.8164520577437977,18,0.264
COMP_000878,2024-02-19,42,31.86,4,3.253125991500676,50,0.3637
COMP_000878,2022-12-15,45,75.34,5,6.440278057465972,43,0.2435
COMP_000879,2020-09-21,90,60.7,0,1.7968279417540731,16,0.8337
COMP_000879,2024-03-02,91,99.13,0,12.036845293298969,11,0.4283
COMP_000880,2021-09-12,68,95.27,1,1.0,19,0.1703
COMP_000880,2023-11-21,70,68.86,2,1.0,7,0.8604
COMP_000880,2024-10-14,63,62.82,1,1.0,45,0.5737
COMP_000881,2020-06-02,59,45.6,4,2.962834877564306,32,0.5797
COMP_000882,2023-07-07,50,55.68,2,16.519346810279316,3,0.3659
COMP_000883,2020-09-06,92,86.39,0,18.141701468746938,32,0.6264
COMP_000884,2023-05-17,83,75.92,0,1.765863181062605,29,0.6752
COMP_000884,2022-08-17,83,91.37,0,7.3878381146046825,23,0.2989
COMP_000885,2021-09-29,89,65.62,0,18.179747473755896,14,0.8235
COMP_000886,2020-05-10,56,31.94,4,5.648109570846968,49,0.7952
COMP_000886,2021-02-01,53,64.14,2,2.150848488480189,43,0.1216
COMP_000886,2021-09-14,50,30.37,5,4.265227451771464,26,0.3291
COMP_000887,2020-01-23,88,68.77,0,12.016442126199962,44,0.5556
COMP_000887,2024-11-26,96,82.19,0,10.5124827329754,20,0.8343
COMP_000887,2024-09-12,93,91.27,0,18.398346458704243,16,0.8549
COMP_000888,2020-11-21,81,72.41,0,1.7282872139982888,9,0.6629
COMP_000888,2022-03-29,86,98.02,0,1.6647813019642164,39,0.1926
COMP_000888,2023-06-02,81,91.51,2,1.5495642374777678,25,0.5556
COMP_000889,2020-04-17,64,65.21,0,7.698921222266258,48,0.6822
COMP_000889,2020-03-16,62,84.3,0,14.62437815237463,44,0.6307
COMP_000890,2024-07-10,90,98.93,1,3.6993950535476,10,0.3097
COMP_000891,2022-05-21,59,72.4,2,15.449382686210777,17,0.6034
COMP_000891,2021-05-03,56,39.03,3,14.390568249933674,22,0.5903
COMP_000891,2020-06-21,56,58.97,3,7.751685641266941,50,0.2267
COMP_000892,2022-06-01,74,89.07,3,3.909137293823016,29,0.2552
COMP_000892,2022-11-06,72,76.1,2,7.080029836338452,39,0.7317
COMP_000892,2022-07-16,67,88.4,2,16.22126369684052,23,0.1699
COMP_000893,2020-02-04,53,34.93,3,17.353965565532278,38,0.3293
COMP_000893,2022-04-01,53,59.58,3,6.716057114111467,4,0.7094
COMP_000893,2023-01-16,48,59.82,4,16.46636831057188,42,0.8246
COMP_000894,2022-11-17,50,74.31,3,16.193746289839716,11,0.7619
COMP_000895,2023-05-05,39,30.51,5,1.0714152977809874,30,0.6334
COMP_000896,2024-07-18,92,98.34,2,1.817713530522001,21,0.7293
COMP_000896,2021-11-30,89,97.08,2,16.719106738786884,27,0.6255
COMP_000897,2020-02-28,68,63.58,1,3.374084758687743,19,0.7046
COMP_000897,2020-03-26,69,70.45,1,5.2568194449569265,25,0.2825
COMP_000897,2021-12-29,73,81.78,0,5.02655666231959,48,0.8097
COMP_000898,2020-09-28,45,61.19,1,2.062343468480809,11,0.3773
COMP_000899,2023-03-01,54,58.84,5,16.362932666300892,50,0.1772
COMP_000899,2022-02-05,55,37.26,2,3.34861039547663,28,0.1509
COMP_000899,2022-11-09,61,66.72,3,4.785873733242842,10,0.7643
COMP_000900,2020-01-13,79,91.83,0,6.630147810636546,31,0.8754
COMP_000901,2022-03-09,77,86.85,2,1.6519739397419642,20,0.2293
COMP_000902,2023-10-21,45,32.03,5,17.264626076303774,50,0.2293
COMP_000902,2024-09-01,41,71.2,5,14.974603380960826,8,0.4276
COMP_000903,2020-02-16,70,78.8,0,1.522684902099557,15,0.5544
COMP_000904,2022-01-08,84,96.26,2,12.821339785959522,8,0.2194
COMP_000904,2023-01-13,81,76.62,1,3.0826553323394017,12,0.7848
COMP_000904,2022-05-24,84,73.24,1,14.047868542799394,14,0.2362
COMP_000905,2023-08-31,82,62.47,0,2.928655334792594,49,0.5588
COMP_000906,2020-06-30,86,83.36,0,3.85463337202648,19,0.6281
COMP_000906,2022-07-12,83,76.49,0,6.058506428791605,38,0.3984
COMP_000907,2024-12-04,54,70.18,4,19.637458915862606,21,0.8288
COMP_000907,2024-03-27,61,99.94,0,11.638954754863569,29,0.1959
COMP_000907,2024-08-20,62,99.74,0,5.698787933294549,21,0.466
COMP_000908,2023-07-19,47,44.15,4,17.9449262809042,3,0.8333
COMP_000908,2020-06-11,42,65.34,5,12.976680800530662,10,0.8159
COMP_000908,2020-09-25,47,77.19,4,18.746183810110082,29,0.6927
COMP_000909,2020-12-26,59,38.34,4,19.88434462763431,45,0.8809
COMP_000909,2021-11-04,59,48.39,3,9.932408844997319,12,0.8236
COMP_000909,2020-05-23,62,95.64,0,3.7181126516628824,41,0.8665
COMP_000910,2024-05-04,90,61.35,0,9.376476798038167,6,0.266
COMP_000911,2024-06-28,67,85.98,1,13.854181783362,40,0.5642
COMP_000912,2021-02-06,80,60.34,0,14.763073655597564,44,0.8718
COMP_000912,2022-07-25,86,88.04,0,4.749683373681686,25,0.4608
COMP_000912,2022-03-28,80,96.61,1,13.81649065455608,27,0.2816
COMP_000913,2021-07-06,58,31.42,3,4.833998617424152,42,0.5846
COMP_000914,2021-10-03,76,88.87,1,18.1261825659662,33,0.2193
COMP_000914,2022-02-02,69,67.94,3,17.29986261875843,15,0.5979
COMP_000914,2023-02-24,77,61.75,1,5.504216122762299,45,0.7939
COMP_000915,2022-01-20,86,80.02,0,17.009654180364464,43,0.3631
COMP_000916,2024-09-01,90,87.99,0,12.000613835615072,20,0.8769
COMP_000917,2024-05-18,49,79.26,4,14.327541359534521,21,0.3679
COMP_000917,2021-10-04,49,55.73,2,4.3852095603464285,34,0.265
COMP_000918,2024-06-17,74,70.08,2,2.3352387951042353,7,0.5038
COMP_000918,2021-10-03,69,71.24,0,14.947965019972578,34,0.6395
COMP_000918,2021-06-16,75,86.67,0,11.577878824269652,41,0.4798
COMP_000919,2020-02-11,53,53.01,2,9.343474500487927,23,0.4315
COMP_000919,2024-11-19,47,72.97,3,13.503661078622406,45,0.1512
COMP_000920,2023-07-03,58,79.18,4,2.1934951737478032,28,0.5395
COMP_000921,2020-07-16,77,94.32,1,2.394580200702187,10,0.789
COMP_000921,2022-09-14,79,94.22,2,14.483580616757864,35,0.2068
COMP_000922,2022-10-06,72,77.36,2,1.0,24,0.2176
COMP_000922,2024-03-23,70,98.49,3,1.0,45,0.819
COMP_000923,2024-12-10,76,90.54,1,2.3846297977867303,22,0.4055
COMP_000924,2021-01-17,50,69.0,5,2.5656807090164886,22,0.4992
COMP_000924,2023-03-17,59,33.91,4,4.326404586693659,8,0.187
COMP_000924,2021-07-06,53,45.81,4,8.133546928226167,37,0.8124
COMP_000925,2024-06-13,40,46.28,2,8.868407061536574,49,0.2131
COMP_000925,2020-12-26,45,34.17,2,5.446530285010905,49,0.6802
COMP_000925,2021-07-15,37,71.26,2,2.6265554821622294,13,0.1956
COMP_000926,2022-04-20,100,66.87,0,8.026240774592994,9,0.6575
COMP_000927,2021-10-28,89,89.32,0,2.0591438818136156,35,0.188
COMP_000927,2021-09-11,85,83.5,0,6.811051243188877,33,0.5667
COMP_000928,2020-09-16,46,54.7,4,14.549241245389005,28,0.7821
COMP_000928,2020-03-30,45,43.8,3,14.23682822357804,9,0.3786
COMP_000928,2023-11-07,52,76.53,1,14.844665305582827,28,0.7593
COMP_000929,2020-01-02,83,62.12,0,10.33648416172288,14,0.1925
COMP_000929,2023-09-16,75,75.82,0,15.434665087356702,17,0.4019
COMP_000929,2022-05-06,76,68.16,2,12.300696566829336,39,0.462
COMP_000930,2022-07-10,49,43.75,2,12.672407826513682,20,0.8626
COMP_000931,2022-02-08,65,96.45,3,2.8012403714450653,38,0.74
COMP_000931,2024-02-28,65,84.18,1,10.15551564206926,23,0.5459
COMP_000931,2020-07-26,68,81.68,0,8.134830638980375,47,0.6768
COMP_000932,2024-02-13,79,71.32,1,9.716641555936981,39,0.3941
COMP_000932,2020-02-03,74,78.71,3,4.700970457304537,34,0.4225
COMP_000933,2023-06-02,74,65.3,2,4.199858459379275,44,0.3357
COMP_000933,2021-04-25,72,97.0,2,3.5726703681788954,30,0.5495
COMP_000933,2024-11-19,78,74.28,1,10.189450102062676,43,0.5545
COMP_000934,2022-05-31,76,82.23,3,12.644346841240157,21,0.5483
COMP_000934,2020-07-11,80,68.09,2,7.670858977107406,38,0.242
COMP_000934,2020-01-27,86,91.2,0,19.007152480889175,40,0.3923
COMP_000935,2022-05-06,46,62.66,5,15.66153236060697,8,0.6906
COMP_000936,2020-12-29,50,44.27,2,5.5240304611380955,18,0.7801
COMP_000937,2020-12-29,94,81.68,0,16.604368733489654,23,0.7564
COMP_000937,2021-06-11,96,96.74,1,18.708628200272873,19,0.7958
COMP_000937,2022-11-27,96,78.54,0,16.963750906091263,41,0.2483
COMP_000938,2022-10-31,76,85.12,3,1.040205369480543,47,0.8836
COMP_000938,2023-06-25,81,91.76,0,1.712316048368016,11,0.3961
COMP_000939,2023-04-08,62,64.81,3,8.821130077665497,25,0.1158
COMP_000939,2021-01-04,60,70.84,2,8.685534448644518,46,0.6615
COMP_000940,2021-01-18,35,49.1,5,14.189449238824379,32,0.61
COMP_000941,2022-01-11,87,65.2,0,4.795641192240815,25,0.4592
COMP_000941,2024-07-10,86,64.87,2,3.2352193431553498,28,0.8325
COMP_000942,2024-06-05,43,39.55,5,15.64388050448376,19,0.256
COMP_000943,2020-01-27,71,84.28,1,18.568957634762377,20,0.8799
COMP_000943,2021-06-18,75,98.42,1,17.419260838153793,25,0.2272
COMP_000944,2021-10-02,64,68.97,0,6.053129392068499,6,0.6044
COMP_000944,2024-09-23,65,73.97,1,18.048275456957114,43,0.6011
COMP_000944,2021-07-11,73,86.97,3,19.059642587107813,11,0.2188
COMP_000945,2024-04-27,93,79.99,0,9.634910954422704,30,0.3785
COMP_000946,2021-07-22,50,70.37,3,16.437521863936833,29,0.4768
COMP_000946,2024-03-18,47,72.35,2,18.923675599171425,23,0.8273
COMP_000947,2020-09-24,81,99.86,0,13.974498749375746,35,0.441
COMP_000947,2024-08-06,87,60.94,0,9.225045124121374,41,0.4017
COMP_000948,2022-07-14,53,78.25,1,8.743914336708116,7,0.8747
COMP_000948,2020-03-15,48,71.5,2,1.7345005045372224,26,0.7315
COMP_000949,2021-02-13,86,77.93,0,16.02372760265515,40,0.3177
COMP_000950,2020-12-03,49,48.13,3,1.6002783172547763,32,0.3294
COMP_000950,2020-05-07,50,57.99,3,1.58171018812609,25,0.8808
COMP_000950,2020-02-01,51,72.92,4,1.1569989635616647,7,0.845
COMP_000951,2024-11-28,73,79.5,1,15.164753565068889,34,0.6037
COMP_000951,2020-02-09,71,86.91,1,8.70939220782241,6,0.2493
COMP_000952,2023-05-28,85,72.12,0,4.040958694692712,25,0.7993
COMP_000952,2021-07-03,76,78.43,0,4.9144238235253255,41,0.2326
COMP_000952,2021-01-02,78,88.54,0,19.783013496773634,17,0.4848
COMP_000953,2022-10-04,90,99.17,0,14.952182531937481,27,0.5869
COMP_000954,2023-05-12,68,97.52,2,1.1417383737306595,4,0.3124
COMP_000954,2020-09-14,67,88.66,1,1.159831744985926,30,0.3599
COMP_000954,2021-02-24,72,75.55,2,1.3057377746021284,20,0.3904
COMP_000955,2021-07-28,65,99.3,0,2.938606085545187,47,0.4267
COMP_000955,2020-10-08,64,94.83,0,2.225112010315335,11,0.5291
COMP_000956,2022-12-06,35,47.52,1,16.496024252599675,4,0.3242
COMP_000956,2020-12-14,43,63.19,4,18.07696648877647,13,0.7012
COMP_000956,2024-07-14,44,75.6,4,12.21963520549548,21,0.2563
COMP_000957,2024-02-21,99,76.32,0,14.777664945315658,21,0.7146
COMP_000957,2023-09-22,92,65.72,2,8.991012104664268,46,0.5197
COMP_000958,2020-03-06,59,61.32,5,15.425465319587312,21,0.4404
COMP_000958,2023-02-11,63,69.36,0,2.461820145544026,5,0.1596
COMP_000959,2021-01-22,86,85.05,0,1.0,16,0.4626
COMP_000959,2021-06-26,87,98.27,0,1.0,18,0.424
COMP_000959,2024-09-03,94,79.26,0,1.0,13,0.3685
COMP_000960,2020-07-28,77,86.63,3,2.894229801365426,5,0.2964
COMP_000961,2021-09-26,74,65.88,2,13.011074503645657,36,0.2941
COMP_000961,2024-08-06,77,84.19,0,6.253787425542168,35,0.6048
COMP_000962,2021-09-16,81,60.47,0,2.6652123349909664,48,0.2454
COMP_000962,2023-06-28,75,60.64,1,6.448125066233338,46,0.1905
COMP_000963,2024-08-19,90,81.58,0,17.99674434367737,29,0.4387
COMP_000963,2021-10-23,90,71.69,0,2.949260814082294,18,0.1343
COMP_000963,2023-01-08,85,99.61,0,17.883376632890815,22,0.6153
COMP_000964,2021-11-18,93,71.25,0,10.542227299743494,33,0.526
COMP_000964,2022-09-26,86,90.46,0,1.7540661982425279,24,0.4922
COMP_000964,2024-08-25,89,79.49,0,8.690092715737578,33,0.252
COMP_000965,2023-11-09,95,92.52,0,7.550084083823087,47,0.5973
COMP_000965,2023-09-02,90,70.51,0,1.8928648058051334,50,0.204
COMP_000965,2021-09-23,90,69.79,0,4.9742768414603855,23,0.2535
COMP_000966,2020-10-23,70,67.21,0,18.366876174266167,4,0.7786
COMP_000966,2023-02-13,66,93.75,1,2.4642737269020527,23,0.8597
COMP_000966,2020-04-28,68,62.92,0,16.85670714113875,26,0.5421
COMP_000967,2021-09-07,62,62.3,0,6.92994311663182,21,0.1323
COMP_000967,2024-01-17,63,92.76,0,1.7093520245679623,20,0.19
COMP_000968,2021-11-11,53,30.59,3,1.0,3,0.2893
COMP_000968,2021-04-02,46,69.86,2,1.0,38,0.7582
COMP_000968,2021-04-02,46,34.71,3,1.0,23,0.6401
COMP_000969,2023-06-18,53,59.16,1,1.8493609115560663,45,0.6787
COMP_000969,2020-12-27,49,49.13,4,1.2700652531964103,7,0.8088
COMP_000969,2023-08-11,55,54.48,5,2.6080989824088108,42,0.5106
COMP_000970,2021-05-10,46,67.88,4,11.766243378170019,5,0.3276
COMP_000970,2024-08-24,44,43.94,3,8.633677148743438,6,0.6028
COMP_000971,2022-11-28,84,99.07,0,5.974086102176772,28,0.7882
COMP_000971,2024-05-29,82,79.28,0,13.28780325455854,12,0.3751
COMP_000971,2022-04-11,75,63.27,2,4.233655454026826,49,0.8921
COMP_000972,2021-05-06,94,64.79,0,10.157010295609782,31,0.591
COMP_000973,2024-09-11,47,36.2,4,6.388482800723793,6,0.2477
COMP_000974,2020-08-15,66,90.27,0,5.722975992188694,49,0.4033
COMP_000975,2023-08-23,87,84.6,0,10.277491734809892,47,0.8317
COMP_000975,2024-03-14,88,73.62,0,8.886255955616676,4,0.3409
COMP_000976,2024-09-28,45,38.35,1,1.2834143991885556,14,0.5731
COMP_000976,2023-04-21,47,33.88,5,6.803303383295626,26,0.1284
COMP_000976,2022-09-19,40,66.35,2,2.4574950738134835,35,0.8295
COMP_000977,2021-08-24,70,77.1,0,4.885576481128185,18,0.3152
COMP_000978,2021-06-24,88,86.16,0,12.113135564875833,21,0.1806
COMP_000979,2023-04-14,91,83.72,0,5.109143975992708,28,0.5698
COMP_000980,2023-09-22,66,90.62,1,7.961086149491484,34,0.5043
COMP_000980,2020-09-28,60,61.34,1,6.025864667141244,3,0.6937
COMP_000980,2024-10-06,62,74.14,0,9.798902537923983,25,0.2406
COMP_000981,2021-12-21,61,95.24,1,1.0996590644686346,47,0.4548
COMP_000981,2022-12-19,59,48.92,1,2.2187819929484967,12,0.17
COMP_000981,2024-03-16,61,66.26,1,1.8516920794372635,22,0.8341
COMP_000982,2020-07-16,82,66.87,0,1.0,36,0.4821
COMP_000983,2022-08-20,94,70.06,0,16.485737984557325,9,0.8008
COMP_000983,2020-08-01,94,81.39,0,9.670130920008432,31,0.4489
COMP_000984,2020-04-15,93,81.51,0,7.069228996311332,35,0.4139
COMP_000985,2024-05-24,63,87.07,0,19.35868712911499,34,0.742
COMP_000985,2024-11-06,70,89.54,1,14.868242176954126,39,0.4035
COMP_000986,2022-08-04,85,86.28,0,1.2267944106628113,32,0.4167
COMP_000986,2020-01-30,86,96.78,0,1.5108734446923227,44,0.1833
COMP_000987,2023-10-09,59,56.89,5,13.534647604023274,4,0.7004
COMP_000987,2024-07-26,56,61.14,3,1.5413276629233796,48,0.8356
COMP_000988,2022-06-13,65,78.29,3,3.660938572581864,12,0.5172
COMP_000988,2021-12-05,57,59.77,5,16.638288842006432,38,0.8051
COMP_000988,2024-11-07,57,62.8,4,7.506055467774589,42,0.3116
COMP_000989,2024-09-08,79,92.29,1,18.84268394100173,12,0.8581
COMP_000989,2023-04-13,85,89.53,0,17.879877995270604,36,0.5353
COMP_000990,2021-09-16,80,65.91,1,12.121017949604848,50,0.2141
COMP_000990,2020-01-30,72,78.69,0,16.426980918165352,3,0.4259
COMP_000991,2021-04-06,39,78.34,2,4.359934877055142,45,0.3616
COMP_000991,2024-11-06,39,77.8,3,5.046420059287954,16,0.3137
COMP_000991,2024-04-26,44,68.17,2,4.01585269114744,3,0.8653
COMP_000992,2020-11-10,61,97.16,3,3.0805974112386485,8,0.7592
COMP_000992,2022-04-03,66,75.0,1,2.6975453826394467,21,0.6388
COMP_000992,2022-04-24,62,65.35,3,2.5540004693001164,48,0.6827
COMP_000993,2022-08-04,87,94.68,0,6.647037788891201,7,0.6595
COMP_000993,2022-01-25,87,83.26,2,12.454458111132004,8,0.6497
COMP_000993,2022-05-31,86,80.47,0,17.017333213622205,49,0.8323
COMP_000994,2023-11-14,78,62.73,1,4.810830508031552,43,0.8854
COMP_000994,2021-07-10,76,75.44,3,6.954751756309773,26,0.6086
COMP_000994,2021-03-03,86,80.34,0,6.0616063643858125,49,0.1217
COMP_000995,2021-09-07,69,60.14,1,14.204108044176289,27,0.2916
COMP_000995,2024-05-09,66,66.47,0,15.191198667200725,32,0.1317
COMP_000995,2024-11-27,67,96.16,3,14.258729844212008,30,0.8298
COMP_000996,2024-01-14,89,71.62,0,15.66165165117726,41,0.4938
COMP_000997,2021-05-09,71,60.82,2,5.0292887802611705,44,0.7196
COMP_000997,2021-02-20,66,61.1,3,3.604168871167275,12,0.8385
COMP_000997,2023-06-17,69,83.25,0,4.722260006608606,17,0.6258
COMP_000998,2021-04-17,63,62.32,0,5.294473791653763,45,0.8002
COMP_000998,2024-12-25,63,71.37,3,2.0297756263183206,35,0.7025
COMP_000999,2022-08-27,89,90.53,0,19.054653205523415,8,0.5914
COMP_001000,2020-06-13,53,55.39,1,7.908676639704584,5,0.2923
COMP_001001,2024-09-14,80,76.49,0,2.5863142500459553,3,0.1781
COMP_001001,2022-04-05,70,68.39,0,4.583597805298647,19,0.236
COMP_001002,2024-08-05,67,91.09,2,7.21947293206361,48,0.5124
COMP_001002,2021-06-16,65,92.42,2,13.096149595613062,25,0.1154
COMP_001003,2023-05-03,73,78.76,2,8.103693796832948,3,0.8627
COMP_001003,2023-05-25,74,78.58,2,10.920258610517715,36,0.589
COMP_001003,2021-11-13,69,78.52,3,4.5453238087225145,3,0.2908
COMP_001004,2022-02-28,96,75.64,0,5.796258057831606,49,0.2908
COMP_001005,2022-05-12,75,70.8,2,4.416144883944624,19,0.739
COMP_001005,2020-08-02,74,61.24,2,3.746334023010956,39,0.6132
COMP_001005,2021-03-13,77,66.87,3,15.428373766150225,32,0.8404
COMP_001006,2023-10-30,64,79.31,1,12.44038502490467,22,0.7083
COMP_001006,2021-11-27,73,82.01,1,14.742884414273446,25,0.2615
COMP_001006,2024-08-17,74,65.92,0,4.755633977989099,37,0.3964
COMP_001007,2024-06-10,61,97.6,2,4.575290094436798,30,0.2929
COMP_001007,2023-12-22,66,88.64,3,1.4634868587846244,33,0.6405
COMP_001007,2021-04-22,62,87.31,2,5.078299577322638,8,0.5745
COMP_001008,2020-04-07,93,82.72,0,13.341401653042418,23,0.2028
COMP_001009,2021-08-03,60,52.16,5,13.991010448059695,48,0.2593
COMP_001010,2021-10-09,46,47.64,3,5.947082227292885,44,0.2365
COMP_001010,2020-01-05,45,60.9,1,1.3486111100194593,25,0.8285
COMP_001011,2022-10-20,94,92.43,0,14.71393118255294,46,0.2518
COMP_001011,2024-03-29,92,99.35,0,17.18132078223641,15,0.8627
COMP_001011,2024-12-02,94,87.01,1,6.046428090030808,35,0.2443
COMP_001012,2023-09-11,95,82.22,0,19.469957174686186,23,0.3415
COMP_001012,2020-03-08,91,78.25,0,4.693510263006109,3,0.5954
COMP_001013,2020-07-15,71,69.93,1,11.929728278178015,10,0.7508
COMP_001013,2022-12-25,70,82.96,1,17.149396058616425,6,0.7762
COMP_001014,2024-05-09,60,72.93,3,5.03061820669209,12,0.5245
COMP_001015,2020-07-05,80,81.3,2,11.887335630737315,49,0.3682
COMP_001016,2023-02-28,78,64.37,0,3.1149972825830394,5,0.6101
COMP_001016,2023-09-28,70,77.26,1,9.150907613337074,9,0.5237
COMP_001016,2022-12-26,72,90.94,0,3.256152240543224,6,0.1026
COMP_001017,2023-01-15,56,61.1,3,2.7196565832476467,13,0.6812
COMP_001018,2023-09-16,66,69.07,1,15.565550028380626,12,0.3477
COMP_001018,2023-07-06,62,94.54,2,11.560838621233716,36,0.5521
COMP_001018,2022-12-03,69,83.32,1,18.230887011051614,18,0.1904
COMP_001019,2021-03-04,66,99.05,0,10.8611939951044,44,0.27
COMP_001019,2023-10-05,63,99.27,2,12.471737460397046,45,0.5221
COMP_001019,2021-11-08,67,77.68,0,7.1375161093634905,8,0.543
COMP_001020,2021-04-07,64,79.02,3,1.0,41,0.2363
COMP_001020,2023-11-30,65,78.92,0,1.0,23,0.2694
COMP_001020,2020-05-05,69,97.06,1,1.0,29,0.7506
COMP_001021,2024-08-04,75,93.19,3,7.2852736907971405,41,0.6428
COMP_001021,2023-11-12,69,81.67,2,13.640439248762611,11,0.7266
COMP_001021,2020-10-03,75,88.98,2,16.188619476985224,44,0.4188
COMP_001022,2021-01-11,38,61.67,1,8.467787172324748,42,0.7237
COMP_001022,2020-08-25,46,49.22,5,6.1939976936526895,4,0.4999
COMP_001022,2022-12-03,41,79.9,3,17.78052025284408,48,0.6244
COMP_001023,2024-12-21,58,41.88,2,15.269894236006335,5,0.2108
COMP_001023,2020-01-30,50,42.27,5,15.771934316469663,19,0.6237
COMP_001024,2023-07-10,87,67.78,0,6.932891618988114,37,0.2361
COMP_001024,2020-04-09,94,98.76,0,5.722117980567244,44,0.6363
COMP_001024,2021-06-18,92,89.64,0,3.1976257675910347,15,0.8281
COMP_001025,2022-07-12,74,77.18,2,2.8180189126865924,19,0.301
COMP_001025,2024-08-09,73,87.09,1,3.5014153946871334,30,0.8552
COMP_001025,2021-08-22,68,89.22,3,13.484729457618164,27,0.4478
COMP_001026,2021-08-10,74,60.56,2,11.318510130979405,25,0.4581
COMP_001026,2021-12-22,69,79.21,3,11.65860734383565,43,0.5537
COMP_001027,2023-07-13,43,57.22,3,2.6256549366273676,48,0.7616
COMP_001027,2020-08-20,42,76.87,5,2.2935909812451127,29,0.7072
COMP_001028,2023-08-05,88,67.24,0,17.587071292304152,25,0.711
COMP_001028,2020-07-12,96,93.55,0,9.734747131684657,29,0.4195
COMP_001029,2021-05-21,65,73.15,2,15.292714450749296,26,0.6343
COMP_001029,2024-03-25,58,34.46,1,5.20191127642105,16,0.2848
COMP_001030,2023-04-06,68,70.35,3,8.439197186552303,48,0.1008
COMP_001031,2022-03-05,73,89.23,3,8.594389839735662,21,0.4232
COMP_001031,2023-04-28,71,66.57,1,4.493587947321224,7,0.7905
COMP_001032,2020-09-16,62,82.27,1,3.595127780420881,43,0.5763
COMP_001032,2021-12-29,57,57.2,5,4.142868954601569,10,0.8655
COMP_001033,2020-12-09,53,39.8,5,15.296795668426741,24,0.1647
COMP_001033,2020-05-27,51,34.36,4,14.063755918117444,19,0.2891
COMP_001034,2024-04-24,83,70.85,2,14.279234868111532,26,0.7602
COMP_001034,2022-07-20,85,82.7,0,9.535778357758693,44,0.1227
COMP_001034,2020-04-17,87,98.74,2,17.253227575949946,49,0.5818
COMP_001035,2020-03-14,67,61.62,3,19.90937243503268,21,0.4516
COMP_001036,2021-12-16,56,45.36,3,2.4905663220620577,46,0.4545
COMP_001036,2021-01-21,56,47.83,3,13.515517118934888,7,0.4706
COMP_001036,2024-04-18,57,49.02,3,11.568566787769733,32,0.7956
COMP_001037,2022-12-19,39,65.75,4,3.9330693138224913,22,0.2497
COMP_001037,2020-08-06,36,44.84,2,7.18924685998429,40,0.6547
COMP_001038,2020-11-16,49,61.34,2,1.383319706187795,32,0.2933
COMP_001038,2020-01-18,45,40.01,4,8.870904089017365,22,0.6209
COMP_001039,2021-09-22,93,91.54,0,7.053631014191687,4,0.7609
COMP_001039,2024-10-15,90,67.15,0,4.555245748546977,45,0.3707
COMP_001040,2024-08-01,63,91.29,0,7.587970376723759,4,0.7941
COMP_001040,2020-05-30,62,88.76,1,8.289053128493652,22,0.3126
COMP_001041,2023-11-28,63,98.81,0,2.023981969476445,6,0.4234
COMP_001042,2024-11-26,94,77.25,1,7.770438137444442,36,0.4789
COMP_001042,2024-05-27,89,90.83,0,14.78423837931556,27,0.1013
COMP_001042,2023-07-14,91,64.48,2,9.254840336798836,34,0.5006
COMP_001043,2020-02-07,85,73.32,0,7.801792425008817,10,0.6501
COMP_001043,2021-07-26,88,72.45,0,2.9139848489030395,28,0.6564
COMP_001043,2020-11-17,87,82.38,0,1.6416201805602912,26,0.5605
COMP_001044,2021-08-30,95,96.81,0,13.916161024694112,34,0.1476
COMP_001045,2020-01-06,61,83.95,2,8.256896240848548,48,0.8952
COMP_001045,2021-02-13,58,72.52,4,5.422717848194498,23,0.2973
COMP_001046,2022-10-19,90,95.21,0,14.24746013215443,19,0.1641
COMP_001046,2021-09-06,84,93.21,1,6.657437796638037,35,0.5204
COMP_001046,2021-05-03,90,80.04,0,15.24668455619095,9,0.4566
COMP_001047,2023-12-06,42,69.91,2,8.085238621785347,35,0.6207
COMP_001047,2021-01-14,39,65.38,1,3.617627012797451,26,0.8054
COMP_001048,2021-11-14,80,70.75,2,16.14971706125055,4,0.8417
COMP_001049,2020-03-20,67,98.33,3,14.100373260027228,22,0.6466
COMP_001049,2020-07-23,65,70.86,3,15.182444415301372,38,0.7539
COMP_001050,2023-01-22,62,94.61,3,19.690688806743548,49,0.6101
COMP_001050,2021-06-08,57,57.73,2,18.534952379180023,29,0.6668
COMP_001050,2024-06-01,59,31.95,1,5.961304875218431,14,0.8165
COMP_001051,2020-11-15,52,68.6,4,13.312694984073309,32,0.346
COMP_001051,2022-07-08,47,56.38,1,4.208173793958185,42,0.8254
COMP_001052,2021-06-21,43,39.06,2,1.0752983681860306,16,0.8541
COMP_001053,2022-10-23,44,38.38,4,4.978834331415108,24,0.3074
COMP_001053,2023-03-31,54,53.27,2,1.63629016729065,32,0.7924
COMP_001054,2021-03-21,51,44.46,2,16.071495486691536,33,0.4891
COMP_001054,2024-12-18,51,45.36,1,6.166235812184305,42,0.4439
COMP_001055,2023-12-12,92,84.59,0,5.363645657575495,16,0.5121
COMP_001055,2023-09-28,97,86.91,0,14.18333624783101,3,0.5989
COMP_001055,2022-07-04,92,98.24,0,7.212815180977978,8,0.4825
COMP_001056,2021-03-26,73,87.65,2,9.188833726859208,39,0.2313
COMP_001056,2023-04-12,67,96.17,0,14.493579418960168,36,0.498
COMP_001056,2020-07-14,69,64.05,3,7.83745109637865,4,0.5084
COMP_001057,2024-05-08,90,89.62,1,2.699864971933703,10,0.87
COMP_001058,2024-05-07,70,62.88,1,11.513402573549328,25,0.6652
COMP_001058,2022-04-19,67,65.29,0,5.043940366555428,28,0.6738
COMP_001059,2021-11-09,63,90.23,1,1.134565656815742,20,0.8684
COMP_001060,2023-04-10,55,50.5,1,16.747436984761997,12,0.4163
COMP_001061,2020-07-23,43,38.25,2,1.5136278800904732,5,0.6821
COMP_001061,2023-10-04,51,34.55,4,8.386850268078485,47,0.8448
COMP_001062,2021-02-15,70,94.95,3,17.762832933954375,23,0.6046
COMP_001062,2023-02-05,71,69.18,3,15.681045256232348,39,0.4233
COMP_001062,2020-11-16,79,86.33,3,1.4901761833347313,50,0.5704
COMP_001063,2024-11-29,46,57.01,4,1.3924622223913832,45,0.4244
COMP_001064,2024-11-01,84,69.02,0,8.394951378108338,29,0.2111
COMP_001065,2023-10-09,87,95.85,0,16.672605278344044,45,0.3263
COMP_001066,2022-11-29,46,32.67,2,2.097330749271555,50,0.6429
COMP_001067,2020-08-17,65,76.9,0,1.0259997401255085,50,0.7532
COMP_001067,2023-09-12,65,91.51,2,1.3093798249927229,36,0.731
COMP_001068,2023-04-13,74,93.85,0,17.907387387176662,48,0.2431
COMP_001069,2021-12-17,46,73.64,4,10.042964472754342,31,0.7465
COMP_001069,2021-06-07,40,49.54,3,4.870807867032909,21,0.7208
COMP_001070,2022-01-05,53,35.77,4,14.594680377851653,19,0.2553
COMP_001070,2021-05-06,61,81.27,3,5.606750654043687,23,0.6975
COMP_001070,2023-01-05,56,52.66,2,13.295530988987391,23,0.7215
COMP_001071,2023-01-31,49,72.04,2,2.736632440075818,11,0.1558
COMP_001071,2021-02-16,54,77.05,5,8.198547993886535,3,0.5804
COMP_001071,2024-01-12,53,55.39,4,11.484684830524655,16,0.3465
COMP_001072,2020-05-01,56,32.54,5,17.845234170797074,43,0.3735
COMP_001072,2022-01-26,61,89.27,1,18.816097832200565,19,0.6719
COMP_001072,2022-08-04,61,95.95,0,19.056986677970443,42,0.7991
COMP_001073,2023-01-06,76,92.93,0,16.62219282049529,18,0.7882
COMP_001074,2023-12-13,77,60.59,1,7.468448962579764,33,0.2809
COMP_001074,2020-08-29,84,66.58,0,9.137522234868896,39,0.514
COMP_001075,2022-12-01,42,50.72,2,1.1617211144475341,7,0.4591
COMP_001075,2024-07-05,46,43.4,5,1.5919012286074055,28,0.6661
COMP_001076,2024-04-11,61,82.7,2,2.7020036266496055,19,0.5673
COMP_001076,2024-11-01,52,40.14,4,13.846055332254458,38,0.5352
COMP_001077,2022-04-13,46,73.38,5,2.0744278968337095,37,0.5048
COMP_001077,2022-10-13,39,43.97,4,11.66749880377728,25,0.3654
COMP_001078,2023-08-12,63,75.2,3,16.009731205753106,33,0.5184
COMP_001079,2024-03-03,65,72.61,3,2.7698383132158817,6,0.3291
COMP_001079,2023-11-19,64,74.46,0,18.74635400061907,4,0.2224
COMP_001080,2022-02-09,64,64.26,0,17.19699671950526,32,0.6096
COMP_001080,2020-11-27,55,73.53,5,9.222444555423824,20,0.7283
COMP_001081,2022-10-06,56,37.22,3,9.299940626141145,14,0.2199
COMP_001082,2022-03-17,68,96.18,0,16.808132035607844,26,0.8031
COMP_001083,2021-01-31,61,83.96,3,8.221343015873549,35,0.1626
COMP_001083,2023-07-24,65,89.39,3,4.220447694857342,29,0.273
COMP_001084,2022-06-15,80,80.39,1,4.1965291729212275,18,0.5129
COMP_001084,2024-10-17,74,95.0,1,18.5658940760017,15,0.7898
COMP_001084,2021-10-20,77,95.06,3,9.542331155155498,32,0.5673
COMP_001085,2023-05-05,91,91.69,0,3.995242449058009,38,0.4842
COMP_001085,2024-07-31,86,90.53,0,7.92916532565878,36,0.6631
COMP_001086,2024-01-14,44,54.25,2,9.417615825972705,19,0.8734
COMP_001086,2022-04-19,49,53.32,1,7.472681022204682,11,0.6984
COMP_001087,2023-09-10,86,68.65,0,6.2781178414805945,19,0.1133
COMP_001087,2020-06-10,89,93.8,2,17.098195538916375,26,0.4623
COMP_001087,2022-07-20,89,62.96,1,7.70167055106281,3,0.1453
COMP_001088,2020-11-17,69,80.09,0,14.686409944629023,47,0.6145
COMP_001088,2022-12-06,71,71.19,1,11.6766477729797,12,0.2631
COMP_001089,2024-09-23,88,64.47,0,9.32430674635418,24,0.5659
COMP_001090,2021-07-31,68,83.38,3,10.952180366747312,18,0.6256
COMP_001090,2024-11-22,71,90.17,3,9.869241581906993,13,0.4893
COMP_001090,2024-03-07,72,71.92,1,3.5295858755494347,5,0.7378
COMP_001091,2022-08-05,54,56.68,1,19.004776064920694,16,0.4669
COMP_001092,2023-06-25,68,90.57,2,1.8548153447379008,49,0.7597
COMP_001092,2024-02-17,70,63.8,1,9.288908713996886,16,0.2143
COMP_001093,2022-12-27,47,69.85,4,18.505254189611755,24,0.3547
COMP_001093,2023-04-18,47,75.44,5,2.826306786320426,30,0.4199
COMP_001094,2020-08-06,58,62.46,1,13.971065310170717,23,0.4415
COMP_001094,2022-12-13,62,66.73,1,2.494531994024808,10,0.748
COMP_001094,2020-08-04,55,48.43,3,5.726490471204558,29,0.4785
COMP_001095,2020-03-03,81,90.15,1,6.430610222813282,9,0.4334
COMP_001095,2022-07-28,75,94.81,2,8.092634284308794,44,0.5029
COMP_001096,2024-05-01,43,63.92,5,16.000848894059107,35,0.2296
COMP_001096,2022-07-27,42,77.82,5,16.599911862714222,6,0.107
COMP_001096,2021-03-15,45,56.3,3,9.120019020590147,33,0.4095
COMP_001097,2024-02-21,86,81.06,0,15.137212574158507,35,0.684
COMP_001097,2023-08-30,81,94.03,0,6.645330710631143,11,0.8697
COMP_001098,2024-04-11,86,70.98,0,10.112728416725783,18,0.5896
COMP_001099,2022-09-06,49,61.46,4,7.934460669203221,36,0.3537
COMP_001099,2024-10-28,51,43.02,3,6.04939351138978,32,0.4262
COMP_001100,2022-06-12,80,70.88,2,1.2806445672007793,35,0.5293
COMP_001101,2021-08-28,39,36.95,5,4.766263858908417,9,0.2571
COMP_001101,2021-07-05,46,42.5,3,9.272733677577454,32,0.2662
COMP_001101,2022-09-09,40,53.18,2,12.901468601053502,31,0.3638
COMP_001102,2021-02-23,53,30.95,1,16.056001225561868,30,0.8274
COMP_001103,2024-04-09,82,75.16,0,14.544456938077312,7,0.4545
COMP_001103,2023-01-21,84,83.05,0,7.482766193404936,25,0.1684
COMP_001104,2024-11-07,78,96.02,1,7.9040129318840835,43,0.8947
COMP_001104,2020-09-26,80,62.7,1,5.234299978883561,20,0.5101
COMP_001105,2022-07-03,68,65.46,0,1.1805078314579807,26,0.8615
COMP_001106,2022-12-19,77,69.06,0,4.31749060154778,45,0.302
COMP_001106,2021-02-12,83,93.96,0,18.23094264766333,16,0.8367
COMP_001106,2022-06-16,77,72.07,2,18.6239282648732,10,0.44
COMP_001107,2024-05-28,61,86.27,0,6.935019097623402,36,0.5746
COMP_001107,2022-06-11,56,71.99,5,2.4071730029228955,3,0.5766
COMP_001108,2022-10-11,48,40.85,4,10.522043608581003,17,0.3037
COMP_001108,2022-07-27,49,34.63,3,4.203887573218019,45,0.6279
COMP_001108,2023-06-15,48,42.54,5,8.948719069714532,14,0.1699
COMP_001109,2021-03-17,94,75.51,2,2.56837410155515,31,0.1395
COMP_001109,2024-07-08,88,90.46,0,5.654686340080579,29,0.2512
COMP_001110,2024-08-24,83,76.24,0,3.026511801818305,24,0.4817
COMP_001111,2022-09-10,59,65.65,4,9.580665940207933,44,0.2818
COMP_001111,2022-05-16,58,54.45,4,2.0230943109213833,19,0.106
COMP_001111,2022-08-03,65,65.98,3,12.473069660762459,19,0.1019
COMP_001112,2023-03-25,85,72.12,0,4.351351840291322,30,0.6387
COMP_001112,2021-03-17,86,87.02,0,8.211014051409034,21,0.3489
COMP_001112,2020-10-04,90,82.0,0,2.552902174525772,35,0.7587
COMP_001113,2022-12-27,60,40.83,5,1.6886784030937032,38,0.2261
COMP_001113,2021-12-09,66,70.21,3,3.975437786623909,7,0.4824
COMP_001114,2023-02-24,56,57.02,3,10.627475836615337,33,0.5421
COMP_001114,2023-09-10,47,40.19,5,19.173836751269732,37,0.6432
COMP_001114,2022-04-26,50,39.94,5,2.0073646771064713,12,0.6161
COMP_001115,2021-07-02,61,74.13,1,4.992080371595559,40,0.3813
COMP_001116,2022-08-01,74,70.85,2,5.196429429381282,28,0.149
COMP_001116,2024-03-29,74,92.2,3,2.9384350666070276,49,0.4764
COMP_001117,2023-11-21,84,61.71,0,5.113846662849768,19,0.4531
COMP_001117,2023-08-09,84,94.52,0,1.6893266021812994,9,0.8532
COMP_001117,2021-03-28,87,75.94,0,1.5008214212803934,4,0.2643
COMP_001118,2024-04-26,84,99.91,0,9.484130980784283,31,0.7675
COMP_001118,2024-09-25,83,72.04,0,7.55813510162145,23,0.4459
COMP_001119,2024-08-29,68,98.7,2,1.7514730752922931,7,0.2768
COMP_001119,2022-09-19,72,66.99,3,1.8783576192044915,15,0.5807
COMP_001119,2021-06-08,68,93.02,0,2.870297408588791,34,0.2732
COMP_001120,2023-02-12,70,93.76,2,6.819193415976674,48,0.7689
COMP_001120,2022-05-16,67,96.77,2,2.9105801689895667,10,0.3485
COMP_001121,2020-10-30,70,98.5,2,18.215836868379267,47,0.2119
COMP_001122,2020-09-13,73,92.4,1,18.15685772970694,42,0.2759
COMP_001122,2020-04-11,76,80.8,2,14.027610613103295,23,0.4937
COMP_001122,2020-02-14,71,61.48,3,6.567738608464628,33,0.8741
COMP_001123,2020-07-31,83,77.97,0,9.642038916122416,15,0.2003
COMP_001124,2024-10-03,44,45.69,5,2.749269819737503,19,0.7465
COMP_001124,2023-12-27,47,48.08,4,2.862430343434438,34,0.5542
COMP_001125,2022-02-17,75,67.09,0,10.005128262057346,30,0.1604
COMP_001125,2024-08-31,71,86.44,2,17.05069156029001,13,0.4646
COMP_001125,2023-06-08,70,60.03,1,4.89202951493701,12,0.2821
COMP_001126,2024-06-10,78,77.56,3,7.551148556501439,21,0.2684
COMP_001126,2023-03-08,75,71.61,1,11.75075783697154,5,0.4067
COMP_001126,2024-05-02,78,84.98,0,13.598063739150579,41,0.2038
COMP_001127,2021-11-20,47,68.43,3,6.798133266486073,6,0.8775
COMP_001128,2023-06-14,43,42.73,4,4.351631811057924,17,0.1635
COMP_001129,2022-05-23,70,66.01,0,8.933083738349117,47,0.5526
COMP_001130,2020-09-04,69,97.74,2,15.810276190851367,9,0.6428
COMP_001131,2020-08-28,51,52.99,3,1.2666152393640386,47,0.1364
COMP_001131,2021-01-13,49,56.33,5,3.2999019884588194,34,0.3092
COMP_001132,2021-10-17,61,95.63,3,2.010217515891598,22,0.1207
COMP_001132,2023-04-02,68,87.74,1,1.2148404269296134,49,0.2838
COMP_001133,2020-11-16,77,96.2,1,13.185515693253743,34,0.2615
COMP_001133,2020-07-07,70,67.82,3,6.159930279323297,49,0.2761
COMP_001133,2024-05-20,74,98.63,2,10.993256399460966,14,0.7849
COMP_001134,2020-08-24,89,65.12,0,16.576472870786368,50,0.3173
COMP_001135,2024-02-03,47,68.17,4,14.266879189861486,19,0.274
COMP_001135,2021-04-08,54,54.68,1,7.934922979482342,19,0.6517
COMP_001135,2020-07-05,53,43.91,3,6.804850687892624,31,0.1816
COMP_001136,2021-06-23,53,62.42,1,1.7847916967168893,3,0.6784
COMP_001136,2023-12-07,50,43.73,2,9.462500986533644,50,0.4107
COMP_001137,2022-08-14,83,83.88,0,2.0858330750593037,45,0.7875
COMP_001137,2021-12-16,81,81.65,2,10.821708406000827,22,0.4925
COMP_001138,2022-06-11,40,48.58,3,2.1800753003437707,5,0.8192
COMP_001139,2021-06-08,38,77.67,4,4.690271639579901,32,0.8355
COMP_001139,2022-12-15,46,57.13,1,19.3806483091021,46,0.3837
COMP_001139,2024-09-12,38,48.97,1,2.0490997203802874,32,0.1907
COMP_001140,2022-03-04,78,72.39,0,9.52189956826366,7,0.1591
COMP_001140,2020-02-01,80,74.9,3,7.825265551621351,41,0.1671
COMP_001141,2023-11-30,89,77.05,0,19.198122133250852,15,0.5123
COMP_001141,2020-04-19,98,66.82,2,14.58786061848731,40,0.1851
COMP_001141,2024-11-26,96,91.99,0,7.0560593949290515,13,0.8909
COMP_001142,2023-07-21,68,88.35,3,9.209482383192084,17,0.5634
COMP_001143,2024-10-24,47,76.2,5,8.787585923932426,47,0.1492
COMP_001143,2022-09-02,54,59.68,4,3.237644283472474,24,0.1938
COMP_001144,2022-09-14,45,48.12,1,12.390639855222469,28,0.8196
COMP_001144,2021-07-16,50,37.14,2,2.3642115494725564,16,0.1288
COMP_001145,2023-10-27,72,60.84,2,14.665547151069093,4,0.3121
COMP_001145,2021-02-12,75,72.5,3,9.102121298586768,20,0.7365
COMP_001146,2023-12-08,86,80.92,0,8.057848943029635,41,0.1961
COMP_001146,2023-11-17,86,73.6,1,13.133219575278366,34,0.7083
COMP_001146,2024-12-20,90,74.31,0,18.92007401543274,3,0.4924
COMP_001147,2024-10-21,52,55.62,3,9.660977341545486,3,0.6975
COMP_001148,2023-01-26,84,97.77,0,4.374553601917141,14,0.8921
COMP_001149,2022-09-15,94,68.01,0,5.698298346251246,19,0.2391
COMP_001149,2024-02-27,99,77.85,0,13.366498027191398,10,0.7602
COMP_001150,2021-06-06,57,79.22,1,4.211912918319533,16,0.178
COMP_001150,2023-12-04,60,34.42,1,13.863068542926582,5,0.6526
COMP_001151,2023-11-17,73,85.45,0,5.9755003170986924,36,0.3684
COMP_001151,2023-12-29,80,60.91,0,7.9526317939454305,18,0.7574
COMP_001152,2023-01-12,86,92.29,0,6.588155682502366,19,0.8092
COMP_001152,2021-02-02,87,69.58,0,2.3068684496745266,48,0.7544
COMP_001153,2022-02-02,88,90.84,0,18.145081980938073,29,0.8566
COMP_001153,2021-12-04,88,88.49,0,4.571967655677545,20,0.3577
COMP_001154,2022-12-15,44,53.76,4,5.929155150932597,32,0.5178
COMP_001154,2024-12-20,47,74.73,1,13.847892334689348,48,0.283
COMP_001154,2021-10-19,46,36.67,2,1.2174337224268497,48,0.4992
COMP_001155,2024-02-14,57,58.84,5,18.669375220410153,38,0.1945
COMP_001156,2021-09-09,96,90.8,0,19.081901951448753,37,0.5273
COMP_001157,2022-06-13,77,84.33,0,1.9372463460671931,32,0.5596
COMP_001157,2022-11-17,74,64.15,1,1.951403525091917,3,0.7218
COMP_001157,2020-07-21,81,92.39,0,2.5791016278635897,19,0.3831
COMP_001158,2021-06-20,53,75.29,2,11.394827042669403,46,0.396
COMP_001158,2024-02-10,48,72.77,4,9.23304045747439,20,0.1978
COMP_001159,2020-02-01,48,46.55,4,13.582814371199145,39,0.5788
COMP_001159,2020-08-13,46,75.68,3,15.241950523816099,32,0.5501
COMP_001159,2023-05-17,43,57.92,1,6.225212208657698,15,0.7476
COMP_001160,2022-05-20,73,65.05,3,11.751114337064388,17,0.8138
COMP_001161,2023-05-20,73,93.74,1,17.50729399260858,7,0.2494
COMP_001162,2023-08-08,89,93.29,1,5.323275812751433,44,0.3036
COMP_001163,2023-06-14,89,94.64,0,7.55459051928604,50,0.1715
COMP_001164,2022-05-24,44,43.49,1,1.7525453694158026,35,0.7037
COMP_001165,2024-06-27,82,86.38,0,11.697623804141784,14,0.3277
COMP_001166,2024-05-22,74,87.22,0,2.8740602518782943,8,0.8017
COMP_001166,2024-02-27,76,65.49,0,6.16545332601752,9,0.6692
COMP_001166,2024-07-25,77,86.86,0,14.119362738302398,38,0.292
COMP_001167,2020-02-01,94,98.68,0,5.622447970218365,15,0.2169
COMP_001168,2024-06-22,63,85.88,1,3.314060015394056,49,0.7724
COMP_001168,2022-11-24,63,67.44,1,9.330519573042638,36,0.5495
COMP_001169,2020-07-24,89,71.18,1,13.044264850824279,45,0.3648
COMP_001169,2023-11-15,90,87.4,0,1.5273121597309505,44,0.8023
COMP_001170,2024-10-05,97,95.08,0,4.370761066632167,32,0.3632
COMP_001171,2021-09-12,67,87.9,1,13.121883043098153,39,0.8458
COMP_001172,2020-08-14,83,85.53,0,19.932359609251723,47,0.2389
COMP_001173,2020-01-08,42,42.16,5,3.614753789957649,9,0.1125
COMP_001174,2023-09-13,50,74.51,1,1.5023190326247726,10,0.7393
COMP_001175,2021-12-08,69,87.7,3,1.948826307101284,5,0.3969
COMP_001176,2023-04-04,64,65.07,0,9.439055498658918,50,0.2917
COMP_001176,2020-02-15,66,62.91,1,8.023784655509651,39,0.7482
COMP_001177,2024-06-03,66,81.66,1,10.4655292135172,26,0.3326
COMP_001177,2020-12-05,59,40.26,3,4.842086607382625,35,0.2985
COMP_001177,2021-08-17,66,66.1,2,4.662068845034106,46,0.8196
COMP_001178,2022-05-12,78,74.33,3,5.5352598581924495,23,0.8295
COMP_001178,2022-04-23,72,67.13,2,15.57559959100255,31,0.6579
COMP_001179,2022-04-24,80,96.99,0,16.98800576202145,6,0.7225
COMP_001179,2021-08-26,73,87.21,3,10.902289346289338,16,0.8919
COMP_001179,2021-05-18,73,71.91,3,11.328689818860314,5,0.5856
COMP_001180,2023-02-18,47,67.62,3,4.6668270689756035,44,0.4567
COMP_001181,2020-07-04,55,68.51,2,14.397449207479555,13,0.8146
COMP_001181,2020-02-05,49,32.99,1,5.712206882927419,8,0.7902
COMP_001182,2020-02-02,79,78.06,0,13.593950700971881,23,0.641
COMP_001182,2022-11-01,72,78.62,0,19.031172801914025,20,0.7951
COMP_001182,2023-08-02,72,67.01,1,12.150704288445073,46,0.2888
COMP_001183,2022-03-16,80,97.75,1,9.147403342285974,47,0.2271
COMP_001183,2021-04-01,84,85.51,0,9.51320013398383,24,0.8501
COMP_001183,2022-10-16,81,76.72,0,8.432305907823654,7,0.7505
COMP_001184,2020-10-28,79,76.66,3,1.8832991531714507,8,0.6519
COMP_001185,2023-07-08,42,76.3,1,17.055247446874773,50,0.1646
COMP_001185,2021-11-16,42,37.08,4,19.399030034339855,46,0.332
COMP_001186,2020-02-10,70,79.22,1,13.905707010049484,41,0.6897
COMP_001187,2023-07-06,64,76.61,3,13.359038633997791,36,0.7009
COMP_001188,2021-07-17,59,33.65,3,15.924947976147848,12,0.6546
COMP_001188,2021-05-12,67,75.04,1,5.484819176407273,48,0.8465
COMP_001188,2020-12-28,65,91.66,0,5.351142791727097,35,0.799
COMP_001189,2023-07-03,85,62.81,2,5.662224221922607,35,0.3055
COMP_001190,2024-12-04,98,82.36,0,1.5205719765969619,24,0.3983
COMP_001190,2024-05-15,97,99.55,0,5.2920403502713445,43,0.5174
COMP_001191,2024-12-20,85,82.92,0,13.58691495993504,4,0.1617
COMP_001191,2021-05-16,80,94.38,3,4.862223312160549,22,0.2237
COMP_001191,2022-12-28,82,67.73,2,12.614539958186132,30,0.6359
COMP_001192,2024-11-16,55,72.07,5,5.593253676883241,4,0.5504
COMP_001192,2021-09-10,57,75.06,1,15.408874240786695,48,0.4377
COMP_001192,2022-01-16,55,65.47,5,10.822090637079029,36,0.6262
COMP_001193,2020-02-26,59,59.91,5,6.103516031742503,9,0.2605
COMP_001194,2020-08-01,40,50.03,3,2.259684234145447,31,0.5541
COMP_001195,2023-12-30,81,78.19,2,8.745119115360367,26,0.2857
COMP_001195,2024-12-28,90,62.91,0,6.505688808709264,31,0.461
COMP_001195,2020-02-13,88,67.81,0,6.421217202342373,42,0.3015
COMP_001196,2020-06-13,81,69.25,0,4.922397188475428,8,0.7946
COMP_001197,2022-05-02,50,38.74,4,2.0961628553197222,49,0.3935
COMP_001198,2021-11-04,62,79.99,0,5.514227433983539,9,0.877
COMP_001198,2024-04-18,60,30.97,5,10.053538529950924,16,0.376
COMP_001198,2024-07-27,57,30.38,4,7.004937289457085,15,0.3119
COMP_001199,2022-06-12,63,99.2,0,2.142359090346032,22,0.4976
COMP_001199,2022-08-12,58,78.2,4,16.22168778272784,16,0.7114
COMP_001199,2020-03-18,63,88.4,1,7.356022590945347,50,0.3015
COMP_001200,2021-07-19,80,81.07,0,13.364040019562111,4,0.3637
COMP_001200,2021-09-24,83,64.19,0,8.135289640466087,7,0.1427
COMP_001200,2021-08-05,84,80.59,0,9.82785840599759,5,0.8857
COMP_001201,2020-09-18,77,95.1,1,18.283877273776852,32,0.7744
COMP_001202,2021-02-02,83,69.36,0,12.41112609285936,3,0.7914
COMP_001202,2020-07-25,73,98.76,0,12.985970946212507,4,0.2057
COMP_001202,2024-08-10,78,96.25,1,13.739397114151497,21,0.2219
COMP_001203,2021-06-02,82,76.25,0,6.381961012751706,13,0.6186
COMP_001203,2020-04-27,82,75.95,0,18.832279852756944,18,0.7651
COMP_001203,2021-07-27,86,66.08,0,11.993833293160609,10,0.4871
COMP_001204,2020-07-16,58,37.72,1,5.104799015969384,39,0.6678
COMP_001204,2021-08-08,54,42.96,4,5.325549873761499,37,0.3939
COMP_001204,2022-03-07,56,30.64,4,6.889560685611391,44,0.2138
COMP_001205,2020-11-19,82,72.7,0,1.0,10,0.3542
COMP_001205,2022-11-16,81,64.36,0,1.0,26,0.3154
COMP_001206,2022-02-09,89,89.03,0,6.127827366187139,4,0.8148
COMP_001206,2021-07-13,88,64.05,0,18.033839566474285,15,0.6867
COMP_001206,2021-02-02,80,69.78,3,12.439344762966073,11,0.7327
COMP_001207,2023-04-17,80,74.59,0,8.633076808654348,39,0.3602
COMP_001207,2024-06-24,84,93.05,0,11.707402624681361,33,0.2043
COMP_001208,2023-04-08,47,39.74,4,13.736207558942438,6,0.2373
COMP_001208,2020-03-11,44,70.91,5,12.219015998634323,9,0.3008
COMP_001209,2024-12-17,75,98.38,3,18.9721993500002,37,0.7324
COMP_001209,2020-08-11,71,97.64,3,10.842066325089988,33,0.2073
COMP_001210,2021-09-10,79,70.05,1,5.130079098501758,41,0.8954
COMP_001210,2024-11-18,81,97.43,0,7.718522895525911,32,0.6685
COMP_001210,2020-09-06,86,69.29,0,5.838719824936785,24,0.4815
COMP_001211,2024-01-19,42,56.78,2,17.376264679394243,15,0.8813
COMP_001212,2020-06-17,56,39.05,5,5.952772228543685,21,0.5435
COMP_001212,2022-06-22,62,67.44,3,6.7213135720976345,10,0.3393
COMP_001213,2024-10-28,47,33.06,4,1.1942524330213693,20,0.5019
COMP_001214,2023-11-02,45,33.98,3,15.493510441666155,21,0.1391
COMP_001214,2024-04-14,40,47.06,5,2.4215180832123235,32,0.1741
COMP_001215,2020-08-13,36,38.87,5,3.9153940315299964,14,0.6228
COMP_001216,2020-03-17,77,62.54,3,16.228249044004237,21,0.5515
COMP_001217,2021-03-04,50,55.85,2,10.071691924327526,27,0.3712
COMP_001217,2024-01-07,48,37.48,2,5.770594464830613,42,0.3558
COMP_001217,2023-03-17,48,62.69,4,12.116836803852557,29,0.3736
COMP_001218,2022-09-18,72,98.44,1,16.50574248874573,6,0.6667
COMP_001218,2020-10-15,74,66.77,3,11.953618995741422,10,0.3229
COMP_001219,2024-02-18,82,66.38,0,11.277609616703124,23,0.501
COMP_001220,2022-06-28,76,75.21,1,6.032655270843925,35,0.3257
COMP_001220,2020-04-28,83,97.48,0,5.97403574442901,43,0.2196
COMP_001220,2020-12-12,78,61.67,1,8.468826643336701,40,0.3383
COMP_001221,2021-01-01,60,32.92,4,16.114913324425697,3,0.5518
COMP_001221,2021-11-15,63,73.02,0,3.299947025448246,46,0.2151
COMP_001222,2020-08-31,86,93.05,0,13.625763654591882,26,0.5465
COMP_001222,2024-06-21,88,96.17,0,7.204548318843018,13,0.3549
COMP_001222,2023-02-02,90,89.12,0,15.298075952580783,13,0.4273
COMP_001223,2020-06-03,52,57.18,4,7.39285925287628,9,0.119
COMP_001223,2021-10-28,46,44.1,1,9.941512966924991,32,0.3085
COMP_001224,2022-09-30,79,67.69,2,2.2644673333512846,38,0.5116
COMP_001225,2022-04-17,69,92.63,1,12.885356055488131,10,0.5113
COMP_001225,2024-01-01,73,69.14,3,4.945332302978881,37,0.1359
COMP_001225,2024-02-16,72,68.51,0,14.533993722542458,9,0.5946
COMP_001226,2020-10-20,94,97.24,0,2.4769983002813145,40,0.6795
COMP_001226,2023-05-21,86,69.69,0,1.8506041622976666,29,0.1512
COMP_001227,2021-03-05,53,61.76,4,12.38250009870983,4,0.1185
COMP_001227,2024-03-05,51,37.01,4,16.6561866970236,39,0.4108
COMP_001227,2023-05-23,45,67.16,4,14.79355389442279,37,0.5569
COMP_001228,2021-08-14,71,84.83,0,8.937014962392372,20,0.5667
COMP_001228,2020-12-31,72,81.62,0,14.956042134687308,25,0.2548
COMP_001228,2024-09-14,79,79.47,0,10.085068276375454,13,0.7374
COMP_001229,2021-10-21,44,54.8,1,1.2558732971637785,6,0.8259
COMP_001230,2023-01-13,59,36.76,4,7.94864494218901,23,0.4394
COMP_001231,2023-05-06,66,60.39,2,7.973857912098734,36,0.7022
COMP_001231,2022-05-30,59,47.88,1,2.1302603791618897,15,0.4339
COMP_001231,2022-09-02,64,99.18,1,9.949904869805565,26,0.8404
COMP_001232,2022-07-13,42,76.86,3,4.21521874928848,7,0.8438
COMP_001233,2020-03-29,59,69.73,4,1.7011273897902994,10,0.1087
COMP_001234,2022-05-23,67,94.89,0,15.89716544633272,14,0.2237
COMP_001235,2020-08-10,87,62.22,0,1.2407651497594316,7,0.1672
COMP_001235,2021-02-09,92,87.51,0,2.909872944688102,5,0.4326
COMP_001235,2024-12-22,89,93.65,0,11.016410387077409,20,0.4082
COMP_001236,2023-03-04,76,68.1,1,14.72930482045801,46,0.5465
COMP_001236,2021-09-13,75,65.08,2,12.375636486833258,50,0.4582
COMP_001236,2021-03-07,72,86.39,3,6.206629282993553,42,0.1573
COMP_001237,2021-10-14,62,92.35,0,17.310620092700283,31,0.7527
COMP_001237,2021-01-01,57,44.04,4,17.87519625233103,25,0.4994
COMP_001238,2024-01-02,64,92.07,0,6.796546963496737,28,0.3812
COMP_001238,2020-07-24,73,65.77,0,5.503922691394025,33,0.6309
COMP_001238,2024-11-21,68,65.97,3,7.478765710927191,24,0.8789
COMP_001239,2022-10-31,55,55.69,4,3.12167281575373,44,0.7201
COMP_001239,2020-07-18,60,49.8,4,15.921196755447149,12,0.5028
COMP_001239,2021-12-25,56,36.89,4,9.343886779293252,17,0.7406
COMP_001240,2021-05-30,63,80.54,3,6.886004383940904,36,0.1546
COMP_001240,2022-01-25,64,71.01,1,13.369014114461645,35,0.1527
COMP_001241,2022-06-10,90,99.74,0,1.0615988359959387,13,0.8877
COMP_001241,2023-10-11,84,81.51,0,1.5373946210204803,47,0.3098
COMP_001241,2020-07-07,82,65.34,0,1.086790202137783,32,0.7199
COMP_001242,2021-08-07,83,81.85,0,5.722789859161554,17,0.3537
COMP_001242,2021-10-31,84,76.59,0,18.33960757362245,6,0.7319
COMP_001242,2023-03-01,75,83.85,0,13.24097365405196,31,0.8635
COMP_001243,2022-06-28,46,47.87,3,10.707596473996555,22,0.1735
COMP_001243,2021-05-19,47,36.17,3,6.835377469110772,32,0.4438
COMP_001243,2020-02-16,48,52.94,1,6.505242129933377,46,0.3175
COMP_001244,2024-04-24,52,67.58,5,9.683668095976152,28,0.4338
COMP_001244,2021-12-28,55,50.67,3,11.435037508653856,43,0.6739
COMP_001244,2021-06-05,52,60.61,5,12.08136219621724,11,0.1381
COMP_001245,2022-09-14,68,95.6,0,13.572986958014434,41,0.8702
COMP_001246,2024-09-15,75,63.89,1,9.780069787454652,50,0.8295
COMP_001246,2023-04-06,79,84.68,3,6.715138869233087,23,0.2168
COMP_001246,2021-11-22,77,89.69,0,6.517806102867937,25,0.187
COMP_001247,2023-09-03,41,44.12,1,8.029131809808952,25,0.7981
COMP_001247,2021-10-07,49,68.2,4,1.2752067314176276,38,0.6026
COMP_001248,2021-08-30,91,94.2,0,19.884652292624768,15,0.1549
COMP_001249,2020-12-25,47,74.5,3,18.450445212815122,12,0.8862
COMP_001250,2024-02-25,95,85.39,0,3.8899737793041673,21,0.4639
COMP_001251,2021-02-05,70,89.77,3,1.7877254806231064,33,0.8325
COMP_001251,2023-06-02,72,61.46,3,9.182281475164558,46,0.3964
COMP_001252,2020-01-16,52,75.08,1,12.304863665847039,26,0.8723
COMP_001252,2023-06-06,51,69.68,5,3.3136561118690127,6,0.5546
COMP_001252,2020-11-13,53,71.78,5,3.8754464461576283,22,0.8667
COMP_001253,2023-03-26,70,63.45,2,10.389273386169256,41,0.3164
COMP_001253,2020-11-15,72,86.36,0,14.844210908865323,6,0.1548
COMP_001253,2024-06-08,66,73.28,3,9.68647610441827,14,0.4538
COMP_001254,2024-09-03,55,62.58,4,8.142006444307462,14,0.7405
COMP_001254,2020-06-18,55,50.19,4,4.2577906202539975,49,0.658
COMP_001255,2023-06-11,74,77.97,3,17.425384820335935,38,0.168
COMP_001255,2024-01-05,70,95.86,3,1.164878245488311,27,0.355
COMP_001255,2021-08-08,68,70.1,3,7.271863805365751,45,0.7258
COMP_001256,2023-09-02,90,86.71,0,3.697424361796321,3,0.5141
COMP_001256,2020-08-11,91,66.09,0,11.763580588367706,39,0.3861
COMP_001256,2023-09-25,87,84.58,0,15.202629215115278,43,0.6268
COMP_001257,2024-12-07,58,65.63,3,2.2101283032463686,33,0.2848
COMP_001257,2023-12-20,68,95.23,1,4.339573454732441,47,0.1746
COMP_001258,2023-04-03,86,61.82,0,15.893008773520807,46,0.8212
COMP_001259,2024-04-07,48,50.39,1,10.905940688823307,17,0.199
COMP_001259,2023-01-10,43,51.37,5,17.13028539858226,14,0.3156
COMP_001259,2023-03-02,49,55.44,2,9.027734823308842,11,0.6968
COMP_001260,2024-02-24,49,69.2,1,1.370171238275109,40,0.7344
COMP_001260,2022-05-24,48,52.2,2,1.6676428859881196,37,0.2047
COMP_001261,2020-06-09,58,60.34,1,2.2486360433697405,39,0.7859
COMP_001262,2022-12-16,39,55.19,1,15.387293438861175,38,0.8602
COMP_001263,2022-08-29,67,75.36,1,19.983999465697078,4,0.5875
COMP_001263,2024-08-24,72,95.74,3,13.352183759115483,34,0.3527
COMP_001264,2023-08-30,43,64.43,3,10.516970669575283,25,0.3827
COMP_001264,2024-08-20,37,38.63,2,6.633417469063724,26,0.191
COMP_001265,2023-03-17,53,54.44,2,11.235671827127161,17,0.8236
COMP_001265,2024-06-15,62,69.31,3,13.265139827393266,17,0.3289
COMP_001265,2023-02-28,58,45.68,4,16.393889647413587,48,0.216
COMP_001266,2021-03-06,48,40.55,4,2.567586964317802,45,0.1334
COMP_001266,2023-09-19,48,57.88,5,7.101051956776675,24,0.8491
COMP_001267,2024-09-16,66,67.77,0,15.689663147687693,33,0.5348
COMP_001268,2024-03-21,92,77.06,0,3.2707253495344037,34,0.7239
COMP_001269,2021-12-31,54,79.08,1,11.75046709248497,21,0.1278
COMP_001269,2023-03-13,56,68.74,5,17.884846605690004,19,0.7589
COMP_001269,2022-04-22,53,55.18,5,1.5060728089473614,38,0.2979
COMP_001270,2023-04-16,74,93.56,0,6.905020836262341,29,0.8813
COMP_001270,2021-06-30,72,72.87,0,15.360437852983889,21,0.3943
COMP_001271,2024-01-17,83,83.61,0,10.266732779769566,36,0.1028
COMP_001271,2021-12-05,76,64.37,1,12.672580949240965,6,0.1998
COMP_001271,2024-12-20,76,72.05,3,8.55229369940557,6,0.4208
COMP_001272,2024-08-28,49,53.85,5,10.866663506980698,36,0.3471
COMP_001272,2021-06-10,51,69.05,1,4.017067751292695,8,0.2617
COMP_001272,2024-12-19,49,41.56,3,7.306034475680287,4,0.6472
COMP_001273,2024-05-23,63,99.41,3,2.8540091550202393,12,0.8681
COMP_001274,2020-04-29,61,99.85,3,1.9984504343223777,8,0.6634
COMP_001275,2024-08-04,71,99.49,1,4.4875841648873305,9,0.7087
COMP_001275,2020-06-14,68,86.92,3,5.5153114180011755,22,0.7183
COMP_001275,2023-08-08,65,66.82,0,10.557586360724551,49,0.6246
COMP_001276,2021-01-17,73,82.86,1,17.648747854984467,29,0.736
COMP_001276,2020-09-15,81,65.05,0,19.532222833721946,22,0.6263
COMP_001276,2023-09-11,81,65.22,0,11.912945762909018,9,0.4997
COMP_001277,2024-06-05,86,64.09,0,6.497943862723815,47,0.6756
COMP_001277,2022-09-20,81,78.85,0,3.317532768273254,41,0.1001
COMP_001277,2020-12-13,88,81.51,0,3.975887844435672,33,0.8392
COMP_001278,2024-05-07,44,71.36,4,19.457535126457046,47,0.4133
COMP_001278,2024-09-05,45,72.12,4,18.27406301475189,14,0.545
COMP_001279,2023-05-12,86,69.71,0,3.970746338499255,40,0.6323
COMP_001279,2020-03-21,76,75.97,2,10.748354616110841,17,0.767
COMP_001279,2023-11-07,76,68.76,1,8.46641455069989,36,0.2195
COMP_001280,2024-04-19,81,73.71,0,7.455968951572661,40,0.8176
COMP_001280,2022-06-05,83,91.93,0,3.560717540268297,3,0.2956
COMP_001281,2024-01-16,52,67.22,5,5.7375387224874075,35,0.7958
COMP_001281,2021-02-09,47,62.39,4,3.7948479008039504,40,0.4348
COMP_001281,2021-03-10,50,63.56,2,3.6483229555674526,44,0.4838
COMP_001282,2024-12-05,49,78.01,1,16.02027959291049,48,0.5724
COMP_001282,2024-01-09,52,49.67,3,19.06434812388389,39,0.2897
COMP_001282,2020-03-28,45,54.53,3,1.2826235917662965,19,0.2513
COMP_001283,2023-05-09,68,73.94,0,5.261238436396523,46,0.303
COMP_001283,2022-12-21,68,91.72,3,5.267905804484571,34,0.3717
COMP_001283,2022-04-26,68,80.07,2,5.761366416550855,15,0.5313
COMP_001284,2020-08-05,87,63.57,0,6.452195687247288,23,0.5778
COMP_001285,2022-06-20,58,50.83,3,12.266824387464972,35,0.3826
COMP_001285,2020-02-07,62,70.46,2,13.607122156871018,9,0.6671
COMP_001286,2022-07-25,78,98.42,0,17.22647501852368,45,0.538
COMP_001287,2023-03-07,62,64.79,3,5.225578570102789,25,0.1085
COMP_001287,2023-09-03,60,64.45,2,7.73223079073832,47,0.3032
COMP_001288,2021-03-23,75,96.64,2,17.679074630860512,44,0.6421
COMP_001289,2023-02-01,76,88.62,2,5.3859689953133465,14,0.8908
COMP_001289,2024-06-10,77,76.12,0,13.882551918605667,34,0.1891
COMP_001290,2020-12-01,67,92.47,0,13.263460627881496,45,0.8088
COMP_001291,2022-08-17,67,88.11,0,2.119235970593847,35,0.2951
COMP_001291,2023-04-03,67,60.39,1,3.8196177605570014,40,0.4376
COMP_001291,2020-06-03,72,78.66,1,1.7024303925693032,23,0.7185
COMP_001292,2021-08-26,50,76.8,1,13.174859878114756,31,0.7638
COMP_001293,2022-11-12,80,69.96,1,1.3646042934546914,12,0.3488
COMP_001293,2021-12-19,80,97.07,1,1.7884963722813074,3,0.2671
COMP_001294,2021-04-19,48,55.18,2,1.2670607762853834,16,0.5128
COMP_001294,2020-05-24,51,67.6,4,1.0340120806601147,12,0.2595
COMP_001294,2024-04-06,44,46.87,3,5.523041219591954,6,0.574
COMP_001295,2023-03-05,78,76.47,1,1.3483880751810242,34,0.5782
COMP_001296,2020-12-17,94,69.9,0,1.0,39,0.2553
COMP_001297,2022-07-14,64,61.39,3,2.4082465739683556,39,0.4975
COMP_001298,2021-06-01,78,98.5,2,3.173899109973822,46,0.8834
COMP_001298,2021-06-29,77,99.76,2,18.502279675869787,45,0.6733
COMP_001299,2022-04-10,90,97.09,0,13.531365038908788,35,0.152
COMP_001300,2021-03-03,43,62.65,1,5.2568428172654675,6,0.3195
COMP_001300,2024-07-11,47,67.79,5,5.519272339524843,38,0.377
COMP_001301,2020-11-04,38,66.54,1,8.559144950592499,15,0.7091
COMP_001301,2021-05-11,48,49.85,4,16.886053056560822,33,0.465
COMP_001301,2021-07-13,46,60.13,2,11.096507949387554,21,0.4885
COMP_001302,2021-11-16,99,95.09,0,8.791831734280148,47,0.2807
COMP_001303,2022-05-15,81,72.12,0,4.4601877380660975,20,0.4292
COMP_001303,2021-05-22,82,92.44,2,9.046848584060475,22,0.6112
COMP_001304,2021-08-15,67,78.97,0,3.2347293149317347,49,0.8354
COMP_001304,2021-01-14,71,65.81,3,1.7845786869617026,11,0.7735
COMP_001305,2020-04-11,79,91.61,2,11.348043996370887,6,0.2291
COMP_001306,2024-05-16,87,63.74,0,4.12743532242484,37,0.3598
COMP_001307,2022-03-07,41,45.39,2,1.1424313764306158,46,0.6545
COMP_001307,2021-03-02,40,35.38,5,5.954720102609375,29,0.4342
COMP_001307,2023-11-23,39,64.89,5,2.2559544617735554,27,0.5749
COMP_001308,2024-10-15,70,83.5,1,8.32604664106342,20,0.7022
COMP_001308,2020-08-26,76,94.75,3,2.590869670532066,9,0.7872
COMP_001308,2023-04-19,70,81.89,2,2.142407309204101,20,0.7335
COMP_001309,2023-12-03,63,92.18,2,1.3587451130228765,10,0.708
COMP_001309,2023-09-26,73,82.94,1,17.725591451591804,27,0.4311
COMP_001309,2020-07-18,69,90.64,0,3.0251411937120802,16,0.3485
COMP_001310,2022-04-05,95,86.2,0,12.205570770479572,36,0.5362
COMP_001310,2020-01-07,99,68.71,0,14.504703965035306,43,0.3772
COMP_001311,2021-12-03,44,53.67,4,12.904655694343433,6,0.2971
COMP_001311,2020-02-10,49,67.03,2,7.1318561946687025,42,0.6762
COMP_001312,2024-01-06,68,75.86,2,19.500761662976004,5,0.2555
COMP_001312,2023-08-31,58,69.8,5,6.980973831528316,8,0.6107
COMP_001313,2021-01-24,83,97.85,0,14.366979101265349,48,0.7794
COMP_001313,2024-11-02,90,85.22,0,13.286394702305502,19,0.5641
COMP_001314,2023-11-11,88,68.18,0,12.114533617466028,11,0.7364
COMP_001315,2023-07-19,54,56.72,5,3.0981949949975087,16,0.516
COMP_001315,2021-07-17,60,30.19,4,1.8553232318333877,39,0.6797
COMP_001315,2021-02-12,59,69.88,5,16.8078773434521,28,0.3299
COMP_001316,2020-12-27,88,64.95,0,1.753823496390834,42,0.5289
COMP_001316,2023-08-11,90,91.72,0,1.5936345875092228,22,0.1199
COMP_001317,2022-03-03,42,35.3,4,3.0779975695759765,18,0.3196
COMP_001317,2021-11-21,44,55.64,1,4.928140273278426,17,0.2218
COMP_001317,2024-01-30,47,31.23,3,4.481574214265762,13,0.1499
COMP_001318,2023-09-04,93,82.79,0,11.035232225649988,7,0.853
COMP_001319,2022-06-03,69,93.76,3,18.757315475661006,17,0.7938
COMP_001319,2024-07-21,71,84.99,1,16.663033382478346,34,0.8868
COMP_001320,2020-11-05,80,78.81,1,8.584630716765975,17,0.6414
COMP_001320,2020-08-06,75,83.61,2,5.357225436743581,35,0.1343
COMP_001320,2023-05-22,81,88.46,0,5.996474351268074,16,0.5035
COMP_001321,2022-02-12,61,92.96,3,17.531119456747554,10,0.2623
COMP_001322,2021-04-10,64,83.84,3,9.933048791400559,33,0.1245
COMP_001322,2024-12-07,63,62.88,2,1.1918166515188255,7,0.3964
COMP_001322,2021-05-06,60,72.53,5,3.2479025682402716,45,0.3516
COMP_001323,2021-09-20,46,32.34,5,5.101590894078203,10,0.516
COMP_001324,2023-07-26,52,73.89,5,6.581947062710475,38,0.3271
COMP_001324,2022-01-27,51,36.98,4,6.106506213672383,47,0.7513
COMP_001324,2021-12-27,48,69.78,2,3.70976266823427,7,0.5058
COMP_001325,2020-02-04,72,72.05,3,8.337465359880525,18,0.6325
COMP_001326,2020-12-13,71,86.43,0,18.637523416461853,49,0.4625
COMP_001326,2022-08-29,77,98.76,2,3.5448324285187716,20,0.4058
COMP_001326,2023-11-24,71,91.37,3,14.00643408436918,43,0.1278
COMP_001327,2021-10-04,80,85.61,3,6.126679021039884,33,0.8099
COMP_001327,2024-07-11,82,60.96,0,4.047843882973451,45,0.8182
COMP_001328,2023-12-09,85,81.33,0,2.180830393009855,6,0.8442
COMP_001328,2022-01-17,84,80.86,0,9.964925321128804,36,0.8827
COMP_001328,2022-06-08,80,68.64,2,2.88782487499533,48,0.172
COMP_001329,2024-06-26,75,61.57,2,9.09936057054581,28,0.7075
COMP_001330,2020-03-09,57,56.19,1,4.107382011798053,11,0.5039
COMP_001330,2023-05-03,60,65.48,4,3.8848211819397305,27,0.7488
COMP_001330,2020-04-30,66,72.86,3,1.8369440879238557,43,0.65
COMP_001331,2023-08-16,55,45.57,3,1.5690747736263957,36,0.4683
COMP_001331,2020-01-08,56,43.47,3,1.1087660370486143,18,0.6778
COMP_001331,2023-08-14,64,74.02,2,1.0363270067714123,24,0.316
COMP_001332,2020-04-12,66,84.95,0,1.0,43,0.2309
COMP_001332,2022-08-22,73,96.54,2,1.0,14,0.4049
COMP_001332,2020-11-26,69,69.08,3,1.0,16,0.3143
COMP_001333,2020-05-22,88,63.9,0,1.0,15,0.8354
COMP_001333,2022-06-01,94,87.69,0,1.0,16,0.4667
COMP_001333,2022-02-22,96,86.81,0,1.0,42,0.1286
COMP_001334,2024-12-01,73,87.78,1,3.627652944364399,7,0.4779
COMP_001334,2021-11-15,67,96.71,2,3.3173511409054717,36,0.1593
COMP_001335,2021-11-19,80,99.17,2,15.881292298944935,21,0.4057
COMP_001335,2024-05-08,78,95.0,1,17.492636072595843,17,0.5084
COMP_001335,2020-11-10,81,88.94,0,8.044957365574028,48,0.7149
COMP_001336,2024-05-07,57,66.39,5,1.3607924338503383,18,0.6428
COMP_001336,2021-12-05,62,94.61,1,2.2390079464799397,39,0.1817
COMP_001336,2024-09-17,56,41.14,5,1.578596366436151,37,0.2385
COMP_001337,2021-06-20,61,68.46,0,17.987284670716463,9,0.7824
COMP_001337,2022-05-13,58,31.2,1,13.78886105922839,6,0.7889
COMP_001338,2024-04-14,46,33.43,4,9.156322396136169,32,0.5593
COMP_001338,2020-11-07,53,65.62,2,13.230689766044776,29,0.3515
COMP_001339,2023-02-09,47,32.19,2,4.082819294506641,20,0.6141
COMP_001339,2022-12-26,55,51.86,2,17.371576506791445,15,0.7809
COMP_001340,2022-04-08,62,79.37,0,10.597555050611758,42,0.5538
COMP_001340,2024-10-03,56,30.66,4,5.432283383064171,28,0.47
COMP_001340,2022-02-03,59,37.99,3,6.157522739207962,13,0.8404
COMP_001341,2021-01-21,43,73.91,5,2.6983644145882373,50,0.8902
COMP_001341,2024-08-07,45,41.73,4,1.2439028796944211,26,0.6003
COMP_001341,2024-09-22,46,74.78,3,1.8621244524916518,44,0.4124
COMP_001342,2020-11-27,52,73.5,5,15.66882840265654,50,0.5673
COMP_001342,2023-03-25,48,77.33,3,16.70702177073851,29,0.6439
COMP_001342,2020-03-09,51,35.1,3,8.328863779398711,6,0.4812
COMP_001343,2022-02-11,47,49.71,5,1.5401303746672004,44,0.1672
COMP_001343,2023-08-15,48,38.17,1,19.267081708396752,11,0.1318
COMP_001344,2021-05-21,68,85.86,2,9.56959530858299,14,0.7948
COMP_001345,2021-09-15,52,48.7,3,3.926173443072744,16,0.5799
COMP_001346,2021-06-02,61,76.45,3,6.943539419737482,44,0.6078
COMP_001346,2023-03-23,68,84.3,1,9.518743906189435,30,0.3812
COMP_001346,2022-10-25,70,69.54,3,2.279120217849916,40,0.7087
COMP_001347,2023-08-11,44,70.1,5,12.190628905674243,43,0.8432
COMP_001347,2023-10-02,40,60.18,5,11.626064284217119,47,0.5134
COMP_001348,2023-02-04,88,82.17,0,3.7028632157230863,46,0.395
COMP_001349,2020-11-23,63,80.59,2,3.309553832597745,35,0.32
COMP_001350,2024-05-24,96,78.16,0,4.583132569798524,24,0.8118
COMP_001350,2020-06-10,86,87.72,0,4.719185302003953,47,0.5342
COMP_001351,2021-08-28,84,74.63,0,13.032657161967663,9,0.1803
COMP_001351,2022-08-29,84,76.08,0,10.09574192936942,4,0.3939
COMP_001352,2020-06-06,84,76.64,0,1.104454078575865,43,0.1325
COMP_001352,2020-04-10,86,98.18,0,1.073784975589912,9,0.8024
COMP_001352,2024-03-11,78,92.85,0,1.6007219639441648,9,0.2062
COMP_001353,2024-01-11,86,74.49,0,1.5645360105545891,6,0.2915
COMP_001353,2022-04-24,88,62.35,0,2.8149537950970602,5,0.6199
COMP_001354,2020-08-12,60,65.14,3,3.8599274257774425,27,0.2705
COMP_001354,2021-01-29,65,95.97,1,5.231360148429962,4,0.2566
COMP_001355,2024-05-19,93,93.62,0,15.241979028160287,17,0.1059
COMP_001355,2023-05-14,98,70.43,0,8.406548896733355,49,0.1879
COMP_001356,2022-03-04,90,95.64,0,19.833018959499075,31,0.6276
COMP_001356,2020-06-09,81,90.18,0,12.485419847456102,18,0.4708
COMP_001356,2020-02-18,90,74.74,2,2.0397342777786367,25,0.8669
COMP_001357,2024-04-24,44,47.68,4,11.229647755734053,19,0.841
COMP_001357,2020-12-22,41,30.26,2,1.51931610620676,29,0.79
COMP_001357,2021-09-03,39,78.67,5,4.08888700187708,35,0.8559
COMP_001358,2020-09-26,53,55.15,5,13.711197916526077,12,0.8344
COMP_001358,2023-09-26,51,57.87,4,2.5068994900654484,13,0.1789
COMP_001358,2024-09-17,53,33.07,3,15.610600920733514,8,0.373
COMP_001359,2020-06-21,54,57.7,4,1.0,36,0.3534
COMP_001359,2023-06-06,58,55.83,3,1.0,37,0.6092
COMP_001360,2024-04-03,74,68.55,2,1.931919961767592,6,0.7405
COMP_001360,2020-08-06,80,62.94,3,6.265337496376756,8,0.1238
COMP_001361,2024-12-17,82,91.29,2,2.1160952128129153,15,0.3449
COMP_001361,2023-04-16,79,70.63,2,4.659817236603504,36,0.2559
COMP_001362,2024-12-31,75,72.87,3,8.818909312089106,31,0.736
COMP_001363,2022-03-26,43,52.22,4,4.717544774793808,41,0.4105
COMP_001363,2020-10-30,46,66.93,3,7.799830432467575,44,0.1564
COMP_001363,2020-05-06,37,64.93,3,11.662055873487901,49,0.6041
COMP_001364,2021-10-17,37,79.34,3,3.465465837064831,14,0.7786
COMP_001364,2021-12-12,45,30.03,4,2.1449810749213283,10,0.657
COMP_001365,2023-12-22,67,77.05,0,17.214647693659337,10,0.5276
COMP_001365,2024-02-21,71,76.12,3,9.096460045604733,23,0.5439
COMP_001366,2020-12-01,54,64.0,2,3.8021774185443973,9,0.8762
COMP_001366,2022-04-03,54,33.02,5,5.056863279667003,24,0.303
COMP_001366,2022-10-15,59,63.27,2,16.73383455762464,30,0.8582
COMP_001367,2020-09-03,74,69.28,2,1.4268221632772478,34,0.7695
COMP_001367,2022-10-04,80,64.3,1,5.821636678159479,47,0.1874
COMP_001368,2022-12-15,51,76.9,3,2.196484220510544,24,0.8617
COMP_001368,2022-10-02,50,60.62,4,2.583339980906485,35,0.1801
COMP_001368,2020-11-25,46,53.28,1,2.437182444929782,50,0.8202
COMP_001369,2023-05-24,92,96.38,0,3.3306818987042477,37,0.2517
COMP_001369,2020-08-25,89,75.36,0,7.205975557272184,6,0.6759
COMP_001370,2024-03-19,71,91.52,1,16.13865621661467,38,0.2133
COMP_001371,2021-06-09,50,55.7,1,9.615277114172128,34,0.7779
COMP_001372,2023-01-11,47,52.21,2,15.887758738184353,47,0.2138
COMP_001373,2022-02-02,54,54.45,1,16.895140375154817,13,0.2412
COMP_001373,2021-10-14,55,65.16,2,11.708122586915373,50,0.4939
COMP_001373,2022-07-30,61,70.45,1,18.8006213653499,38,0.6506
COMP_001374,2020-05-03,88,93.46,0,14.74355535981722,44,0.7813
COMP_001374,2021-09-19,96,97.73,0,12.342854006829697,24,0.6902
COMP_001375,2020-08-26,80,78.91,0,5.680746618559394,46,0.184
COMP_001376,2022-10-19,93,73.73,0,6.508880877506995,27,0.1327
COMP_001377,2021-01-18,66,81.53,2,3.408463849165085,36,0.8833
COMP_001377,2022-05-09,66,94.17,1,19.070003381877665,16,0.478
COMP_001378,2024-07-26,69,93.61,2,3.6633122374084013,46,0.737
COMP_001379,2024-11-05,96,64.63,0,14.605314227220743,40,0.2628
COMP_001379,2021-08-04,91,65.43,0,11.885344453009358,6,0.8377
COMP_001380,2020-09-07,77,79.18,3,5.14720607963526,34,0.4401
COMP_001380,2024-08-19,82,92.67,0,1.1088656284487883,44,0.8871
COMP_001381,2023-07-31,82,62.19,0,18.9924045769574,19,0.295
COMP_001381,2022-03-31,80,80.92,3,7.5940700545150825,27,0.6537
COMP_001381,2024-09-12,80,77.89,2,11.284936222465669,4,0.3907
COMP_001382,2024-12-02,61,73.46,2,6.141720764039044,14,0.2469
COMP_001382,2023-07-06,68,89.9,0,8.79273814712212,19,0.8872
COMP_001382,2021-11-04,61,65.91,0,11.914412166397922,22,0.7409
COMP_001383,2022-11-08,42,65.36,5,2.812492935219731,50,0.8208
COMP_001384,2024-03-22,49,71.01,1,9.048801480538028,44,0.1896
COMP_001384,2022-04-16,46,45.57,5,5.958591131713287,35,0.35
COMP_001385,2022-04-12,56,54.3,4,15.28959145081866,36,0.7632
COMP_001385,2023-03-25,53,52.99,1,6.335777964571896,22,0.7869
COMP_001385,2022-09-22,53,66.31,1,2.8133630346265046,48,0.4131
COMP_001386,2023-04-22,85,80.67,1,19.416428391727475,21,0.5273
COMP_001386,2022-12-25,83,78.03,0,1.4845739467585584,48,0.5299
COMP_001386,2023-12-16,84,81.08,0,11.019683923053883,37,0.6472
COMP_001387,2022-03-06,96,60.9,2,15.575756641051402,8,0.4525
COMP_001387,2023-07-08,89,61.46,0,3.3813055875281837,45,0.5103
COMP_001387,2023-04-21,96,79.1,0,8.454088276605397,5,0.8698
COMP_001388,2024-07-09,94,90.08,0,17.332520704965376,4,0.2589
COMP_001388,2024-11-26,100,69.7,0,10.333968064982312,23,0.3697
COMP_001388,2024-05-22,92,86.98,0,5.288042232372648,23,0.4964
COMP_001389,2023-05-30,43,48.68,5,17.913448883658713,10,0.6865
COMP_001389,2024-08-02,50,61.53,2,16.887400940011496,24,0.1442
COMP_001389,2022-12-09,50,58.73,5,1.6651771199399708,47,0.1381
COMP_001390,2021-12-03,80,86.6,2,2.904688614148478,27,0.206
COMP_001391,2024-12-28,56,77.34,1,2.409537222268375,11,0.3846
COMP_001391,2021-05-06,57,33.36,2,5.595952819000358,48,0.1842
COMP_001391,2020-11-05,55,41.75,3,1.4401255289396664,42,0.7552
COMP_001392,2022-11-26,53,42.04,5,8.566181714521234,39,0.541
COMP_001392,2020-07-04,50,45.91,5,5.3736876867646135,36,0.1071
COMP_001392,2022-04-02,49,49.64,3,19.93767871290394,30,0.2177
COMP_001393,2020-01-28,76,60.9,2,5.903299891533672,46,0.2733
COMP_001394,2020-10-06,73,99.48,1,13.282599409475102,21,0.7359
COMP_001394,2021-03-16,79,68.32,0,16.365583626037576,17,0.464
COMP_001394,2024-09-05,72,60.24,3,9.054073612525587,47,0.5918
COMP_001395,2020-02-13,73,95.63,0,19.13591809647967,32,0.4676
COMP_001395,2021-12-10,72,71.96,2,15.385970653968876,7,0.3214
COMP_001395,2020-08-30,78,89.23,2,4.211371342349797,48,0.2901
COMP_001396,2020-05-31,78,67.25,0,14.357526254421817,48,0.7656
COMP_001397,2023-04-02,88,87.01,0,17.41440867239979,35,0.1014
COMP_001397,2021-04-11,91,72.23,0,1.069262641354251,36,0.5436
COMP_001397,2024-05-15,85,77.99,0,2.4291465746387955,49,0.5886
COMP_001398,2024-05-13,53,34.33,1,2.6110263436413046,40,0.3222
COMP_001398,2021-05-14,52,66.21,1,11.262464769266014,38,0.2771
COMP_001398,2022-02-08,54,65.65,3,15.471716382585685,3,0.7283
COMP_001399,2021-08-02,64,73.52,1,7.539550229405821,44,0.1784
COMP_001399,2023-11-14,63,97.45,2,5.0833571327913925,37,0.2596
COMP_001399,2020-09-04,64,83.33,2,1.4279274525859051,12,0.8653
COMP_001400,2020-04-19,58,59.43,2,5.650063595274292,49,0.7227
COMP_001400,2022-06-20,55,38.98,2,13.001255552793523,11,0.5141
COMP_001401,2024-11-22,79,66.02,0,14.842369481897673,8,0.2287
COMP_001401,2021-01-30,80,93.15,3,13.897762963419497,40,0.5052
COMP_001401,2020-06-16,88,82.76,0,5.1708413109933815,34,0.8626
COMP_001402,2023-11-15,74,72.93,0,8.880502690969506,46,0.4591
COMP_001402,2020-08-21,78,61.74,3,11.53540668798987,3,0.6883
COMP_001403,2024-03-30,94,78.83,0,9.549616919088644,19,0.4788
COMP_001403,2023-09-30,93,93.77,0,18.757240571983868,49,0.1503
COMP_001404,2020-07-10,63,89.04,3,14.995708981309289,40,0.3442
COMP_001405,2020-07-25,59,38.59,2,17.638279984600487,5,0.7461
COMP_001405,2020-03-03,57,75.48,5,18.2232260212492,15,0.8126
COMP_001405,2022-03-24,56,31.5,1,15.400420350843081,31,0.6336
COMP_001406,2021-10-10,80,94.86,0,16.877870772365895,40,0.6525
COMP_001406,2022-09-22,86,86.87,1,10.491099361578577,3,0.1111
COMP_001407,2022-03-17,93,79.37,0,7.889675650914888,12,0.8364
COMP_001407,2022-04-12,83,97.02,0,13.30152849870138,49,0.2369
COMP_001408,2023-05-21,46,30.66,1,1.0,7,0.2483
COMP_001409,2024-10-05,46,54.7,1,11.839936252778767,17,0.3981
COMP_001410,2021-08-13,79,86.62,1,6.257018330599449,28,0.7386
COMP_001411,2024-01-12,83,92.38,0,11.603223307971303,14,0.1615
COMP_001411,2024-08-06,79,69.89,1,2.73820969345151,11,0.8782
COMP_001412,2023-07-12,35,57.0,2,18.49279510553657,7,0.6906
COMP_001412,2023-07-03,40,42.72,1,3.4988263336223295,23,0.3379
COMP_001412,2021-04-14,44,79.07,4,8.802997177086617,34,0.3993
COMP_001413,2022-09-15,54,58.89,4,14.032523003386077,45,0.3037
COMP_001413,2020-05-29,64,87.35,0,2.940715699330484,29,0.495
COMP_001413,2024-08-30,64,86.59,0,5.854388455332925,41,0.4324
COMP_001414,2023-08-25,94,99.09,0,17.54844099374879,43,0.2921
COMP_001415,2024-09-10,78,95.11,2,15.409191086077513,50,0.311
COMP_001415,2024-11-01,80,93.48,2,15.998075359774491,16,0.2016
COMP_001415,2020-06-30,77,85.78,2,12.826688179820454,33,0.1385
COMP_001416,2024-07-19,77,80.71,2,3.2242705927042152,15,0.5991
COMP_001416,2023-08-14,79,63.15,1,4.541702784329048,25,0.577
COMP_001417,2022-11-04,44,72.36,2,8.912702424208653,34,0.7846
COMP_001417,2020-07-28,49,79.58,5,10.725100733196802,5,0.8017
COMP_001417,2020-03-17,49,38.48,2,18.533048158565784,17,0.3752
COMP_001418,2022-03-03,52,36.31,3,3.3123055769698295,6,0.8617
COMP_001418,2022-12-06,56,61.37,1,7.151673458883137,19,0.7766
COMP_001418,2023-08-18,56,59.49,1,13.235535623584315,34,0.511
COMP_001419,2023-05-29,59,68.51,3,2.8578239268165837,43,0.2118
COMP_001419,2020-08-23,60,39.61,4,2.4590383666663893,36,0.4998
COMP_001420,2024-04-19,50,75.9,4,15.990837198289071,28,0.1009
COMP_001420,2024-07-08,46,61.11,3,11.173288502297883,32,0.2676
COMP_001421,2023-03-04,67,64.97,1,11.257356487696278,32,0.7118
COMP_001421,2024-12-10,68,90.08,3,15.009442308642834,33,0.2243
COMP_001422,2024-09-26,50,64.24,4,2.5485792112878065,14,0.1055
COMP_001423,2022-08-19,80,79.59,3,1.1573677895523662,46,0.6133
COMP_001423,2021-06-27,81,94.23,0,14.966781210291218,25,0.1319
COMP_001423,2021-06-02,83,88.06,0,10.481161886193348,6,0.1443
COMP_001424,2024-08-18,60,38.21,2,9.99795095319381,21,0.7616
COMP_001424,2023-01-19,57,44.03,2,9.184989478812916,37,0.6252
COMP_001424,2022-03-27,67,69.3,1,14.886110207371761,27,0.721
COMP_001425,2023-12-12,73,99.53,2,2.5553033678909003,43,0.8571
COMP_001425,2024-01-26,78,89.52,3,2.985851125116482,28,0.2465
COMP_001426,2021-05-04,89,87.5,0,8.747381827904437,18,0.8803
COMP_001426,2022-09-19,90,99.13,0,8.040754523852467,43,0.1835
COMP_001427,2022-11-28,81,73.42,0,13.206674890288346,37,0.5092
COMP_001427,2022-07-24,85,74.27,0,10.17663383847745,9,0.471
COMP_001427,2024-02-07,75,96.69,3,17.691044548746884,31,0.2534
COMP_001428,2024-09-10,68,83.38,2,13.95026092434025,47,0.8536
COMP_001429,2023-11-10,76,97.53,1,4.043104215029041,11,0.2863
COMP_001429,2021-06-01,71,76.96,1,6.906915969512403,12,0.1796
COMP_001429,2022-10-27,76,97.2,0,18.61265125254032,3,0.3405
COMP_001430,2024-04-19,83,80.99,0,9.606831333812895,33,0.8247
COMP_001430,2021-12-20,79,77.0,3,2.67815512156594,19,0.6567
COMP_001430,2023-05-22,79,99.81,1,6.151679267422553,26,0.693
COMP_001431,2023-10-03,79,86.45,2,1.9886743455760636,26,0.7093
COMP_001431,2023-11-23,79,65.0,2,14.807500561970047,32,0.4115
COMP_001432,2023-02-27,63,72.72,0,7.269325275983546,10,0.265
COMP_001432,2022-03-27,66,91.66,3,3.275176876340725,5,0.7751
COMP_001433,2023-04-06,62,68.21,1,4.82007518001876,21,0.4487
COMP_001433,2023-08-28,54,61.48,2,8.511453142667833,6,0.1198
COMP_001433,2020-06-14,62,72.99,0,9.230269510472427,14,0.5432
COMP_001434,2020-12-04,66,93.05,0,1.8384420798511707,20,0.7319
COMP_001435,2022-11-08,64,66.21,3,5.827864080575998,39,0.5584
COMP_001435,2020-08-14,61,60.81,2,5.601362038455728,4,0.4201
COMP_001435,2023-01-20,64,98.87,1,14.850109562827903,47,0.2139
COMP_001436,2023-02-16,95,74.47,0,2.877514311627346,7,0.4046
COMP_001436,2024-11-11,93,83.45,0,3.33255173163243,25,0.6563
COMP_001436,2021-07-30,87,92.07,0,4.530993556489407,28,0.5337
COMP_001437,2021-06-24,71,65.65,2,2.4817237073277063,7,0.6006
COMP_001437,2021-06-02,73,71.9,1,5.538946915877045,14,0.1167
COMP_001437,2020-01-11,78,72.04,3,14.557355577065454,5,0.7532
COMP_001438,2022-10-05,41,64.71,5,1.2426810336675733,42,0.549
COMP_001439,2024-02-14,84,77.85,0,11.901439863016385,35,0.6168
COMP_001439,2020-05-13,83,67.65,1,5.488002160480589,14,0.6301
COMP_001440,2022-09-17,72,84.99,0,3.582103299330604,14,0.5931
COMP_001440,2020-11-10,70,84.79,2,3.297320459560572,26,0.4903
COMP_001440,2023-07-29,71,85.45,2,4.325109406833295,13,0.6139
COMP_001441,2020-12-06,58,66.15,3,1.3933538450041785,27,0.4028
COMP_001441,2022-12-28,51,71.61,2,1.3628829693161797,10,0.1957
COMP_001441,2020-04-23,52,76.57,5,1.4068742549280167,46,0.492
COMP_001442,2023-12-17,53,35.71,3,6.495913503938561,26,0.4466
COMP_001442,2024-04-27,54,51.36,3,12.078326355275072,4,0.5518
COMP_001442,2024-03-11,52,75.43,2,7.8127803199961,16,0.5017
COMP_001443,2022-03-19,76,96.55,1,5.4784452410313005,41,0.8046
COMP_001443,2024-03-24,79,82.15,2,4.430953147105297,47,0.4115
COMP_001444,2021-01-16,39,77.97,4,1.534226879914681,15,0.7369
COMP_001444,2024-07-22,41,73.68,5,5.093922545176251,15,0.4234
COMP_001445,2022-08-06,59,64.0,5,5.7347602062844505,18,0.3978
COMP_001445,2024-05-17,63,67.22,0,6.565326936825304,5,0.8541
COMP_001446,2021-03-10,77,65.98,0,4.638260555218862,28,0.7875
COMP_001447,2024-03-19,66,82.77,2,1.468647639487871,42,0.4473
COMP_001447,2022-04-13,74,71.8,1,11.112892445258392,48,0.5274
COMP_001447,2024-07-18,74,91.29,0,12.818582403710762,18,0.841
COMP_001448,2024-09-09,85,60.92,0,1.829432282920378,23,0.1703
COMP_001448,2020-07-20,94,62.01,0,16.185827975935176,8,0.7049
COMP_001448,2020-01-09,84,80.85,0,8.757634043528194,6,0.3258
COMP_001449,2020-08-29,97,68.53,0,6.991599069853779,44,0.6739
COMP_001450,2023-08-10,94,88.67,0,6.731695733508032,18,0.2941
COMP_001450,2022-07-20,95,67.69,0,14.472353984973488,11,0.8283
COMP_001450,2021-07-12,91,86.49,0,4.384555351074413,11,0.73
COMP_001451,2021-10-01,50,66.75,5,4.550533473486055,10,0.5321
COMP_001451,2024-09-11,40,37.06,4,6.416222384676811,25,0.4746
COMP_001451,2024-10-06,50,37.96,1,3.539030690895064,41,0.207
COMP_001452,2021-11-13,48,51.46,4,7.378036891448216,12,0.3529
COMP_001453,2020-07-05,93,97.48,0,7.2672694011352,10,0.6871
COMP_001454,2022-03-28,93,79.09,0,1.054272169059238,45,0.5553
COMP_001454,2020-08-20,89,87.35,0,2.218877652397508,34,0.1271
COMP_001455,2022-02-02,66,60.28,3,9.938655392330034,49,0.7683
COMP_001455,2022-06-06,63,98.88,0,3.023969165569781,23,0.8569
COMP_001455,2021-12-09,63,95.13,0,8.416673522878373,18,0.6353
COMP_001456,2023-03-14,82,81.43,0,5.471959278098983,38,0.7117
COMP_001457,2023-06-27,61,67.32,1,5.641435347929433,38,0.5308
COMP_001457,2020-08-17,65,98.43,1,5.327502285341356,18,0.3315
COMP_001457,2024-03-09,62,62.46,1,18.43274639740087,7,0.2132
COMP_001458,2020-01-11,56,55.05,4,10.337263446247862,38,0.6292
COMP_001458,2020-09-28,60,32.63,5,3.7645687310368796,23,0.2029
COMP_001458,2022-09-03,61,88.9,1,6.405402564918712,17,0.2694
COMP_001459,2024-01-14,68,91.08,0,5.482339187713929,22,0.8533
COMP_001460,2024-04-10,70,68.56,3,9.498662434705512,27,0.6795
COMP_001460,2021-09-25,67,82.88,1,14.677058488631143,50,0.1587
COMP_001461,2023-07-13,79,84.71,0,6.463794098869007,37,0.6101
COMP_001461,2020-04-15,86,82.75,0,19.84678804558233,48,0.7004
COMP_001461,2020-03-28,83,78.72,0,9.444267876680984,35,0.1273
COMP_001462,2023-04-19,44,37.49,5,16.247404935085626,43,0.3079
COMP_001462,2021-03-18,44,32.93,2,5.589089628386961,35,0.7496
COMP_001463,2022-09-17,45,54.21,4,4.056459390682129,5,0.6841
COMP_001464,2023-11-04,47,57.93,1,1.4835265262408843,5,0.4885
COMP_001464,2020-08-29,51,73.36,4,1.8942794421054736,18,0.3642
COMP_001464,2024-03-21,41,49.96,3,1.55726694674573,32,0.6753
COMP_001465,2021-09-18,83,60.02,2,11.834330382092146,47,0.1527
COMP_001465,2024-06-06,87,73.51,0,4.584122867066259,16,0.5821
COMP_001466,2022-06-18,55,50.59,1,15.273185876272485,8,0.7797
COMP_001466,2020-01-31,56,69.01,4,2.8414402315979803,34,0.1844
COMP_001467,2024-11-06,82,62.27,0,7.518255653540868,24,0.5275
COMP_001467,2020-07-31,83,90.4,0,10.037683788906957,36,0.1151
COMP_001467,2020-09-29,85,77.72,0,10.776768255132412,49,0.6055
COMP_001468,2020-01-04,83,90.12,0,7.018907815477748,7,0.1599
COMP_001469,2021-09-17,68,68.98,1,18.125396445466823,43,0.6629
COMP_001469,2020-08-25,70,86.47,2,19.319791199507815,10,0.5206
COMP_001470,2021-09-25,76,96.88,2,2.266886238589578,50,0.5502
COMP_001470,2021-06-22,76,79.86,3,3.8611389329087284,16,0.845
COMP_001470,2020-12-22,79,67.4,1,11.277815931609949,19,0.3044
COMP_001471,2020-01-23,51,37.0,5,5.8298951258054625,12,0.3081
COMP_001471,2020-07-30,52,31.22,5,14.690100640289584,31,0.4277
COMP_001472,2020-03-12,62,68.86,1,5.805027048925253,20,0.3739
COMP_001473,2020-02-23,56,40.32,2,1.0876301266201902,19,0.3524
COMP_001473,2023-11-14,57,56.46,1,1.662659282364822,46,0.4838
COMP_001474,2022-07-15,50,35.23,3,2.1295515568683427,25,0.2016
COMP_001474,2024-08-03,51,78.5,5,8.088038277910673,23,0.6694
COMP_001475,2023-07-22,51,32.02,5,18.361142520020305,31,0.1788
COMP_001475,2022-12-31,45,54.06,3,2.2704950089508764,34,0.4543
COMP_001476,2022-05-07,64,94.61,2,18.450680552539936,10,0.6371
COMP_001477,2020-12-19,47,36.78,4,6.103154746856198,24,0.8826
COMP_001478,2023-07-10,97,89.82,0,4.481021180125495,3,0.1859
COMP_001478,2024-10-09,91,73.29,0,7.771515474925837,20,0.5787
COMP_001479,2023-04-18,44,67.53,1,5.754660687492018,43,0.6538
COMP_001480,2024-10-16,83,90.48,0,13.384218815964436,29,0.8895
COMP_001481,2024-03-09,89,81.14,0,4.700497799217983,20,0.5547
COMP_001482,2020-10-20,89,99.78,0,10.537008146983066,41,0.3233
COMP_001482,2020-10-07,84,60.05,0,16.871018819242,26,0.8569
COMP_001482,2023-05-18,83,89.46,0,16.653343264055366,43,0.5592
COMP_001483,2024-05-08,58,48.77,5,7.86791357062333,44,0.4751
COMP_001483,2023-03-19,58,47.67,5,8.427596247488808,29,0.4772
COMP_001484,2021-04-16,53,41.81,5,2.7734753311929228,4,0.5769
COMP_001485,2023-06-27,87,78.5,0,13.448331258280342,48,0.1672
COMP_001486,2022-06-05,85,92.01,0,8.980612275896183,38,0.3858
COMP_001486,2021-12-22,91,82.9,0,11.485446322352105,46,0.2293
COMP_001487,2023-11-04,69,78.35,1,2.730529025478123,4,0.8674
COMP_001488,2022-03-29,88,75.8,1,1.1974449399439824,37,0.3913
COMP_001489,2023-01-19,71,84.9,2,1.710440683515596,32,0.7626
COMP_001489,2020-01-16,69,84.97,1,9.892888747984005,25,0.2731
COMP_001490,2021-12-03,75,98.03,3,15.002053895142982,22,0.4815
COMP_001490,2023-11-17,72,73.36,1,16.69446541357833,36,0.694
COMP_001491,2024-11-19,54,52.78,1,18.948229363182524,44,0.1376
COMP_001492,2024-08-11,87,85.96,0,1.0,16,0.7226
COMP_001492,2022-12-24,87,90.62,0,1.0,50,0.1027
COMP_001492,2023-10-01,84,78.25,0,1.0,36,0.3776
COMP_001493,2024-04-05,62,96.57,0,11.177590079544593,31,0.4693
COMP_001493,2024-03-01,62,84.01,1,2.0321676677931597,39,0.6696
COMP_001494,2021-08-22,75,71.15,0,16.207705975723258,7,0.2059
COMP_001495,2023-02-02,78,66.93,2,19.44162845542059,19,0.7472
COMP_001495,2021-03-12,81,85.43,0,19.82160321483452,35,0.2925
COMP_001495,2022-04-22,81,86.41,0,12.370295558684633,50,0.3213
COMP_001496,2024-04-24,41,65.22,1,1.0,20,0.2018
COMP_001497,2022-08-12,93,60.68,0,18.0532541642365,42,0.447
COMP_001497,2020-09-01,91,88.4,2,13.754073525907996,40,0.8861
COMP_001497,2024-03-21,91,66.92,0,1.8537424548297419,3,0.6193
COMP_001498,2021-11-12,72,93.77,2,17.413501814325283,14,0.4093
COMP_001499,2020-12-01,82,96.39,0,18.455189462611408,29,0.52
COMP_001499,2023-04-06,82,83.82,0,8.66535103483077,28,0.8799
COMP_001500,2024-05-14,54,65.09,3,10.048392232867844,50,0.6077
COMP_001500,2022-06-25,60,58.65,3,6.5413532070864395,44,0.3873
COMP_001500,2020-05-01,52,41.44,3,7.39241015856636,22,0.7721
COMP_001501,2020-02-07,79,67.64,0,19.35959375575888,34,0.701
COMP_001501,2021-07-30,74,61.64,0,19.352631473242734,29,0.4994
COMP_001501,2022-02-14,78,92.34,2,10.329940271846255,3,0.5566
COMP_001502,2021-05-08,63,87.85,0,18.328358830433295,40,0.1137
COMP_001502,2023-03-24,58,44.95,1,7.525139712030269,5,0.1279
COMP_001503,2023-07-21,57,44.11,2,12.339707720529308,17,0.156
COMP_001504,2024-01-21,64,92.26,0,1.644651481123827,45,0.336
COMP_001505,2021-09-02,85,70.26,0,13.123625129513682,15,0.8786
COMP_001506,2023-02-10,82,77.61,0,6.090590904905625,34,0.8471
COMP_001507,2023-08-25,59,41.7,2,17.067463553119335,22,0.2413
COMP_001507,2023-09-05,66,96.14,1,14.384520357197882,8,0.8435
COMP_001508,2024-08-12,39,30.55,2,11.280100114630283,38,0.69
COMP_001508,2020-05-08,47,59.98,2,8.55063803661264,15,0.6421
COMP_001508,2024-04-12,47,49.39,1,4.221491882865951,43,0.4096
COMP_001509,2024-05-20,70,75.79,0,6.240810776603625,21,0.4335
COMP_001509,2020-03-22,73,96.35,0,6.276249465419148,3,0.1542
COMP_001510,2023-01-31,69,97.32,0,8.649607857488295,50,0.6697
COMP_001510,2022-03-24,72,62.41,2,5.669405293408961,25,0.2869
COMP_001510,2020-01-08,75,88.56,0,13.412629080092232,38,0.7826
COMP_001511,2022-05-26,46,66.86,2,16.973249669335857,21,0.8122
COMP_001511,2022-11-09,48,43.14,2,13.762568795632193,36,0.6897
COMP_001511,2021-12-25,47,49.31,2,8.026761037770722,42,0.4657
COMP_001512,2023-03-12,93,69.58,0,12.426391237164246,39,0.4028
COMP_001512,2023-02-10,96,93.24,0,2.633485330733328,47,0.8874
COMP_001513,2024-08-22,74,60.62,0,1.0789198326791603,26,0.3204
COMP_001514,2020-04-29,92,86.25,0,10.094552681855086,39,0.6217
COMP_001514,2024-03-09,94,97.49,0,19.130476317784172,13,0.2489
COMP_001515,2024-04-23,54,58.68,3,17.09174065830633,13,0.5464
COMP_001515,2024-07-18,47,62.58,2,12.777697748283682,16,0.2989
COMP_001515,2022-05-23,51,37.69,2,11.086024796660466,11,0.7515
COMP_001516,2020-03-27,41,32.75,2,1.5355412954045713,12,0.692
COMP_001517,2021-04-10,85,98.13,0,10.608871688149549,17,0.4805
COMP_001517,2021-11-01,88,75.2,0,9.661802555151239,31,0.2379
COMP_001518,2024-04-26,62,74.88,3,16.6838993117553,32,0.5312
COMP_001519,2020-11-21,39,60.42,2,4.695443277295781,47,0.3299
COMP_001519,2021-04-12,39,44.21,5,2.503662080348275,32,0.6883
COMP_001519,2022-09-05,35,50.84,1,9.550602441349177,36,0.2685
COMP_001520,2023-11-08,50,58.44,2,18.362492288021805,31,0.5109
COMP_001521,2020-12-08,56,50.37,1,18.881260115690978,11,0.8658
COMP_001521,2022-01-17,57,60.31,1,7.020734205993254,15,0.6021
COMP_001522,2022-10-07,60,56.69,5,11.304082253132735,44,0.8109
COMP_001522,2020-11-01,62,93.98,2,1.7558746335323723,24,0.7586
COMP_001523,2021-03-28,84,70.11,0,12.243024418529215,37,0.1907
COMP_001523,2023-10-27,86,96.73,0,7.073820815179491,23,0.593
COMP_001523,2022-07-19,85,63.06,0,7.764793535923682,8,0.3588
COMP_001524,2020-02-20,47,60.71,3,1.301304293459371,45,0.3369
COMP_001525,2021-10-26,77,67.37,1,8.598180264711045,34,0.638
COMP_001525,2022-05-23,82,76.41,0,14.045972088938575,38,0.5892
COMP_001525,2021-12-10,78,60.96,3,14.841065645222931,46,0.6408
COMP_001526,2020-11-01,71,60.37,1,15.421663676290784,25,0.5597
COMP_001527,2020-02-10,50,53.0,2,10.977314803710295,28,0.1655
COMP_001527,2021-04-24,41,79.01,4,18.769011131527233,21,0.2033
COMP_001527,2020-05-12,42,59.31,4,1.8454332861644165,9,0.3653
COMP_001528,2024-11-21,61,63.47,3,2.425838247530414,34,0.4999
COMP_001528,2024-01-02,62,74.79,0,3.589136361507631,37,0.8644
COMP_001528,2021-02-01,58,68.41,1,2.8513326698237047,14,0.6388
COMP_001529,2023-03-27,37,48.74,2,6.756581346847413,26,0.8814
COMP_001530,2022-04-28,69,72.07,2,8.410107634931418,24,0.7829
COMP_001530,2024-11-18,73,93.49,3,4.891367798861271,8,0.1453
COMP_001530,2022-05-02,74,63.83,0,14.226585580714953,49,0.5006
COMP_001531,2022-05-15,80,70.17,3,7.362136656217431,39,0.1823
COMP_001532,2022-11-24,94,76.92,0,15.93471119901453,43,0.8487
COMP_001532,2023-08-27,95,82.48,0,12.779775346437374,33,0.236
COMP_001532,2023-03-07,87,65.86,0,13.433395885386014,14,0.48
COMP_001533,2021-06-18,58,55.23,3,12.824158765989557,27,0.3107
COMP_001533,2020-08-02,54,63.51,2,7.157486129259254,9,0.1816
COMP_001534,2024-05-25,74,70.57,3,5.393571296151373,34,0.2914
COMP_001534,2024-01-21,65,65.27,2,9.878874013688092,42,0.3682
COMP_001534,2021-02-03,73,92.04,1,3.6186346107737637,18,0.4234
COMP_001535,2021-02-13,90,79.23,0,17.826059803078564,12,0.7239
COMP_001535,2020-10-18,88,68.23,0,12.141222443341913,40,0.166
COMP_001536,2020-04-03,78,76.36,2,11.5459196579245,10,0.2629
COMP_001536,2022-07-06,71,77.7,0,5.220090699325639,16,0.2453
COMP_001536,2022-05-11,74,79.25,0,19.18785330355202,21,0.6293
COMP_001537,2023-07-17,82,71.25,2,10.409982301862739,45,0.4143
COMP_001537,2022-02-20,88,97.41,0,10.83002528655294,28,0.6022
COMP_001537,2022-09-30,85,91.46,2,2.5335578697287087,4,0.203
COMP_001538,2021-07-10,56,67.8,1,7.545080103748492,20,0.7614
COMP_001539,2021-03-09,41,37.23,4,7.3510948707915285,15,0.1487
COMP_001539,2023-01-30,40,53.43,5,2.0366780103443913,43,0.4709
COMP_001539,2024-04-04,44,52.71,5,2.7984376980449275,9,0.8485
COMP_001540,2024-12-05,45,71.3,4,2.007964811177484,44,0.8277
COMP_001540,2023-02-24,40,34.45,5,9.81624326406931,4,0.692
COMP_001540,2020-10-04,45,61.68,2,12.959774404498623,18,0.7888
COMP_001541,2020-11-10,57,38.33,3,2.7204125517344493,8,0.6535
COMP_001542,2020-01-03,83,85.83,2,12.580773709048392,39,0.5805
COMP_001542,2020-09-05,85,91.86,0,4.048914078070663,49,0.3349
COMP_001542,2020-04-18,80,62.76,0,8.406496796386499,14,0.597
COMP_001543,2022-05-10,89,78.72,0,2.3371182713103136,11,0.1529
COMP_001544,2023-03-22,56,54.55,4,5.32634622224644,13,0.6221
COMP_001544,2020-06-05,52,76.79,2,2.2835811986702264,43,0.6209
COMP_001544,2021-10-14,54,64.17,2,19.120556743892674,27,0.149
COMP_001545,2022-10-18,43,67.57,2,8.571289667966337,33,0.7444
COMP_001546,2021-05-02,89,97.96,0,10.554119062822087,26,0.1967
COMP_001546,2023-02-24,81,94.31,0,5.476703538704369,38,0.2932
COMP_001547,2023-02-23,43,45.07,4,7.102111006448642,38,0.7603
COMP_001548,2022-04-24,50,77.68,4,18.460049656611073,8,0.2015
COMP_001548,2023-10-16,51,47.95,2,15.936154148310212,25,0.1474
COMP_001549,2024-04-15,42,53.61,5,13.646961658112508,34,0.3767
COMP_001549,2020-08-02,40,35.04,4,8.075267675335216,29,0.6062
COMP_001549,2020-03-27,38,41.45,3,13.285164090599704,28,0.5881
COMP_001550,2021-11-18,62,92.3,2,12.36783115588496,50,0.3857
COMP_001550,2022-12-17,60,38.23,1,1.231535862978578,8,0.4451
COMP_001550,2021-04-06,61,72.26,0,8.58121717679607,15,0.8476
COMP_001551,2023-04-03,74,90.75,2,4.285311030570796,43,0.7678
COMP_001551,2020-09-06,67,79.77,2,7.095396866237983,35,0.6304
COMP_001551,2020-12-16,68,83.18,3,2.670986713622131,31,0.4132
COMP_001552,2023-05-22,46,38.75,3,5.217472919860596,30,0.3361
COMP_001553,2020-09-27,64,81.63,2,12.051356516613282,14,0.843
COMP_001553,2023-12-01,69,60.75,2,7.118580278813739,35,0.4117
COMP_001553,2021-09-05,65,95.93,1,12.53252011327904,27,0.38
COMP_001554,2021-12-11,86,70.13,0,16.406591434577074,44,0.8253
COMP_001555,2021-04-15,72,64.83,0,8.753602333209852,5,0.5572
COMP_001556,2023-11-24,87,64.39,0,2.8625852425966887,24,0.667
COMP_001556,2023-06-01,91,60.22,0,5.065384448517907,47,0.8515
COMP_001556,2022-01-01,84,76.06,0,5.208991609449153,25,0.1255
COMP_001557,2022-05-06,50,56.76,3,4.79281577852525,29,0.8919
COMP_001557,2022-10-11,42,64.66,5,14.536962654405896,3,0.3729
COMP_001558,2022-01-02,85,98.16,2,1.8719574303464461,13,0.459
COMP_001558,2023-01-29,81,77.23,0,19.275931726888757,3,0.897
COMP_001558,2023-11-14,75,67.09,3,18.47649481017858,14,0.7299
COMP_001559,2021-04-23,75,75.69,3,13.687348503787172,7,0.1648
COMP_001560,2021-07-28,48,68.76,1,5.752145807653085,26,0.5853
COMP_001560,2023-05-24,55,45.58,4,2.004592498612039,6,0.5402
COMP_001561,2023-02-04,38,40.31,5,7.523092709063426,12,0.3717
COMP_001561,2024-01-29,44,79.81,5,3.391200216621165,50,0.4239
COMP_001561,2023-03-06,44,65.71,4,11.249995849565426,28,0.2207
COMP_001562,2023-09-04,78,98.65,1,3.464726043870961,9,0.6952
COMP_001563,2024-11-03,54,63.2,2,15.439079159402024,24,0.6009
COMP_001564,2021-09-10,57,73.69,5,3.1204665745486206,14,0.123
COMP_001564,2024-02-09,56,49.09,5,14.882793774427236,22,0.3125
COMP_001565,2021-11-15,70,82.94,1,6.367897885328221,48,0.8375
COMP_001566,2021-05-12,48,68.26,5,5.498759273462962,3,0.7218
COMP_001567,2023-06-15,91,89.15,0,15.858147893288908,42,0.8756
COMP_001568,2023-02-02,70,98.56,1,19.30471940175537,22,0.7513
COMP_001568,2022-01-08,66,98.88,3,6.876462589264404,13,0.2415
COMP_001569,2022-05-26,92,98.3,1,18.33599644081123,28,0.6856
COMP_001569,2023-09-22,88,81.28,0,18.269287803171775,36,0.484
COMP_001569,2021-12-21,94,88.92,1,11.701008909577544,11,0.4268
COMP_001570,2023-12-16,86,65.02,0,18.906375553643155,4,0.8069
COMP_001570,2024-12-05,90,65.82,0,12.93608458330168,21,0.383
COMP_001571,2023-07-15,91,64.96,0,15.572376896428406,40,0.2484
COMP_001571,2022-04-15,88,96.47,0,16.92819803375443,12,0.502
COMP_001571,2020-08-07,95,93.9,0,12.141538854544187,8,0.887
COMP_001572,2021-08-05,65,91.58,2,12.700212793349712,43,0.8891
COMP_001572,2024-01-14,65,91.13,2,11.898841348920227,18,0.4106
COMP_001572,2024-03-06,71,85.81,1,9.741107867586722,46,0.2718
COMP_001573,2020-04-17,66,61.34,0,1.0,44,0.8652
COMP_001573,2020-02-11,62,63.38,3,1.0,29,0.3743
COMP_001573,2023-11-16,58,38.36,5,1.0,40,0.2652
COMP_001574,2023-12-08,54,43.23,5,14.467514618383918,41,0.8165
COMP_001574,2022-02-20,60,77.97,4,7.781460345905999,39,0.1821
COMP_001575,2020-08-25,75,90.0,1,1.0,4,0.7434
COMP_001576,2021-11-05,44,37.34,4,2.766152682036421,3,0.206
COMP_001576,2020-12-12,44,60.96,4,1.039716046299105,36,0.3565
COMP_001577,2021-12-11,57,72.32,1,3.2094943064419583,17,0.8888
COMP_001578,2020-01-09,96,94.05,0,1.8794098814482871,6,0.4551
COMP_001578,2020-10-26,94,80.86,0,1.1325390785731546,37,0.6274
COMP_001579,2021-10-25,37,79.68,2,18.30133753287659,24,0.484
COMP_001579,2020-05-10,43,77.32,3,17.520247016079153,3,0.2524
COMP_001580,2023-12-29,73,96.04,2,9.909505582669498,35,0.5681
COMP_001581,2022-09-23,67,79.72,2,1.8305912871451113,33,0.444
COMP_001582,2020-02-16,41,57.25,3,19.83442202323498,31,0.4322
COMP_001583,2020-09-10,70,83.96,2,15.067762775949582,26,0.8133
COMP_001583,2024-03-31,65,92.78,3,7.248093279361239,41,0.827
COMP_001583,2020-05-15,68,73.02,0,3.2179147467854943,14,0.4851
COMP_001584,2020-01-14,66,61.45,1,18.931409783986286,41,0.2804
COMP_001584,2024-01-16,68,64.81,2,11.942312105738438,17,0.5606
COMP_001584,2023-01-02,72,92.86,3,19.861437419981407,18,0.4714
COMP_001585,2021-02-19,48,50.94,1,4.709206316983341,3,0.66
COMP_001586,2021-08-18,56,38.16,4,12.91535119235434,8,0.5627
COMP_001586,2020-05-27,59,33.0,4,3.8834287810115713,40,0.8079
COMP_001586,2024-10-24,55,43.47,2,11.539768675892073,50,0.4991
COMP_001587,2022-12-31,61,66.61,0,16.586880151732164,50,0.4173
COMP_001588,2021-11-05,75,88.33,3,18.108678930483048,18,0.5906
COMP_001588,2022-08-18,81,63.84,1,18.951092354848015,13,0.8722
COMP_001589,2021-08-02,53,57.32,4,13.25101301477978,22,0.749
COMP_001590,2020-12-09,71,79.37,2,4.974688401979974,49,0.7673
COMP_001590,2023-08-17,73,64.49,1,4.528593102137447,13,0.6645
COMP_001591,2021-07-19,59,46.89,3,4.478553516750786,6,0.241
COMP_001592,2022-09-24,81,92.54,1,4.379137982873738,7,0.3247
COMP_001593,2020-02-14,82,87.56,0,5.924922268173011,47,0.2174
COMP_001593,2022-02-27,78,82.59,2,8.058217129989831,7,0.858
COMP_001594,2021-10-01,90,70.96,1,3.383460346653196,22,0.6793
COMP_001594,2022-03-23,86,83.74,0,2.9258597818124734,42,0.3617
COMP_001594,2021-10-23,85,95.66,0,5.504331146242137,16,0.1009
COMP_001595,2024-08-30,79,77.78,2,5.144711681199528,10,0.827
COMP_001596,2021-01-13,42,61.77,3,1.0942315014611919,42,0.8294
COMP_001596,2023-06-05,45,39.87,3,4.525331860686858,33,0.2314
COMP_001596,2023-06-14,46,70.67,3,4.790698685964177,8,0.2803
COMP_001597,2020-11-13,82,81.0,2,1.4105606523548846,22,0.2347
COMP_001598,2024-05-13,78,67.44,2,3.648756673211671,31,0.3815
COMP_001598,2023-10-06,79,67.91,2,1.1554359751491035,25,0.7352
COMP_001599,2021-10-16,61,89.7,3,1.0,6,0.4145
COMP_001599,2024-01-28,55,35.36,4,1.0,15,0.2248
COMP_001599,2022-04-27,55,59.61,5,1.0,8,0.2055
COMP_001600,2021-08-22,75,64.3,3,12.724389589853908,31,0.2171
COMP_001600,2022-09-05,73,92.09,2,12.310308075754651,12,0.1064
COMP_001601,2021-04-29,53,38.95,1,8.680607919116563,48,0.241
COMP_001601,2022-10-08,53,50.76,2,18.994446515544276,36,0.5425
COMP_001601,2020-01-09,51,35.92,1,5.712394079084349,35,0.2247
COMP_001602,2024-04-20,54,68.58,5,2.8636915144570336,34,0.1518
COMP_001603,2022-02-24,99,66.48,1,18.928062142699204,32,0.1468
COMP_001603,2020-11-03,95,77.4,0,6.706113196985128,26,0.5304
COMP_001603,2023-04-18,93,82.21,0,19.051762749361792,18,0.4647
COMP_001604,2021-09-26,47,30.8,1,10.048099808593477,36,0.2964
COMP_001605,2022-08-17,73,60.92,0,19.546877646851087,29,0.4376
COMP_001605,2024-06-15,68,90.68,0,5.323741854503496,14,0.3129
COMP_001606,2021-05-29,75,83.42,3,7.538373786990614,9,0.7652
COMP_001606,2021-10-19,84,92.48,0,5.665107077003665,9,0.7227
COMP_001607,2020-01-22,82,63.93,0,1.4153522380932673,3,0.1607
COMP_001607,2024-06-25,82,60.81,0,10.702122353032136,25,0.8622
COMP_001607,2021-02-19,87,78.2,0,4.8362897553835404,47,0.8108
COMP_001608,2021-08-13,65,65.34,0,1.0546421554507455,44,0.6236
COMP_001608,2024-08-03,73,61.2,1,5.20598516115586,22,0.4059
COMP_001608,2022-08-22,70,76.87,3,19.564711564509697,47,0.5668
COMP_001609,2022-12-08,72,80.15,1,16.653744680070343,24,0.174
COMP_001609,2021-01-22,67,77.14,2,7.8243502237211695,38,0.5848
COMP_001610,2024-12-17,81,82.3,0,7.346987467882139,5,0.4027
COMP_001610,2021-01-08,83,62.25,0,19.792382345444747,5,0.67
COMP_001610,2023-12-12,77,86.21,3,5.367926456672602,41,0.5518
COMP_001611,2020-05-19,50,71.95,4,7.502989288143825,28,0.5191
COMP_001611,2021-01-11,41,57.81,5,14.75515998156801,40,0.1846
COMP_001611,2020-02-17,45,55.35,1,5.272064228901879,49,0.1341
COMP_001612,2023-11-10,93,78.74,0,15.216039267686611,18,0.2745
COMP_001612,2024-12-08,92,60.48,0,18.854567141821892,31,0.8913
COMP_001613,2024-05-31,57,65.03,5,10.574090453071976,3,0.7844
COMP_001614,2022-09-24,54,47.32,5,1.6875364818310445,37,0.8701
COMP_001614,2021-05-21,51,77.99,4,9.01405247870117,50,0.3593
COMP_001614,2023-04-06,51,60.13,4,1.9322416513530194,41,0.7729
COMP_001615,2022-08-14,90,96.03,2,4.7694661770046896,10,0.4889
COMP_001615,2023-12-26,87,66.06,0,19.14763820765923,38,0.2994
COMP_001615,2023-05-17,90,90.25,0,1.4657450662687608,23,0.4965
COMP_001616,2020-03-31,74,61.7,2,15.14517716226671,25,0.5912
COMP_001616,2022-09-06,81,90.44,0,3.739327789235881,30,0.836
COMP_001616,2024-05-03,75,66.25,3,5.949027927828777,30,0.7603
COMP_001617,2024-05-13,67,78.62,0,2.7128815910632547,21,0.1253
COMP_001617,2024-11-04,68,87.94,2,4.855774633626593,48,0.1786
COMP_001618,2022-10-25,77,91.45,0,1.5200636022233156,46,0.7552
COMP_001618,2022-11-01,84,75.78,0,3.124623186705038,48,0.3178
COMP_001618,2021-09-29,82,91.1,2,1.489760289747827,14,0.6281
COMP_001619,2021-12-03,92,69.87,0,3.5822996917787204,41,0.2912
COMP_001619,2023-10-05,98,63.88,0,19.40590674697663,21,0.189
COMP_001619,2020-07-24,91,94.11,0,15.054465458211755,40,0.5095
COMP_001620,2021-05-28,47,33.53,2,11.031942351018284,39,0.3998
COMP_001620,2022-04-29,41,33.24,4,13.798542953286386,3,0.1921
COMP_001620,2022-06-06,45,48.24,5,10.581424815854199,41,0.3791
COMP_001621,2024-09-09,74,97.49,3,1.4512957379247562,30,0.5112
COMP_001621,2023-06-14,78,95.96,1,7.131756661144594,50,0.395
COMP_001622,2024-11-28,56,38.71,3,1.5643659783734374,5,0.2105
COMP_001623,2020-08-24,81,86.39,0,12.60988134796929,47,0.718
COMP_001623,2023-09-17,87,82.44,0,9.886701829685594,32,0.3064
COMP_001623,2022-10-30,88,89.93,0,19.20208538957856,31,0.3609
COMP_001624,2023-12-10,76,67.18,0,18.850624122268687,6,0.5072
COMP_001624,2023-05-09,76,61.31,1,4.499659618312145,20,0.5703
COMP_001625,2024-01-11,92,69.36,0,5.095908739099802,34,0.7785
COMP_001625,2023-02-07,89,60.91,2,10.249946223275032,20,0.8416
COMP_001626,2024-01-13,55,79.89,4,4.395190677953929,36,0.5666
COMP_001626,2021-10-24,55,76.99,3,3.1054021500989215,23,0.8515
COMP_001627,2022-01-21,93,83.41,2,6.345692166212705,5,0.8432
COMP_001627,2020-05-22,93,65.83,0,2.1098529961456896,32,0.3123
COMP_001627,2021-09-01,94,64.27,0,5.893543388046128,16,0.7212
COMP_001628,2020-03-03,56,35.02,1,8.022768613665264,50,0.2352
COMP_001628,2022-02-12,53,71.88,1,11.903606759604084,19,0.4775
COMP_001628,2023-01-17,52,43.46,4,12.477154139204686,7,0.1943
COMP_001629,2022-01-30,48,48.22,5,4.425832331534601,41,0.584
COMP_001629,2023-04-07,44,56.38,4,5.5697268890600276,46,0.6396
COMP_001630,2023-12-02,71,89.61,1,14.29515437276253,3,0.1545
COMP_001631,2022-04-05,72,97.97,3,2.5329928029567683,18,0.4264
COMP_001631,2022-12-11,76,89.23,1,1.146723892043012,30,0.6557
COMP_001631,2020-03-29,71,86.54,1,1.5987631703459342,7,0.3848
COMP_001632,2021-07-28,89,82.36,0,7.451704179549322,50,0.5432
COMP_001632,2020-05-08,93,63.94,0,12.89185331371571,13,0.6613
COMP_001633,2020-11-06,57,67.65,2,9.74008895257269,38,0.6607
COMP_001633,2022-07-18,62,91.17,0,1.1092394137614907,41,0.4952
COMP_001634,2021-03-20,73,64.35,1,1.0623532657647718,39,0.3297
COMP_001635,2023-06-17,79,67.22,1,18.714570659999435,41,0.2932
COMP_001636,2020-09-11,54,71.48,5,5.788723766946341,39,0.1943
COMP_001636,2021-03-07,55,57.06,1,19.292835768307555,14,0.251
COMP_001636,2023-11-08,50,63.25,2,5.389501831726636,17,0.8382
COMP_001637,2023-10-07,45,57.1,3,2.1139359523450083,29,0.5516
COMP_001638,2022-12-18,97,86.27,0,16.14576014135018,36,0.6818
COMP_001638,2021-11-17,95,75.12,0,14.277115805672068,29,0.6793
COMP_001638,2021-01-22,100,60.27,0,9.199860421256751,39,0.2443
COMP_001639,2023-08-21,80,61.53,3,19.074026558217536,11,0.5475
COMP_001639,2023-10-10,82,87.71,0,3.816102641365271,41,0.2054
COMP_001640,2022-04-28,73,83.07,2,17.693615172902447,50,0.389
COMP_001640,2021-12-13,72,90.86,0,1.5932003324292159,33,0.8965
COMP_001640,2023-11-03,78,91.59,0,12.439942242604223,46,0.6417
COMP_001641,2021-10-06,96,78.52,0,9.491449519553681,42,0.1252
COMP_001642,2023-10-09,86,83.78,0,1.4653320586694019,44,0.5591
COMP_001643,2022-06-04,81,99.03,0,1.8921580307034325,4,0.1546
COMP_001643,2022-12-14,90,72.51,2,11.33820501089171,41,0.463
COMP_001643,2020-11-29,84,84.0,2,11.720898354999886,13,0.2622
COMP_001644,2023-07-19,69,63.46,2,15.751923817741288,44,0.3908
COMP_001644,2024-01-26,69,67.74,2,9.836374629062465,24,0.2927
COMP_001645,2022-11-27,58,79.09,2,1.0,12,0.3435
COMP_001645,2024-11-07,68,99.29,2,1.0,9,0.8566
COMP_001646,2023-03-18,44,48.23,5,2.3358033777207217,23,0.1879
COMP_001647,2024-10-12,77,81.13,3,10.106854014183309,23,0.44
COMP_001647,2024-08-10,81,92.24,0,5.475474196692123,38,0.1489
COMP_001648,2022-07-06,60,69.76,1,5.85557802492494,16,0.5622
COMP_001648,2023-04-02,62,65.71,1,16.005839751504173,50,0.5797
COMP_001648,2020-10-08,61,75.35,1,15.996702324171247,12,0.6459
COMP_001649,2024-03-06,38,30.01,3,1.134503829386779,16,0.6763
COMP_001649,2020-05-08,44,71.11,2,1.13750107184802,31,0.392
COMP_001649,2024-01-29,39,33.66,3,1.5592369808705235,7,0.1967
COMP_001650,2023-11-16,40,40.19,3,8.7003744953383,25,0.7859
COMP_001650,2022-09-07,42,52.96,4,3.0765575733028467,4,0.7641
COMP_001651,2020-11-03,58,59.8,4,1.8878592820919653,16,0.4826
COMP_001651,2024-09-22,60,59.08,5,15.695703891292135,11,0.5514
COMP_001651,2024-07-21,65,94.29,1,17.22027177411922,15,0.4674
COMP_001652,2023-11-15,55,75.44,3,8.096333305810434,15,0.4132
COMP_001652,2020-08-05,51,42.53,1,10.152289572682726,30,0.3261
COMP_001653,2024-04-23,76,96.17,0,1.6467843497971115,22,0.2353
COMP_001654,2020-12-13,49,73.46,2,3.0937540249771285,10,0.7283
COMP_001654,2022-06-24,48,47.33,4,4.078550715145495,21,0.8079
COMP_001654,2024-03-08,48,68.58,5,10.314944054279932,31,0.6275
COMP_001655,2022-08-07,64,77.3,3,13.546658210073556,15,0.3568
COMP_001656,2020-03-28,58,60.86,2,7.182790489747208,19,0.6353
COMP_001656,2024-08-02,58,35.2,2,6.320927241060247,10,0.8729
COMP_001657,2022-02-13,44,45.09,3,17.292887160467185,36,0.7143
COMP_001658,2022-01-28,56,72.85,4,13.48324740038456,25,0.3344
COMP_001659,2024-08-02,48,34.55,5,1.3973899848408553,6,0.4128
COMP_001659,2020-01-21,44,60.95,1,13.54396897244014,50,0.1107
COMP_001659,2024-03-31,42,30.59,2,2.7649228599262514,43,0.4524
COMP_001660,2021-02-01,55,51.98,5,4.155749165265784,7,0.5709
COMP_001660,2022-11-15,58,65.0,1,8.786991945511595,44,0.3982
COMP_001660,2022-08-17,57,40.43,2,7.571883615968124,25,0.4396
COMP_001661,2022-04-27,79,90.07,0,3.4664266384757525,44,0.6863
COMP_001661,2021-08-14,77,65.25,1,3.3844456877663927,47,0.6784
COMP_001662,2024-12-25,43,70.85,4,7.69656743208615,13,0.5917
COMP_001662,2021-05-02,49,77.89,4,12.60040680206505,50,0.6152
COMP_001662,2022-12-18,41,75.36,5,2.772104920573375,19,0.4236
COMP_001663,2024-08-08,72,79.42,1,17.69973932511693,45,0.3281
COMP_001663,2021-03-29,73,71.96,1,9.664846928000228,18,0.8306
COMP_001663,2023-03-22,69,89.0,1,15.57196745046024,24,0.3749
COMP_001664,2023-11-02,43,48.41,1,11.88165662462067,35,0.892
COMP_001665,2024-07-10,64,69.16,1,16.985701915023032,50,0.8344
COMP_001665,2022-05-18,64,83.76,2,7.736097339633063,16,0.1559
COMP_001665,2021-05-27,55,57.53,5,2.5527582972286798,32,0.6389
COMP_001666,2023-01-05,49,74.96,2,11.59064068282806,6,0.2433
COMP_001666,2024-03-02,41,48.77,2,13.409808294611457,36,0.3325
COMP_001667,2020-04-07,60,77.17,3,6.175401229510221,39,0.5964
COMP_001667,2022-10-25,57,53.1,3,15.136104269448094,7,0.7051
COMP_001667,2023-06-15,52,69.6,4,14.157845946179194,50,0.4158
COMP_001668,2023-06-01,48,49.76,2,7.492910939622475,9,0.1594
COMP_001669,2020-02-24,47,61.93,2,18.63227234066399,11,0.3359
COMP_001669,2024-12-06,47,79.6,1,11.900255414902409,32,0.4442
COMP_001669,2024-09-24,39,56.53,2,12.446481076500254,20,0.567
COMP_001670,2022-01-20,83,95.07,0,15.547664047957907,17,0.4825
COMP_001670,2021-07-11,83,82.2,0,11.73436876868459,48,0.3648
COMP_001671,2022-05-22,61,98.11,0,11.228491156409927,45,0.8936
COMP_001672,2023-04-30,48,66.01,5,2.9374074086642135,36,0.7356
COMP_001673,2021-09-15,62,98.16,2,10.177805685164483,34,0.6061
COMP_001673,2021-03-20,66,60.77,2,10.807315045307258,25,0.2289
COMP_001674,2020-04-08,88,90.6,0,4.452921757475469,33,0.4984
COMP_001674,2022-09-17,79,94.24,2,12.139379277465952,24,0.6244
COMP_001675,2020-11-20,36,48.69,4,19.139006288978926,6,0.6195
COMP_001675,2023-05-05,38,78.57,5,18.499333801094025,32,0.6905
COMP_001675,2023-06-03,42,69.55,1,4.908959420424313,50,0.1041
COMP_001676,2020-08-01,89,62.03,0,14.258660585390215,5,0.3931
COMP_001676,2022-04-14,97,87.2,0,4.94877479130739,3,0.4402
COMP_001676,2024-11-02,97,87.03,0,4.622423784871679,49,0.7187
COMP_001677,2024-01-14,45,42.97,4,4.690199069239445,8,0.2922
COMP_001677,2020-04-21,41,58.44,1,8.289146852702125,33,0.4923
COMP_001677,2024-06-23,42,37.79,2,6.618603706907569,37,0.188
COMP_001678,2021-03-23,63,93.01,3,11.436848931342759,12,0.3919
COMP_001678,2023-09-03,62,66.68,2,12.450256542366896,12,0.7009
COMP_001679,2023-05-30,51,65.64,3,18.22308840005218,6,0.2537
COMP_001680,2023-03-07,97,96.18,0,3.7065161483703806,6,0.2748
COMP_001680,2023-12-31,94,98.78,0,1.9118818341887358,19,0.4173
COMP_001680,2020-08-01,95,90.45,0,1.3183070307266311,29,0.6582
COMP_001681,2021-09-09,63,66.76,2,12.825113220906154,9,0.6735
COMP_001681,2023-06-08,61,65.49,2,16.218060558604975,50,0.1599
COMP_001682,2023-11-28,77,77.81,3,8.27344090161736,32,0.4397
COMP_001683,2021-11-28,61,78.05,2,3.2371274589413805,17,0.249
COMP_001684,2023-03-30,73,84.39,2,2.152543748607762,11,0.6909
COMP_001685,2020-05-25,47,44.08,3,12.384129860274486,9,0.4749
COMP_001685,2020-06-12,47,38.31,1,4.730343762819308,12,0.1702
COMP_001685,2024-07-02,40,67.05,1,10.93693701327744,20,0.4698
COMP_001686,2022-04-01,62,85.48,1,17.69975673241691,9,0.3087
COMP_001686,2023-07-02,62,93.02,2,14.506661799608983,15,0.695
COMP_001686,2022-12-24,62,91.71,3,14.747368138808463,10,0.1522
COMP_001687,2023-02-24,64,83.17,3,6.660535290497127,46,0.6048
COMP_001688,2024-08-25,84,82.61,0,5.713653239962026,11,0.2536
COMP_001688,2022-04-16,90,77.57,0,1.136083813994317,6,0.4946
COMP_001689,2024-12-09,78,70.95,3,18.688023268120336,16,0.2867
COMP_001690,2023-02-28,47,78.11,5,7.699514032577521,15,0.2476
COMP_001690,2022-01-17,49,72.61,5,8.174315769933454,19,0.219
COMP_001690,2022-01-17,49,74.44,5,15.239343824246182,32,0.6188
COMP_001691,2023-09-16,46,41.27,4,1.665210900863224,38,0.741
COMP_001691,2022-06-07,50,47.55,2,14.570168789603775,20,0.4668
COMP_001691,2021-05-17,44,39.9,1,13.378124379670616,16,0.6496
COMP_001692,2020-03-09,42,60.29,5,8.705821133239262,46,0.2699
COMP_001692,2022-08-25,44,70.19,5,1.2348511043910173,41,0.7406
COMP_001693,2024-02-07,61,91.83,1,2.509954896186401,22,0.3788
COMP_001693,2021-04-25,68,83.13,3,13.433634515723337,36,0.8227
COMP_001694,2023-09-27,93,97.94,0,2.592811697954319,44,0.4226
COMP_001695,2022-07-19,91,91.97,0,3.092452562320393,35,0.1855
COMP_001695,2021-07-28,92,93.3,2,9.76419770384957,50,0.7272
COMP_001695,2021-08-30,88,68.89,0,3.878053410455684,13,0.1227
COMP_001696,2024-02-23,71,94.28,1,14.839702057665868,49,0.8489
COMP_001696,2021-05-02,71,62.75,3,11.952665856485009,11,0.2057
COMP_001696,2024-05-05,66,87.21,2,9.873027469884667,45,0.7285
COMP_001697,2021-03-31,81,74.95,0,8.106245847100004,23,0.3206
COMP_001697,2023-12-09,80,71.3,1,18.028027986426324,40,0.622
COMP_001698,2021-06-03,48,41.95,2,19.016735518798257,19,0.4654
COMP_001698,2020-03-30,45,61.5,5,19.287990600105772,19,0.5038
COMP_001698,2023-10-26,47,70.96,4,1.4682816134157592,23,0.4245
COMP_001699,2020-11-26,93,82.86,1,14.660331610966846,49,0.8246
COMP_001699,2024-06-20,97,90.32,0,18.55865062782503,48,0.3433
COMP_001700,2023-09-14,43,61.32,3,5.038038299153245,37,0.5009
COMP_001700,2023-01-11,40,67.13,4,14.850178977255755,42,0.1545
COMP_001700,2023-07-02,41,57.07,4,16.0141864948521,13,0.244
COMP_001701,2021-05-29,56,68.04,3,1.8674614564341718,14,0.1042
COMP_001701,2021-02-14,52,35.53,2,1.977106624452057,47,0.2337
COMP_001701,2021-09-21,55,76.23,3,1.7276272949077351,43,0.6638
COMP_001702,2022-06-21,50,45.4,2,16.60194943959389,24,0.7882
COMP_001702,2020-05-26,46,71.11,2,9.477358783795136,42,0.6163
COMP_001702,2022-06-15,43,63.71,5,5.430570894057503,32,0.826
COMP_001703,2021-04-11,63,80.65,1,19.58374626217191,40,0.882
COMP_001704,2023-09-30,59,63.48,3,8.139507598277188,36,0.445
COMP_001704,2020-10-12,56,35.67,4,14.264805598746701,49,0.2764
COMP_001704,2023-11-03,59,73.74,3,9.378095242865374,23,0.8663
COMP_001705,2024-06-11,67,68.74,3,12.097874528247354,47,0.4901
COMP_001705,2020-07-08,65,73.51,2,16.770277844589884,15,0.284
COMP_001706,2020-08-27,78,64.25,2,5.45938321076022,28,0.7562
COMP_001706,2021-07-03,82,65.91,0,5.557369566383004,48,0.236
COMP_001706,2020-11-22,88,93.73,0,4.589356324719923,8,0.1747
COMP_001707,2021-12-21,56,40.12,1,1.926310477666955,20,0.8648
COMP_001707,2021-08-17,55,43.57,3,2.9012456591031057,40,0.3575
COMP_001707,2022-09-20,58,62.3,1,11.611750864546982,36,0.8188
COMP_001708,2021-12-24,56,55.84,2,14.570589273210807,16,0.3126
COMP_001708,2021-11-23,56,45.39,5,12.188075340045318,15,0.3593
COMP_001709,2023-02-17,68,84.66,0,17.958716411627833,42,0.2111
COMP_001709,2023-12-27,69,81.48,2,19.430235982909913,9,0.2188
COMP_001710,2021-12-04,81,79.77,0,4.490244513039425,25,0.2001
COMP_001710,2023-04-22,78,98.91,3,11.503716878600265,43,0.5929
COMP_001711,2022-07-09,71,76.72,1,13.101681646877054,19,0.1773
COMP_001711,2022-12-05,65,76.58,2,4.401883273012373,31,0.856
COMP_001712,2024-10-29,90,88.13,0,14.924484848980153,11,0.5217
COMP_001712,2020-02-06,96,61.72,0,17.56931332930756,28,0.8597
COMP_001713,2021-11-09,49,33.6,3,15.312677800267629,41,0.2311
COMP_001714,2021-07-24,73,98.13,2,4.4558349209523005,32,0.4393
COMP_001714,2022-08-25,66,97.62,0,1.6165293233014273,23,0.5541
COMP_001715,2023-07-05,73,95.53,3,1.0,49,0.7034
COMP_001716,2020-06-07,81,87.46,0,17.476445087447036,45,0.7099
COMP_001716,2024-02-11,75,84.9,0,9.360363064196115,11,0.4015
COMP_001716,2022-02-02,81,81.32,0,19.46569890054584,37,0.244
COMP_001717,2023-11-16,86,86.81,0,7.294142789046069,49,0.2985
COMP_001718,2023-01-02,42,53.3,2,19.18380387228351,21,0.7405
COMP_001719,2024-11-26,93,96.96,0,1.765606351048293,34,0.8712
COMP_001720,2024-04-06,77,67.93,3,5.193467101472473,29,0.7565
COMP_001720,2024-12-10,80,75.01,2,14.108291804488788,19,0.521
COMP_001720,2020-07-17,77,67.17,3,15.283000771728869,19,0.4105
COMP_001721,2023-03-15,86,99.48,0,2.2943566290788504,4,0.7656
COMP_001722,2022-12-06,60,63.78,4,7.667307982609006,30,0.8825
COMP_001723,2023-11-28,47,79.05,1,12.408361406343861,48,0.2683
COMP_001723,2024-02-16,46,48.34,3,2.613006493707012,21,0.1393
COMP_001723,2020-11-28,52,42.48,2,8.163113918033266,47,0.1702
COMP_001724,2023-03-03,75,78.41,3,18.62327468463795,47,0.4734
COMP_001724,2023-02-15,76,73.69,0,1.595449132567798,27,0.2117
COMP_001725,2020-02-27,52,36.14,3,12.624277945365199,36,0.7242
COMP_001725,2022-10-11,50,64.94,3,5.880136342395046,48,0.8827
COMP_001726,2021-05-14,75,95.21,1,1.0568638262182555,42,0.8392
COMP_001726,2024-01-09,68,91.67,2,19.593430897958203,16,0.7086
COMP_001727,2020-01-09,83,66.77,0,1.0,38,0.6717
COMP_001727,2023-11-02,83,70.8,0,1.0,34,0.4997
COMP_001728,2023-02-26,84,91.65,0,4.583337132519009,42,0.6106
COMP_001728,2020-03-09,87,83.85,0,5.844542177217563,50,0.4432
COMP_001728,2024-02-07,80,93.0,3,4.474585013038878,23,0.2255
COMP_001729,2021-04-26,90,92.72,0,12.204250965345391,19,0.1289
COMP_001729,2022-11-05,89,89.37,0,13.422010847705312,22,0.2257
COMP_001729,2020-07-30,83,74.27,0,3.572630293672817,13,0.1847
COMP_001730,2021-11-01,63,64.94,1,15.909937007413863,44,0.7139
COMP_001730,2023-11-01,55,68.74,2,18.85408046490769,29,0.7395
COMP_001731,2024-08-17,56,46.42,5,19.172720799284225,40,0.6062
COMP_001731,2021-06-22,58,67.87,5,14.43544147208646,27,0.8985
COMP_001732,2022-12-08,88,81.04,0,12.363080615397934,32,0.5333
COMP_001732,2020-01-29,89,78.19,0,5.243975779582813,4,0.1483
COMP_001732,2023-05-31,86,73.07,0,3.019456854665048,28,0.2618
COMP_001733,2022-06-17,85,67.51,0,3.130369516259851,4,0.1089
COMP_001733,2024-06-05,94,68.71,0,14.556173107793837,24,0.437
COMP_001733,2020-04-09,91,89.29,0,2.173834266071533,47,0.3721
COMP_001734,2020-05-31,59,38.21,2,16.940125736897713,45,0.8415
COMP_001734,2022-08-31,50,58.38,5,14.634899701082132,15,0.4458
COMP_001735,2021-04-28,49,34.39,3,16.306857823585485,18,0.5014
COMP_001735,2024-07-04,55,66.96,1,13.141297009196967,25,0.393
COMP_001736,2021-07-11,90,79.55,0,7.312837048141189,39,0.7652
COMP_001736,2021-01-14,91,78.47,0,17.428266269902586,15,0.5153
COMP_001736,2024-06-01,86,91.22,0,5.811467552468566,26,0.5995
COMP_001737,2020-10-25,47,55.78,5,7.694792618820399,32,0.3652
COMP_001737,2024-10-24,49,48.09,5,7.3008409109495185,26,0.6424
COMP_001737,2024-05-28,44,75.99,1,2.1657998933903757,18,0.8008
COMP_001738,2021-05-07,78,96.51,1,9.265892306325963,22,0.5223
COMP_001738,2022-03-20,84,66.66,0,1.732407438435382,31,0.2333
COMP_001738,2022-03-25,82,76.84,1,17.03211237249136,48,0.3273
COMP_001739,2021-01-14,58,54.69,1,19.4901615918837,47,0.8582
COMP_001739,2023-06-29,59,76.97,5,19.307142795727792,22,0.7251
COMP_001740,2022-09-15,75,80.61,2,6.460789037956722,49,0.1586
COMP_001740,2022-03-13,68,82.48,0,16.65279710332989,25,0.5449
COMP_001740,2021-03-25,74,69.32,2,1.946878319741123,5,0.296
COMP_001741,2020-11-22,85,92.32,0,12.615915794946199,45,0.1663
COMP_001741,2023-08-24,78,75.9,0,5.377658952120675,35,0.5362
COMP_001741,2020-09-09,81,78.81,0,9.360834396604968,22,0.2041
COMP_001742,2024-04-20,38,44.51,3,10.421971740369846,5,0.3252
COMP_001743,2020-10-08,45,44.52,1,6.6265100533052825,43,0.3349
COMP_001743,2020-08-11,51,40.67,2,7.183476178728968,23,0.2001
COMP_001744,2023-05-25,84,64.29,0,1.6194795451131534,22,0.6516
COMP_001744,2024-03-09,85,78.05,0,12.52767321792565,7,0.7447
COMP_001744,2021-08-02,91,95.82,0,4.3411300504468,38,0.7121
COMP_001745,2024-02-12,44,56.47,1,11.38114660066036,19,0.1047
COMP_001746,2024-01-12,52,79.92,1,1.268686882798736,41,0.2165
COMP_001746,2024-06-17,57,68.03,4,1.1756637220576862,30,0.542
COMP_001746,2020-08-18,57,61.84,1,1.080120813610402,46,0.1593
COMP_001747,2022-08-13,67,94.55,0,16.59006113101315,22,0.6291
COMP_001747,2020-10-06,66,68.85,2,14.53597376215642,30,0.4643
COMP_001748,2023-05-13,91,75.17,0,2.9896256484569737,20,0.8764
COMP_001748,2020-06-24,93,84.77,0,10.899644983817575,7,0.7749
COMP_001748,2024-07-07,84,89.27,0,3.4022927344667826,32,0.4395
COMP_001749,2023-04-29,64,78.69,3,4.448622919797759,49,0.5077
COMP_001749,2021-08-09,59,36.04,2,15.644538790652193,24,0.5614
COMP_001749,2022-03-05,65,77.82,3,7.502513170871694,18,0.5008
COMP_001750,2023-04-26,46,64.33,1,3.611389452778349,29,0.3236
COMP_001750,2023-12-12,51,73.71,2,9.646408585787858,33,0.7836
COMP_001750,2024-08-20,43,32.39,3,1.3885097319947173,32,0.8111
COMP_001751,2023-06-29,78,63.76,1,19.754842639894765,40,0.2795
COMP_001751,2020-01-11,76,83.43,1,4.368980633844181,47,0.7051
COMP_001751,2022-10-20,77,68.88,3,4.96238685240195,30,0.3636
COMP_001752,2022-11-27,45,66.89,2,15.68947407218624,18,0.1781
COMP_001752,2021-01-08,44,41.64,4,14.546948050157232,24,0.182
COMP_001753,2022-06-18,99,98.24,0,2.0260684960309576,42,0.5339
COMP_001753,2021-04-19,92,93.96,0,4.688595366535935,30,0.8203
COMP_001754,2024-07-16,63,92.11,2,5.328119867614902,34,0.6485
COMP_001755,2021-04-11,79,75.06,2,6.967688111101884,32,0.3716
COMP_001755,2022-12-26,73,85.29,2,5.439900431081741,47,0.3293
COMP_001756,2024-10-21,86,63.57,0,6.663047913012491,39,0.1482
COMP_001757,2024-05-15,85,63.58,0,4.108971105156547,32,0.1666
COMP_001757,2021-03-20,80,63.39,0,5.102011711680361,10,0.1093
COMP_001757,2020-03-22,80,73.31,3,14.896990993121033,31,0.4102
COMP_001758,2021-09-12,75,89.05,2,13.202949674366561,7,0.5925
COMP_001759,2024-02-27,40,54.86,1,1.2183758926312973,17,0.1286
COMP_001760,2020-10-09,93,68.98,0,5.823390831154787,40,0.6853
COMP_001760,2023-07-17,90,66.03,0,3.188547391784103,48,0.7231
COMP_001760,2020-06-20,84,83.0,0,8.802403107357168,33,0.1637
COMP_001761,2024-12-28,61,94.72,2,2.0541430684843727,50,0.5765
COMP_001762,2021-01-18,67,63.76,2,14.927694219704428,37,0.6309
COMP_001763,2024-03-28,91,93.83,0,7.90007643770786,17,0.5514
COMP_001764,2024-01-14,85,79.88,0,1.0,42,0.3759
COMP_001764,2023-03-16,92,71.11,0,1.0,12,0.2725
COMP_001765,2020-12-04,49,48.08,3,18.306514868572062,44,0.179
COMP_001765,2024-06-11,44,63.72,1,13.763187014569887,12,0.1838
COMP_001766,2022-09-18,47,46.85,4,1.5292923962928648,4,0.7811
COMP_001767,2024-06-25,96,92.81,1,19.106181207556123,11,0.4117
COMP_001768,2023-08-06,69,80.93,0,4.97833970098816,28,0.8916
COMP_001768,2021-06-15,71,88.95,0,1.4080878614110621,20,0.5288
COMP_001769,2023-06-01,51,38.47,2,15.290726186230067,45,0.4578
COMP_001769,2020-12-07,49,45.05,1,17.524360528508232,20,0.5031
COMP_001769,2023-01-28,49,34.65,1,15.641995624850498,19,0.332
COMP_001770,2020-03-02,79,88.43,0,3.3548351252932993,28,0.5992
COMP_001770,2021-02-02,78,60.27,0,13.608517473439813,31,0.1411
COMP_001771,2021-02-19,41,34.56,1,13.806558516082921,35,0.79
COMP_001771,2023-02-14,49,33.71,1,5.314800795686544,40,0.1094
COMP_001772,2020-05-04,65,71.71,0,6.4696351757589206,41,0.7164
COMP_001772,2022-12-31,62,76.73,0,14.017222664475574,43,0.5671
COMP_001773,2022-06-03,91,86.16,0,2.1080448252500394,15,0.4778
COMP_001774,2020-03-04,87,81.04,0,11.018704393114191,43,0.4617
COMP_001775,2021-11-25,52,58.37,1,12.66073044195985,45,0.5082
COMP_001776,2024-02-07,76,91.83,3,12.30501198910078,39,0.7558
COMP_001776,2020-07-05,75,87.66,2,4.554034252430689,28,0.8929
COMP_001777,2022-06-19,49,34.99,4,3.2895068364373556,6,0.1638
COMP_001778,2024-10-19,81,97.05,0,5.842386186788159,13,0.8281
COMP_001778,2022-04-07,83,60.2,0,16.572696207217813,13,0.828
COMP_001779,2021-09-04,49,60.59,5,2.3629029057729474,6,0.5165
COMP_001779,2024-10-09,42,57.9,2,12.667853616750934,23,0.8474
COMP_001779,2022-01-11,49,66.51,2,1.1545794251358221,15,0.8017
COMP_001780,2022-10-09,51,50.51,1,2.7585888243344026,5,0.4213
COMP_001780,2021-06-25,47,52.87,3,15.803794530757367,12,0.7746
COMP_001780,2022-12-27,56,73.81,5,8.885228553082804,38,0.3698
COMP_001781,2022-12-06,68,83.68,1,14.633542673791604,23,0.2275
COMP_001782,2023-06-09,97,73.66,0,3.533044554911134,43,0.7056
COMP_001783,2022-03-05,64,77.06,0,16.317290636671423,12,0.2212
COMP_001783,2021-03-23,72,66.25,1,8.046303250841262,8,0.591
COMP_001784,2024-05-06,70,85.19,2,7.217239722419943,28,0.1848
COMP_001785,2024-02-08,90,65.1,0,13.317116765747924,30,0.2974
COMP_001786,2022-07-19,85,80.86,0,15.04324532966246,25,0.7822
COMP_001786,2020-02-29,87,74.34,1,8.47495865369817,32,0.5517
COMP_001787,2022-10-17,80,99.4,1,14.226180818748077,18,0.6092
COMP_001787,2024-05-25,73,78.45,2,3.0917826916221363,40,0.4066
COMP_001788,2022-10-11,60,33.42,5,11.588689033147839,37,0.2168
COMP_001788,2023-12-28,62,68.86,3,12.262659269163388,12,0.4127
COMP_001788,2021-12-15,57,68.44,4,1.5173174185243137,22,0.3497
COMP_001789,2024-05-08,52,37.43,3,9.579142400718986,34,0.5646
COMP_001789,2021-11-25,58,76.04,2,9.359941203315172,8,0.1046
COMP_001790,2021-05-30,85,67.91,0,15.998006613636196,14,0.1356
COMP_001791,2020-11-18,90,99.5,0,6.006491121868123,37,0.4975
COMP_001792,2020-06-05,66,69.31,1,6.44197516117453,29,0.2238
COMP_001792,2023-07-05,72,93.28,3,15.189073334832454,40,0.8316
COMP_001793,2020-09-30,58,41.23,1,2.341656675284728,17,0.6891
COMP_001793,2024-02-10,56,44.75,5,18.489422043451015,48,0.3281
COMP_001793,2021-10-08,55,32.1,1,10.603656083420175,31,0.3257
COMP_001794,2020-08-28,50,49.18,4,15.971129425726836,10,0.2377
COMP_001795,2023-01-22,70,91.42,1,2.916813951049197,42,0.649
COMP_001795,2020-01-06,64,91.07,3,9.00894819469151,5,0.3794
COMP_001796,2021-06-28,63,94.91,1,13.269438160381148,41,0.6029
COMP_001796,2020-10-03,61,80.85,1,4.723380717599815,24,0.5232
COMP_001796,2024-10-25,64,89.85,3,4.570116905025021,37,0.4123
COMP_001797,2020-08-21,85,85.69,0,1.0,19,0.7649
COMP_001798,2023-06-28,71,84.7,0,7.092704043214928,11,0.3928
COMP_001799,2023-03-20,44,53.57,5,8.583291714345961,17,0.3307
COMP_001800,2024-02-09,65,63.12,3,1.9119432939890282,37,0.8619
COMP_001800,2020-10-10,57,50.13,4,6.943685723601232,46,0.3499
COMP_001801,2024-10-07,82,80.44,0,17.346241727954457,8,0.4681
COMP_001801,2022-11-17,87,90.59,0,6.702051680108368,23,0.2613
COMP_001801,2021-06-07,81,80.47,0,5.3773065141836245,4,0.8317
COMP_001802,2023-11-16,63,62.4,2,11.40214106969057,37,0.4032
COMP_001802,2020-04-14,68,69.46,2,14.89473095865928,30,0.6789
COMP_001803,2020-03-18,84,96.22,0,13.597612111581283,37,0.3628
COMP_001804,2020-08-02,71,72.33,0,1.3149504788735824,11,0.3553
COMP_001804,2024-02-14,68,97.9,1,5.899556298253408,22,0.2891
COMP_001804,2023-05-19,70,79.4,0,6.3931774343497185,37,0.1227
COMP_001805,2021-12-27,59,32.76,4,4.415640504463328,20,0.6396
COMP_001805,2020-07-30,57,55.66,3,5.622408439730579,41,0.8159
COMP_001805,2020-11-13,54,47.86,1,1.1087301841842199,25,0.6266
COMP_001806,2022-02-11,94,60.4,0,18.236193076414953,47,0.495
COMP_001807,2021-07-06,43,72.64,4,7.172001014426945,35,0.1084
COMP_001807,2020-01-26,48,42.41,2,9.166117818684828,31,0.8755
COMP_001807,2021-01-27,41,30.42,3,5.329817928306221,30,0.8148
COMP_001808,2020-08-15,69,60.8,1,3.2416579145841564,44,0.3784
COMP_001808,2021-03-26,69,71.93,1,6.926157092362502,27,0.6975
COMP_001808,2023-07-18,70,99.45,2,2.4905063392339324,32,0.7063
COMP_001809,2021-02-16,57,62.79,2,13.715265829511356,50,0.7595
COMP_001809,2022-06-23,61,94.15,3,15.134160794327357,24,0.2891
COMP_001810,2021-09-13,52,51.6,3,2.757314731479463,5,0.3289
COMP_001810,2021-03-24,48,65.7,4,1.5645628322340999,34,0.3627
COMP_001811,2020-09-22,46,49.56,4,2.6083693123228993,26,0.8518
COMP_001811,2022-01-06,41,32.35,5,2.7175191941389665,22,0.688
COMP_001812,2022-07-09,78,65.95,3,2.77135892405773,27,0.2047
COMP_001812,2020-02-19,72,79.05,3,12.06402576708538,32,0.2058
COMP_001813,2024-09-16,54,74.83,1,3.7978995495860675,25,0.7563
COMP_001814,2022-09-21,47,32.79,4,18.39692549972787,50,0.6065
COMP_001814,2020-12-14,47,76.13,3,14.511925190924027,44,0.8534
COMP_001814,2020-10-16,45,54.59,1,8.84609402877847,8,0.6742
COMP_001815,2021-10-29,97,90.43,1,5.629168982781172,4,0.2402
COMP_001816,2020-01-22,42,34.78,2,16.50133464003165,20,0.3724
COMP_001816,2022-02-24,41,37.45,4,9.562928589493723,36,0.4351
COMP_001817,2021-02-15,71,89.74,2,2.739412896229439,44,0.4772
COMP_001817,2023-05-14,72,62.25,2,2.7836559069861835,8,0.2991
COMP_001817,2022-07-21,65,77.86,1,1.4559562485093671,40,0.5701
COMP_001818,2022-04-26,69,82.52,3,1.9310286899307811,17,0.3329
COMP_001818,2020-03-21,72,90.73,2,1.1756921732251706,16,0.1154
COMP_001819,2024-11-03,75,92.28,2,10.870505255335921,10,0.4331
COMP_001820,2021-05-28,39,61.01,2,6.5796941170643715,47,0.2686
COMP_001820,2022-03-11,35,72.35,1,4.47800623060981,36,0.4466
COMP_001821,2024-10-20,52,52.0,1,8.533537028310807,28,0.3847
COMP_001821,2020-03-11,56,66.02,1,8.78372766168799,8,0.2739
COMP_001822,2021-12-31,69,92.05,3,19.073112428972735,39,0.3027
COMP_001822,2023-04-06,66,90.52,0,8.989265075845701,32,0.41
COMP_001823,2021-08-10,49,75.24,5,3.5650743598815184,16,0.8632
COMP_001823,2020-02-21,53,44.09,2,3.8381313314661556,10,0.3663
COMP_001823,2022-09-18,47,30.67,3,2.8567977623710097,37,0.5145
COMP_001824,2020-10-12,97,84.69,2,19.92080357445373,20,0.1838
COMP_001825,2022-01-22,63,83.7,1,5.341463744476942,13,0.7833
COMP_001826,2022-08-07,93,92.16,0,9.23361198708094,46,0.3409
COMP_001826,2023-04-13,94,80.37,0,10.565428706342864,40,0.7184
COMP_001826,2022-07-10,91,75.2,0,11.286355799660319,20,0.4108
COMP_001827,2022-04-12,85,89.05,0,4.768607818733416,48,0.7604
COMP_001827,2023-06-02,85,94.58,0,2.6907953512284446,17,0.2725
COMP_001827,2020-05-23,83,95.09,0,2.544494301437066,38,0.7744
COMP_001828,2023-11-04,80,65.43,2,1.178212609567221,36,0.4955
COMP_001828,2024-12-29,71,90.2,3,2.89964874407315,14,0.3585
COMP_001829,2024-07-17,64,63.57,3,16.636184131201425,50,0.5954
COMP_001830,2022-12-24,79,72.33,1,10.001222121845505,4,0.8418
COMP_001831,2023-08-17,50,30.64,1,2.3849794428657676,14,0.102
COMP_001831,2024-09-01,45,59.98,3,1.9420844362452332,13,0.5082
COMP_001831,2024-06-05,47,71.98,3,9.039841334521656,31,0.8651
COMP_001832,2021-05-14,50,35.05,3,6.5871181504247955,35,0.551
COMP_001832,2024-09-25,57,66.23,5,7.7157733506092505,38,0.4826
COMP_001832,2022-01-27,52,46.21,2,14.03858360697921,5,0.3453
COMP_001833,2022-11-23,57,74.11,3,9.672880876031925,8,0.4683
COMP_001833,2023-08-24,62,62.92,2,13.510035709118394,4,0.5001
COMP_001833,2024-01-29,54,73.72,2,2.3947646544620476,22,0.6413
COMP_001834,2022-09-30,62,76.83,2,16.344350634468128,31,0.3404
COMP_001834,2021-10-27,55,47.68,5,18.451632695218464,49,0.5253
COMP_001834,2020-03-07,57,62.59,5,8.966954738504686,4,0.5264
COMP_001835,2020-05-14,66,92.36,2,10.435593609538195,23,0.6346
COMP_001835,2021-01-27,72,89.62,2,1.190006075773898,40,0.5709
COMP_001835,2023-03-07,66,71.73,0,9.049803726022075,8,0.7271
COMP_001836,2022-04-13,95,92.28,0,17.955628145660036,26,0.1651
COMP_001837,2024-10-04,76,97.03,3,12.604847786440285,18,0.1357
COMP_001837,2023-08-20,82,67.35,0,2.764349761618361,23,0.6962
COMP_001838,2022-08-28,49,39.43,3,2.0470638903004565,18,0.4027
COMP_001838,2021-08-17,51,66.54,1,6.97592732520974,3,0.2966
COMP_001838,2023-11-02,54,59.18,3,3.6875203654490525,25,0.7578
COMP_001839,2024-03-08,67,69.73,3,13.714354288513759,46,0.1208
COMP_001840,2024-12-05,82,86.82,0,12.61811228316019,24,0.1061
COMP_001841,2023-04-11,91,62.73,0,4.361197471247015,28,0.3937
COMP_001841,2023-01-06,88,99.51,2,3.367389097754938,19,0.5845
COMP_001841,2020-01-15,91,66.07,0,6.055689880440191,31,0.3665
COMP_001842,2024-09-15,58,66.91,1,14.89043811767737,43,0.1023
COMP_001843,2023-11-29,79,71.71,2,4.76163909897248,46,0.4056
COMP_001843,2021-10-30,78,94.67,0,5.7402134431888125,39,0.5079
COMP_001844,2022-07-28,61,71.62,1,10.676473314072517,12,0.888
COMP_001844,2023-09-27,63,85.43,2,5.903221294950602,21,0.7572
COMP_001844,2020-06-01,59,41.26,5,11.492953447570471,7,0.5829
COMP_001845,2024-03-12,69,82.71,0,2.926684150216566,7,0.7725
COMP_001845,2022-01-02,67,67.13,1,4.9460655704249845,27,0.4204
COMP_001845,2022-08-26,66,74.2,3,2.1254739818872173,22,0.5598
COMP_001846,2021-09-04,55,30.45,2,15.949741703622385,35,0.775
COMP_001847,2022-06-01,62,71.58,3,14.940119741526356,47,0.7012
COMP_001847,2021-04-08,53,55.89,2,13.400786535305148,22,0.2692
COMP_001847,2022-06-13,61,98.78,2,11.739333992988948,3,0.7031
COMP_001848,2022-05-13,48,75.25,2,16.761361738232303,45,0.3498
COMP_001848,2021-11-14,44,37.53,1,12.118787985464254,8,0.6721
COMP_001848,2022-12-17,46,31.38,5,18.60923319438148,28,0.5985
COMP_001849,2021-05-24,93,74.75,0,6.826642363395468,18,0.4785
COMP_001850,2022-07-08,77,75.88,2,4.219831107579896,44,0.3972
COMP_001850,2024-06-27,75,82.69,0,8.043467851319447,9,0.3789
COMP_001851,2022-12-05,75,67.05,1,1.0,35,0.1817
COMP_001851,2023-12-14,70,63.51,2,1.0,44,0.8862
COMP_001852,2020-10-02,82,74.8,0,18.013923599385198,23,0.1042
COMP_001853,2020-03-05,97,83.77,0,7.381868107799409,5,0.4915
COMP_001854,2020-02-29,66,61.93,2,8.059822014964064,4,0.6577
COMP_001854,2024-06-09,70,70.34,2,3.7047389439523983,25,0.5717
COMP_001854,2024-01-13,70,74.54,3,8.195401019216519,35,0.3387
COMP_001855,2021-09-09,74,94.89,0,14.297015683434658,50,0.2432
COMP_001855,2023-10-09,73,89.62,1,10.932975292396389,11,0.425
COMP_001856,2022-03-28,62,60.68,1,15.965102734405123,12,0.6
COMP_001856,2020-02-09,70,71.37,0,4.382319015492449,14,0.344
COMP_001857,2021-11-25,92,81.74,0,13.107252695865117,17,0.2077
COMP_001857,2021-06-28,87,68.47,0,1.7239698123192284,13,0.5851
COMP_001857,2020-05-06,87,99.08,0,4.348527446658611,36,0.4287
COMP_001858,2022-07-10,50,37.52,3,10.486791956333922,46,0.4567
COMP_001858,2024-05-23,60,64.33,1,11.938181384374976,32,0.8517
COMP_001859,2024-03-30,51,39.72,1,1.0593514326342874,17,0.7488
COMP_001859,2020-10-03,48,78.08,3,1.8259009755489406,39,0.1757
COMP_001860,2021-12-29,95,62.66,0,13.143843812802585,3,0.1305
COMP_001860,2024-05-23,91,84.09,0,2.7635278179561906,32,0.7843
COMP_001861,2023-01-04,61,73.98,2,5.369755260350693,13,0.7702
COMP_001861,2023-04-11,64,66.04,2,18.887785240331155,13,0.103
COMP_001862,2024-05-21,85,98.38,0,2.2563284803892487,20,0.1281
COMP_001862,2023-03-31,80,89.69,3,18.08286191361829,3,0.4352
COMP_001863,2020-04-03,77,92.13,1,13.801078039506386,28,0.1672
COMP_001863,2020-01-15,85,85.64,0,2.5445439315878122,48,0.4953
COMP_001863,2022-11-19,81,77.17,0,12.07583039056593,14,0.2674
COMP_001864,2020-09-15,82,66.05,2,6.071180033820284,33,0.4728
COMP_001864,2024-06-24,90,77.21,0,9.432707617060789,8,0.8294
COMP_001864,2020-11-18,85,64.3,0,15.536989692819091,41,0.7684
COMP_001865,2020-02-03,48,31.85,4,1.0,10,0.1225
COMP_001866,2021-09-26,82,85.84,1,6.026883039508258,10,0.2478
COMP_001867,2023-01-01,76,96.0,1,14.73250501441091,3,0.2484
COMP_001867,2020-07-04,75,67.04,1,14.123451123581509,41,0.209
COMP_001868,2021-03-17,37,76.37,1,6.9613829433766385,36,0.1623
COMP_001869,2024-11-19,58,52.62,2,8.8614975779229,10,0.5945
COMP_001869,2021-07-03,60,60.35,1,6.378158308356835,8,0.4252
COMP_001869,2020-02-03,67,89.68,1,8.17297059953784,9,0.4794
COMP_001870,2022-07-10,53,35.88,1,9.65412583468836,36,0.4575
COMP_001871,2023-04-23,48,78.21,4,14.731051595784335,32,0.3359
COMP_001871,2021-10-03,51,56.67,5,8.088455845721654,23,0.1814
COMP_001871,2023-03-22,49,39.26,4,1.3791447453587218,3,0.5096
COMP_001872,2021-06-14,85,78.1,0,4.097677452833901,5,0.3581
COMP_001872,2021-12-26,90,77.24,0,1.3428025756435824,33,0.5367
COMP_001873,2021-11-19,52,53.6,4,4.169554066119405,36,0.293
COMP_001873,2021-07-02,46,63.35,3,11.437721260440906,45,0.6394
COMP_001873,2020-12-23,43,78.29,3,9.746971815758295,41,0.8501
COMP_001874,2020-10-06,84,72.69,0,1.0,18,0.4471
COMP_001874,2020-12-07,88,72.42,0,1.0,29,0.5159
COMP_001875,2020-04-21,35,61.16,5,1.114306287729818,28,0.4311
COMP_001875,2024-05-08,40,36.04,4,10.167264243164567,26,0.4261
COMP_001875,2023-04-24,40,41.09,4,15.195537461539947,3,0.8108
COMP_001876,2021-04-25,50,36.21,5,1.2718572952240008,42,0.1282
COMP_001877,2023-06-16,88,96.31,0,4.441717440308368,18,0.8657
COMP_001877,2021-12-30,95,68.39,0,3.716729455086247,33,0.7415
COMP_001877,2024-03-14,91,63.5,0,2.835295032283133,21,0.3577
COMP_001878,2021-09-01,49,77.17,5,13.68900303538984,11,0.6448
COMP_001879,2021-06-01,85,69.0,0,8.438420814773933,14,0.4957
COMP_001879,2020-02-13,76,80.91,1,12.916460483661922,37,0.8282
COMP_001879,2022-07-02,84,67.62,0,10.199467227320943,20,0.3952
COMP_001880,2022-07-06,60,60.41,5,5.955953896882318,9,0.1369
COMP_001880,2021-05-12,57,76.69,2,5.690483879271975,42,0.2064
COMP_001880,2020-08-24,60,72.17,5,3.0564910785201396,8,0.7977
COMP_001881,2024-12-16,42,44.4,5,17.44945036573204,3,0.5373
COMP_001881,2021-01-07,43,36.42,3,17.530950317315924,37,0.4512
COMP_001881,2023-06-03,42,30.54,4,6.92132977796076,16,0.3901
COMP_001882,2023-04-01,65,83.72,0,10.42318795889645,18,0.379
COMP_001882,2023-11-24,72,75.47,2,1.3813322021582066,33,0.7729
COMP_001883,2024-12-13,50,38.61,3,18.345699136154526,22,0.8308
COMP_001883,2024-02-15,52,41.76,1,1.0947428277516549,26,0.5848
COMP_001884,2024-02-22,68,87.51,0,2.338964568150227,19,0.7009
COMP_001884,2021-10-25,63,70.11,3,3.4998494639140048,9,0.2688
COMP_001885,2020-03-01,60,75.35,3,16.728608477781123,47,0.2534
COMP_001885,2021-11-18,57,57.5,5,1.0858231339053144,24,0.401
COMP_001886,2023-07-25,83,98.38,0,15.559090628361565,43,0.1092
COMP_001886,2023-01-17,76,88.22,0,3.3789758209630936,30,0.8592
COMP_001886,2023-12-30,80,93.46,2,12.04622021349391,34,0.5302
COMP_001887,2023-07-05,43,48.8,4,17.666064479091187,30,0.1714
COMP_001887,2020-08-20,51,70.62,4,11.609084854722028,5,0.2811
COMP_001888,2022-03-03,50,74.09,2,12.029796199869251,6,0.7057
COMP_001889,2021-09-20,50,62.7,2,2.3569619769028867,44,0.8814
COMP_001890,2021-04-27,97,91.92,0,11.934007768226419,3,0.7891
COMP_001891,2022-12-01,47,79.38,1,3.9139289184380557,47,0.892
COMP_001892,2022-12-17,78,71.53,1,11.956732805567583,23,0.5187
COMP_001892,2024-03-11,85,60.72,0,7.729406344732759,29,0.6569
COMP_001892,2022-01-27,79,96.3,2,6.017931002045146,21,0.4468
COMP_001893,2021-04-23,69,71.07,1,1.2644838686044562,5,0.2887
COMP_001893,2020-10-18,68,86.18,2,1.6653909508302216,17,0.3083
COMP_001893,2022-01-19,63,91.7,1,1.6159382106693745,12,0.5156
COMP_001894,2020-11-10,67,75.9,1,17.558162372012763,25,0.6602
COMP_001894,2023-10-17,62,69.66,2,19.333632420292517,35,0.7958
COMP_001894,2020-05-04,62,60.39,0,9.737404489148902,34,0.2188
COMP_001895,2020-03-17,52,70.12,4,19.94747998483159,36,0.7016
COMP_001896,2022-12-24,53,79.84,1,10.4657273317882,17,0.2855
COMP_001896,2022-03-11,47,60.88,1,5.1836648982425855,36,0.2915
COMP_001897,2023-12-10,45,47.25,3,2.8197187842887326,39,0.87
COMP_001898,2023-07-08,65,67.08,1,10.931938884255008,47,0.5851
COMP_001898,2020-08-17,60,42.79,1,14.48161365098244,6,0.1092
COMP_001899,2023-01-23,57,55.32,1,6.469331637316334,23,0.8652
COMP_001899,2022-05-06,57,76.19,3,14.359174813394569,22,0.806
COMP_001899,2020-03-28,61,72.67,0,19.574999627236846,19,0.3427
COMP_001900,2024-04-05,88,91.72,0,16.107085058772423,40,0.3248
COMP_001900,2022-09-21,90,97.26,0,12.270157037973163,46,0.3438
COMP_001900,2022-01-17,90,84.5,0,6.836990879293114,6,0.4547
COMP_001901,2022-03-30,58,54.13,1,17.3672284278471,10,0.4877
COMP_001902,2024-03-08,48,71.5,3,3.7208516780666834,16,0.254
COMP_001902,2021-06-19,52,49.82,2,2.79896098428116,43,0.6885
COMP_001903,2020-03-06,40,65.35,4,11.829393390315131,29,0.3139
COMP_001903,2024-09-18,37,78.89,1,6.174724519421059,9,0.1796
COMP_001903,2022-01-09,42,34.08,2,3.9733459110502265,48,0.3863
COMP_001904,2024-01-13,49,31.64,2,14.791990478028994,34,0.8714
COMP_001904,2021-11-11,42,45.24,2,2.1214561054055605,43,0.5736
COMP_001905,2020-07-24,60,55.19,3,13.07923810029038,31,0.2196
COMP_001905,2024-08-21,67,80.79,0,19.93053514142037,32,0.4544
COMP_001906,2022-09-02,48,78.65,1,17.758766690198115,49,0.5312
COMP_001906,2022-01-29,46,37.56,4,2.1910277729057848,39,0.1236
COMP_001907,2023-09-13,68,91.08,0,7.6653472080785985,24,0.4133
COMP_001907,2020-05-24,65,94.74,3,6.028567668017985,34,0.3019
COMP_001908,2020-07-09,93,99.85,0,8.183933851686188,16,0.315
COMP_001908,2022-05-02,95,70.83,0,2.4470612434877643,47,0.55
COMP_001909,2023-11-22,86,71.29,0,15.352051914077748,33,0.1948
COMP_001909,2024-07-01,88,63.53,0,4.301191388598777,24,0.8148
COMP_001910,2024-10-28,50,39.16,1,3.552847062182168,42,0.6595
COMP_001910,2022-07-21,51,32.32,4,10.387153087395337,47,0.1979
COMP_001911,2022-08-15,84,75.54,0,7.3928591098067775,7,0.708
COMP_001911,2022-04-09,90,86.77,0,3.2753894305642737,35,0.5339
COMP_001912,2022-02-21,50,79.72,4,13.404120134116562,20,0.8677
COMP_001913,2021-12-08,81,83.27,0,3.576018221677048,29,0.3542
COMP_001913,2023-10-05,81,74.54,0,2.9084828209416704,12,0.1646
COMP_001913,2020-04-28,90,69.95,2,12.271892041540525,43,0.5704
COMP_001914,2021-07-26,70,63.2,2,1.187410006278368,20,0.1326
COMP_001914,2024-11-24,67,88.85,1,6.177059143663509,27,0.7681
COMP_001915,2020-01-17,38,52.59,1,19.932215737792077,22,0.5432
COMP_001915,2024-08-09,35,74.6,3,5.0020914618388375,6,0.3976
COMP_001916,2022-07-25,80,87.65,3,12.558398904396583,43,0.6592
COMP_001916,2023-02-06,71,98.87,0,15.504492927443959,8,0.5884
COMP_001917,2020-05-23,91,65.15,0,8.975017030779945,21,0.5471
COMP_001918,2023-11-11,42,33.44,4,10.166452836496099,10,0.3965
COMP_001918,2022-05-20,43,69.16,4,9.228722085153578,35,0.4626
COMP_001918,2020-07-26,36,48.44,4,9.512066919053092,15,0.5595
COMP_001919,2020-08-12,73,66.85,1,1.896773525813133,25,0.5211
COMP_001919,2021-11-12,67,97.48,2,9.895866384184124,27,0.5038
COMP_001920,2024-05-25,88,93.25,0,3.2836824666482567,19,0.8851
COMP_001920,2022-06-15,84,65.55,2,13.005915329229419,30,0.3226
COMP_001920,2024-03-03,85,70.89,0,19.985883758039556,34,0.2747
COMP_001921,2024-03-21,81,64.28,0,14.42730603544355,7,0.3113
COMP_001921,2021-04-28,87,73.69,1,7.64457250644354,38,0.3637
COMP_001922,2021-11-20,48,41.92,4,1.2455359051057666,18,0.8997
COMP_001922,2022-10-28,47,52.97,2,3.9878122106553255,18,0.7149
COMP_001923,2024-11-30,88,81.48,0,12.72293392205478,25,0.3567
COMP_001923,2024-10-18,88,88.97,0,6.303457594575027,27,0.4441
COMP_001924,2020-08-08,52,75.56,1,2.8745652219269644,49,0.1638
COMP_001925,2023-01-12,50,66.84,3,1.9474372585618398,37,0.7107
COMP_001925,2022-12-30,48,60.3,4,9.054728028236537,27,0.4938
COMP_001925,2023-09-13,44,32.37,1,2.997820365178728,18,0.5992
COMP_001926,2024-12-13,59,75.03,1,4.280047611824402,34,0.3431
COMP_001927,2021-04-22,72,86.11,0,1.0,32,0.4039
COMP_001927,2024-07-10,63,62.64,3,1.0,12,0.4784
COMP_001927,2021-09-27,69,69.75,2,1.0,39,0.2604
COMP_001928,2023-12-05,47,33.53,3,5.296098486822562,13,0.5297
COMP_001929,2024-08-16,57,47.33,5,16.60358328725926,50,0.308
COMP_001930,2021-01-18,72,70.11,1,11.144580510995791,21,0.7913
COMP_001930,2022-03-13,62,80.24,3,17.513911733484832,8,0.5198
COMP_001930,2023-11-26,70,75.57,2,12.034757024778848,38,0.5514
COMP_001931,2021-10-13,93,66.4,0,10.40268521729852,17,0.5899
COMP_001931,2023-11-16,84,99.96,0,10.650280838324198,8,0.2624
COMP_001931,2024-11-02,85,78.86,0,3.1906877658469095,48,0.4805
COMP_001932,2022-02-08,70,98.06,1,3.7167705503452875,30,0.696
COMP_001932,2023-08-10,73,88.22,3,13.31487531729597,7,0.5017
COMP_001932,2022-05-26,73,82.36,1,19.769973142565497,8,0.1535
COMP_001933,2024-01-31,77,96.05,3,8.340196018088658,6,0.327
COMP_001933,2021-07-15,75,92.16,2,1.5818364253835857,35,0.6874
COMP_001933,2022-05-17,72,73.79,3,13.456821673541096,4,0.374
COMP_001934,2022-01-26,74,78.74,1,1.826770177593687,33,0.7976
COMP_001934,2020-04-29,71,79.4,3,1.151414382488292,19,0.8127
COMP_001934,2022-12-03,70,92.16,1,1.7952870536545043,29,0.7415
COMP_001935,2024-09-23,90,97.48,2,1.5340241134447972,22,0.2195
COMP_001935,2023-07-02,88,95.25,0,4.663769546450107,23,0.7053
COMP_001935,2023-12-02,90,69.5,0,2.1248442545535906,29,0.4869
COMP_001936,2022-12-30,54,54.43,4,10.025430840338224,3,0.7097
COMP_001936,2020-01-03,60,36.71,2,17.71337907513669,40,0.7306
COMP_001937,2022-12-19,80,74.98,1,11.694347261360369,7,0.1057
COMP_001937,2022-10-14,76,73.51,2,13.510168581182008,32,0.5455
COMP_001937,2023-10-26,74,84.61,1,15.950938104909195,46,0.1612
COMP_001938,2020-12-25,87,70.76,0,11.48325843806739,4,0.7153
COMP_001938,2024-08-18,81,88.28,0,7.956185737620542,28,0.2745
COMP_001938,2023-11-04,80,89.66,2,13.599680507580304,48,0.2684
COMP_001939,2024-09-18,46,65.24,2,3.0045981614184827,21,0.4377
COMP_001939,2021-07-08,40,56.7,1,9.561507038377208,20,0.1457
COMP_001939,2020-10-03,47,43.74,2,12.051852393345087,38,0.583
COMP_001940,2023-07-07,67,78.81,0,4.4009826141998065,40,0.5754
COMP_001940,2023-09-02,67,91.36,2,4.482802396597568,8,0.8434
COMP_001941,2020-09-22,92,88.14,0,15.686674546980095,17,0.5684
COMP_001941,2023-09-22,91,98.35,0,4.758786723024341,14,0.5803
COMP_001942,2023-02-02,40,72.41,3,1.4478289638546031,28,0.1754
COMP_001942,2022-01-04,39,61.03,5,6.084511492366976,18,0.5808
COMP_001942,2020-03-25,37,63.97,3,15.239732271317576,13,0.413
COMP_001943,2024-01-17,99,61.51,0,11.892733104229347,47,0.1281
COMP_001943,2023-02-24,91,90.61,0,19.99558639357037,19,0.443
COMP_001943,2022-07-27,90,76.4,0,18.704011956874787,41,0.1554
COMP_001944,2023-12-25,77,70.66,3,11.347935534830405,43,0.8085
COMP_001945,2020-12-06,67,83.29,3,19.488448791884984,46,0.2333
COMP_001945,2023-10-02,59,62.32,1,18.182628306728464,30,0.5159
COMP_001945,2021-07-25,62,78.02,3,4.855887201683105,47,0.7721
COMP_001946,2024-03-27,44,33.15,3,19.052376856144928,37,0.3603
COMP_001947,2021-03-22,81,63.87,0,9.320827653496929,38,0.2687
COMP_001947,2020-03-28,81,71.38,0,7.634858862739118,36,0.6445
COMP_001948,2023-07-20,81,81.25,0,6.5410633534833345,29,0.7178
COMP_001948,2023-07-03,82,65.72,0,6.634453331232253,27,0.5953
COMP_001949,2020-01-07,57,66.52,3,3.3857122085805518,49,0.108
COMP_001950,2020-11-18,85,82.74,0,11.029239229771083,42,0.4372
COMP_001950,2020-12-06,90,94.33,1,6.623626574590502,36,0.7102
COMP_001950,2024-01-30,82,83.4,0,11.899118933477592,50,0.7271
COMP_001951,2023-10-09,62,65.0,3,5.601957816025831,20,0.7363
COMP_001951,2022-10-08,58,49.5,4,5.508128029103295,24,0.1041
COMP_001951,2021-12-15,57,76.69,1,3.9378707542007114,25,0.1585
COMP_001952,2022-09-19,70,79.96,2,2.385685928553874,12,0.6821
COMP_001952,2021-01-23,68,82.21,0,5.924805287076202,38,0.6308
COMP_001952,2024-03-08,78,90.75,1,8.706156923908129,33,0.4707
COMP_001953,2021-11-30,47,70.62,1,13.598229342858488,4,0.8866
COMP_001954,2024-02-16,89,73.03,0,5.4079086112405585,50,0.7015
COMP_001955,2023-06-07,44,43.33,4,2.283759808195919,26,0.2471
COMP_001955,2023-11-29,38,43.15,2,7.6530939337241675,14,0.1971
COMP_001955,2020-08-31,43,36.58,5,3.1992501375857594,38,0.3305
COMP_001956,2020-01-26,52,74.59,4,7.414599505504366,7,0.1941
COMP_001957,2022-05-22,67,92.12,2,14.266952283916567,45,0.6064
COMP_001957,2024-02-09,71,89.6,0,3.9557663598563,28,0.2406
COMP_001958,2023-12-04,59,55.49,1,5.7603087034226865,24,0.2563
COMP_001959,2021-04-04,75,69.65,1,18.32155121035798,36,0.8578
COMP_001959,2022-01-28,76,72.43,3,1.986145533871496,11,0.5727
COMP_001960,2023-10-20,57,38.24,3,6.4037897529962375,24,0.4565
COMP_001961,2023-06-20,43,76.61,2,15.21756282047909,3,0.2682
COMP_001961,2020-08-26,43,36.65,4,3.994632717453216,45,0.1126
COMP_001962,2024-11-18,58,41.93,4,15.617917099582641,5,0.2533
COMP_001962,2020-02-17,50,78.47,2,4.815115650934706,16,0.2262
COMP_001962,2023-10-19,59,32.08,4,17.59676564441474,13,0.5986
COMP_001963,2024-05-28,44,64.27,4,2.689566693614212,7,0.6306
COMP_001963,2023-08-31,45,71.43,4,1.3944826411812974,20,0.8733
COMP_001963,2023-11-28,47,47.18,2,3.3811308262306663,42,0.7211
COMP_001964,2022-12-13,75,84.93,0,18.61532150760321,5,0.6671
COMP_001965,2021-07-12,66,83.64,3,6.523503580736745,49,0.7263
COMP_001965,2023-11-05,64,92.53,1,5.221016490465398,26,0.7248
COMP_001966,2021-01-06,66,88.42,3,19.0415323090272,3,0.1715
COMP_001966,2022-06-22,63,73.39,1,1.0230839488410348,28,0.2513
COMP_001966,2023-10-08,70,81.03,1,11.502346638401374,29,0.8787
COMP_001967,2024-01-04,98,65.03,0,13.610852714817701,24,0.35
COMP_001968,2021-10-21,94,65.68,0,19.525721530107923,32,0.769
COMP_001968,2023-05-01,92,69.74,0,14.27233724554279,25,0.3841
COMP_001969,2022-01-02,90,68.34,1,1.0,46,0.8854
COMP_001969,2023-09-14,97,88.22,0,1.0,30,0.2827
COMP_001969,2020-03-01,99,96.69,0,1.0,22,0.8251
COMP_001970,2023-07-11,41,74.21,1,9.814446866653523,28,0.2609
COMP_001970,2023-03-16,50,44.31,4,7.320257869046275,35,0.7391
COMP_001970,2024-04-10,43,57.64,3,7.692398208091321,32,0.2731
COMP_001971,2023-06-19,43,76.8,1,3.5705676600774185,27,0.2871
COMP_001971,2020-07-08,45,58.46,3,3.140978130548073,27,0.2992
COMP_001972,2023-12-14,84,64.11,0,17.967532981940487,34,0.5133
COMP_001973,2022-08-29,80,97.87,3,1.0,19,0.118
COMP_001973,2020-03-03,81,85.63,2,1.0,49,0.7259
COMP_001974,2021-03-23,51,78.12,4,18.821184027599024,49,0.4041
COMP_001975,2023-01-22,96,62.59,0,9.4786973349922,32,0.5509
COMP_001976,2022-07-22,81,64.66,0,17.572561794149177,48,0.304
COMP_001977,2021-03-09,50,70.86,5,9.342354858456416,19,0.2785
COMP_001977,2023-06-20,55,64.04,4,4.816248207133243,33,0.7853
COMP_001978,2022-10-16,46,70.17,2,8.454110076203882,21,0.7353
COMP_001979,2021-07-28,44,78.8,3,18.566958640260523,14,0.8032
COMP_001980,2023-12-10,79,75.61,3,1.9671302140742286,15,0.3855
COMP_001980,2024-01-27,76,85.95,3,1.0923956012994487,12,0.143
COMP_001981,2021-10-02,75,73.43,0,2.468146190341276,42,0.6914
COMP_001981,2021-10-22,75,62.81,0,1.0077334092439272,24,0.4257
COMP_001982,2020-04-10,45,50.33,1,1.189391982027916,33,0.4532
COMP_001982,2021-12-10,42,70.48,3,1.7862306341019496,37,0.5025
COMP_001983,2022-09-17,85,77.3,0,5.080942926932469,27,0.3981
COMP_001983,2024-02-27,85,99.55,0,11.327279051037179,28,0.5545
COMP_001984,2020-09-05,77,60.69,0,18.672886002078183,17,0.3841
COMP_001984,2024-06-14,76,64.53,3,9.733751400473091,15,0.5997
COMP_001985,2020-10-30,46,32.69,3,6.135891267574464,17,0.2911
COMP_001986,2022-02-21,70,81.46,1,13.35773202511519,35,0.8333
COMP_001987,2021-05-26,80,70.37,2,10.415355836189121,16,0.5637
COMP_001988,2021-10-26,75,94.63,2,11.021327327279927,39,0.8259
COMP_001988,2023-07-20,76,91.38,3,7.548650426388595,46,0.4531
COMP_001989,2021-02-17,46,48.14,4,8.15302781850274,39,0.8344
COMP_001989,2020-09-27,49,52.41,3,4.794304888021132,3,0.6877
COMP_001989,2023-01-27,53,57.13,2,7.418076068256118,22,0.2694
COMP_001990,2022-03-24,45,69.86,1,17.265548460632132,48,0.691
COMP_001991,2022-03-15,74,95.53,3,8.274890330221346,30,0.8844
COMP_001991,2024-06-11,72,84.75,2,12.46718793293882,50,0.3587
COMP_001992,2021-11-22,37,42.64,5,2.988793811889778,31,0.4831
COMP_001992,2022-03-10,38,30.08,5,18.582362580640076,3,0.4422
COMP_001992,2024-02-20,45,62.73,1,3.2663389078955003,42,0.269
COMP_001993,2020-03-04,84,96.55,0,8.574681672354853,21,0.7987
COMP_001994,2023-08-08,67,67.75,2,3.5606998256147078,22,0.2197
COMP_001995,2023-08-12,76,88.95,3,8.851110757249462,36,0.2821
COMP_001995,2022-07-01,71,63.23,2,5.090785383759308,10,0.3411
COMP_001996,2023-11-06,59,46.07,1,13.691941930246344,48,0.7757
COMP_001997,2024-09-17,100,63.08,0,2.4796052778075857,8,0.5989
COMP_001998,2021-11-15,72,80.65,2,4.568928337746231,15,0.682
COMP_001999,2024-12-15,83,74.16,0,9.770070992503207,18,0.3089
COMP_002000,2024-06-29,60,63.77,2,15.458000463771764,46,0.8859
COMP_002001,2024-04-01,88,99.31,0,14.79468950196308,24,0.3861
COMP_002001,2021-06-19,81,85.28,0,6.331374293587054,10,0.3601
COMP_002001,2022-01-31,87,95.66,0,13.104369914379022,12,0.2829
COMP_002002,2022-11-30,56,32.17,1,9.016969359760312,22,0.8121
COMP_002002,2020-04-02,49,55.31,2,19.44130175574797,45,0.5299
COMP_002002,2020-11-04,56,53.62,1,14.243926339504005,42,0.7829
COMP_002003,2020-01-30,79,84.81,1,13.153450403221417,40,0.3399
COMP_002004,2024-08-04,43,73.43,1,17.33751039683904,11,0.7971
COMP_002004,2020-02-15,48,36.48,3,19.75718669810749,10,0.5006
COMP_002005,2021-10-02,67,73.99,2,7.231912422811428,41,0.297
COMP_002006,2021-02-05,82,71.88,0,7.553252245421224,13,0.4909
COMP_002007,2024-01-30,43,65.41,1,3.948978647649607,37,0.6518
COMP_002008,2022-12-28,91,98.86,2,9.9144592604904,11,0.5952
COMP_002009,2022-01-08,82,76.96,0,19.730623521523697,20,0.1357
COMP_002009,2024-08-15,88,73.28,0,10.731475767576102,6,0.6967
COMP_002009,2021-04-18,85,75.92,0,3.1772207285950422,9,0.4246
COMP_002010,2023-07-02,80,94.9,1,5.624597939028663,23,0.5685
COMP_002010,2023-12-11,89,67.5,2,2.3953099745452864,26,0.3465
COMP_002011,2022-05-24,72,91.27,2,12.523498183741033,25,0.1433
COMP_002011,2024-09-26,70,79.7,2,5.365717956262612,39,0.1887
COMP_002011,2020-10-20,70,90.68,3,13.859504607053697,17,0.8063
COMP_002012,2020-12-08,71,87.93,1,2.8297147984843827,41,0.668
COMP_002013,2020-09-07,54,55.06,2,7.376030547184156,18,0.764
COMP_002013,2022-05-02,51,72.5,3,6.022486852870305,8,0.4515
COMP_002014,2024-05-11,91,60.35,0,14.859614008443275,23,0.821
COMP_002015,2023-04-28,73,90.16,0,4.722060746695207,49,0.7988
COMP_002016,2022-06-25,60,31.18,1,1.676032878742524,31,0.6145
COMP_002017,2021-01-27,91,70.68,0,13.580982832455181,40,0.1474
COMP_002018,2024-09-07,45,69.93,3,18.277692490572413,36,0.2247
COMP_002019,2024-10-09,54,51.07,3,3.0627867933797157,19,0.2132
COMP_002019,2024-06-12,52,39.61,3,5.36058764132111,32,0.4274
COMP_002020,2021-04-05,97,64.14,0,3.732380251886287,27,0.2212
COMP_002020,2022-03-27,90,92.77,0,1.4969099165715214,9,0.8788
COMP_002021,2020-06-18,65,81.31,2,13.872786190042628,14,0.3536
COMP_002022,2022-06-22,82,97.08,0,1.6875222308249593,6,0.378
COMP_002022,2023-10-27,80,94.95,0,1.8983619630915114,27,0.4524
COMP_002022,2024-10-19,82,63.15,0,1.6555468230847763,18,0.2683
COMP_002023,2021-08-17,52,40.2,4,15.127650595196947,10,0.7229
COMP_002023,2021-03-28,52,67.69,3,19.119864174290615,14,0.3336
COMP_002024,2020-05-25,81,82.28,0,11.02901031845225,24,0.3377
COMP_002024,2020-07-31,85,68.52,0,16.117306850371563,26,0.4615
COMP_002024,2020-05-27,88,68.24,1,17.80669003262487,47,0.754
COMP_002025,2021-04-22,80,70.4,0,11.047904644295976,3,0.2316
COMP_002026,2021-05-19,96,79.05,0,17.112282464329827,6,0.2786
COMP_002026,2022-09-03,97,62.18,0,10.697368968668687,13,0.218
COMP_002027,2021-04-01,40,66.16,3,19.515815946291454,13,0.7759
COMP_002028,2023-05-14,59,31.13,2,13.662329861671687,3,0.7945
COMP_002028,2023-02-22,64,97.07,3,14.094612395780427,28,0.148
COMP_002029,2024-03-08,89,76.26,0,8.607361489082031,12,0.5664
COMP_002029,2022-12-14,86,91.7,0,9.249979656153934,48,0.3455
COMP_002029,2023-09-20,82,93.39,0,12.585312567889073,38,0.1424
COMP_002030,2022-09-08,65,83.03,2,3.818154273418761,17,0.6629
COMP_002030,2024-11-16,71,92.01,1,4.962095106231759,48,0.6362
COMP_002031,2022-06-06,79,74.88,2,14.275474046912283,21,0.2001
COMP_002031,2021-07-20,85,61.66,0,5.233929688882116,30,0.1336
COMP_002031,2020-09-08,82,85.26,0,9.316223433379527,38,0.6771
COMP_002032,2021-03-16,79,79.97,0,3.725448528505374,30,0.1356
COMP_002032,2024-11-25,82,96.41,0,4.967648868664723,29,0.7108
COMP_002032,2021-05-16,81,91.95,0,7.560377687484497,29,0.1451
COMP_002033,2024-01-24,61,76.25,1,14.981770892817554,9,0.558
COMP_002033,2020-06-27,61,60.85,0,14.670134713498738,12,0.135
COMP_002033,2020-08-24,66,87.0,2,7.8272948530424244,46,0.7381
COMP_002034,2023-12-17,63,63.44,2,2.9197831111667525,5,0.6756
COMP_002034,2023-10-25,64,71.94,2,4.412723685977058,3,0.7199
COMP_002035,2024-12-14,63,65.95,3,1.1183807080739223,9,0.774
COMP_002035,2021-12-18,66,72.78,1,14.119869653910632,49,0.1171
COMP_002035,2024-07-16,70,69.51,3,11.389814097551318,45,0.6234
COMP_002036,2020-11-03,84,88.35,0,4.4896846415058285,15,0.2634
COMP_002036,2021-09-22,85,84.28,0,8.925528768043366,4,0.2332
COMP_002036,2021-07-06,75,72.88,3,9.608125653412417,8,0.7878
COMP_002037,2024-08-02,55,49.69,5,12.197867569923734,33,0.681
COMP_002038,2024-12-30,42,57.82,3,16.784346575440406,19,0.4735
COMP_002039,2022-04-21,69,72.65,1,9.228684793189993,40,0.5886
COMP_002040,2022-07-26,85,99.6,0,1.0,49,0.8324
COMP_002040,2021-08-09,90,95.68,0,1.0,7,0.8807
COMP_002041,2021-02-11,81,98.15,0,2.353161369878542,30,0.209
COMP_002041,2023-03-24,80,79.44,0,2.895702284435939,38,0.5125
COMP_002042,2022-08-02,66,94.59,2,4.057007098898767,34,0.1164
COMP_002042,2020-07-24,67,73.85,3,9.136322579977717,24,0.4224
COMP_002042,2020-07-16,63,99.46,1,4.057430312535294,24,0.6775
COMP_002043,2021-07-19,90,79.96,1,3.755763438982613,10,0.4184
COMP_002044,2021-05-13,93,81.1,0,2.5808260459335672,4,0.3154
COMP_002044,2024-10-18,90,90.28,0,16.382951880084946,7,0.166
COMP_002044,2024-05-23,90,81.52,0,2.907523299814952,36,0.8856
COMP_002045,2022-04-29,54,71.14,4,10.977883057526432,22,0.8713
COMP_002045,2021-05-10,55,56.56,5,2.441153323516238,15,0.5234
COMP_002046,2023-10-11,88,61.28,0,2.2468852186491453,15,0.1126
COMP_002046,2024-06-28,86,71.63,0,4.258190966156217,43,0.7511
COMP_002046,2024-12-21,95,62.12,0,3.7014288719291386,8,0.3298
COMP_002047,2021-08-02,94,93.53,0,11.179128510740066,31,0.2419
COMP_002047,2022-09-07,93,94.01,0,15.996090591708995,44,0.8642
COMP_002048,2023-10-11,53,68.37,1,1.8915095281855274,13,0.6233
COMP_002048,2020-08-31,52,72.1,2,1.1441796119909688,10,0.1959
COMP_002048,2020-04-04,53,33.85,1,4.1546345475294615,26,0.8955
COMP_002049,2021-10-26,65,78.48,0,1.0654887222918703,17,0.828
COMP_002049,2020-05-05,66,69.38,3,2.347116996286742,29,0.4871
COMP_002050,2021-07-19,86,63.6,0,18.9258363365169,7,0.5192
COMP_002050,2020-10-24,85,94.02,0,9.708114651060274,46,0.7384
COMP_002050,2023-10-17,84,76.98,2,5.987296639329077,41,0.1027
COMP_002051,2020-02-04,52,35.12,5,11.333144882710341,6,0.8083
COMP_002051,2022-11-06,56,47.01,3,10.589668802183937,42,0.8443
COMP_002052,2023-09-26,55,48.16,5,18.58625266953986,29,0.2049
COMP_002053,2024-10-25,81,61.34,0,5.783243172377044,15,0.4588
COMP_002054,2021-12-15,49,34.79,3,13.20407587888613,13,0.74
COMP_002054,2021-06-09,53,36.63,4,6.139089526620518,16,0.5929
COMP_002055,2020-09-27,95,90.12,0,18.403217435146196,10,0.6936
COMP_002055,2024-07-26,95,71.9,1,8.428460429579005,11,0.7926
COMP_002055,2023-01-23,99,82.25,0,11.748359406536716,24,0.7507
COMP_002056,2020-01-16,67,85.94,0,1.302975783715107,3,0.1936
COMP_002057,2021-02-27,64,87.25,0,9.021553804643546,32,0.5637
COMP_002057,2024-05-31,71,93.12,3,14.455021623487907,48,0.4259
COMP_002057,2020-07-11,68,67.83,0,3.7196091489743512,4,0.7314
COMP_002058,2021-08-22,90,69.25,0,11.615296332453843,26,0.2001
COMP_002058,2022-03-14,94,90.81,0,5.743878153733648,26,0.438
COMP_002058,2020-02-26,86,64.33,0,9.035397135168065,22,0.3003
COMP_002059,2022-07-18,72,89.2,2,19.301188119784733,45,0.2592
COMP_002059,2022-04-25,75,81.48,1,10.502177292294768,35,0.1589
COMP_002060,2021-08-18,74,69.15,0,1.8388432742812255,11,0.675
COMP_002061,2024-11-29,81,70.77,0,11.63666856013183,15,0.4263
COMP_002061,2020-12-21,83,63.67,0,2.645249628979673,7,0.1133
COMP_002061,2020-02-15,80,92.96,3,7.713137697359568,47,0.6009
COMP_002062,2024-09-14,91,82.3,1,1.6226127036268172,9,0.8356
COMP_002063,2020-01-29,50,39.83,4,11.698028777822694,48,0.3659
COMP_002064,2024-07-27,74,63.04,1,4.820299938822508,3,0.7096
COMP_002065,2020-01-16,74,77.8,1,19.52072252616505,17,0.8693
COMP_002066,2020-02-23,67,89.78,0,1.592293082143243,28,0.7362
COMP_002066,2020-01-10,70,82.33,1,17.53082472891117,42,0.3796
COMP_002067,2021-03-14,50,38.73,1,2.0464767317670454,19,0.137
COMP_002067,2024-10-03,52,39.49,2,4.321301378811636,29,0.2035
COMP_002068,2021-07-24,68,96.93,3,19.9891353242728,38,0.6593
COMP_002068,2023-09-17,76,90.21,3,8.157351706273385,21,0.8085
COMP_002068,2023-09-05,71,71.85,1,16.70045523421391,40,0.6313
COMP_002069,2024-04-22,48,30.37,2,19.57801603122245,20,0.6136
COMP_002070,2023-10-02,64,91.7,1,12.646415711231342,46,0.7622
COMP_002071,2023-12-02,72,72.8,2,5.224851115502484,40,0.8707
COMP_002072,2020-07-26,80,89.48,2,8.320678816588408,46,0.1884
COMP_002073,2023-05-16,89,71.28,0,6.449088236661069,12,0.6009
COMP_002074,2021-07-24,63,94.34,1,9.734528357460661,11,0.8809
COMP_002075,2020-10-29,55,58.67,3,9.902277366051322,49,0.6847
COMP_002076,2022-05-20,60,75.74,3,1.0,26,0.449
COMP_002076,2020-09-15,60,41.25,4,1.0,4,0.3599
COMP_002077,2022-12-27,80,90.35,1,10.814122993630068,25,0.6843
COMP_002077,2023-06-23,88,86.86,0,19.38501640217069,37,0.829
COMP_002078,2020-06-02,80,88.33,0,15.42649623289667,25,0.7599
COMP_002078,2024-05-10,82,75.68,0,3.009633188626015,24,0.4508
COMP_002079,2020-04-05,64,93.12,0,16.92091078884012,7,0.887
COMP_002079,2020-04-04,64,95.51,3,2.201513823814338,37,0.8011
COMP_002080,2022-11-25,51,30.53,4,3.186206003880163,19,0.7311
COMP_002081,2023-03-17,95,78.3,0,10.961797401550823,43,0.4601
COMP_002081,2024-02-27,94,73.38,0,2.3191040139750907,20,0.8481
COMP_002082,2022-12-24,82,99.75,0,1.0,50,0.2429
COMP_002082,2021-04-19,86,97.31,0,1.0,10,0.1543
COMP_002083,2024-04-12,62,69.8,2,2.6345379371299753,34,0.6648
COMP_002083,2023-05-08,62,85.59,2,4.074814613702715,15,0.3138
COMP_002083,2022-08-05,67,75.92,2,3.0737922511088076,27,0.146
COMP_002084,2021-12-14,91,99.92,1,12.549965427051825,12,0.7633
COMP_002084,2023-04-28,89,92.08,0,3.3743077139254214,50,0.8122
COMP_002084,2023-03-15,91,88.99,0,15.078301307720457,39,0.4838
COMP_002085,2021-04-18,42,30.64,5,1.988343575327756,36,0.6127
COMP_002086,2024-08-06,93,93.21,2,8.962164728901259,39,0.2832
COMP_002086,2021-12-02,94,85.19,1,10.05886284337115,15,0.3874
COMP_002087,2022-11-30,84,65.87,2,5.991003715272138,6,0.386
COMP_002087,2023-03-12,82,94.51,0,1.0787721936941428,29,0.8438
COMP_002088,2022-01-19,76,60.38,3,5.420581794672862,50,0.184
COMP_002088,2021-02-20,74,92.11,2,6.064825233054913,44,0.5337
COMP_002089,2022-01-30,79,97.92,0,8.308627374130813,38,0.2143
COMP_002089,2020-03-11,76,79.74,0,12.48875090798973,30,0.1803
COMP_002089,2022-12-23,78,97.24,3,3.897520573505169,49,0.2292
COMP_002090,2021-12-20,63,73.0,1,9.163800789412527,45,0.7019
COMP_002091,2020-12-14,72,71.71,0,9.807877614391948,36,0.4678
COMP_002092,2023-01-11,84,61.57,0,5.142086811048476,21,0.6962
COMP_002092,2021-02-03,82,88.1,0,5.870473247945451,10,0.7311
COMP_002092,2020-11-30,84,98.03,0,7.744990035384782,21,0.2021
COMP_002093,2021-10-09,92,70.94,0,3.5142705409304202,32,0.2532
COMP_002093,2024-07-26,92,98.95,0,9.760649926618841,45,0.6926
COMP_002094,2022-03-08,83,87.6,0,5.4644426367781636,36,0.2299
COMP_002095,2024-05-22,86,80.34,0,11.090740432317002,35,0.7092
COMP_002095,2024-10-14,84,87.94,0,12.266177719954939,21,0.1943
COMP_002096,2022-04-05,51,38.58,2,8.168029762054214,5,0.8777
COMP_002097,2022-11-17,69,80.9,1,6.877442851826204,42,0.1146
COMP_002098,2024-08-12,50,62.19,4,8.989917983162071,31,0.1131
COMP_002098,2024-06-09,49,66.89,1,2.317236930699919,30,0.5485
COMP_002098,2022-02-05,49,73.74,5,7.665834863208337,19,0.3149
COMP_002099,2020-12-20,91,73.77,0,3.7990124415402526,31,0.4275
COMP_002099,2021-07-11,88,83.29,0,2.0773076574477485,15,0.7958
COMP_002099,2020-08-04,90,67.73,0,2.9608337746339473,38,0.7206
COMP_002100,2020-07-06,47,52.02,5,12.605989413769676,20,0.6265
COMP_002100,2022-12-21,48,41.74,4,18.046267035216285,25,0.2309
COMP_002100,2024-06-03,42,53.45,1,12.43928587308077,10,0.4684
COMP_002101,2023-05-19,88,61.4,0,9.371203147275605,17,0.174
COMP_002101,2020-07-27,81,69.98,0,3.601504338846561,7,0.1249
COMP_002102,2024-06-21,53,70.41,2,12.787809305837973,34,0.6348
COMP_002103,2022-05-02,43,32.86,1,2.5271232203411174,6,0.1576
COMP_002103,2021-08-12,40,49.12,1,3.1430672560585196,23,0.8873
COMP_002103,2021-11-24,45,75.17,2,4.91876442382631,9,0.6439
COMP_002104,2020-02-16,46,77.61,4,8.998900503239412,42,0.3054
COMP_002104,2023-08-09,50,50.64,4,2.389165758829611,18,0.8761
COMP_002105,2020-11-09,84,86.72,0,18.26684686660179,31,0.7269
COMP_002105,2022-08-09,83,98.2,0,18.662812499826234,47,0.746
COMP_002105,2022-07-23,91,88.4,0,15.357993428362462,21,0.6512
COMP_002106,2022-06-13,95,92.12,0,18.921463212668932,18,0.3372
COMP_002107,2022-04-18,54,51.48,2,7.607824826978033,3,0.2573
COMP_002107,2023-06-24,57,54.87,3,5.162008028712697,41,0.6737
COMP_002107,2022-08-13,51,61.62,2,18.15379073775836,38,0.8634
COMP_002108,2024-03-10,45,54.53,1,13.165441897968837,29,0.6656
COMP_002108,2024-12-30,43,75.04,4,2.5586156005075114,33,0.1558
COMP_002109,2020-08-15,76,93.61,2,17.260868948638457,36,0.8322
COMP_002109,2023-07-01,75,86.24,1,14.327464180546396,17,0.1601
COMP_002109,2023-04-10,73,96.95,1,8.655645317635653,26,0.3199
COMP_002110,2024-04-23,39,68.72,4,14.159513870903528,29,0.6062
COMP_002110,2020-10-30,45,41.13,4,8.969104061359511,17,0.1102
COMP_002110,2020-06-20,41,36.55,2,14.209664348628765,32,0.103
COMP_002111,2021-03-19,79,66.95,1,8.490586634430974,24,0.4723
COMP_002111,2023-07-02,85,98.64,0,18.612669958459342,26,0.8924
COMP_002111,2022-11-08,79,80.33,3,4.571775510698474,21,0.4005
COMP_002112,2022-06-01,72,81.5,2,2.7005761801980914,17,0.2229
COMP_002113,2022-01-12,49,37.72,4,2.338228917248925,7,0.8134
COMP_002114,2023-11-11,80,89.52,2,2.29176875150096,18,0.1189
COMP_002114,2022-07-15,83,99.88,0,4.721400683096875,26,0.5305
COMP_002114,2024-11-13,90,90.46,0,4.220440160724605,43,0.779
COMP_002115,2022-02-14,88,69.95,2,5.886234932686821,4,0.2571
COMP_002115,2022-12-11,90,90.63,0,2.853258791100272,30,0.2356
COMP_002116,2023-04-05,90,66.66,0,1.670480745761998,26,0.4785
COMP_002117,2020-04-13,86,84.29,0,2.014670106997825,4,0.1082
COMP_002117,2024-10-10,88,99.36,0,6.397369091317269,48,0.8061
COMP_002118,2023-11-22,76,92.82,3,2.3094820492587664,5,0.2661
COMP_002118,2022-02-03,80,98.47,0,14.046200006379658,10,0.1239
COMP_002119,2021-05-03,71,87.19,3,5.183139023101157,26,0.7028
COMP_002119,2023-09-18,75,89.19,3,6.494032278059195,35,0.6375
COMP_002120,2021-05-19,50,51.22,3,5.485308038303116,3,0.1043
COMP_002120,2021-02-09,48,76.52,1,8.456928968759527,23,0.3609
COMP_002120,2023-10-05,53,44.67,1,5.571388997869958,29,0.3767
COMP_002121,2023-03-24,65,74.56,2,1.0,6,0.8035
COMP_002122,2022-06-21,40,72.16,4,1.1611185891147586,35,0.4844
COMP_002122,2024-07-30,40,56.72,4,7.686971705117681,7,0.2765
COMP_002122,2024-06-17,39,31.28,5,7.994939672675518,32,0.1497
COMP_002123,2023-01-15,73,88.06,0,5.106096828915586,37,0.5035
COMP_002123,2024-03-16,80,84.56,2,5.139907924858655,43,0.2112
COMP_002124,2024-08-04,85,62.74,0,10.475867519924877,26,0.1683
COMP_002124,2020-01-29,75,92.03,2,17.64637417491034,32,0.6533
COMP_002125,2023-05-27,55,79.21,4,2.953671010458126,37,0.4486
COMP_002125,2020-07-25,47,69.85,5,2.3955944193437304,23,0.2885
COMP_002125,2024-04-08,55,70.96,1,4.207767990166978,33,0.5386
COMP_002126,2022-09-24,50,69.58,1,5.237540353065365,44,0.5324
COMP_002126,2023-07-19,51,41.83,3,4.863498735083528,7,0.5494
COMP_002127,2020-08-04,61,98.07,3,9.319247425854494,20,0.358
COMP_002127,2024-04-20,60,33.95,5,18.833551180302646,10,0.7278
COMP_002128,2023-11-21,90,63.98,0,13.96697478861323,43,0.1419
COMP_002129,2023-05-27,67,73.13,2,19.478316425036336,38,0.1503
COMP_002129,2024-09-22,60,36.48,2,12.001217660177089,13,0.1935
COMP_002129,2024-03-26,70,74.26,3,4.0727667228126485,31,0.5847
COMP_002130,2022-03-10,51,48.1,2,13.283254481455987,44,0.5625
COMP_002130,2022-04-18,54,31.79,1,7.406180440411555,9,0.858
COMP_002131,2024-07-29,92,60.06,0,2.373740760243725,12,0.3527
COMP_002131,2021-04-13,86,86.94,0,4.8839897677582185,16,0.6241
COMP_002132,2024-01-30,47,69.62,1,18.145790653024207,36,0.5468
COMP_002133,2021-05-07,58,70.89,5,5.262034263919707,40,0.1428
COMP_002133,2024-12-04,56,36.34,2,10.946766618068247,34,0.372
COMP_002133,2021-04-09,62,74.93,1,7.531335954652894,39,0.2732
COMP_002134,2020-07-29,91,62.62,0,16.775113301687636,34,0.1859
COMP_002134,2021-01-07,95,75.33,0,4.00147094259499,46,0.2458
COMP_002135,2021-03-04,86,85.34,0,13.854535366193666,36,0.2817
COMP_002135,2024-04-18,87,63.15,0,19.852237252495872,34,0.2326
COMP_002135,2020-12-24,84,95.45,0,6.265208260643859,28,0.4933
COMP_002136,2021-05-31,65,78.9,1,2.3822785421496104,34,0.2485
COMP_002137,2020-06-05,43,65.37,3,6.848960780099186,40,0.848
COMP_002138,2022-08-21,78,72.97,3,1.514656220216387,30,0.5365
COMP_002139,2020-08-02,46,37.1,3,15.350008583623318,22,0.2042
COMP_002139,2022-05-30,47,60.01,2,16.855854364930547,20,0.5239
COMP_002140,2021-01-14,51,60.81,4,9.458610085613802,26,0.314
COMP_002140,2024-05-14,47,77.58,5,6.293334214112587,41,0.3273
COMP_002140,2022-04-10,43,53.05,2,5.330598371207466,39,0.2433
COMP_002141,2022-04-13,37,36.27,5,19.761304080519103,41,0.2221
COMP_002141,2024-01-07,36,74.86,5,15.462791225157895,31,0.379
COMP_002141,2023-02-05,39,56.74,1,5.668790090506002,9,0.8389
COMP_002142,2022-03-21,89,76.79,0,8.035414284173374,4,0.5114
COMP_002143,2020-11-10,59,38.18,5,19.288559067758957,25,0.8215
COMP_002143,2021-11-27,61,86.79,0,4.467898046995917,45,0.34
COMP_002143,2023-01-20,56,69.14,4,1.6022281334396569,23,0.1135
COMP_002144,2021-10-24,48,74.76,2,2.2378008252046877,4,0.4225
COMP_002144,2024-02-21,41,34.53,5,10.043887422155562,18,0.1528
COMP_002145,2024-12-20,85,95.73,1,13.046688591010941,23,0.6502
COMP_002145,2021-02-08,84,63.76,0,11.127984195946455,9,0.6558
COMP_002145,2020-12-29,80,60.17,3,11.67153292999854,29,0.8944
COMP_002146,2023-01-11,74,89.56,3,3.9191121163137232,13,0.2967
COMP_002146,2024-04-23,69,92.65,2,15.479430692423929,35,0.1137
COMP_002146,2024-08-22,67,67.38,3,2.2398369099917814,24,0.4052
COMP_002147,2023-11-05,78,88.11,0,1.0809966534592386,23,0.6866
COMP_002148,2022-09-28,67,68.84,0,9.01531802868466,13,0.1955
COMP_002148,2024-06-05,70,72.04,0,12.489970827259715,13,0.509
COMP_002148,2024-08-17,71,87.73,1,18.385206604706788,41,0.6037
COMP_002149,2021-09-07,40,60.99,4,7.723865963155909,11,0.1784
COMP_002150,2022-01-01,68,78.67,3,18.603315431834993,9,0.14
COMP_002151,2024-11-09,54,40.36,3,4.302772274470985,21,0.4382
COMP_002151,2022-03-15,55,46.63,3,4.665770412861436,4,0.7305
COMP_002152,2021-09-18,67,84.37,1,3.729869346176608,10,0.4491
COMP_002153,2022-05-06,53,49.07,1,4.660417629971739,21,0.745
COMP_002153,2021-06-19,61,98.24,2,1.0953114413125538,50,0.1439
COMP_002154,2022-10-11,50,50.15,3,7.707323765421119,41,0.4611
COMP_002154,2021-08-13,56,77.7,3,1.5444110884211604,43,0.2517
COMP_002154,2022-01-19,51,40.95,2,14.385757746498863,38,0.7868
COMP_002155,2022-11-16,71,61.36,2,2.3575033113592676,44,0.1299
COMP_002155,2022-06-01,68,72.15,1,4.64926939178155,21,0.5449
COMP_002155,2024-07-29,71,68.89,0,4.665898343003336,22,0.7247
COMP_002156,2022-03-18,72,86.42,1,11.762370692893706,27,0.7533
COMP_002157,2023-06-25,93,79.27,0,8.295806062657094,43,0.6841
COMP_002157,2020-12-09,90,66.43,0,3.843658449168246,50,0.8625
COMP_002158,2024-10-10,66,68.42,0,12.172976660533052,27,0.2718
COMP_002158,2024-10-23,60,30.64,1,8.607638654933762,10,0.3343
COMP_002159,2022-07-05,93,97.33,0,12.370737329277345,20,0.188
COMP_002159,2024-10-21,91,77.83,0,4.275086247488744,4,0.8611
COMP_002160,2024-05-30,56,53.34,3,6.143497606436846,34,0.8499
COMP_002161,2022-01-22,44,54.35,3,5.232679479525052,38,0.2516
COMP_002161,2022-02-15,40,30.72,3,1.6020088382968194,31,0.399
COMP_002161,2022-08-15,41,60.45,3,6.1021530868559966,5,0.5046
COMP_002162,2024-05-27,74,93.79,0,18.713528214910426,31,0.5205
COMP_002162,2020-04-03,67,94.42,2,5.8578440569117864,22,0.8423
COMP_002163,2021-04-13,60,35.09,5,9.08903310472563,46,0.5463
COMP_002163,2021-10-28,64,63.81,2,5.549090253231194,27,0.3253
COMP_002163,2022-05-22,56,52.46,2,3.6030894655754184,43,0.8184
COMP_002164,2021-04-07,54,40.46,4,2.6881430248424905,49,0.7664
COMP_002164,2022-08-20,55,30.41,1,15.438628231597264,44,0.7889
COMP_002165,2020-09-12,50,65.57,3,2.253399047295596,15,0.1047
COMP_002166,2022-06-22,90,68.13,0,4.731271856186447,22,0.5661
COMP_002167,2024-03-03,95,91.24,0,2.398387341997264,22,0.6669
COMP_002168,2020-02-20,71,94.43,0,19.27307702473708,5,0.448
COMP_002168,2020-03-29,76,73.2,3,3.3376207647130625,11,0.8627
COMP_002169,2021-06-05,63,70.95,0,12.275703064130633,33,0.732
COMP_002169,2023-04-19,59,71.9,5,1.9703216301062807,35,0.738
COMP_002170,2021-11-07,60,41.61,5,4.485491336725949,47,0.3783
COMP_002170,2023-12-29,55,59.31,4,1.7893698894295014,34,0.3269
COMP_002171,2022-05-04,65,98.54,3,8.061498390540688,5,0.6535
COMP_002171,2020-07-17,65,98.61,0,16.27566615338509,33,0.3556
COMP_002171,2023-04-24,69,84.55,1,11.712888785168161,4,0.4177
COMP_002172,2023-07-15,93,74.35,0,2.136508650901956,38,0.2457
COMP_002172,2024-04-29,93,61.68,2,4.370525343512995,46,0.7571
COMP_002172,2020-04-07,95,62.65,0,11.696683865006374,13,0.5441
COMP_002173,2020-10-28,41,73.4,2,3.6097336857068654,5,0.8198
COMP_002173,2024-07-14,39,38.47,4,5.639320828749091,4,0.3295
COMP_002174,2021-03-21,50,30.8,4,6.29948137981772,31,0.8296
COMP_002174,2024-09-17,48,71.1,4,16.00381296079565,3,0.4225
COMP_002174,2021-01-07,50,39.56,5,11.543415683649743,16,0.4035
COMP_002175,2021-01-15,78,74.87,2,12.21400273790048,38,0.7869
COMP_002176,2022-12-15,90,95.32,0,8.621069095989563,25,0.8768
COMP_002176,2020-10-03,89,69.8,0,9.966033571957366,44,0.1532
COMP_002177,2024-09-08,72,75.9,1,1.7028634621718113,45,0.8604
COMP_002177,2024-03-22,79,86.3,1,17.06833767572377,6,0.8281
COMP_002178,2021-12-14,41,53.44,1,6.424332010957515,27,0.2823
COMP_002179,2021-02-24,76,85.71,3,17.984105694863693,10,0.7302
COMP_002179,2024-05-14,78,91.48,3,5.9758395773774495,27,0.353
COMP_002180,2021-07-12,74,98.4,2,2.6445494496408375,33,0.2646
COMP_002180,2021-12-27,72,87.84,0,2.8183007885655713,12,0.2878
COMP_002180,2020-11-03,76,91.88,0,3.64438415730612,49,0.1131
COMP_002181,2020-02-12,83,85.11,0,11.8156914404657,12,0.2304
COMP_002181,2021-08-26,82,79.48,0,2.5878266621488693,31,0.3329
COMP_002181,2021-06-27,85,62.55,0,6.849610586282987,15,0.5388
COMP_002182,2023-04-23,53,56.73,4,2.954643929785689,42,0.6288
COMP_002183,2024-03-15,92,65.84,0,14.58588427682759,30,0.7891
COMP_002183,2024-02-15,91,91.69,0,7.828803341785083,43,0.4806
COMP_002184,2022-09-09,79,64.74,2,6.070408533947583,3,0.3087
COMP_002184,2023-09-09,78,99.34,1,13.850394227925916,47,0.1899
COMP_002184,2022-07-08,78,83.07,2,8.325341168506329,30,0.712
COMP_002185,2024-09-11,67,86.2,1,3.1675036855087786,50,0.3641
COMP_002185,2021-02-15,58,63.77,2,6.461809139295915,11,0.8325
COMP_002186,2021-02-04,41,65.44,2,6.80145160249397,35,0.5992
COMP_002186,2021-01-30,45,61.68,2,4.934446416684465,39,0.8546
COMP_002187,2024-07-15,77,92.55,3,15.714704346550512,9,0.713
COMP_002187,2023-03-27,83,94.86,0,1.4196600073401027,15,0.7576
COMP_002188,2021-04-26,61,80.04,2,6.2809460978966225,25,0.6247
COMP_002188,2021-09-04,64,74.5,0,6.6900339870968235,14,0.1211
COMP_002189,2024-07-27,58,38.28,4,17.57562128040395,10,0.7355
COMP_002189,2021-10-27,58,79.07,2,15.508568718285678,42,0.7433
COMP_002190,2023-04-26,84,82.2,0,17.510744672798847,19,0.6797
COMP_002190,2024-12-06,84,84.43,0,8.411188629159096,20,0.5518
COMP_002190,2021-12-04,85,93.72,0,18.257899335390736,16,0.6709
COMP_002191,2022-05-12,78,63.56,0,6.832864559189353,4,0.4361
COMP_002192,2021-01-17,93,72.97,0,3.9343243828591348,44,0.4013
COMP_002192,2023-10-09,84,71.15,0,1.9061055344913433,38,0.1271
COMP_002193,2022-03-26,60,44.11,4,4.240240910481539,12,0.1303
COMP_002193,2023-12-22,62,60.24,3,12.59459225656412,6,0.5793
COMP_002194,2020-11-08,77,82.76,3,2.2092021756326576,28,0.5597
COMP_002195,2020-11-24,41,71.53,5,12.862884808899429,14,0.5987
COMP_002196,2023-08-12,86,90.07,0,3.301624146446699,24,0.6741
COMP_002196,2020-04-23,84,86.1,0,2.9423478383691206,37,0.1774
COMP_002196,2020-06-07,81,73.8,0,6.864070687158016,6,0.4305
COMP_002197,2023-09-21,51,48.22,4,16.32664091992973,32,0.6744
COMP_002197,2023-08-27,57,37.22,5,12.945611494987073,12,0.5431
COMP_002198,2024-09-23,86,74.43,0,14.671495403996012,38,0.6414
COMP_002198,2023-01-13,80,66.93,0,8.36195443869856,25,0.2225
COMP_002198,2020-09-19,78,66.67,0,9.993695126924813,30,0.6442
COMP_002199,2022-03-10,40,37.77,3,15.393374721916482,6,0.1977
COMP_002199,2024-04-03,37,46.82,2,4.01820705951768,3,0.2671
COMP_002200,2020-07-17,83,67.95,0,14.505297336164581,26,0.7737
COMP_002201,2021-10-27,69,98.8,0,4.508941768504617,37,0.584
COMP_002201,2021-05-24,73,60.71,0,7.517196821875493,48,0.591
COMP_002201,2022-10-02,71,80.74,3,18.129907608102325,13,0.3063
COMP_002202,2020-03-17,97,84.25,0,10.527071622265451,15,0.2712
COMP_002202,2024-09-15,97,88.95,0,7.429541761504096,37,0.3357
COMP_002203,2023-08-19,78,79.12,0,10.434270244111731,11,0.3834
COMP_002203,2024-01-06,76,74.0,1,8.573414758749447,25,0.5443
COMP_002203,2021-07-17,75,80.55,0,2.1476937803884852,32,0.3126
COMP_002204,2020-12-09,85,64.37,0,1.390494755199731,48,0.2191
COMP_002205,2024-07-12,92,99.83,0,9.732995403390909,16,0.496
COMP_002205,2022-12-12,91,94.74,0,2.81703256592753,8,0.4143
COMP_002205,2022-12-08,93,60.79,0,5.581601432991907,11,0.5016
COMP_002206,2023-03-16,45,45.51,5,7.929419727680399,18,0.295
COMP_002206,2022-12-05,54,63.26,5,5.9415417853684875,4,0.8554
COMP_002207,2023-01-08,75,82.36,2,1.0,17,0.1206
COMP_002207,2022-01-13,78,98.02,2,1.0,27,0.4636
COMP_002208,2023-03-27,95,82.42,0,3.49602191782326,15,0.1612
COMP_002208,2024-07-17,99,61.07,0,17.03547444068107,9,0.7204
COMP_002209,2020-10-25,87,76.0,0,1.877973098606407,27,0.3287
COMP_002210,2020-12-26,47,58.12,3,17.222306592444216,13,0.3966
COMP_002211,2021-12-14,45,71.29,1,1.0,27,0.301
COMP_002211,2024-08-11,48,56.84,5,1.0,17,0.451
COMP_002212,2024-09-01,44,49.86,3,15.58042980160689,26,0.4059
COMP_002213,2021-05-22,67,80.58,1,9.452913377089695,38,0.2164
COMP_002213,2021-01-04,62,85.58,0,5.000239344324718,29,0.3349
COMP_002214,2022-03-26,46,68.11,3,1.5924269442622832,41,0.2887
COMP_002214,2023-04-13,52,47.56,1,1.1532610841830315,12,0.346
COMP_002214,2024-07-29,52,79.86,4,11.122605315579156,6,0.2929
COMP_002215,2023-01-20,83,92.32,0,1.0,19,0.8802
COMP_002215,2020-01-15,90,88.9,0,1.0,18,0.2034
COMP_002216,2024-04-22,93,88.31,2,5.123552992272531,46,0.4355
COMP_002217,2024-08-05,72,78.79,2,9.451026662193504,5,0.818
COMP_002218,2020-03-29,96,70.61,0,8.390932188671473,46,0.6901
COMP_002219,2023-11-14,41,69.42,5,1.5921239632516513,32,0.7307
COMP_002220,2023-04-02,89,76.54,2,1.4396391255441034,14,0.7616
COMP_002221,2024-05-25,92,61.06,0,3.897862844289187,42,0.803
COMP_002221,2023-05-15,89,74.36,0,3.5046556826000836,37,0.1546
COMP_002222,2022-10-21,88,96.31,0,17.030686015274945,37,0.5675
COMP_002223,2023-06-11,77,69.08,3,9.873794959370159,17,0.5416
COMP_002223,2023-03-15,75,70.07,2,18.58045787992601,38,0.4091
COMP_002223,2022-01-31,77,76.54,2,16.647444220220464,33,0.1424
COMP_002224,2024-03-21,38,78.67,4,8.076016789309204,46,0.7285
COMP_002224,2024-11-26,42,79.97,5,18.656406737533615,12,0.887
COMP_002225,2023-02-08,53,62.55,3,14.624014518121852,38,0.1071
COMP_002225,2021-06-05,54,74.2,4,4.616540531041894,39,0.8602
COMP_002225,2024-07-21,61,91.94,3,1.860799338171657,7,0.1943
COMP_002226,2022-01-03,53,60.45,2,6.086578427733513,29,0.5877
COMP_002226,2020-01-28,59,58.33,1,18.18599038569039,48,0.4763
COMP_002226,2022-05-30,59,71.34,5,16.342131348862615,49,0.7866
COMP_002227,2020-01-05,55,53.69,3,1.2625862018313256,35,0.4722
COMP_002228,2021-03-25,91,71.29,0,11.93519163000935,8,0.1384
COMP_002228,2022-06-20,95,70.36,0,8.318340732576964,39,0.141
COMP_002228,2024-04-02,91,92.29,0,10.632090711775065,28,0.7049
COMP_002229,2024-05-28,53,40.59,4,15.344780798930254,24,0.7729
COMP_002229,2020-12-10,52,50.35,4,18.04016346881299,46,0.2932
COMP_002229,2024-08-24,57,65.9,3,1.6479395736227547,32,0.5025
COMP_002230,2020-01-14,83,67.31,0,7.0431172096674635,21,0.5134
COMP_002231,2022-08-23,79,77.93,1,6.849708438664335,6,0.5288
COMP_002232,2024-12-30,56,65.88,4,11.19132873896881,40,0.8379
COMP_002233,2023-08-30,48,46.8,2,3.3213091875216656,43,0.202
COMP_002233,2020-05-20,42,30.91,3,4.418349811613844,26,0.2346
COMP_002233,2024-12-14,44,35.25,1,4.250285061756539,13,0.3158
COMP_002234,2024-04-17,60,77.57,2,4.094880378509418,42,0.8301
COMP_002234,2023-05-08,63,98.02,0,6.1283060158777305,7,0.3707
COMP_002234,2024-10-12,62,78.93,0,1.917044180577452,48,0.2211
COMP_002235,2022-03-28,65,66.12,3,16.564877832188674,33,0.7349
COMP_002236,2023-02-17,87,86.83,0,2.8472927508212944,4,0.3467
COMP_002237,2021-05-09,95,60.47,0,1.0,34,0.2321
COMP_002237,2021-01-21,96,65.52,0,1.0,17,0.7354
COMP_002237,2021-01-30,91,93.36,0,1.0,11,0.5813
COMP_002238,2021-10-10,45,56.99,1,11.66460483491021,11,0.349
COMP_002238,2021-02-03,43,77.03,4,13.007105855846845,44,0.7265
COMP_002238,2023-02-26,40,50.24,3,4.2734960136610916,40,0.1847
COMP_002239,2020-01-25,76,96.28,0,5.365322106615201,8,0.5928
COMP_002239,2023-11-11,76,96.76,1,16.77136579859983,18,0.1293
COMP_002239,2024-09-16,71,86.97,2,15.761204177470974,3,0.4437
COMP_002240,2024-04-29,39,75.75,1,5.687734469951798,22,0.6984
COMP_002241,2022-01-13,52,37.15,4,4.495465994868602,46,0.8765
COMP_002241,2021-07-28,56,63.17,3,1.8026692715079973,28,0.2708
COMP_002242,2024-03-26,74,74.92,0,2.0764080592628607,31,0.1994
COMP_002243,2021-02-17,77,91.97,2,16.030291014339642,30,0.731
COMP_002244,2023-04-14,76,90.63,0,1.9719616579254153,38,0.112
COMP_002244,2024-08-21,78,99.58,1,1.5157477443396414,17,0.7996
COMP_002244,2021-08-01,75,64.2,2,1.3251996651040912,14,0.6875
COMP_002245,2022-01-04,51,42.26,1,5.086969661780964,29,0.6247
COMP_002246,2023-12-25,92,82.16,0,19.91097288177338,10,0.642
COMP_002247,2024-03-25,62,71.26,2,7.9505272816222385,19,0.8855
COMP_002247,2022-02-13,65,61.89,0,11.801070915495767,32,0.2481
COMP_002248,2021-07-07,84,97.19,0,18.415627524144362,32,0.1302
COMP_002248,2022-04-25,92,73.33,0,19.33850101292218,3,0.4433
COMP_002248,2022-07-23,84,74.65,0,14.267819130666826,19,0.6306
COMP_002249,2024-08-05,57,74.04,4,2.6811884678440094,7,0.5217
COMP_002249,2021-01-02,50,43.15,3,2.892518424929231,29,0.265
COMP_002250,2020-01-19,72,75.09,3,16.356933569938242,46,0.4968
COMP_002250,2021-12-02,75,96.2,0,12.579030025769212,47,0.7374
COMP_002250,2024-01-17,71,96.77,1,17.29646969784359,6,0.1283
COMP_002251,2021-04-19,52,33.08,3,2.8498658896272495,22,0.436
COMP_002251,2023-10-07,53,64.44,5,16.221055246082052,5,0.5324
COMP_002251,2022-01-05,57,46.78,2,2.737673192585766,35,0.8382
COMP_002252,2022-09-19,75,72.4,2,5.5842576770915455,20,0.7249
COMP_002252,2023-02-11,83,79.41,0,9.554474062205204,41,0.3556
COMP_002252,2022-03-09,78,68.77,1,2.7986528531339343,6,0.3258
COMP_002253,2022-01-01,53,30.1,3,1.371749905362099,19,0.7657
COMP_002253,2020-10-28,57,57.05,2,10.755052829586965,29,0.3592
COMP_002253,2024-12-29,51,66.37,5,16.876033849152925,27,0.3296
COMP_002254,2021-02-16,46,61.43,4,6.973785660291585,10,0.4682
COMP_002254,2023-09-15,36,68.24,2,3.2937973125732802,41,0.5779
COMP_002255,2023-03-30,99,69.11,0,16.167528153046504,48,0.473
COMP_002255,2022-03-27,90,82.82,0,7.2177237693815215,17,0.8483
COMP_002256,2023-01-23,41,40.45,4,14.463912023306111,29,0.6804
COMP_002257,2021-12-15,46,32.46,5,2.0879376605281146,29,0.3881
COMP_002257,2022-02-13,52,52.98,5,1.6161288456190404,45,0.5372
COMP_002257,2022-11-09,53,48.2,5,1.7606299549216078,25,0.8729
COMP_002258,2021-02-12,58,44.18,5,4.811220255436238,50,0.5734
COMP_002258,2022-10-21,53,72.68,1,14.630466993139068,35,0.1351
COMP_002258,2021-03-12,55,67.39,4,1.8309267244701883,16,0.7548
COMP_002259,2022-03-27,54,47.75,1,7.697078827623839,22,0.8016
COMP_002260,2020-03-23,45,71.13,3,2.7208634612636446,49,0.3283
COMP_002261,2020-08-29,62,71.86,3,8.510627702445053,31,0.2909
COMP_002262,2020-02-17,74,98.63,1,3.5085159346755574,24,0.7477
COMP_002263,2023-09-30,56,46.98,3,8.20786625095273,15,0.8898
COMP_002263,2021-05-30,56,68.72,3,17.15204648111603,7,0.1562
COMP_002264,2020-01-21,89,80.55,0,10.809834287751585,45,0.7534
COMP_002264,2021-04-25,90,75.09,0,14.100511303644394,22,0.4305
COMP_002264,2022-11-11,94,63.28,0,12.741158322169955,44,0.4395
COMP_002265,2023-12-23,41,68.46,4,11.154702129777066,6,0.4839
COMP_002265,2024-07-28,46,40.07,4,7.128479003583889,40,0.1476
COMP_002266,2021-05-07,84,61.84,0,14.53744653958341,45,0.2137
COMP_002267,2022-09-02,41,75.48,1,18.97468936936793,26,0.7897
COMP_002268,2020-02-15,52,43.17,4,14.834113402680948,41,0.109
COMP_002268,2024-09-06,59,44.37,2,12.563329675392874,36,0.7807
COMP_002269,2023-08-09,60,69.62,5,2.617205001717191,34,0.8654
COMP_002269,2021-11-05,65,97.92,3,1.5775243390307927,25,0.472
COMP_002269,2022-02-14,65,93.88,1,2.680837249559655,27,0.8873
COMP_002270,2022-05-19,91,74.43,0,16.74633812549494,3,0.4833
COMP_002270,2022-04-18,87,79.55,0,9.461772436093419,15,0.8423
COMP_002271,2023-10-11,94,97.28,0,4.1219163818188775,21,0.7079
COMP_002271,2023-02-03,98,70.19,0,3.6556912593531585,38,0.4626
COMP_002272,2024-10-05,40,73.89,4,9.991948617599487,23,0.7461
COMP_002272,2021-11-29,44,71.64,1,11.427216561272546,36,0.168
COMP_002272,2021-08-19,44,78.53,2,9.996488872266909,21,0.4122
COMP_002273,2021-08-11,43,51.87,2,9.63675321211373,34,0.5942
COMP_002274,2022-06-22,41,52.83,1,3.9850884147751877,44,0.2241
COMP_002274,2024-10-10,46,41.65,5,2.5726358123706876,24,0.1971
COMP_002275,2020-05-19,51,61.68,1,7.207243122645137,40,0.3828
COMP_002276,2023-07-12,83,79.19,2,12.374163412523849,7,0.8894
COMP_002277,2024-07-24,80,90.31,2,1.2539069919312738,41,0.542
COMP_002277,2023-06-12,79,77.76,3,8.723852331693932,42,0.3526
COMP_002278,2023-01-20,92,75.87,0,17.395619341381906,17,0.4959
COMP_002278,2023-05-30,84,66.06,0,3.820224695882163,44,0.7216
COMP_002279,2020-06-17,91,64.62,0,11.484535399134641,43,0.1657
COMP_002279,2024-12-24,89,83.97,0,15.644501097909815,30,0.7045
COMP_002279,2021-05-23,89,69.15,0,13.330120200298717,11,0.3984
COMP_002280,2020-07-09,42,68.36,1,2.051335542565893,11,0.3044
COMP_002280,2020-02-05,37,52.18,4,3.138318040659596,9,0.6438
COMP_002280,2022-03-17,39,75.27,2,18.062493589765964,44,0.5297
COMP_002281,2021-05-24,87,90.57,0,6.589392448595436,25,0.7519
COMP_002281,2022-01-10,89,83.42,0,2.1833630860394386,7,0.4199
COMP_002282,2023-05-27,82,61.04,0,2.4447184972820892,44,0.3264
COMP_002282,2020-01-07,79,70.72,1,13.399187550291566,49,0.8512
COMP_002283,2022-09-13,80,82.83,1,19.201245591790375,3,0.3513
COMP_002283,2023-09-04,81,60.23,0,18.65133573575617,34,0.6367
COMP_002283,2021-04-30,73,64.14,0,7.470522909994794,19,0.1834
COMP_002284,2023-11-24,74,87.14,2,5.711803807016511,44,0.4703
COMP_002284,2020-01-02,74,98.77,2,6.745519514992697,25,0.8985
COMP_002284,2021-06-14,69,80.57,3,19.14164339198674,15,0.5159
COMP_002285,2023-01-31,56,54.48,3,8.04747349729773,10,0.3747
COMP_002285,2023-07-04,59,51.43,1,14.458467306233995,18,0.7396
COMP_002286,2020-10-27,75,94.98,2,1.0,44,0.3104
COMP_002287,2022-09-20,58,66.75,3,8.927100200829928,16,0.1261
COMP_002288,2020-06-02,67,64.21,0,6.992008233783958,47,0.4247
COMP_002288,2020-12-21,69,98.51,2,3.789419874812271,48,0.4709
COMP_002288,2021-06-03,67,66.22,2,2.6725389344120623,10,0.6943
COMP_002289,2021-06-17,59,73.36,1,9.046190282085842,35,0.1411
COMP_002289,2024-12-19,57,75.89,4,9.921431032380227,7,0.6478
COMP_002289,2021-04-05,55,33.3,2,8.525570101630242,29,0.4387
COMP_002290,2021-12-23,55,32.0,3,3.5957876448127823,4,0.1477
COMP_002290,2022-02-14,58,67.75,5,4.636792769649806,15,0.8272
COMP_002291,2021-05-27,55,44.03,4,19.84662690593396,39,0.3082
COMP_002291,2022-06-19,55,56.08,5,9.560688209280315,30,0.6845
COMP_002291,2023-09-27,56,51.49,4,9.583097696496818,34,0.771
COMP_002292,2024-11-28,78,80.68,1,19.97911745481359,39,0.6654
COMP_002292,2021-10-21,69,82.92,3,18.25818430353549,50,0.8975
COMP_002292,2023-12-02,75,63.59,1,1.4440827717077256,10,0.4023
COMP_002293,2023-10-14,50,49.04,5,2.809511956007698,6,0.5366
COMP_002294,2023-04-02,76,77.08,1,16.05973991428183,38,0.2928
COMP_002294,2024-07-14,73,60.26,3,10.251833264251397,33,0.3426
COMP_002295,2020-05-03,57,35.62,2,1.5564602878404687,40,0.1426
COMP_002296,2024-05-31,57,67.55,3,2.2127249859108815,10,0.8442
COMP_002297,2022-03-10,46,59.15,3,14.08722543187526,7,0.7104
COMP_002297,2024-11-13,51,78.36,4,19.123736713725442,21,0.3572
COMP_002297,2021-07-23,51,79.78,5,13.628463664364844,45,0.8428
COMP_002298,2021-11-14,63,97.51,3,12.076101718860592,18,0.5973
COMP_002298,2023-04-16,72,83.38,3,5.0846726216261,32,0.713
COMP_002299,2021-07-09,93,98.08,0,11.933217127536787,9,0.7807
COMP_002299,2020-01-26,92,95.7,0,13.374834507118498,3,0.3071
COMP_002299,2024-12-05,93,87.29,0,11.018064502694415,7,0.3334
COMP_002300,2024-06-15,48,66.64,2,17.57753369932248,3,0.2897
COMP_002301,2020-10-24,80,98.42,3,19.112583213536965,13,0.5032
COMP_002301,2024-10-02,88,65.58,0,11.319777943661308,28,0.421
COMP_002302,2022-10-20,55,47.75,2,18.476175177062725,48,0.7549
COMP_002303,2024-03-24,80,88.57,0,7.23805850848791,42,0.7672
COMP_002303,2023-11-27,80,84.82,1,15.310682666965521,6,0.3231
COMP_002303,2023-02-22,74,87.45,1,9.382566529729802,37,0.7383
COMP_002304,2023-03-25,65,98.42,0,5.599404644903704,8,0.1104
COMP_002304,2021-06-22,62,91.27,2,5.514459353428871,14,0.7915
COMP_002305,2022-12-22,61,72.29,2,8.19592328644412,36,0.5541
COMP_002305,2022-01-07,59,44.0,3,1.3422537067124156,30,0.7543
COMP_002305,2024-07-10,62,93.34,0,10.423608089858368,26,0.4386
COMP_002306,2024-07-27,72,80.95,0,10.745710775739482,44,0.7644
COMP_002307,2023-11-07,85,84.88,1,12.909476082926272,15,0.8392
COMP_002307,2023-02-04,78,86.13,2,7.71659073276732,11,0.8906
COMP_002307,2023-08-29,76,99.86,0,15.359820927846119,46,0.1372
COMP_002308,2022-06-05,63,70.83,1,7.809467062181962,38,0.6599
COMP_002308,2020-04-19,59,38.99,5,1.407522527688239,25,0.3218
COMP_002309,2020-04-17,51,64.52,3,3.9077663334281834,44,0.1237
COMP_002309,2020-11-15,55,62.16,3,18.508830382990606,7,0.5504
COMP_002310,2021-06-29,86,72.02,0,5.212850593016768,3,0.4932
COMP_002310,2022-02-24,94,69.96,0,4.34557297396305,41,0.3628
COMP_002311,2020-04-25,95,82.15,0,10.67649657402372,31,0.2481
COMP_002311,2020-11-12,94,74.2,0,15.125854676376177,6,0.6525
COMP_002311,2023-08-15,92,98.08,0,18.43554013837013,13,0.4934
COMP_002312,2020-06-22,40,61.78,4,1.494917930204869,13,0.6843
COMP_002313,2020-01-03,71,61.64,3,11.603673970918393,33,0.4865
COMP_002314,2022-03-15,61,88.8,2,11.319975387174466,20,0.1995
COMP_002315,2022-09-30,93,71.26,1,4.592882842242452,15,0.5191
COMP_002315,2024-10-27,92,60.31,0,17.53172217210985,19,0.7679
COMP_002316,2023-08-20,74,95.66,2,7.60376484528521,50,0.6869
COMP_002316,2024-08-20,76,62.23,0,15.24915772824581,19,0.6748
COMP_002316,2024-10-20,78,66.98,2,11.720359316903426,27,0.648
COMP_002317,2024-07-23,45,67.7,2,11.813753117891187,38,0.431
COMP_002317,2022-03-04,38,71.18,4,17.792539033293806,14,0.1165
COMP_002317,2020-12-08,42,73.88,4,1.9085593034858326,9,0.3954
COMP_002318,2021-06-20,63,83.21,1,8.997552581995475,38,0.307
COMP_002318,2022-03-26,54,72.53,1,18.57771989351862,36,0.2345
COMP_002319,2022-12-18,88,98.74,0,14.04669324814227,41,0.7599
COMP_002320,2024-11-29,73,64.43,0,14.814267558822605,12,0.8559
COMP_002321,2022-07-26,99,95.53,0,17.164783722957367,49,0.2209
COMP_002321,2024-10-07,93,95.83,2,17.996078347237244,3,0.2781
COMP_002321,2023-01-21,90,60.76,0,7.57862987897022,47,0.154
COMP_002322,2022-03-31,77,68.58,1,4.596721605634533,20,0.2399
COMP_002323,2023-02-02,47,54.82,2,1.0667816443516314,43,0.6501
COMP_002323,2022-05-22,50,36.02,5,1.7835897457924257,5,0.2118
COMP_002323,2021-08-02,46,62.71,1,1.7444866542701323,16,0.8862
COMP_002324,2021-02-07,43,40.76,1,1.2486182228389595,25,0.4328
COMP_002324,2022-03-27,42,69.33,4,2.353388979087777,27,0.7195
COMP_002325,2023-03-09,57,69.54,2,17.245663384048402,11,0.1258
COMP_002325,2024-04-06,65,65.68,3,11.93650485170778,17,0.8626
COMP_002325,2021-08-23,67,61.83,3,17.589783670508353,5,0.2799
COMP_002326,2024-12-20,42,63.06,4,15.672521572784827,40,0.4459
COMP_002326,2024-03-22,39,76.94,1,10.88908250841741,47,0.6795
COMP_002326,2022-02-15,40,64.66,3,8.715542940444575,22,0.7119
COMP_002327,2024-08-03,54,78.72,1,1.0,11,0.8518
COMP_002328,2023-11-25,91,72.35,0,13.743945579032866,45,0.545
COMP_002328,2023-11-01,90,89.0,0,12.724300771611532,20,0.5862
COMP_002328,2021-02-04,88,70.21,0,18.640255348245123,35,0.2736
COMP_002329,2021-08-26,94,84.32,2,19.08844576657657,47,0.864
COMP_002329,2023-09-07,93,89.4,0,5.055258326947425,21,0.1397
COMP_002329,2021-04-25,90,66.64,0,6.945989284787643,19,0.7503
COMP_002330,2022-04-07,70,71.44,0,16.471933520987506,14,0.5719
COMP_002330,2023-12-12,70,84.55,1,4.209987008137863,18,0.3268
COMP_002330,2021-05-06,75,79.58,2,18.35198990207847,50,0.7332
COMP_002331,2021-01-22,54,63.03,2,7.944196776124695,4,0.1385
COMP_002331,2023-09-23,52,42.44,5,2.819418605766524,15,0.3185
COMP_002332,2024-08-24,92,74.5,0,1.599642276568258,30,0.7494
COMP_002333,2022-03-24,85,79.92,2,3.737252577844898,23,0.3455
COMP_002333,2024-03-02,86,78.13,0,5.513349245986308,46,0.4569
COMP_002334,2024-06-24,50,31.26,1,2.0271370875120382,18,0.8147
COMP_002334,2022-09-29,44,30.94,5,1.1363230984590744,14,0.3308
COMP_002335,2024-11-17,88,64.09,0,19.56630767910473,47,0.6717
COMP_002335,2022-06-24,91,99.18,0,3.7782340604929026,40,0.2283
COMP_002335,2023-07-29,86,98.62,0,12.118855945898293,38,0.5192
COMP_002336,2023-09-25,52,42.27,4,11.342037674965965,41,0.8485
COMP_002336,2020-05-04,57,51.64,2,10.029025907640708,35,0.2175
COMP_002336,2021-02-05,58,65.72,5,12.303270097188456,8,0.7823
COMP_002337,2022-12-29,93,75.62,0,16.06054463541831,5,0.3159
COMP_002337,2020-01-30,94,66.2,0,13.325848602378391,8,0.2757
COMP_002338,2023-11-10,89,96.95,0,11.257351008335645,21,0.7449
COMP_002339,2024-03-02,99,73.58,0,18.66230911760127,31,0.6612
COMP_002339,2020-06-18,91,92.96,2,14.20509106598849,25,0.4119
COMP_002340,2021-08-11,65,97.72,0,1.361478756030154,17,0.7849
COMP_002341,2020-08-14,51,78.23,3,11.056446707525737,35,0.3386
COMP_002342,2022-07-27,67,64.4,2,1.2058268978523992,35,0.3405
COMP_002342,2020-06-04,68,77.61,2,1.7001962169627867,43,0.2731
COMP_002343,2021-12-09,67,94.6,1,10.258620940264198,18,0.6137
COMP_002344,2021-10-05,87,76.02,0,18.677662808718537,10,0.8734
COMP_002344,2021-01-19,90,79.57,0,2.3822234657823618,48,0.76
COMP_002344,2024-04-15,92,92.82,0,13.40842811518611,40,0.5369
COMP_002345,2020-11-27,57,56.3,3,19.496196977255572,46,0.4273
COMP_002345,2024-08-30,57,61.88,3,12.302744555039933,11,0.4165
COMP_002345,2024-12-01,62,74.79,1,10.03396644955908,9,0.4152
COMP_002346,2023-08-10,72,91.22,3,7.084201683360843,6,0.5117
COMP_002347,2022-04-01,66,96.14,0,6.19524954342103,42,0.3876
COMP_002347,2023-08-04,66,91.27,1,11.339732882518366,45,0.1032
COMP_002347,2023-08-08,64,94.95,0,3.1357609993486237,29,0.4653
COMP_002348,2024-05-10,92,74.41,0,18.77790687344174,37,0.5848
COMP_002348,2023-01-16,90,61.05,0,10.065512310253283,14,0.522
COMP_002348,2022-05-04,92,67.72,0,14.54607520641364,31,0.2828
COMP_002349,2022-02-09,61,86.74,3,4.24978634167501,38,0.2679
COMP_002349,2024-10-09,65,92.96,2,7.025722634205017,44,0.3343
COMP_002350,2020-01-27,48,43.75,1,3.7425247866930684,6,0.5528
COMP_002350,2024-04-18,58,58.13,5,12.279039264677579,38,0.178
COMP_002350,2024-12-14,53,35.18,4,2.3605468894939863,18,0.3358
COMP_002351,2020-09-26,70,79.21,3,4.090335902032917,36,0.7233
COMP_002351,2022-10-06,68,81.08,0,11.724278223321521,33,0.4803
COMP_002352,2022-11-19,91,99.58,2,7.196402241495711,12,0.8163
COMP_002353,2021-12-03,41,38.11,3,6.308790497553818,32,0.182
COMP_002353,2023-01-10,39,71.82,1,3.9749830218691287,31,0.6879
COMP_002354,2024-01-12,70,88.38,1,12.371575992353483,28,0.7645
COMP_002355,2023-12-26,54,32.9,2,6.19820184605033,27,0.6607
COMP_002356,2024-12-30,85,81.16,0,4.818668916742586,11,0.4816
COMP_002356,2023-05-21,90,99.6,0,17.59122411167485,30,0.4839
COMP_002356,2023-07-23,92,87.35,0,19.976632546405096,27,0.1616
COMP_002357,2020-10-14,58,63.54,5,10.412995913552864,10,0.5562
COMP_002357,2023-02-03,56,49.69,1,16.43316040854307,18,0.2837
COMP_002357,2022-10-11,56,51.58,4,11.811424750250882,17,0.2878
COMP_002358,2022-10-21,77,93.35,0,1.6640066363880526,20,0.6648
COMP_002358,2024-11-09,77,70.13,1,14.957252934299172,11,0.1572
COMP_002359,2023-03-01,89,90.02,0,8.649597651389772,7,0.7724
COMP_002359,2021-10-07,94,70.56,0,13.135619541427385,45,0.4581
COMP_002360,2024-11-07,71,69.98,1,6.880998940517755,25,0.353
COMP_002360,2020-11-27,75,71.24,1,17.134350554943815,45,0.4915
COMP_002361,2024-02-28,76,67.83,2,5.515465550965561,5,0.6278
COMP_002361,2022-09-23,78,94.23,3,15.638465767165231,30,0.7806
COMP_002361,2023-07-27,76,67.39,1,4.660183586641945,23,0.2303
COMP_002362,2022-08-19,65,74.43,0,16.38871848801577,36,0.2469
COMP_002362,2024-04-10,57,59.85,4,4.385828897511983,41,0.6248
COMP_002363,2022-02-11,64,60.96,0,10.375628409494684,29,0.6734
COMP_002363,2024-10-21,62,70.39,0,2.9803508023465013,34,0.3638
COMP_002363,2020-10-31,59,72.84,3,14.318251991804896,20,0.489
COMP_002364,2023-08-21,93,97.71,0,4.0754346135900565,49,0.8601
COMP_002364,2024-08-14,93,95.57,0,3.5918278264970906,4,0.3036
COMP_002365,2021-01-02,43,59.31,4,15.860160743025098,6,0.2316
COMP_002365,2024-12-08,43,35.23,1,16.53384832325459,45,0.8694
COMP_002366,2024-03-11,51,43.77,5,1.3504782549277867,4,0.5902
COMP_002366,2021-08-09,49,52.9,3,1.433458972495139,17,0.2308
COMP_002367,2022-11-01,90,86.18,0,9.026455088701976,37,0.3474
COMP_002367,2023-05-05,84,70.52,0,1.8050604137777118,37,0.6429
COMP_002367,2020-12-07,89,94.02,2,4.432381481031658,22,0.515
COMP_002368,2022-11-02,59,55.0,3,16.14570287368693,40,0.4837
COMP_002368,2021-10-14,61,61.18,1,2.050436292815502,24,0.1311
COMP_002368,2024-04-06,64,67.64,2,2.2427783512473702,9,0.1262
COMP_002369,2020-09-06,77,87.39,1,7.796866938518516,40,0.4723
COMP_002369,2021-10-02,72,71.74,2,19.841753813531664,23,0.2497
COMP_002370,2021-10-05,68,91.84,0,4.0039069810698,5,0.7902
COMP_002370,2024-04-30,69,65.72,2,11.885608197764158,3,0.4539
COMP_002370,2022-04-10,70,66.6,1,7.02793138802284,48,0.7196
COMP_002371,2021-02-02,98,77.17,0,7.353585258421515,21,0.2486
COMP_002371,2021-12-21,91,94.25,2,17.511323395846333,38,0.3394
COMP_002372,2021-12-19,59,45.67,5,15.243001717625658,41,0.1901
COMP_002372,2020-05-28,65,62.85,3,8.295863685497409,13,0.4405
COMP_002372,2022-02-14,68,80.48,3,5.334106724117277,30,0.4965
COMP_002373,2022-05-27,62,94.89,1,7.853973558569185,48,0.794
COMP_002373,2021-01-17,64,84.9,2,9.48194128947624,14,0.3175
COMP_002373,2020-12-04,64,60.13,3,12.406962511473923,8,0.7455
COMP_002374,2021-08-09,75,73.31,3,6.581378244736563,34,0.5042
COMP_002374,2020-10-15,74,73.05,3,4.724724956843822,50,0.1146
COMP_002374,2023-08-27,78,99.67,2,8.580366331354798,16,0.8683
COMP_002375,2021-11-03,90,98.04,0,9.567114358483446,13,0.2802
COMP_002376,2021-02-16,42,57.28,1,3.0990615459755206,33,0.2689
COMP_002376,2020-09-03,49,42.12,3,1.0532449665456347,24,0.2227
COMP_002376,2022-06-20,46,49.55,3,3.6056772180556487,8,0.2927
COMP_002377,2020-01-12,69,78.16,0,7.0605872121483735,31,0.1235
COMP_002377,2020-08-11,65,82.53,1,5.775867249958962,33,0.3643
COMP_002378,2020-01-06,77,62.38,0,8.018803907745855,15,0.7374
COMP_002378,2022-11-20,72,79.22,1,3.243973982401369,29,0.3386
COMP_002378,2024-02-05,72,75.96,0,6.416477569337152,14,0.1016
COMP_002379,2023-06-13,67,78.43,3,12.970021745240201,21,0.7222
COMP_002380,2020-07-09,72,62.13,0,1.7139898507112163,48,0.1159
COMP_002380,2023-03-26,73,64.46,2,8.780644661413923,20,0.6409
COMP_002381,2023-12-18,46,62.26,2,2.9116161303162342,25,0.5698
COMP_002382,2022-02-06,79,69.92,2,2.5713138067328822,29,0.438
COMP_002383,2020-08-22,45,40.59,1,17.715412804072663,33,0.5967
COMP_002384,2024-02-16,94,62.04,0,6.425685275039237,3,0.4596
COMP_002384,2023-10-12,91,99.1,0,10.119254747548348,38,0.5508
COMP_002384,2020-08-10,97,79.56,0,13.160453183108446,27,0.1789
COMP_002385,2024-07-27,57,57.68,5,13.102341604601666,7,0.4718
COMP_002385,2022-07-02,53,73.64,5,14.353817223163693,6,0.1895
COMP_002386,2024-12-24,43,30.67,2,12.238137223010703,6,0.2176
COMP_002386,2022-10-11,49,48.57,3,16.343556032252096,37,0.6323
COMP_002387,2022-09-03,53,61.85,5,11.738974860828984,40,0.2912
COMP_002387,2023-12-09,50,56.7,3,18.919874708840517,41,0.1294
COMP_002388,2022-06-25,67,72.24,1,12.20348795869544,14,0.1117
COMP_002388,2022-10-12,72,92.1,3,3.8766531892021687,30,0.5469
COMP_002389,2022-03-04,92,61.31,0,1.0,37,0.5273
COMP_002389,2023-12-04,91,80.63,0,1.0,22,0.8789
COMP_002389,2022-06-05,86,84.79,0,1.0,8,0.5884
COMP_002390,2023-12-11,70,79.18,3,8.127385092808506,21,0.5115
COMP_002390,2024-02-21,68,63.44,2,14.065239705548294,36,0.3942
COMP_002390,2021-08-12,71,77.29,3,1.0875928666998456,5,0.6723
COMP_002391,2021-07-28,46,31.68,5,5.523780921964254,10,0.1015
COMP_002391,2022-04-01,37,37.51,5,7.830748211502136,19,0.5161
COMP_002392,2021-09-23,76,98.63,0,15.948788854660632,6,0.7765
COMP_002392,2021-05-13,72,79.44,0,7.495372741857903,16,0.2013
COMP_002392,2022-06-05,79,63.57,0,14.507180868140752,15,0.5612
COMP_002393,2021-06-27,75,90.26,1,7.207142580673691,32,0.8852
COMP_002393,2024-05-01,73,98.91,3,12.589197474592877,12,0.2138
COMP_002394,2021-11-30,46,30.13,4,15.713709942600376,9,0.277
COMP_002394,2022-10-18,40,67.97,2,5.388512392614308,18,0.434
COMP_002394,2023-10-02,41,72.92,1,18.761993081663377,33,0.3959
COMP_002395,2021-02-18,73,99.64,0,16.801378692098957,35,0.1742
COMP_002395,2024-02-28,68,77.4,3,11.7741959965474,44,0.8084
COMP_002395,2024-08-29,70,74.13,3,15.49106570581661,42,0.4512
COMP_002396,2021-04-26,69,91.0,1,19.436863024783854,12,0.8224
COMP_002397,2024-03-01,81,90.32,0,11.441754214222925,27,0.5555
COMP_002397,2022-04-28,78,95.8,1,18.19784815394885,24,0.1105
COMP_002397,2021-03-13,78,63.39,0,16.881300832668487,19,0.3071
COMP_002398,2024-04-28,52,60.19,5,13.903055654137882,15,0.4484
COMP_002398,2020-10-18,52,49.88,1,1.6419397327919691,33,0.8372
COMP_002398,2023-11-28,55,61.12,5,13.363331702792207,6,0.2976
COMP_002399,2020-02-21,91,94.6,1,16.997124374657453,45,0.6892
COMP_002399,2023-02-16,95,90.64,0,9.886397952755837,16,0.5362
COMP_002400,2021-03-18,91,69.4,2,1.0790030942920765,25,0.78
COMP_002400,2024-03-16,98,91.33,0,5.352547714384707,25,0.5684
COMP_002401,2023-12-28,74,90.69,1,9.099166465403822,29,0.1987
COMP_002401,2022-05-06,81,71.77,0,2.5882619077224387,11,0.8073
COMP_002402,2020-12-29,78,80.69,2,10.660328869481116,45,0.4603
COMP_002403,2020-08-06,63,74.85,2,8.86173411965763,14,0.233
COMP_002404,2024-04-06,79,65.94,1,9.408626801171394,27,0.6891
COMP_002405,2022-05-21,53,72.49,3,10.586296432815407,8,0.3142
COMP_002405,2020-02-08,49,71.45,2,11.893669080803754,10,0.1177
COMP_002406,2024-12-14,89,68.68,0,6.599446809177431,37,0.7631
COMP_002406,2020-03-22,87,69.26,0,5.502822857716866,20,0.4464
COMP_002406,2020-12-19,91,60.17,0,13.628181403992516,30,0.6436
COMP_002407,2024-07-07,66,97.41,1,14.06597135568932,17,0.2041
COMP_002407,2023-04-23,64,67.66,2,4.9997138499794325,44,0.1439
COMP_002407,2024-05-17,66,88.36,1,10.482056775341096,17,0.23
COMP_002408,2021-10-09,66,91.84,3,18.925140676414234,29,0.1288
COMP_002409,2020-08-16,84,77.73,0,7.365524117458885,18,0.871
COMP_002409,2021-12-26,75,83.58,2,18.274272776079656,29,0.805
COMP_002409,2023-12-15,75,60.06,3,11.461880506530665,13,0.1992
COMP_002410,2024-09-03,45,76.36,1,19.274877840868605,48,0.1836
COMP_002410,2021-10-30,44,66.02,5,9.697278624338445,13,0.7073
COMP_002411,2024-11-22,70,63.47,1,6.134695261509897,24,0.1319
COMP_002412,2024-10-08,77,69.09,0,10.158441417672456,31,0.1586
COMP_002413,2023-02-17,46,65.96,5,11.35385910349037,43,0.8484
COMP_002414,2021-05-01,96,94.99,0,1.7696260120336307,7,0.4352
COMP_002414,2023-08-07,93,67.35,2,2.4792149078705132,5,0.3111
COMP_002415,2024-05-28,49,44.48,3,4.775468253923569,12,0.7939
COMP_002416,2020-10-03,35,40.18,5,4.161037670410264,38,0.5801
COMP_002416,2022-05-30,37,70.28,2,1.0456871925038966,30,0.2268
COMP_002417,2022-05-27,53,52.39,5,8.882764590304259,33,0.2594
COMP_002418,2024-10-18,50,58.79,1,5.241984503150706,29,0.7484
COMP_002418,2023-01-01,43,54.3,3,4.716057494746471,37,0.6093
COMP_002418,2020-07-03,44,68.38,3,7.273073638968461,50,0.4569
COMP_002419,2022-03-29,55,78.06,2,7.570544338322287,37,0.5514
COMP_002419,2021-05-12,61,68.1,3,15.649584021970039,12,0.3363
COMP_002419,2022-08-02,56,62.7,1,10.517724593805942,6,0.2006
COMP_002420,2022-07-31,91,74.42,0,3.1278098329718063,10,0.4194
COMP_002421,2020-03-29,60,48.6,3,1.9931441233654694,16,0.2331
COMP_002422,2020-06-22,80,86.0,1,2.900302543050881,37,0.4919
COMP_002422,2023-03-13,81,94.2,0,13.557004561714141,41,0.4221
COMP_002423,2022-01-03,48,52.87,2,10.086794148892196,26,0.4678
COMP_002423,2022-03-31,42,56.83,3,3.512197396233814,43,0.4595
COMP_002424,2023-07-31,69,94.44,2,11.319329114886923,10,0.3955
COMP_002424,2020-07-28,67,72.31,0,5.869807943531257,40,0.8425
COMP_002424,2021-07-18,65,77.7,0,1.5721759850623371,28,0.8142
COMP_002425,2024-01-06,46,74.21,2,7.219014910806143,39,0.2547
COMP_002425,2022-08-09,52,51.58,1,12.143352672663479,29,0.8978
COMP_002426,2023-12-03,62,93.8,3,8.268203118323786,34,0.4498
COMP_002426,2024-11-27,65,95.38,0,13.43374320639638,24,0.8358
COMP_002426,2020-05-03,65,65.25,1,3.5946498614060345,39,0.5873
COMP_002427,2020-12-22,99,89.73,0,6.993204890644749,11,0.1323
COMP_002428,2024-12-31,81,75.31,0,3.293776694437182,39,0.8999
COMP_002428,2023-09-29,85,92.87,0,7.380879388765452,48,0.5193
COMP_002428,2021-11-15,76,92.35,1,1.1366110862478982,34,0.7944
COMP_002429,2023-12-26,66,79.93,3,5.5326613011394965,11,0.6615
COMP_002430,2021-04-11,83,67.52,0,3.6373455131025416,20,0.5287
COMP_002431,2020-02-23,75,94.67,1,12.320004397457739,31,0.7622
COMP_002432,2020-05-22,49,74.36,2,1.82330250746444,13,0.1366
COMP_002433,2020-11-21,84,61.26,0,16.801504358671643,33,0.2596
COMP_002433,2020-09-05,88,85.15,0,8.861048235349072,14,0.7313
COMP_002433,2022-03-21,87,61.33,0,7.863740870148928,8,0.3092
COMP_002434,2024-03-12,68,97.32,3,11.080233634425008,21,0.4331
COMP_002434,2021-01-04,71,86.57,1,10.580705653145696,47,0.8887
COMP_002435,2020-07-03,90,66.51,0,1.4549885297499845,10,0.1977
COMP_002435,2023-10-07,87,71.75,0,14.538351119127979,40,0.1697
COMP_002435,2022-02-21,87,67.2,0,10.172893117950167,15,0.8691
COMP_002436,2021-01-20,95,85.67,0,10.20016035361343,11,0.8498
COMP_002436,2020-08-15,98,68.25,0,12.178459239864146,18,0.6563
COMP_002436,2021-06-01,93,80.11,0,11.85526642219398,21,0.212
COMP_002437,2021-01-03,56,32.8,2,13.55330264425066,37,0.2567
COMP_002437,2020-05-23,59,70.11,2,10.26034381386902,22,0.4273
COMP_002437,2021-04-23,58,46.24,1,17.187885841544883,48,0.6645
COMP_002438,2021-02-21,66,81.12,0,1.5251697317752313,47,0.1886
COMP_002439,2020-09-15,84,72.64,1,14.457029478315974,17,0.7657
COMP_002440,2021-01-13,64,94.44,2,3.4160096425758066,36,0.1054
COMP_002440,2022-09-04,60,59.46,5,1.7916294772202725,31,0.8177
COMP_002440,2020-05-12,60,70.4,2,2.6441826653876985,45,0.1832
COMP_002441,2023-03-16,85,74.21,0,3.831418856317395,45,0.8066
COMP_002441,2024-01-14,88,70.09,0,15.856142115488247,49,0.8767
COMP_002441,2020-09-20,91,91.55,0,5.961216848380925,21,0.4518
COMP_002442,2020-10-09,97,87.2,0,10.634235706507946,6,0.1556
COMP_002443,2021-02-24,46,78.86,5,7.356149819745021,45,0.5976
COMP_002443,2020-09-21,48,71.49,1,19.35747035215984,41,0.4904
COMP_002443,2022-07-24,50,63.0,3,9.866874619521978,27,0.1926
COMP_002444,2020-04-29,67,74.04,0,8.721817865060974,21,0.2614
COMP_002445,2024-02-20,62,64.32,0,7.450006674919731,31,0.5236
COMP_002446,2024-03-26,86,92.24,0,6.427778552231659,42,0.8747
COMP_002446,2024-01-10,83,86.43,0,9.76528933163763,41,0.6226
COMP_002447,2021-05-21,82,62.93,0,12.306992846904196,31,0.5464
COMP_002448,2023-08-18,44,68.28,4,17.977960038553185,5,0.4189
COMP_002448,2021-12-24,43,78.68,1,12.716577169333407,9,0.4488
COMP_002448,2020-06-10,47,39.42,1,11.501331070633826,31,0.6015
COMP_002449,2021-01-30,86,73.8,0,10.450150503964,33,0.2574
COMP_002449,2024-10-02,82,85.52,0,1.679021091106459,21,0.875
COMP_002450,2023-12-13,86,80.08,0,3.0397883210185417,16,0.5355
COMP_002450,2022-02-13,79,86.06,0,11.11065595908719,43,0.238
COMP_002450,2021-08-12,79,61.56,1,1.6189486950377403,36,0.8514
COMP_002451,2023-12-13,49,67.65,2,16.87946658500036,43,0.6622
COMP_002451,2021-12-20,42,52.42,1,3.920021909519477,48,0.5116
COMP_002452,2023-01-03,87,75.61,0,11.726999151203156,41,0.2791
COMP_002453,2020-01-03,90,78.65,0,10.230772606387124,14,0.6875
COMP_002453,2020-01-07,85,82.14,1,8.690734333104253,37,0.6124
COMP_002454,2023-10-12,52,36.73,4,2.4351662153824836,12,0.3883
COMP_002454,2023-10-06,53,56.06,4,1.935200626531143,13,0.853
COMP_002455,2022-05-05,74,64.57,0,16.523343386727884,12,0.5809
COMP_002455,2022-02-06,73,66.56,0,5.469693793181045,8,0.432
COMP_002456,2020-09-18,68,82.06,1,2.798504305465476,19,0.8847
COMP_002456,2024-05-31,67,94.63,2,9.718239560462289,14,0.7369
COMP_002456,2024-12-20,71,90.12,3,8.73054616108914,46,0.175
COMP_002457,2020-01-30,52,32.79,4,3.767788275152124,30,0.1795
COMP_002457,2020-10-29,53,42.81,3,2.111271374660657,48,0.6855
COMP_002458,2023-07-20,71,81.34,3,11.937861281268518,29,0.1957
COMP_002458,2020-08-09,72,80.04,0,14.481626544447836,35,0.2815
COMP_002458,2020-08-03,64,96.59,1,19.71521454775215,36,0.2585
COMP_002459,2024-11-28,60,34.63,1,7.6175661316673455,5,0.1897
COMP_002459,2021-04-01,64,98.56,2,19.782187515884573,32,0.7808
COMP_002459,2023-01-28,59,78.86,5,7.526900472617445,6,0.5778
COMP_002460,2020-10-06,68,83.05,0,7.993840303296479,30,0.5997
COMP_002460,2023-09-24,70,96.65,1,13.549728834786784,10,0.2948
COMP_002461,2022-04-03,46,32.28,2,6.606693825696171,3,0.4051
COMP_002461,2021-01-11,49,34.99,5,9.727247855939822,34,0.6701
COMP_002462,2021-08-31,66,66.95,2,8.248254116730088,45,0.8473
COMP_002463,2024-05-07,84,73.63,0,1.6919510226883405,14,0.1122
COMP_002463,2021-09-04,85,99.67,0,18.582372839650173,16,0.5225
COMP_002464,2021-02-24,49,58.09,4,1.537731966344333,15,0.7148
COMP_002464,2024-11-06,41,49.83,2,2.866112889587485,39,0.5823
COMP_002464,2024-12-17,48,71.31,5,15.449626094818267,42,0.563
COMP_002465,2020-06-01,55,75.66,1,13.10987420603869,10,0.6026
COMP_002465,2023-05-01,56,79.73,3,12.642874840658113,27,0.8083
COMP_002466,2022-07-10,43,64.56,3,7.80193351994451,20,0.7631
COMP_002466,2024-03-13,42,40.34,5,5.038204613583157,43,0.8459
COMP_002466,2021-10-14,42,60.24,1,18.657873500651217,31,0.3354
COMP_002467,2020-01-02,95,65.63,0,6.701014258427348,49,0.4442
COMP_002467,2023-04-06,97,98.13,0,19.09123647293295,29,0.6309
COMP_002467,2022-04-30,96,69.45,0,18.54331341882935,33,0.1507
COMP_002468,2023-06-14,40,40.39,2,16.27768724296771,18,0.1753
COMP_002468,2020-06-05,46,66.37,5,9.617226293879707,4,0.4886
COMP_002469,2023-02-20,86,79.85,0,6.880606228470917,19,0.7454
COMP_002469,2021-01-03,76,72.21,0,3.4764984370056258,44,0.4643
COMP_002470,2021-06-09,65,73.24,2,2.1910936162970165,33,0.3275
COMP_002470,2020-06-13,72,67.38,1,7.261722148382116,10,0.5422
COMP_002470,2020-04-16,65,63.57,3,3.869097096501612,18,0.4132
COMP_002471,2020-04-19,51,47.41,1,3.859315063635549,23,0.2938
COMP_002472,2020-11-23,57,57.51,5,12.79598493876073,17,0.1213
COMP_002472,2023-02-16,52,33.03,4,12.281380680133893,18,0.7565
COMP_002472,2022-02-05,62,68.97,3,7.5336880055526505,42,0.2929
COMP_002473,2021-03-31,73,76.07,1,16.702391146481244,15,0.1584
COMP_002473,2022-01-07,77,61.45,2,14.838716544342907,48,0.7378
COMP_002474,2022-10-05,49,70.93,3,1.0,46,0.5701
COMP_002474,2022-10-11,48,47.35,5,1.0,8,0.2834
COMP_002474,2020-10-07,48,39.06,3,1.0,14,0.7677
COMP_002475,2021-12-18,91,65.83,0,13.262382697354036,43,0.4054
COMP_002475,2024-12-22,85,73.55,0,9.556218843970637,6,0.3871
COMP_002476,2021-03-03,66,98.68,0,3.0440813338327812,46,0.3408
COMP_002476,2020-03-14,63,91.27,2,4.843424447402589,38,0.7196
COMP_002477,2020-03-06,87,73.69,0,8.02906306641265,23,0.3331
COMP_002477,2022-07-07,94,75.15,0,17.32901848144512,50,0.6444
COMP_002477,2022-03-26,91,66.52,0,13.388655128623663,45,0.4038
COMP_002478,2021-01-01,70,80.28,3,2.468668338922246,23,0.5206
COMP_002479,2020-12-04,44,79.77,5,1.0,35,0.8842
COMP_002480,2022-04-15,84,85.62,2,7.759681456354885,28,0.2477
COMP_002480,2022-11-11,90,95.2,0,8.740703659369649,17,0.274
COMP_002481,2023-12-11,45,30.61,5,2.346098654243472,29,0.3566
COMP_002481,2022-01-18,50,47.49,3,14.116653125974779,5,0.7262
COMP_002481,2022-12-30,45,79.09,4,7.183543934302506,15,0.7428
COMP_002482,2023-03-27,95,99.56,0,3.3978721106442866,27,0.3826
COMP_002483,2021-07-12,46,77.69,2,16.52496448952135,12,0.2605
COMP_002483,2021-09-08,53,46.93,4,19.856517996571704,34,0.647
COMP_002483,2020-06-27,48,56.26,3,1.3521629668996566,28,0.1887
COMP_002484,2023-09-08,78,98.37,2,1.8949519234901575,21,0.1164
COMP_002484,2024-07-13,79,69.33,3,3.0758655779405353,28,0.489
COMP_002484,2022-12-12,83,75.61,0,9.04861902340283,26,0.3137
COMP_002485,2020-06-14,69,96.71,0,5.2321609415352,38,0.7705
COMP_002485,2021-02-10,70,60.32,2,4.931121659308924,40,0.7653
COMP_002485,2021-10-10,65,92.41,1,12.671607169630251,13,0.6555
COMP_002486,2024-07-30,89,86.03,1,4.953334520857096,39,0.5773
COMP_002486,2024-06-19,82,79.29,0,3.3054574990453283,24,0.5484
COMP_002487,2022-05-25,80,92.3,1,6.652482665991532,6,0.7887
COMP_002488,2020-08-06,65,79.6,0,13.358308437056683,40,0.869
COMP_002489,2022-09-03,83,86.92,0,15.745553020516539,6,0.7449
COMP_002489,2023-05-23,81,84.23,0,12.87083729683762,19,0.1713
COMP_002489,2021-12-20,74,72.59,0,12.210023863142805,47,0.223
COMP_002490,2021-04-11,75,69.02,0,1.9769088014423049,24,0.7858
COMP_002491,2023-08-09,92,81.7,0,4.284441626204566,37,0.6301
COMP_002492,2024-02-13,74,84.0,1,2.1794853511466536,18,0.2062
COMP_002492,2023-03-29,76,99.23,0,3.407963501528649,47,0.8548
COMP_002492,2024-09-02,70,77.57,3,2.4517383449235295,20,0.8152
COMP_002493,2022-11-14,63,75.04,3,13.873046828537285,42,0.6101
COMP_002493,2020-02-07,69,75.07,1,18.66694641654191,38,0.5615
COMP_002493,2021-12-29,63,89.99,1,8.514829233450243,7,0.7958
COMP_002494,2024-04-23,47,66.53,4,13.814341069275002,14,0.3818
COMP_002494,2020-07-19,46,31.48,2,7.58008762681854,48,0.6513
COMP_002494,2023-05-11,45,49.51,3,11.927360767257653,33,0.8729
COMP_002495,2023-11-19,84,85.47,1,13.03472907015663,46,0.4441
COMP_002496,2024-03-09,84,86.05,0,2.3037378506724906,36,0.2148
COMP_002497,2024-08-09,70,86.31,2,6.088058063471614,4,0.287
COMP_002497,2022-01-17,66,91.98,2,1.511268726500702,34,0.8732
COMP_002497,2021-03-26,69,68.49,1,12.437980596210542,32,0.825
COMP_002498,2021-07-20,71,95.28,0,4.197628986171679,12,0.2957
COMP_002498,2021-02-14,75,90.79,1,7.8329402466994615,50,0.5926
COMP_002499,2024-07-18,50,71.77,4,7.743017941023486,42,0.7336
COMP_002499,2023-01-26,51,48.32,2,1.7075922820731644,33,0.2353
COMP_002499,2020-02-23,49,70.43,2,6.986087772972674,22,0.4854
COMP_002500,2024-07-25,88,85.86,0,7.754720799667154,37,0.8205
COMP_002501,2023-09-10,42,68.0,2,6.752555147123878,31,0.1339
COMP_002501,2021-07-15,40,44.89,5,13.56877601068094,16,0.8135
COMP_002501,2021-03-10,40,56.85,5,7.341251842763907,46,0.1357
COMP_002502,2021-03-09,93,97.04,1,7.814359440598761,9,0.45
COMP_002503,2022-08-31,87,78.66,0,6.795427052052872,10,0.6225
COMP_002504,2024-04-13,43,31.16,5,5.751577350565814,12,0.4628
COMP_002504,2021-10-25,47,50.04,5,4.4626546813795365,35,0.5257
COMP_002504,2024-08-07,43,52.44,3,4.234549990328643,11,0.2557
COMP_002505,2024-08-03,64,75.4,1,9.076863914548378,18,0.8231
COMP_002505,2021-04-01,65,61.04,3,4.312831315982433,29,0.617
COMP_002506,2020-09-17,88,67.07,0,15.862288761689863,10,0.5709
COMP_002507,2020-09-22,92,84.55,2,4.904158438922138,47,0.4713
COMP_002507,2021-01-26,89,67.1,1,2.1184675079307493,37,0.4079
COMP_002507,2021-11-26,89,83.18,0,2.1168636468296116,12,0.182
COMP_002508,2024-10-29,68,67.21,1,10.177077377279776,20,0.3815
COMP_002509,2020-10-13,94,85.02,0,2.6840667478124205,10,0.2658
COMP_002509,2020-06-13,90,62.2,0,3.6379780111141895,37,0.222
COMP_002510,2022-09-21,63,69.54,1,15.088921405890208,6,0.8481
COMP_002510,2020-07-28,62,65.68,1,12.372738600540652,31,0.6447
COMP_002510,2020-09-14,60,68.28,3,2.090895153918456,25,0.58
COMP_002511,2023-04-19,92,75.36,0,14.410571407460425,15,0.4667
COMP_002512,2022-09-06,48,71.25,1,18.66236076546829,5,0.224
COMP_002512,2024-05-27,51,74.38,5,13.706338091997504,43,0.3116
COMP_002512,2021-02-02,46,73.5,5,1.2028907261690898,14,0.3355
COMP_002513,2022-09-14,68,77.1,0,10.237019959286272,11,0.454
COMP_002513,2020-12-27,70,66.47,2,12.688955477145715,30,0.112
COMP_002514,2021-06-04,80,65.54,2,13.211556125756903,44,0.2236
COMP_002514,2023-01-09,74,99.92,0,12.66001206216633,27,0.1522
COMP_002515,2020-12-21,85,98.54,0,14.073508026224522,45,0.8737
COMP_002516,2023-08-25,52,52.64,1,15.411494819142234,21,0.7044
COMP_002516,2024-10-05,53,34.75,3,15.173288805844097,14,0.5388
COMP_002517,2021-07-31,54,38.14,4,16.347943372631917,42,0.1265
COMP_002518,2020-06-08,72,70.86,1,8.780683574153375,4,0.4883
COMP_002518,2024-01-29,63,76.21,0,11.882840184785534,19,0.8349
COMP_002518,2023-05-29,69,79.15,2,7.640779104009885,27,0.7538
COMP_002519,2024-06-07,89,71.73,0,14.752491319091185,29,0.2689
COMP_002520,2023-06-06,60,39.15,1,7.058291103278395,48,0.4023
COMP_002521,2022-03-22,56,60.0,3,12.103670280411437,27,0.7147
COMP_002522,2022-06-05,70,60.25,0,16.268722314822128,21,0.4954
COMP_002522,2024-11-11,77,80.3,1,17.456041572338545,48,0.325
COMP_002523,2024-07-29,88,63.26,0,1.811439251230461,25,0.1662
COMP_002523,2023-03-26,80,73.85,3,2.182111062363874,35,0.8158
COMP_002523,2021-08-22,89,70.94,0,5.2047864776429,31,0.4302
COMP_002524,2021-10-17,60,77.02,1,11.996605158381984,20,0.1782
COMP_002524,2023-12-13,64,98.3,0,7.369943636474069,17,0.3912
COMP_002524,2022-07-08,59,31.06,5,12.588526872811691,50,0.6423
COMP_002525,2023-10-06,59,41.0,1,4.0109869384105785,24,0.8725
COMP_002526,2023-01-21,56,57.82,1,10.42869355622151,3,0.4948
COMP_002527,2022-04-03,58,39.64,2,8.468897359927492,23,0.705
COMP_002528,2024-10-04,86,71.15,0,4.866217222011476,3,0.123
COMP_002529,2021-08-31,63,90.73,0,13.913496647153842,28,0.1186
COMP_002529,2022-10-12,61,89.5,1,10.906642827069213,27,0.5055
COMP_002530,2020-01-03,80,97.44,2,6.830048708329051,42,0.1827
COMP_002531,2023-02-09,41,68.9,2,1.3718700777357897,34,0.1478
COMP_002531,2020-10-12,43,43.56,5,6.290393228060188,13,0.7398
COMP_002532,2024-10-08,46,70.59,5,16.450178897719333,35,0.478
COMP_002532,2021-02-04,48,35.08,3,14.560397833097278,3,0.6707
COMP_002533,2023-12-23,84,82.22,0,5.17142391105825,30,0.3215
COMP_002533,2021-12-22,81,95.33,0,9.769144959361299,27,0.688
COMP_002533,2023-01-30,78,68.36,2,2.5633181490129515,33,0.4419
COMP_002534,2021-07-31,43,51.4,2,15.550177589858274,27,0.6653
COMP_002534,2020-02-10,52,78.43,2,3.7762002098947294,8,0.266
COMP_002534,2021-01-01,51,58.71,2,7.365294084200148,41,0.1153
COMP_002535,2022-06-02,81,71.94,2,8.098287411631137,19,0.814
COMP_002535,2023-03-27,85,88.67,0,3.166865376225962,40,0.3465
COMP_002535,2024-08-03,88,61.04,0,3.9716703829179423,50,0.5674
COMP_002536,2022-05-26,80,82.56,2,3.6212213749521247,42,0.5406
COMP_002536,2022-04-29,72,92.82,1,6.369607512883129,28,0.7977
COMP_002536,2023-03-18,75,73.72,3,14.601343544382104,25,0.4085
COMP_002537,2020-03-02,49,47.84,4,3.8547714482670377,31,0.2033
COMP_002538,2024-01-15,84,95.21,0,9.493277314542766,14,0.432
COMP_002539,2020-07-03,76,90.92,0,3.48709992586795,17,0.5452
COMP_002539,2020-07-02,86,89.22,0,8.103332495491669,4,0.3029
COMP_002539,2020-11-09,78,86.27,2,12.489438336962184,18,0.2622
COMP_002540,2024-07-28,58,69.79,4,3.8643686990416874,25,0.5699
COMP_002540,2023-09-20,65,72.85,0,4.892771287999437,36,0.4986
COMP_002541,2022-10-11,65,79.46,1,5.399881044338578,9,0.1935
COMP_002541,2021-10-11,63,79.48,1,2.5730948864964986,20,0.2114
COMP_002541,2022-07-08,68,91.84,2,2.3056758829420594,9,0.2201
COMP_002542,2021-09-24,49,36.44,1,7.500514535152998,17,0.7785
COMP_002542,2020-12-29,50,45.46,1,2.8292196806637424,36,0.2298
COMP_002542,2021-11-24,54,56.38,4,1.3045156944323768,20,0.7094
COMP_002543,2021-06-21,51,79.22,1,6.516780468081612,35,0.8834
COMP_002543,2021-10-14,52,35.59,3,10.183415031439276,24,0.3684
COMP_002543,2023-09-19,52,49.65,1,12.068226214683795,39,0.2662
COMP_002544,2021-06-14,92,86.7,0,5.868771166647882,50,0.2951
COMP_002545,2022-06-23,45,31.22,5,12.133596947135233,11,0.6374
COMP_002545,2021-07-04,40,47.56,1,2.8817510583922816,47,0.4412
COMP_002546,2020-02-20,90,67.39,0,2.6233559756847575,14,0.1109
COMP_002546,2024-05-24,93,90.57,0,12.948335934331302,21,0.8864
COMP_002547,2020-10-14,82,68.06,0,4.497630713816848,48,0.8601
COMP_002547,2022-07-22,92,67.38,0,2.8449235017040997,22,0.5514
COMP_002547,2020-11-17,85,98.18,0,9.513375408456097,33,0.8053
COMP_002548,2024-04-22,90,80.76,0,1.0,26,0.3903
COMP_002549,2023-08-28,60,39.52,3,19.46469177367295,43,0.8854
COMP_002549,2021-08-25,60,60.31,1,6.457763420724771,12,0.5621
COMP_002549,2023-06-25,54,74.19,2,14.519555604985586,43,0.5282
COMP_002550,2021-11-13,85,94.76,0,16.05027614506694,28,0.4263
COMP_002550,2023-04-28,78,83.02,2,2.506016239048919,14,0.2084
COMP_002550,2024-05-30,79,96.55,2,16.821928178673826,12,0.186
COMP_002551,2020-08-18,55,52.17,1,15.630059163596638,38,0.4351
COMP_002551,2024-04-17,57,30.49,4,1.1696899805140601,35,0.6685
COMP_002552,2023-02-02,52,54.81,1,5.978125175289604,36,0.4893
COMP_002552,2021-10-29,52,64.29,3,11.703646701883113,28,0.5464
COMP_002552,2020-09-06,60,51.59,3,6.728630456256963,48,0.6417
COMP_002553,2024-06-30,72,78.61,0,16.580998373841247,26,0.3532
COMP_002553,2022-09-01,71,84.22,3,1.5690572258115647,22,0.4251
COMP_002553,2022-05-06,69,84.54,1,5.64406647396898,33,0.3604
COMP_002554,2023-08-05,51,39.78,1,2.851173613388993,36,0.1169
COMP_002554,2022-08-27,45,78.34,1,15.927607994108978,29,0.7889
COMP_002554,2022-09-24,45,35.9,1,2.8296201834832972,23,0.4229
COMP_002555,2024-11-04,62,66.18,1,15.632645943031772,48,0.5518
COMP_002555,2024-07-17,54,66.32,4,17.297776741027697,48,0.2831
COMP_002555,2020-09-09,60,52.65,3,13.74847655710883,30,0.8392
COMP_002556,2020-09-30,47,55.39,4,11.877078410237226,50,0.3449
COMP_002556,2024-12-26,50,30.9,5,16.062264582908934,42,0.4539
COMP_002556,2020-10-29,41,41.97,5,6.400004217151818,46,0.4507
COMP_002557,2023-05-12,93,68.13,0,18.4870375353595,25,0.3765
COMP_002557,2020-06-07,93,67.81,0,14.30321986870512,25,0.7264
COMP_002558,2022-11-24,41,31.66,4,13.525488624464295,28,0.8905
COMP_002558,2023-01-12,39,46.3,1,3.0091348235244473,48,0.2508
COMP_002558,2020-12-31,48,58.27,1,10.587624546130925,28,0.3741
COMP_002559,2023-12-17,46,47.65,2,11.632806276258831,4,0.7968
COMP_002560,2020-06-17,50,44.49,5,12.971477618467526,12,0.6153
COMP_002560,2024-09-24,56,45.36,4,10.474061535878423,49,0.7968
COMP_002561,2022-07-17,61,93.35,0,6.567265646348403,6,0.1758
COMP_002562,2024-01-30,47,59.24,3,12.273870889231933,13,0.8114
COMP_002562,2024-06-07,47,71.19,1,12.500558241680833,12,0.796
COMP_002562,2024-05-07,50,72.35,3,8.045258110266678,22,0.6021
COMP_002563,2021-04-06,76,97.46,3,1.8654193705312365,43,0.8788
COMP_002564,2024-12-23,84,87.18,1,3.8408287714323777,6,0.2778
COMP_002564,2023-03-30,85,61.86,0,3.2503341149877962,30,0.5996
COMP_002565,2020-05-07,49,69.44,1,12.999390667561824,6,0.5427
COMP_002566,2023-01-31,45,47.02,3,2.1587837350635333,4,0.8902
COMP_002567,2023-07-03,89,74.53,0,2.0637908315160463,29,0.1204
COMP_002567,2024-11-18,93,88.47,0,3.897545571028097,34,0.3794
COMP_002568,2020-09-22,72,76.29,1,8.00927022005634,5,0.4393
COMP_002569,2020-10-12,91,63.22,0,6.229867755150703,34,0.7851
COMP_002569,2023-01-25,90,63.7,0,4.998135031835635,15,0.8047
COMP_002570,2021-06-30,54,77.01,4,16.548828239227184,9,0.2261
COMP_002570,2020-08-24,49,34.66,5,18.908774564716737,19,0.1629
COMP_002571,2020-01-30,70,97.17,2,16.950269371214453,7,0.6061
COMP_002571,2023-02-14,73,60.56,3,18.785667772135895,49,0.4746
COMP_002572,2023-05-20,57,31.07,2,9.529824571255963,37,0.5946
COMP_002573,2020-11-08,64,76.66,3,10.213560077115458,24,0.1241
COMP_002573,2023-02-24,61,79.09,1,13.801215521441465,16,0.7014
COMP_002574,2024-05-24,68,88.83,1,6.496178490480217,33,0.17
COMP_002574,2020-09-15,73,77.32,1,12.259433211170219,33,0.3454
COMP_002574,2021-11-05,68,79.05,0,3.400019273669916,29,0.3358
COMP_002575,2024-11-28,98,77.24,0,4.107639084782422,10,0.181
COMP_002575,2020-09-13,97,78.81,0,18.98276395812052,27,0.2263
COMP_002576,2023-09-29,85,82.16,0,1.6157506536511321,23,0.5073
COMP_002576,2020-04-17,78,92.82,1,12.189931966852033,24,0.8343
COMP_002576,2021-05-06,76,93.41,3,18.166186361720072,44,0.7482
COMP_002577,2023-07-14,87,91.63,0,2.235019373682476,20,0.1597
COMP_002578,2020-07-18,77,73.49,1,19.56133009282203,22,0.509
COMP_002578,2020-07-11,76,93.64,2,5.9091822029623655,48,0.7631
COMP_002579,2022-08-03,76,97.92,0,1.9429713124292964,16,0.3001
COMP_002580,2024-02-01,43,50.0,2,1.0,26,0.3248
COMP_002580,2024-02-20,52,34.16,4,1.0,7,0.3924
COMP_002580,2021-06-06,48,77.32,3,1.0,40,0.6664
COMP_002581,2020-09-20,75,71.98,2,5.425044312452911,15,0.2389
COMP_002581,2023-10-20,75,84.14,2,6.178892951184768,19,0.851
COMP_002582,2021-06-15,57,65.79,1,9.218698775825075,11,0.2657
COMP_002583,2022-09-14,67,60.84,1,8.073971146179476,36,0.7351
COMP_002583,2023-01-09,64,80.05,1,9.563398028334253,11,0.6343
COMP_002584,2021-12-22,88,93.13,0,15.953354878985376,26,0.5283
COMP_002584,2024-03-07,95,79.13,0,11.426516689877106,14,0.718
COMP_002584,2020-11-08,89,68.28,0,4.13338528339843,30,0.2837
COMP_002585,2023-08-07,82,88.85,0,17.367104506691984,26,0.8951
COMP_002586,2023-09-02,57,66.63,3,13.873112431351924,36,0.4793
COMP_002587,2022-09-16,71,91.94,0,18.843121228084396,20,0.7192
COMP_002588,2023-11-20,48,49.81,1,14.735848778069633,41,0.1522
COMP_002589,2020-05-15,63,65.36,2,2.546940164110975,43,0.1284
COMP_002589,2021-05-23,66,76.01,0,6.770708877870831,47,0.4179
COMP_002589,2024-08-17,64,60.17,3,7.372666423843491,23,0.2717
COMP_002590,2022-10-09,59,30.75,1,12.295260982722779,17,0.3987
COMP_002590,2024-11-28,59,60.3,4,14.468915831241247,8,0.4123
COMP_002590,2021-07-20,52,32.17,4,19.22126326964282,40,0.2751
COMP_002591,2024-11-10,66,86.19,3,5.864418845104468,36,0.5347
COMP_002591,2024-01-04,65,84.94,2,4.669542307892238,3,0.6674
COMP_002591,2020-04-11,66,69.46,0,10.663097897295447,6,0.8739
COMP_002592,2021-01-27,99,61.43,0,8.613579114017094,38,0.2272
COMP_002592,2024-05-30,90,80.33,2,7.844395024586603,7,0.2972
COMP_002592,2022-03-29,96,88.79,0,4.199027564340806,31,0.1808
COMP_002593,2024-02-14,82,97.27,0,2.203423558383983,29,0.327
COMP_002594,2020-04-11,57,68.75,5,1.057914495861945,39,0.4714
COMP_002595,2022-10-27,47,62.18,1,3.1214013869102164,36,0.7099
COMP_002596,2022-11-23,62,99.23,2,11.382978151830319,26,0.8914
COMP_002596,2023-09-14,67,96.36,3,3.9729131029933598,21,0.5047
COMP_002597,2020-01-26,79,68.25,1,4.99202905796943,45,0.4238
COMP_002597,2021-09-04,83,84.2,0,1.9038812529737132,6,0.6207
COMP_002597,2023-12-16,81,72.13,0,1.105577607105933,50,0.6521
COMP_002598,2020-12-06,48,34.94,4,1.9919065992993252,20,0.7514
COMP_002598,2020-04-23,51,52.62,3,3.845784892252898,37,0.8035
COMP_002598,2020-03-22,50,31.78,1,4.642779870771772,28,0.8935
COMP_002599,2021-09-09,73,94.37,2,1.0674367409002283,21,0.2735
COMP_002599,2021-09-29,71,73.06,2,9.848593361986591,12,0.3233
COMP_002599,2020-11-08,74,81.37,2,12.898038401374585,48,0.2069
COMP_002600,2020-07-02,70,83.83,1,1.2401433821403036,16,0.2427
COMP_002601,2022-09-04,56,64.79,3,3.8262331248335135,11,0.3666
COMP_002601,2020-06-22,64,70.61,0,1.6123915456669136,13,0.7578
COMP_002601,2021-10-11,59,49.89,4,18.473399098743926,19,0.112
COMP_002602,2023-01-15,44,50.05,2,1.2451681681007876,13,0.7334
COMP_002602,2022-02-19,45,79.88,3,7.038930258502584,24,0.2956
COMP_002603,2021-05-06,49,65.9,4,5.451777811009201,5,0.6739
COMP_002603,2023-11-25,46,42.55,3,4.12002835398739,11,0.3813
COMP_002604,2024-12-15,65,63.85,2,1.597970148405493,13,0.5843
COMP_002604,2024-01-16,61,79.54,1,1.3169057901727261,33,0.6172
COMP_002605,2024-10-17,85,61.71,0,1.7286500094941406,8,0.1021
COMP_002605,2023-10-18,80,85.96,2,14.09277081051835,31,0.8968
COMP_002605,2021-10-21,77,97.3,1,10.26619142232248,31,0.2811
COMP_002606,2023-06-22,64,86.58,0,18.893294912469525,14,0.1774
COMP_002606,2024-10-31,71,60.97,2,2.73585687906316,45,0.5991
COMP_002607,2024-03-02,40,77.13,2,1.0,30,0.1438
COMP_002607,2020-02-13,41,61.39,3,1.0,25,0.6126
COMP_002607,2022-12-22,38,58.49,5,1.0,46,0.4869
COMP_002608,2020-10-15,87,67.99,0,8.461175625114377,21,0.1167
COMP_002608,2020-01-18,92,81.47,0,19.72784111209356,9,0.8795
COMP_002608,2020-09-30,97,66.43,0,6.620426989844398,26,0.4689
COMP_002609,2020-04-29,47,53.61,1,3.117004767519448,14,0.3546
COMP_002609,2020-02-15,54,34.54,2,1.9978767030320554,41,0.8399
COMP_002609,2023-08-30,53,64.84,4,1.8762396297909891,25,0.3022
COMP_002610,2021-03-02,68,97.07,1,1.0,41,0.8125
COMP_002610,2022-07-19,71,92.17,0,1.0,41,0.5355
COMP_002610,2020-10-31,63,85.91,2,1.0,6,0.1724
COMP_002611,2024-09-02,46,39.76,2,1.8231396935480335,32,0.8162
COMP_002611,2022-12-31,55,40.39,4,12.937339304765414,22,0.5611
COMP_002611,2022-06-15,54,37.79,5,8.765213668378776,30,0.6055
COMP_002612,2020-11-06,98,72.94,0,7.768735101128081,11,0.8635
COMP_002613,2022-12-05,55,70.7,5,6.193838727795027,40,0.866
COMP_002613,2024-07-30,57,58.94,3,1.4703866605218714,31,0.2984
COMP_002613,2023-10-31,54,76.69,3,6.957844233824771,43,0.8591
COMP_002614,2020-04-02,82,73.61,0,4.172414851833894,25,0.1283
COMP_002615,2020-11-18,77,66.5,2,4.690708589094873,9,0.826
COMP_002615,2021-03-31,77,89.27,2,4.12901511278366,39,0.6968
COMP_002616,2020-10-11,87,98.28,0,6.94464033637791,3,0.1045
COMP_002616,2022-12-24,81,90.75,0,15.83785665634325,24,0.545
COMP_002617,2023-06-07,85,64.4,0,17.18087915988889,25,0.5691
COMP_002617,2020-02-21,82,69.04,0,14.349865415214806,40,0.7934
COMP_002617,2022-05-03,81,65.52,0,14.468074480583528,11,0.1191
COMP_002618,2021-06-14,54,35.03,1,10.020145154159593,15,0.8632
COMP_002618,2020-05-23,56,63.2,4,3.548996159900145,35,0.2057
COMP_002618,2023-02-21,53,76.02,1,12.616404066685547,23,0.1507
COMP_002619,2024-08-31,84,91.54,0,19.108049339052716,39,0.7434
COMP_002620,2024-12-24,81,86.86,0,1.0239912238289142,16,0.5147
COMP_002620,2024-06-25,81,85.65,0,5.444136196925931,10,0.7021
COMP_002621,2021-05-26,84,78.36,0,7.933696122322864,25,0.5148
COMP_002621,2022-01-25,92,67.35,0,17.991010509717245,8,0.7639
COMP_002621,2020-05-05,88,80.56,0,14.738537295022724,40,0.2156
COMP_002622,2020-06-05,54,61.31,3,2.7819021802566413,3,0.6334
COMP_002622,2020-11-03,47,42.88,4,3.4458711854976185,30,0.3799
COMP_002622,2020-09-02,57,72.61,3,3.909736992119136,14,0.1598
COMP_002623,2024-02-29,63,75.95,3,1.9152773683382422,25,0.5965
COMP_002623,2023-05-02,57,31.77,5,7.653045731775942,15,0.8686
COMP_002623,2020-07-17,55,35.39,3,9.20484883552494,36,0.1422
COMP_002624,2021-06-27,76,98.08,3,6.521329530778162,32,0.3431
COMP_002625,2020-03-25,55,52.5,3,1.8160565524395846,21,0.1078
COMP_002625,2023-05-06,55,51.41,5,13.658834742478053,9,0.3543
COMP_002626,2021-08-03,69,90.1,3,4.322845591170077,30,0.2017
COMP_002626,2024-07-13,72,62.96,2,9.22995335608416,18,0.5692
COMP_002626,2021-07-02,69,83.93,2,5.181417461369882,24,0.6278
COMP_002627,2021-02-11,40,35.6,3,6.251620441413097,29,0.5995
COMP_002627,2022-06-19,43,66.24,1,12.053534330130825,44,0.7408
COMP_002628,2020-12-26,80,96.52,2,6.742291860437851,26,0.7431
COMP_002629,2023-07-22,67,85.43,0,9.284603303113379,40,0.383
COMP_002629,2021-08-31,63,66.89,2,12.358513568605769,49,0.5946
COMP_002630,2023-02-25,52,68.17,5,7.759440270870276,22,0.4148
COMP_002630,2023-08-21,45,41.99,1,12.195300871178139,34,0.3255
COMP_002631,2022-03-12,73,76.89,3,2.16399164861376,44,0.7783
COMP_002631,2023-02-22,69,74.06,3,6.83874443218418,23,0.3151
COMP_002632,2020-05-08,61,86.38,2,4.802304549112114,35,0.8354
COMP_002632,2021-11-19,62,84.85,0,5.155014677123822,9,0.3609
COMP_002633,2022-05-20,75,82.62,3,4.684902197706714,46,0.2936
COMP_002633,2020-09-05,75,89.79,2,5.550551418678816,45,0.5543
COMP_002633,2020-04-14,80,96.61,3,4.469153059858856,38,0.8232
COMP_002634,2024-05-17,45,40.37,1,14.908938265810542,23,0.7786
COMP_002635,2021-03-14,90,90.1,0,6.8292887272383656,40,0.3182
COMP_002636,2022-08-29,46,72.28,5,12.368518661764597,50,0.557
COMP_002636,2024-05-12,42,74.66,1,3.6816854598949442,49,0.595
COMP_002636,2022-01-21,42,67.78,5,2.4876513981009314,16,0.8675
COMP_002637,2024-06-24,58,52.68,1,16.168969682910618,16,0.7089
COMP_002638,2023-07-24,71,85.24,3,15.428164097649438,4,0.7996
COMP_002638,2024-03-29,70,83.88,0,4.874932530242056,41,0.8806
COMP_002639,2022-05-21,86,97.05,0,16.770809062845196,27,0.5296
COMP_002640,2022-11-10,74,73.67,2,5.1763684292512995,22,0.5147
COMP_002640,2020-07-23,78,67.4,1,1.4261679326729173,37,0.5964
COMP_002641,2020-01-13,96,91.61,0,4.6309901650053655,8,0.2861
COMP_002641,2020-10-30,92,66.38,0,11.33342757434001,30,0.5036
COMP_002642,2021-06-29,46,79.63,2,17.2350239126237,9,0.3273
COMP_002642,2020-06-04,47,53.1,3,12.176436279021368,50,0.4345
COMP_002642,2020-04-07,49,60.11,5,16.023157714290164,5,0.3399
COMP_002643,2024-02-01,92,83.55,0,6.405391890507583,24,0.6767
COMP_002643,2024-09-01,94,66.12,0,7.929607624381251,15,0.2257
COMP_002644,2020-02-27,86,67.37,0,9.416173230236431,19,0.3969
COMP_002644,2024-03-23,85,98.79,0,14.202584612214695,5,0.6322
COMP_002644,2024-08-10,85,76.1,2,18.986523225451815,21,0.6213
COMP_002645,2020-02-21,47,74.12,2,1.701131873060492,21,0.8577
COMP_002646,2021-12-21,63,98.58,0,10.387777620587437,31,0.118
COMP_002647,2022-08-01,72,78.21,3,3.3052444951344633,33,0.5112
COMP_002648,2023-12-10,91,77.62,0,15.556482900063072,46,0.8817
COMP_002648,2024-02-25,94,63.04,0,13.077780774250048,38,0.865
COMP_002648,2021-12-17,91,61.65,0,2.605874442781246,6,0.1438
COMP_002649,2022-10-31,58,69.4,2,6.637670552667599,17,0.8411
COMP_002649,2021-05-08,58,68.96,3,2.312024500125819,11,0.8646
COMP_002650,2022-10-02,37,46.52,1,2.0146781760979047,22,0.8356
COMP_002650,2020-02-10,39,36.29,3,1.577752063952489,40,0.845
COMP_002651,2020-10-17,53,34.2,1,19.526746078867696,18,0.3382
COMP_002651,2020-02-29,45,38.27,5,10.595770855955813,46,0.7187
COMP_002651,2020-03-25,46,32.97,5,12.60176688297291,16,0.659
COMP_002652,2021-11-01,49,76.01,3,9.408911616339607,45,0.4307
COMP_002652,2021-05-22,52,71.27,4,18.558266739462947,10,0.2352
COMP_002653,2022-12-08,43,51.69,5,4.702595280459395,17,0.4472
COMP_002654,2020-03-04,68,81.86,0,8.086447464691005,23,0.4764
COMP_002654,2021-08-25,70,93.13,2,5.369176120034186,50,0.6005
COMP_002654,2020-01-06,76,87.85,3,19.040301769547263,30,0.6089
COMP_002655,2023-04-23,65,71.47,3,3.1744888832589244,37,0.5863
COMP_002655,2020-10-06,68,67.44,3,9.248456624832015,26,0.1703
COMP_002655,2022-08-18,73,71.63,2,9.621846097256656,3,0.7696
COMP_002656,2024-07-04,72,60.38,0,17.54978205884587,36,0.7035
COMP_002656,2022-02-10,78,80.35,1,4.510482431992651,35,0.5852
COMP_002657,2020-06-25,86,72.86,0,7.565888683985197,16,0.886
COMP_002657,2020-10-23,87,94.04,0,16.331480275549517,17,0.735
COMP_002658,2024-07-09,52,77.06,5,4.95250593694333,8,0.1238
COMP_002658,2022-01-09,51,34.7,1,6.649149721393202,30,0.886
COMP_002658,2023-11-25,49,53.45,1,1.5101913312569797,27,0.7328
COMP_002659,2022-11-15,41,54.04,2,1.3929895707911188,44,0.1759
COMP_002659,2024-05-30,48,75.23,1,5.545352706539946,49,0.6014
COMP_002660,2020-04-14,53,42.8,3,6.501746154310672,22,0.5368
COMP_002660,2023-12-31,59,45.56,3,4.616383506477521,41,0.3816
COMP_002660,2024-04-29,54,55.64,5,18.13047233832347,25,0.7265
COMP_002661,2024-09-15,87,91.86,0,6.000049076665272,19,0.3392
COMP_002661,2022-12-22,89,66.0,0,2.546185074200215,29,0.8917
COMP_002662,2020-08-13,50,54.38,4,18.338774329695447,31,0.868
COMP_002663,2023-10-26,49,72.73,3,11.186289240293242,28,0.7584
COMP_002663,2023-03-30,47,66.78,4,11.56158511884274,31,0.4135
COMP_002664,2022-07-08,54,40.7,2,7.1201455313405795,5,0.1284
COMP_002664,2022-09-04,55,64.79,2,8.668776695583135,42,0.7979
COMP_002665,2020-06-01,66,70.85,2,3.364442697421746,23,0.2429
COMP_002666,2023-07-14,73,79.14,0,11.389914359228676,29,0.6654
COMP_002666,2020-10-31,71,76.68,3,3.3046070580832785,34,0.853
COMP_002667,2021-06-18,44,76.14,2,1.1061018547797181,22,0.6656
COMP_002667,2020-04-29,42,67.58,1,3.6107198700726983,37,0.5925
COMP_002667,2024-01-19,41,78.66,2,1.5288315656189475,25,0.4472
COMP_002668,2023-07-11,52,40.26,2,18.273711625207667,30,0.8547
COMP_002669,2024-03-08,42,48.45,2,16.2683955259471,48,0.2557
COMP_002669,2021-11-24,40,55.22,5,19.277105244269578,28,0.6674
COMP_002670,2023-08-05,60,38.5,3,2.3191277147449663,49,0.8757
COMP_002670,2024-11-10,52,74.97,3,10.094278687168178,7,0.6768
COMP_002671,2024-03-21,70,99.97,0,15.055176576213654,31,0.7961
COMP_002671,2024-11-10,71,84.91,2,11.145265860943315,39,0.8164
COMP_002672,2023-02-09,80,77.82,0,15.263588557708575,12,0.6072
COMP_002672,2021-04-10,86,94.92,0,4.9760125671655295,42,0.1191
COMP_002673,2021-09-04,69,81.47,0,13.643148424763243,7,0.2942
COMP_002674,2022-12-29,74,69.01,3,1.2365736331820802,4,0.5922
COMP_002675,2024-03-18,82,95.69,0,11.907778240711512,21,0.4667
COMP_002675,2023-01-25,82,68.57,0,12.858625372492433,31,0.6484
COMP_002675,2023-08-14,83,78.99,0,3.2990892344552023,32,0.6807
COMP_002676,2022-08-11,84,76.46,0,18.25566439129641,43,0.7033
COMP_002676,2022-09-08,83,96.31,2,1.0050362762338239,45,0.289
COMP_002677,2021-05-07,73,98.7,0,17.96290471161925,13,0.8516
COMP_002678,2024-04-19,79,69.91,2,5.49731892140839,27,0.2067
COMP_002679,2024-08-22,82,80.03,2,19.28187153416032,30,0.5359
COMP_002679,2020-10-29,74,88.29,0,11.668257472938672,23,0.7752
COMP_002679,2020-08-22,83,90.83,0,10.977788788551004,29,0.6802
COMP_002680,2021-08-14,80,98.53,1,1.9370165806038364,6,0.7986
COMP_002680,2024-10-19,74,99.7,0,1.085030088319416,21,0.6843
COMP_002680,2023-12-20,79,77.33,2,1.3292576664716669,25,0.5098
COMP_002681,2024-07-26,62,60.88,1,1.1194641709031874,42,0.8529
COMP_002681,2020-10-16,59,65.64,2,1.5440508748459005,9,0.7908
COMP_002681,2022-09-08,58,68.49,3,1.3779324259821237,17,0.5358
COMP_002682,2024-04-09,52,40.46,1,8.998290916656961,41,0.3116
COMP_002683,2024-02-03,76,81.05,2,1.6008668923479856,45,0.4811
COMP_002683,2020-10-11,74,90.42,2,1.6859513454024317,11,0.6446
COMP_002683,2021-11-29,74,93.28,1,1.8136993056013773,32,0.7255
COMP_002684,2024-10-23,68,76.48,0,3.4189969998426717,39,0.6375
COMP_002685,2023-03-14,62,62.14,1,7.260054319913368,30,0.5758
COMP_002685,2023-03-08,60,62.95,2,9.131516124046183,49,0.3847
COMP_002686,2024-09-12,82,90.8,0,1.4159474029404917,24,0.8634
COMP_002686,2020-12-02,82,65.99,2,5.178045923624794,29,0.8975
COMP_002687,2022-04-22,45,64.8,4,8.562719662247169,43,0.7675
COMP_002687,2020-12-02,45,35.33,5,19.499663151302013,11,0.8173
COMP_002688,2020-03-08,88,76.98,0,7.077641664698792,15,0.5639
COMP_002688,2023-12-26,97,97.86,0,11.478737336217161,10,0.2704
COMP_002689,2021-06-29,71,78.78,2,19.42242049985722,10,0.2862
COMP_002689,2021-04-24,68,87.65,1,16.958390232864375,34,0.7153
COMP_002690,2024-09-05,64,73.63,1,3.410342020389008,50,0.4966
COMP_002690,2024-10-31,56,57.62,1,1.8464703612054088,43,0.2375
COMP_002690,2022-03-06,55,51.67,4,2.788686244310769,6,0.1006
COMP_002691,2023-12-14,75,71.39,1,2.0042655148520057,33,0.8512
COMP_002691,2022-10-28,78,94.56,1,5.8059307031020015,24,0.856
COMP_002692,2022-04-22,71,92.86,1,2.190794170565642,16,0.3868
COMP_002692,2021-04-11,67,77.98,2,7.381881134015187,46,0.8566
COMP_002693,2022-08-26,62,96.22,3,3.2005681743873,13,0.4999
COMP_002693,2022-11-30,63,86.04,1,1.7585259463102823,21,0.6394
COMP_002693,2021-05-15,60,42.83,4,8.44388125355225,36,0.1701
COMP_002694,2024-12-12,43,60.86,4,2.9545506789861458,16,0.8674
COMP_002694,2021-04-27,45,35.87,1,1.8359425507625027,23,0.4153
COMP_002695,2023-10-19,42,76.77,1,2.158758017631365,47,0.6267
COMP_002696,2022-05-26,87,76.6,2,9.434871990523764,50,0.4852
COMP_002697,2023-01-16,51,59.35,3,9.842041809094928,40,0.286
COMP_002697,2020-05-23,51,59.21,4,10.358684104075888,46,0.1882
COMP_002697,2024-10-09,51,54.03,1,14.59018908861249,49,0.401
COMP_002698,2023-09-26,52,45.97,2,4.961367631761746,10,0.5205
COMP_002698,2022-02-26,50,54.8,5,17.72119879192013,11,0.8113
COMP_002698,2024-09-12,45,69.41,4,12.106084140528552,21,0.8272
COMP_002699,2021-12-21,49,61.6,4,9.230356527611027,28,0.1233
COMP_002700,2023-12-01,58,71.82,2,3.0105274840489202,11,0.3044
COMP_002700,2022-02-10,60,50.03,5,6.7859255466627015,10,0.2403
COMP_002700,2023-12-11,59,61.09,2,2.134102915830845,17,0.8302
COMP_002701,2021-01-19,66,97.16,3,11.16517578176994,36,0.2861
COMP_002702,2023-09-13,45,49.07,4,15.82338468215789,26,0.3821
COMP_002703,2021-09-06,85,98.08,0,3.6737606895977133,6,0.4872
COMP_002703,2020-03-28,86,69.08,0,2.2649927965465135,36,0.2786
COMP_002704,2022-02-26,65,99.09,1,12.611012143253951,44,0.7915
COMP_002705,2022-03-08,49,39.37,3,5.816041131553876,9,0.6231
COMP_002706,2024-04-14,96,74.51,0,1.9667432472282305,24,0.88
COMP_002706,2021-07-21,98,88.58,0,16.50053278539852,35,0.5907
COMP_002706,2020-08-13,99,66.92,0,4.556940147598256,46,0.5541
COMP_002707,2022-04-04,53,56.82,2,3.5647874179840087,42,0.3253
COMP_002708,2024-02-15,82,87.38,0,1.2272088293178416,49,0.6205
COMP_002709,2021-08-22,62,84.41,2,3.2488622703492984,31,0.6029
COMP_002709,2023-02-02,66,70.92,2,17.498473467295298,14,0.6695
COMP_002710,2021-11-24,89,88.33,0,4.214169506423946,48,0.461
COMP_002710,2024-01-02,98,97.97,0,3.127779011188635,24,0.7896
COMP_002710,2022-02-16,92,61.73,0,5.771642008451529,18,0.2555
COMP_002711,2024-07-31,48,71.88,3,15.606736047076684,13,0.8395
COMP_002712,2020-05-06,58,71.32,4,2.3726668380890175,27,0.1496
COMP_002713,2024-11-29,96,82.75,0,16.708566480348587,14,0.5742
COMP_002713,2024-12-25,93,74.89,0,15.157904173343093,30,0.3786
COMP_002714,2021-09-29,87,64.73,0,7.38769746994086,50,0.8613
COMP_002714,2020-01-03,84,97.3,0,12.120674414050312,12,0.2519
COMP_002714,2023-04-08,90,71.57,0,9.351233104717332,35,0.3115
COMP_002715,2024-12-21,46,35.41,4,10.81556775483525,7,0.4035
COMP_002715,2024-11-30,39,70.45,5,19.511745919104087,30,0.3091
COMP_002716,2022-05-23,93,91.39,0,16.72468248130292,35,0.2743
COMP_002717,2022-01-22,45,71.85,4,1.3860835345089968,4,0.3987
COMP_002718,2020-05-05,55,45.05,2,13.307826591540419,41,0.2251
COMP_002718,2022-07-17,56,31.33,1,1.7043157443714363,49,0.8096
COMP_002718,2020-03-23,59,58.86,4,1.4206498932387146,13,0.7908
COMP_002719,2022-07-24,66,63.51,2,9.887925917990716,25,0.7018
COMP_002719,2020-07-03,61,63.91,1,14.009753677678145,11,0.2535
COMP_002719,2024-05-04,62,93.88,0,12.886433680844158,9,0.5383
COMP_002720,2022-10-30,57,75.22,1,6.275290538873,8,0.5769
COMP_002721,2021-07-13,79,79.74,3,3.808965136644013,28,0.7283
COMP_002722,2024-09-04,87,97.66,0,15.33374483117477,22,0.4683
COMP_002722,2021-12-29,90,75.89,0,16.26595100013206,16,0.4376
COMP_002723,2023-08-23,82,67.7,0,2.6584124644561853,26,0.6607
COMP_002724,2022-06-08,57,60.29,5,12.525382699223387,49,0.1766
COMP_002724,2022-11-10,54,53.89,5,14.542406731289887,46,0.8016
COMP_002725,2024-02-29,95,60.68,0,3.076530987392662,12,0.6203
COMP_002725,2020-08-22,89,70.75,0,11.058771606716734,3,0.8581
COMP_002725,2021-08-06,87,88.38,0,1.7481509025363329,4,0.4167
COMP_002726,2023-01-09,87,98.83,1,16.367395695897287,43,0.589
COMP_002726,2024-07-19,91,62.11,2,2.822931138724018,36,0.6714
COMP_002727,2022-12-30,57,37.79,1,18.453779882081665,33,0.1328
COMP_002727,2023-04-02,63,91.37,3,17.270096410020276,37,0.1107
COMP_002728,2024-06-13,40,58.27,3,12.65789371865192,48,0.394
COMP_002729,2021-11-08,51,37.23,1,1.546061261750892,25,0.8887
COMP_002729,2024-06-17,52,31.51,5,8.851472280343572,44,0.8773
COMP_002729,2020-12-20,45,73.44,4,11.696536126837533,22,0.2026
COMP_002730,2024-01-27,75,69.8,2,6.519271939190778,22,0.2246
COMP_002730,2022-10-01,78,86.33,0,12.163961806530882,44,0.4018
COMP_002731,2020-12-12,52,43.4,5,2.8704465074048446,23,0.2912
COMP_002731,2024-08-18,57,72.1,2,8.578702474537003,28,0.8781
COMP_002731,2020-11-27,48,57.37,1,11.84674864172189,27,0.7064
COMP_002732,2024-04-12,65,66.61,0,3.3957191797243693,32,0.7756
COMP_002732,2023-03-17,64,81.05,1,3.844802729187385,47,0.2515
COMP_002733,2023-09-27,76,63.04,1,4.387959060148967,3,0.7286
COMP_002733,2024-11-07,73,67.21,1,1.122952620594,47,0.3376
COMP_002733,2020-03-30,74,95.93,2,4.710548528065935,43,0.8438
COMP_002734,2020-01-10,76,69.39,0,1.0903441497057427,18,0.1786
COMP_002734,2024-03-02,77,75.76,3,4.423268205587415,7,0.3788
COMP_002734,2023-12-30,81,71.33,0,6.662403985600465,36,0.6326
COMP_002735,2024-12-21,71,81.2,1,10.762949293293177,46,0.8416
COMP_002736,2024-03-07,63,86.83,1,1.909720489386971,5,0.4763
COMP_002736,2024-05-21,62,99.75,0,1.3844335455668628,14,0.5215
COMP_002737,2021-06-17,88,76.05,0,9.833006551201526,5,0.1802
COMP_002737,2024-04-25,88,79.99,0,6.955780837622926,29,0.5086
COMP_002738,2022-01-26,53,41.46,3,11.84278956417213,34,0.8446
COMP_002739,2020-08-03,44,33.78,2,17.64043625364431,21,0.7512
COMP_002739,2023-04-01,50,76.76,4,4.448008765314617,48,0.2772
COMP_002739,2021-05-21,49,64.16,4,3.106834793473678,5,0.8044
COMP_002740,2024-04-06,80,84.48,1,1.1879230093840496,36,0.4428
COMP_002741,2020-01-12,88,99.48,0,1.6383153695882864,38,0.746
COMP_002741,2022-07-19,87,85.58,0,13.689344506233018,26,0.6272
COMP_002741,2021-06-29,83,66.77,0,2.7127630393360658,12,0.7752
COMP_002742,2022-03-29,70,80.59,0,12.484588044009529,16,0.2971
COMP_002743,2022-10-23,60,31.19,1,11.488888285438074,10,0.2621
COMP_002744,2023-10-10,61,94.97,0,1.0,28,0.3317
COMP_002744,2020-03-10,56,44.92,3,1.0,22,0.2945
COMP_002745,2022-03-12,82,62.87,1,10.099819878157065,31,0.4889
COMP_002746,2020-05-01,77,94.2,1,19.556169207876646,15,0.1733
COMP_002746,2023-10-13,73,62.81,0,8.430052496781162,48,0.841
COMP_002746,2024-11-14,78,69.51,0,6.8623908337045485,16,0.4111
COMP_002747,2021-12-22,60,76.1,3,7.339896759569706,19,0.8854
COMP_002748,2022-10-27,52,43.82,5,1.0,23,0.8827
COMP_002748,2020-05-07,49,42.65,1,1.0,16,0.3156
COMP_002748,2022-05-01,51,73.01,2,1.0,6,0.4132
COMP_002749,2022-08-19,57,55.23,4,9.97036484546295,44,0.7682
COMP_002749,2022-04-02,63,83.06,1,19.040080821448278,50,0.5079
COMP_002749,2020-09-20,58,76.4,1,10.154346074512977,32,0.5163
COMP_002750,2023-12-30,51,43.89,1,1.7636209788363613,16,0.6601
COMP_002751,2021-03-13,66,68.75,3,12.2991195497461,19,0.8337
COMP_002751,2023-03-30,59,40.46,2,7.838795995743796,28,0.3598
COMP_002752,2022-02-19,53,59.9,1,5.962416334453165,49,0.6235
COMP_002752,2023-02-06,57,63.87,2,9.199969334803244,9,0.203
COMP_002753,2020-04-14,80,72.43,2,17.541099062394153,22,0.3586
COMP_002753,2024-02-14,76,74.42,2,18.704832841433287,40,0.8463
COMP_002754,2024-05-22,90,74.69,0,1.6468291956176895,14,0.2757
COMP_002755,2024-12-24,66,71.11,1,2.243661707687879,30,0.531
COMP_002755,2021-01-15,60,76.14,5,3.2044151905317584,14,0.7529
COMP_002756,2023-02-01,49,67.41,3,11.978808214694602,32,0.4642
COMP_002756,2020-08-15,56,50.85,3,1.5907798963363073,14,0.6478
COMP_002756,2024-07-11,50,66.71,1,6.2701133702926475,44,0.6251
COMP_002757,2021-04-15,95,92.09,0,1.2296237605162552,40,0.6086
COMP_002757,2021-08-28,96,78.13,0,13.06566885991737,41,0.546
COMP_002757,2020-08-02,98,97.49,0,5.55408840269161,49,0.8204
COMP_002758,2020-12-05,81,97.44,0,6.676603742415402,43,0.4265
COMP_002758,2024-05-01,89,67.11,0,10.141184873050143,25,0.7509
COMP_002758,2021-12-03,79,86.2,1,16.01659461956296,4,0.3498
COMP_002759,2022-05-22,79,72.71,0,8.599950738436085,14,0.2907
COMP_002759,2023-05-06,80,83.76,3,4.785733249874498,26,0.7717
COMP_002759,2024-09-09,73,75.1,3,3.96632788153417,35,0.5947
COMP_002760,2022-11-24,90,64.12,0,19.993304642022583,30,0.8077
COMP_002760,2024-08-02,90,74.61,2,8.969928714712292,14,0.3167
COMP_002761,2024-07-04,67,80.2,1,12.425313219017353,20,0.3146
COMP_002761,2020-11-01,67,60.71,3,8.18862349092466,20,0.6698
COMP_002761,2020-05-29,75,76.96,2,1.3480521404801369,37,0.4653
COMP_002762,2021-03-03,80,95.06,0,13.738429133113613,28,0.6037
COMP_002763,2022-03-21,77,90.43,2,6.157689470982905,10,0.1289
COMP_002764,2022-06-04,79,86.14,2,3.6266290017317715,18,0.3624
COMP_002765,2021-02-05,83,85.99,0,16.274843215406683,6,0.3919
COMP_002765,2023-06-01,82,72.33,0,1.4719863026387134,4,0.4771
COMP_002766,2021-05-22,72,98.87,3,3.8106427235441047,17,0.5507
COMP_002766,2020-07-01,78,83.07,0,5.4446708250807525,22,0.236
COMP_002767,2023-10-26,93,81.47,0,3.7244932227086296,5,0.7895
COMP_002767,2024-09-24,85,88.69,2,11.049543560828125,20,0.2456
COMP_002768,2024-09-20,76,72.99,3,5.280073206963487,36,0.8359
COMP_002768,2022-10-12,68,78.41,0,12.520396228228813,27,0.1115
COMP_002768,2021-05-09,77,81.94,3,13.919630446056065,48,0.3997
COMP_002769,2021-09-16,92,60.1,0,19.36366692330976,42,0.4829
COMP_002769,2020-06-07,89,93.03,0,2.7944988053927085,9,0.5573
COMP_002769,2023-02-26,87,66.45,0,7.6579483612049835,32,0.1498
COMP_002770,2021-12-27,74,93.53,2,3.64783474063255,31,0.1328
COMP_002771,2023-06-25,65,60.86,1,6.576201581382496,6,0.7166
COMP_002771,2022-04-10,62,71.6,0,12.682212736187804,26,0.5135
COMP_002771,2021-01-11,63,83.41,2,2.408048814311823,19,0.8644
COMP_002772,2022-08-12,89,96.83,0,8.458067605142455,31,0.2
COMP_002772,2020-09-05,80,87.53,1,15.777504820687641,36,0.7213
COMP_002772,2020-02-06,83,73.07,0,11.260025702772005,26,0.464
COMP_002773,2022-02-21,72,94.29,2,4.000852787222174,38,0.8968
COMP_002774,2020-02-18,37,36.17,3,6.6609428523602325,26,0.5103
COMP_002774,2023-12-12,46,58.61,1,9.083887504207938,13,0.1289
COMP_002775,2021-03-07,46,54.51,5,16.838474214009736,42,0.106
COMP_002775,2020-07-09,46,64.07,1,19.983198068705477,37,0.2907
COMP_002776,2024-11-11,50,72.64,4,9.593016946460112,10,0.3672
COMP_002777,2024-02-15,66,93.4,2,19.50019187151741,20,0.1657
COMP_002777,2022-12-02,67,77.84,3,16.594923176736593,48,0.8971
COMP_002777,2023-09-17,70,92.03,1,17.376067372586633,48,0.2569
COMP_002778,2020-08-02,44,37.55,3,9.274975301243963,18,0.1075
COMP_002779,2020-06-18,49,47.0,1,17.398729262040323,31,0.8186
COMP_002779,2020-11-22,53,62.96,1,10.393702410679428,17,0.6522
COMP_002779,2023-01-02,57,37.49,2,18.0831283729739,25,0.2834
COMP_002780,2023-03-15,38,55.5,5,16.683384853102133,34,0.8868
COMP_002780,2022-12-09,42,65.63,5,3.022055788014809,50,0.4651
COMP_002781,2022-12-04,51,48.85,4,14.22259542896939,5,0.8362
COMP_002781,2023-04-14,41,35.47,4,5.726695659313712,20,0.7868
COMP_002781,2022-08-09,50,31.3,5,11.527441723898685,12,0.3264
COMP_002782,2022-09-26,39,59.63,3,8.07421783876294,49,0.2841
COMP_002783,2020-11-24,84,82.58,0,4.138424032591072,34,0.6506
COMP_002783,2020-12-30,80,76.31,2,10.367421468742759,28,0.2566
COMP_002783,2020-02-05,78,75.51,0,12.637520545021971,42,0.1176
COMP_002784,2023-06-09,98,79.6,0,1.5710099670650783,39,0.3039
COMP_002784,2021-02-20,91,87.5,0,2.2732966677777298,35,0.1832
COMP_002784,2020-02-08,92,71.0,1,3.3380393451197166,15,0.3652
COMP_002785,2024-03-02,48,73.84,2,4.49285197899086,21,0.5728
COMP_002786,2020-09-21,46,43.75,2,1.577907992746015,49,0.1425
COMP_002786,2022-12-19,51,49.34,4,3.490730224058242,42,0.3924
COMP_002786,2022-08-03,45,70.33,1,2.977656198936959,11,0.5506
COMP_002787,2021-03-23,66,70.61,0,16.295604387251096,10,0.2262
COMP_002787,2021-08-26,66,93.02,1,4.41040062958532,10,0.2322
COMP_002787,2022-08-16,68,83.89,2,9.09545996053966,19,0.4043
COMP_002788,2022-11-21,95,85.68,2,14.17882958377407,23,0.7007
COMP_002788,2022-03-28,93,94.67,0,17.57259259314894,44,0.7879
COMP_002788,2021-12-18,99,87.12,0,7.223531095304708,42,0.6643
COMP_002789,2021-05-13,61,99.41,2,14.525794950153744,32,0.2977
COMP_002789,2022-05-17,59,78.4,1,2.2050529237124223,28,0.876
COMP_002789,2021-08-23,56,58.58,2,12.206271217096308,31,0.2993
COMP_002790,2024-03-27,66,64.29,3,12.866932386920666,49,0.2981
COMP_002790,2021-11-04,64,68.08,3,2.5901470686084473,38,0.4737
COMP_002791,2023-06-01,82,85.52,0,13.806607902424075,47,0.7414
COMP_002792,2022-01-06,74,64.04,2,1.0,15,0.5182
COMP_002792,2023-12-17,80,86.55,2,1.0,39,0.3818
COMP_002793,2020-02-12,90,92.76,0,18.73231012996024,46,0.4236
COMP_002793,2022-01-21,92,80.48,0,5.635257479420567,8,0.6104
COMP_002794,2021-05-25,55,66.52,1,12.688240355495601,40,0.4999
COMP_002794,2023-06-15,55,49.78,3,11.685140622884312,28,0.3676
COMP_002794,2024-05-30,51,71.74,4,10.972188400509042,30,0.275
COMP_002795,2023-03-13,66,71.28,0,2.245087960519957,17,0.3473
COMP_002795,2021-05-29,66,78.51,1,6.991659232184625,37,0.5675
COMP_002795,2022-07-04,65,87.59,1,3.9745418870526246,50,0.4319
COMP_002796,2024-09-27,78,86.88,3,2.9549405935604414,25,0.2273
COMP_002797,2021-12-14,56,58.75,2,13.382488357990786,40,0.7373
COMP_002797,2021-01-15,59,76.29,2,3.0450647833260476,23,0.2811
COMP_002797,2024-01-28,61,77.22,0,16.953543954984184,46,0.6102
COMP_002798,2022-09-12,86,80.93,0,16.85921656792904,14,0.458
COMP_002799,2022-09-20,63,66.11,2,6.9922658853091075,8,0.5361
COMP_002800,2023-11-24,52,33.25,5,5.524750770919763,45,0.21
COMP_002801,2021-12-26,58,39.64,5,1.8790330415906549,20,0.8081
COMP_002801,2021-02-25,54,73.96,1,13.89033497118014,43,0.6666
COMP_002801,2021-10-14,57,60.62,4,9.360260867046255,10,0.1957
COMP_002802,2020-08-30,72,82.4,2,2.2139768652089176,47,0.2069
COMP_002802,2023-02-08,79,62.53,3,13.406096232884568,17,0.2798
COMP_002803,2023-04-08,75,64.13,2,17.952021768848073,34,0.2299
COMP_002803,2024-12-22,73,93.87,0,13.606950304533742,26,0.584
COMP_002803,2020-07-26,81,69.41,1,16.503566779627285,17,0.5721
COMP_002804,2024-01-30,48,46.77,5,7.777112063374521,41,0.3199
COMP_002804,2023-08-03,52,52.17,5,15.222185952442775,32,0.2157
COMP_002804,2021-11-27,53,53.82,3,16.869664114332945,12,0.7946
COMP_002805,2021-10-29,52,35.23,2,17.061558669275207,50,0.4917
COMP_002805,2022-01-21,48,76.89,5,12.484016500749151,21,0.3217
COMP_002805,2021-09-29,54,71.35,4,5.621329524086444,50,0.6917
COMP_002806,2023-11-26,46,49.13,4,3.885361035119498,45,0.5747
COMP_002806,2022-10-19,44,52.99,2,10.970526819273717,34,0.5126
COMP_002807,2021-11-07,73,86.59,2,8.772519548409456,36,0.1518
COMP_002807,2023-05-19,64,77.73,2,2.2115699602295873,50,0.4871
COMP_002807,2023-09-02,72,85.51,1,12.476013106629487,25,0.4935
COMP_002808,2022-08-01,64,84.62,2,6.309530043643699,8,0.1434
COMP_002808,2020-11-30,64,89.31,3,9.912583321692605,10,0.7753
COMP_002809,2024-03-05,39,31.67,2,12.700729235268879,49,0.6755
COMP_002809,2023-09-24,44,59.04,1,9.468694666592254,35,0.7221
COMP_002809,2022-09-13,46,67.42,2,3.7886484087834233,12,0.8351
COMP_002810,2021-03-04,83,92.09,0,11.616602597653488,11,0.2894
COMP_002811,2023-03-18,54,30.02,4,6.130349373504749,10,0.5987
COMP_002812,2023-07-22,40,79.21,2,1.0,9,0.1777
COMP_002813,2020-08-25,67,74.02,2,17.533404502549594,15,0.281
COMP_002813,2022-08-06,66,85.7,3,13.939510579623343,46,0.7324
COMP_002814,2021-09-11,77,79.27,2,5.526917624127225,44,0.5608
COMP_002815,2023-02-20,57,47.62,4,8.247237434994652,24,0.2391
COMP_002816,2020-12-22,50,61.69,5,4.665805685410797,29,0.5491
COMP_002817,2021-08-24,80,98.88,3,7.211423925276893,12,0.7074
COMP_002818,2020-02-05,83,66.17,0,13.15460674461493,29,0.7057
COMP_002818,2024-03-10,88,68.09,0,6.613007932994801,20,0.7488
COMP_002819,2021-09-01,88,93.13,0,4.869391754255679,46,0.2064
COMP_002819,2024-02-15,92,92.45,0,3.6654127186750074,45,0.7048
COMP_002819,2024-07-22,90,99.17,0,5.1477884193282595,13,0.3564
COMP_002820,2022-11-17,71,75.57,2,1.0,36,0.5929
COMP_002820,2022-02-15,68,67.28,1,1.0,40,0.6835
COMP_002821,2020-03-05,69,87.73,1,10.325768485048382,33,0.554
COMP_002822,2024-10-28,48,38.45,3,5.956987287713185,24,0.3907
COMP_002822,2022-05-31,43,51.89,5,4.98905370990488,26,0.6059
COMP_002823,2024-01-25,76,99.57,0,1.0,31,0.341
COMP_002823,2020-03-29,80,84.13,0,1.0,25,0.1865
COMP_002824,2021-11-26,80,82.08,2,3.570997715495012,4,0.1658
COMP_002824,2023-07-09,83,60.34,0,4.953225258832653,16,0.8759
COMP_002825,2023-07-29,41,42.59,2,15.36072554932732,4,0.8677
COMP_002826,2020-12-09,81,91.11,0,15.108198185670265,43,0.6985
COMP_002826,2022-08-12,82,72.03,0,8.008648891756561,16,0.8597
COMP_002826,2023-09-05,79,89.65,0,1.5246320646934697,25,0.1008
COMP_002827,2023-03-02,85,67.44,0,5.561616606939637,13,0.1037
COMP_002828,2023-09-21,75,82.95,3,8.092266368882804,49,0.4557
COMP_002828,2023-08-14,85,94.67,0,8.908309590419282,9,0.3826
COMP_002829,2021-08-20,88,66.66,0,9.45399457221961,45,0.6608
COMP_002829,2021-09-04,90,86.32,0,2.0771073577644303,40,0.7952
COMP_002830,2021-12-01,80,87.38,0,7.641600452190078,33,0.4561
COMP_002830,2021-04-08,79,63.56,1,11.638617507715587,30,0.1034
COMP_002830,2021-10-23,75,85.57,0,10.278739688012635,15,0.8993
COMP_002831,2022-12-09,66,64.35,2,2.316865599529356,40,0.7574
COMP_002832,2024-11-22,45,59.2,5,16.0314413215763,15,0.3897
COMP_002832,2023-10-10,45,35.67,3,6.166890684369049,14,0.6059
COMP_002832,2023-03-03,45,70.01,1,1.5077709325671307,12,0.7382
COMP_002833,2024-06-01,47,76.15,3,8.578896457253379,36,0.6727
COMP_002833,2024-03-01,47,32.47,3,4.411059171999048,24,0.1339
COMP_002834,2022-08-29,76,60.87,3,5.749069271681228,27,0.3896
COMP_002835,2023-03-01,65,65.35,0,18.510685399536627,22,0.1839
COMP_002835,2021-05-16,57,76.4,1,3.7291878385497523,43,0.2074
COMP_002836,2024-12-26,41,62.77,3,5.620272360253817,40,0.1722
COMP_002836,2020-10-05,37,45.07,1,4.837761024015732,44,0.449
COMP_002837,2024-12-04,40,34.71,4,15.559945769484607,17,0.893
COMP_002838,2020-01-05,78,73.74,0,19.349609122534154,9,0.4266
COMP_002839,2023-02-03,84,86.91,0,7.311285265714646,14,0.1883
COMP_002839,2022-11-01,80,94.27,0,2.9086654419582896,10,0.3993
COMP_002839,2022-02-28,77,88.83,2,2.5086694827803826,5,0.3562
COMP_002840,2023-04-24,83,68.93,0,2.180377993717062,23,0.8945
COMP_002841,2024-06-05,77,90.45,0,12.986479779277309,34,0.7094
COMP_002841,2021-10-10,76,93.12,3,1.0658982545859388,21,0.6569
COMP_002841,2022-11-09,68,77.78,3,2.8063871426777505,5,0.2867
COMP_002842,2020-02-13,82,87.64,0,15.158310285014059,31,0.7151
COMP_002843,2024-01-03,82,64.08,0,5.58566478022059,31,0.7934
COMP_002843,2024-04-20,76,63.61,2,4.007690330069958,28,0.3117
COMP_002843,2022-01-02,76,80.35,0,14.962686719259764,5,0.4826
COMP_002844,2022-02-28,53,67.2,5,17.415722247742885,5,0.6168
COMP_002844,2020-09-20,53,66.28,1,19.484381508372653,42,0.1964
COMP_002844,2021-03-17,44,53.56,5,3.802221319476276,5,0.6245
COMP_002845,2024-10-06,71,63.19,1,18.4971427896299,14,0.6138
COMP_002845,2020-12-22,73,99.6,3,8.792037743096031,7,0.5183
COMP_002846,2023-04-25,44,37.04,4,10.34008073966089,12,0.4355
COMP_002846,2022-01-25,39,68.57,1,4.755162770959627,39,0.4299
COMP_002846,2023-11-05,48,68.01,2,5.787990543285458,22,0.5316
COMP_002847,2021-12-31,76,96.12,2,18.012770240078353,3,0.6138
COMP_002847,2020-11-04,76,86.9,1,13.768475707454101,34,0.2784
COMP_002847,2022-08-06,73,67.11,3,6.225464500545657,42,0.863
COMP_002848,2023-05-21,41,31.11,1,5.510372339964411,15,0.7616
COMP_002849,2020-11-09,41,39.64,1,13.774409897491676,32,0.5018
COMP_002849,2021-04-29,40,35.36,5,10.15017348086744,31,0.3379
COMP_002850,2023-01-15,65,86.93,1,12.839438440748328,36,0.73
COMP_002850,2024-08-17,63,95.43,0,15.242145807882533,28,0.5492
COMP_002850,2022-05-15,63,88.29,0,7.0350830448215,47,0.7528
COMP_002851,2022-04-01,69,67.09,3,3.9637422013212156,44,0.7864
COMP_002852,2022-07-11,81,62.49,0,14.040003906353242,39,0.2445
COMP_002853,2023-01-05,75,89.14,1,6.171571979019729,49,0.8119
COMP_002853,2020-10-26,71,78.04,0,9.188880145354487,12,0.4529
COMP_002854,2021-05-09,65,82.1,0,15.779594501388232,15,0.8706
COMP_002854,2020-10-31,67,80.03,2,6.714055103118092,37,0.6509
COMP_002855,2024-07-10,65,60.9,1,15.95662207730349,27,0.7959
COMP_002855,2021-08-10,68,64.4,3,5.842855078067783,35,0.323
COMP_002855,2021-12-15,71,72.79,2,11.066795488057755,40,0.3648
COMP_002856,2021-09-29,75,74.75,1,11.167771142790299,9,0.2549
COMP_002856,2020-03-09,68,78.95,1,2.0104392548587997,16,0.8703
COMP_002856,2021-11-07,75,66.29,0,11.214100178000121,27,0.3838
COMP_002857,2022-07-16,86,70.62,0,4.428345978068074,37,0.3128
COMP_002858,2021-06-29,66,76.93,3,12.641391172013147,20,0.329
COMP_002858,2024-06-02,68,98.55,1,3.7107136641680953,32,0.1545
COMP_002858,2021-05-16,61,86.65,2,4.275956926162842,47,0.3258
COMP_002859,2021-12-13,51,61.45,1,4.947988159142907,23,0.2732
COMP_002859,2021-11-01,52,44.09,4,7.366096389002317,44,0.3204
COMP_002860,2021-02-08,58,70.49,2,13.257500647190527,20,0.5912
COMP_002861,2022-11-29,76,98.15,1,15.21639756529617,19,0.5592
COMP_002861,2023-07-29,85,74.85,1,14.587453670394643,19,0.6807
COMP_002862,2021-02-06,51,45.21,3,15.720183065313009,5,0.2525
COMP_002863,2023-04-29,72,76.58,2,8.507286110934974,21,0.8579
COMP_002863,2023-02-10,62,85.7,1,3.616108885037518,47,0.7221
COMP_002864,2021-07-29,93,62.42,0,3.5919920242420225,6,0.8578
COMP_002864,2024-09-03,86,75.69,0,2.8788059607944874,32,0.7137
COMP_002864,2024-12-30,95,99.27,0,4.714634516679377,28,0.432
COMP_002865,2023-05-24,88,85.85,0,14.733241358191957,47,0.6598
COMP_002866,2022-07-29,75,88.66,3,8.10587733221601,36,0.1334
COMP_002867,2024-09-11,82,82.38,0,13.137657956926965,39,0.5694
COMP_002867,2021-11-01,78,81.48,3,7.383050634030134,34,0.3826
COMP_002867,2023-03-14,80,93.09,3,15.903367879444213,13,0.8249
COMP_002868,2020-12-04,62,97.33,2,18.629110534401647,5,0.4028
COMP_002869,2021-01-31,59,34.93,4,4.857464778856601,14,0.8398
COMP_002869,2024-04-09,56,69.61,1,5.32037229917859,27,0.645
COMP_002870,2022-12-02,72,60.5,2,1.1635655743862834,39,0.2945
COMP_002870,2022-01-05,72,89.62,3,3.8039775011789105,39,0.1197
COMP_002871,2020-05-06,92,97.46,0,12.836705177292506,39,0.8827
COMP_002871,2022-01-16,86,81.02,0,6.5346040336218465,23,0.214
COMP_002871,2022-09-28,91,68.22,0,8.379722495011308,25,0.8513
COMP_002872,2024-12-14,49,77.44,2,1.647377362389768,42,0.2298
COMP_002872,2020-02-05,50,30.74,1,1.474321987737436,33,0.276
COMP_002873,2023-07-21,74,78.98,1,9.260061730726534,30,0.7772
COMP_002873,2023-09-26,76,78.78,1,16.45737078356057,12,0.3731
COMP_002873,2022-09-16,73,69.71,0,13.795587813877,37,0.6333
COMP_002874,2022-04-03,58,78.39,4,8.663964446844027,28,0.7704
COMP_002874,2024-10-01,54,78.89,1,3.1753379542971896,20,0.4084
COMP_002874,2023-03-25,60,34.07,4,2.9008839642004824,14,0.6701
COMP_002875,2024-06-22,90,98.96,0,5.015448062103085,30,0.8074
COMP_002876,2023-08-12,69,70.22,3,10.75959107662798,28,0.1318
COMP_002876,2020-12-23,62,85.79,3,11.516538491166468,3,0.8996
COMP_002877,2021-08-24,56,78.22,2,8.73088245844261,47,0.3249
COMP_002878,2023-04-26,86,93.99,0,4.805487787752811,46,0.3711
COMP_002879,2023-03-12,52,33.28,3,1.0179487397013154,49,0.4704
COMP_002880,2023-05-27,54,47.79,3,18.47180425572418,46,0.5775
COMP_002880,2024-11-22,54,38.16,2,14.99089881319818,24,0.3817
COMP_002881,2022-06-26,51,35.85,3,11.405700772871903,40,0.1716
COMP_002881,2023-06-06,51,65.04,5,6.292085250320322,21,0.8708
COMP_002881,2023-12-21,61,71.99,3,11.623788832030343,49,0.156
COMP_002882,2022-03-10,45,36.46,1,10.981921719824989,36,0.19
COMP_002883,2023-02-18,81,92.74,2,13.364956535884708,5,0.7135
COMP_002884,2020-11-10,73,87.92,2,17.42616412397435,28,0.4014
COMP_002884,2022-08-25,68,69.52,3,6.615240881444889,7,0.7509
COMP_002885,2024-09-29,85,94.83,0,9.095091204552304,41,0.4051
COMP_002886,2021-03-12,67,79.67,0,15.004601668002046,7,0.2094
COMP_002886,2022-02-19,72,81.62,3,14.571173874367519,48,0.4019
COMP_002887,2024-06-10,68,77.05,1,9.280125781221564,39,0.6343
COMP_002887,2020-04-13,70,62.0,1,16.03167698252102,40,0.1567
COMP_002888,2023-01-19,53,79.95,1,6.202157698580472,5,0.2976
COMP_002888,2023-02-22,50,40.71,2,1.4013720571007393,36,0.467
COMP_002889,2023-02-10,86,76.86,2,8.99037495814153,9,0.2799
COMP_002890,2021-04-14,53,64.49,2,5.580687652588262,29,0.2725
COMP_002890,2022-11-06,48,62.93,4,3.5775328209660024,9,0.7102
COMP_002891,2023-10-01,84,89.45,0,4.539315871424314,47,0.3044
COMP_002891,2022-03-23,87,74.6,0,16.986688344923653,3,0.5819
COMP_002891,2020-03-15,81,91.4,0,16.867530718694688,34,0.4674
COMP_002892,2020-12-12,55,68.12,3,17.54746788867219,11,0.3522
COMP_002892,2022-02-21,50,31.85,4,9.17428951098224,40,0.1331
COMP_002892,2023-12-31,56,42.3,1,3.449710830096718,13,0.8118
COMP_002893,2020-06-21,95,96.41,0,1.365098457650373,29,0.8282
COMP_002893,2022-03-05,88,97.41,0,13.88888157314872,6,0.1778
COMP_002893,2024-03-25,96,79.14,0,1.9057232305642144,5,0.2552
COMP_002894,2023-09-28,64,84.43,1,13.899483140332894,23,0.1854
COMP_002895,2022-02-20,70,89.94,2,6.354473927747028,23,0.362
COMP_002896,2024-06-23,64,71.24,3,7.753196338675445,25,0.5251
COMP_002897,2022-03-20,51,72.11,5,3.097783833653257,18,0.541
COMP_002897,2022-02-04,55,38.98,3,12.281666917913403,27,0.5576
COMP_002898,2022-02-16,59,74.74,2,11.510127857109248,50,0.3123
COMP_002898,2023-09-10,53,58.24,5,4.728114118395334,7,0.1053
COMP_002898,2022-03-22,54,35.99,3,11.287432154743007,13,0.4585
COMP_002899,2024-04-07,54,44.89,1,2.015629513566294,20,0.3887
COMP_002899,2021-05-05,55,77.79,4,1.1221739007604918,19,0.8665
COMP_002900,2023-02-19,63,62.33,3,13.657998473802763,16,0.1263
COMP_002901,2021-05-31,53,67.71,3,6.3496773804389,46,0.4853
COMP_002901,2022-08-07,55,60.42,3,5.269989169026695,35,0.4909
COMP_002901,2020-09-17,58,47.55,4,8.03701758810713,3,0.4098
COMP_002902,2020-01-06,42,75.75,1,19.57223402894154,50,0.685
COMP_002902,2021-05-01,47,66.06,4,15.691716814322499,19,0.722
COMP_002903,2023-08-21,79,75.32,0,6.402491906153784,7,0.7039
COMP_002903,2020-12-05,71,62.54,3,6.904453224729446,7,0.5438
COMP_002904,2022-07-18,67,67.76,2,4.616822345583008,7,0.5223
COMP_002905,2021-07-09,40,63.8,4,1.430622134612365,22,0.4119
COMP_002906,2022-04-24,71,60.77,1,17.09935738839906,4,0.5815
COMP_002906,2023-10-14,71,76.03,2,17.00825386833848,6,0.7068
COMP_002906,2022-11-24,66,80.04,0,10.108671325843115,37,0.6583
COMP_002907,2021-08-28,81,79.42,0,18.640295247103484,49,0.8967
COMP_002907,2022-08-29,86,98.49,0,6.388962620813061,22,0.842
COMP_002907,2021-05-01,81,61.21,0,6.051027737036038,20,0.1213
COMP_002908,2024-08-09,84,77.95,0,9.711100798302837,4,0.7419
COMP_002908,2020-02-15,88,70.71,0,10.055397828509129,5,0.3603
COMP_002908,2022-02-25,87,62.2,0,17.304819410447877,24,0.3958
COMP_002909,2023-06-25,91,90.56,0,14.098957121466725,28,0.4699
COMP_002910,2021-06-02,70,85.34,2,19.65618932057608,30,0.2647
COMP_002910,2021-08-03,67,64.44,0,10.82620636604756,33,0.3739
COMP_002910,2023-12-11,74,84.53,0,6.311678845709116,50,0.3438
COMP_002911,2024-06-28,64,79.53,3,14.91495213699282,16,0.5923
COMP_002912,2021-09-12,55,37.16,1,11.109504708528757,49,0.7507
COMP_002913,2021-10-18,82,62.13,0,18.64493842117659,18,0.7453
COMP_002913,2024-08-31,83,87.53,0,17.600946244360227,35,0.4816
COMP_002913,2020-05-17,85,93.39,2,10.109067744038907,22,0.6791
COMP_002914,2024-10-31,79,99.43,2,1.6975933686929703,26,0.5609
COMP_002915,2022-08-26,64,82.45,0,1.0429805170301294,42,0.1518
COMP_002916,2021-08-22,79,84.72,1,6.900052065113823,24,0.8863
COMP_002917,2023-08-14,65,96.35,0,8.723401189038393,33,0.3023
COMP_002918,2024-04-17,66,62.93,1,8.314764296298907,4,0.5071
COMP_002919,2024-06-26,77,88.94,1,2.9314176171258475,19,0.138
COMP_002919,2022-08-01,71,77.91,3,1.142518416651978,25,0.736
COMP_002920,2023-09-09,55,31.77,2,1.210715828369036,36,0.7801
COMP_002920,2024-08-19,51,76.82,1,8.265334467814315,46,0.8286
COMP_002920,2020-08-19,54,37.84,4,2.381955126113178,24,0.5878
COMP_002921,2023-10-09,92,76.8,0,10.693616373062087,6,0.8001
COMP_002922,2020-01-17,65,96.79,2,5.2176603002259725,11,0.8102
COMP_002923,2023-06-06,82,60.77,0,9.687001909002365,24,0.5281
COMP_002923,2020-11-26,92,68.52,0,10.498379329101391,21,0.654
COMP_002924,2020-01-20,50,71.92,2,4.179534529468517,25,0.6339
COMP_002924,2024-12-09,57,41.61,3,4.650131938485229,9,0.3689
COMP_002925,2023-10-08,81,93.31,0,14.242927433324066,28,0.5634
COMP_002925,2021-10-02,78,93.64,3,2.53649066438982,19,0.178
COMP_002925,2021-05-17,87,71.18,0,8.180487067677044,45,0.569
COMP_002926,2020-04-28,39,53.1,4,6.14375961947619,47,0.2346
COMP_002926,2024-04-23,45,43.97,2,4.17962029296535,10,0.4659
COMP_002926,2021-01-20,43,56.33,2,2.603728575129679,50,0.5426
COMP_002927,2020-11-12,89,83.28,0,8.95311958354743,19,0.3031
COMP_002927,2024-12-14,95,86.03,0,18.276897300473937,45,0.7104
COMP_002927,2024-01-25,90,94.53,0,12.437504267353258,49,0.4142
COMP_002928,2021-05-31,59,42.56,5,10.70932072194133,35,0.3207
COMP_002929,2020-02-04,67,76.29,1,5.419527684604535,32,0.4738
COMP_002930,2024-09-15,36,33.05,3,2.1739284820309277,18,0.224
COMP_002931,2020-11-10,62,71.42,1,8.878388545733863,41,0.375
COMP_002932,2022-02-08,43,60.18,4,11.630454919383297,8,0.3674
COMP_002932,2022-08-04,36,59.98,3,11.837606138427297,10,0.1226
COMP_002933,2021-07-30,92,64.72,0,6.78675722066836,17,0.4078
COMP_002933,2022-08-21,95,79.14,2,2.9426307711371433,4,0.5729
COMP_002934,2023-05-13,73,87.6,2,7.852043166852275,44,0.3881
COMP_002934,2023-11-11,73,97.68,2,19.636188149487772,35,0.5411
COMP_002934,2020-10-12,76,67.48,2,13.671523071686021,19,0.7502
COMP_002935,2024-02-25,54,72.38,3,11.271081665833684,15,0.6612
COMP_002935,2023-10-06,51,43.53,1,9.065650361021314,17,0.3702
COMP_002936,2021-12-14,69,93.93,1,11.66603429990798,49,0.449
COMP_002936,2021-01-15,65,97.11,3,3.133940473526449,49,0.462
COMP_002937,2023-12-07,86,95.76,0,8.360396927994309,6,0.2691
COMP_002937,2022-07-21,88,93.97,0,13.29342024927944,8,0.7688
COMP_002938,2023-08-20,47,62.01,1,9.232634698878556,35,0.8935
COMP_002938,2021-04-30,50,71.31,5,19.65207186174791,25,0.1485
COMP_002939,2020-12-15,61,92.01,0,5.540131601980034,46,0.8301
COMP_002939,2024-08-24,61,76.11,3,3.2801394514021482,31,0.6244
COMP_002939,2024-10-31,52,62.56,1,1.4421221767238537,21,0.4007
COMP_002940,2023-09-16,55,38.21,3,18.364805360705,28,0.7437
COMP_002941,2024-05-26,71,94.99,0,15.464042390575854,47,0.6754
COMP_002942,2021-07-23,83,61.31,0,4.98122405575911,24,0.2957
COMP_002942,2021-04-29,89,67.2,1,6.4728260210263615,23,0.2242
COMP_002943,2020-10-29,64,82.02,1,7.139975509282571,40,0.2011
COMP_002944,2022-12-30,43,60.79,4,6.082403543326388,48,0.8231
COMP_002944,2020-09-28,42,58.63,5,4.797695133189129,19,0.5037
COMP_002944,2021-05-19,40,56.49,2,2.0357166504223154,32,0.1171
COMP_002945,2024-10-01,70,88.05,0,7.505346713380216,7,0.4557
COMP_002945,2021-09-08,78,80.41,3,10.10580941420554,37,0.5306
COMP_002946,2024-12-17,57,58.17,3,11.710341227956931,21,0.6482
COMP_002946,2021-06-23,49,44.97,2,18.227906066473146,7,0.4819
COMP_002946,2021-07-12,57,38.96,1,8.948306558378524,10,0.5639
COMP_002947,2021-04-26,44,62.3,1,1.47677985540561,29,0.2071
COMP_002947,2024-11-01,41,73.44,5,4.157389458263525,45,0.509
COMP_002947,2024-11-15,40,60.39,5,1.2238368305754022,39,0.7104
COMP_002948,2023-11-07,63,81.91,0,16.54201930690532,4,0.1189
COMP_002949,2021-11-12,74,85.23,1,2.9560131239995626,31,0.1799
COMP_002950,2023-10-08,46,52.77,3,8.46962583089466,43,0.4336
COMP_002950,2023-06-14,47,77.53,5,7.202181070066341,30,0.5511
COMP_002951,2020-04-25,45,32.43,3,5.029417764745565,3,0.5254
COMP_002952,2024-12-05,83,64.06,0,7.195679924684719,12,0.666
COMP_002952,2023-02-09,83,67.07,0,17.82893919098627,26,0.2869
COMP_002953,2022-10-16,66,64.73,3,14.931766484642273,38,0.2726
COMP_002954,2020-05-23,99,77.04,0,7.589393904041771,23,0.61
COMP_002955,2021-09-03,64,77.64,1,4.124352477012504,34,0.8373
COMP_002955,2024-11-04,63,80.44,3,6.439228552690116,40,0.2304
COMP_002956,2024-06-30,42,46.8,5,18.91452415336489,26,0.5734
COMP_002956,2024-02-26,43,33.93,1,17.01136192605215,29,0.1825
COMP_002957,2020-03-14,82,72.59,0,9.327383609843729,16,0.1874
COMP_002957,2021-01-14,79,83.82,3,8.385687911357277,8,0.7447
COMP_002957,2022-09-08,80,98.94,3,19.920654994752752,39,0.5089
COMP_002958,2022-11-08,85,66.6,0,6.736927458660442,31,0.8167
COMP_002959,2024-02-22,61,99.27,3,7.132046340012488,30,0.2746
COMP_002960,2023-04-08,87,89.24,0,8.182560128161398,26,0.1232
COMP_002960,2020-02-17,79,72.98,0,12.565799090341216,8,0.4973
COMP_002960,2024-10-20,83,86.37,1,10.215181587487528,45,0.7249
COMP_002961,2020-10-09,63,96.88,1,5.667269282805454,26,0.4029
COMP_002962,2021-07-17,69,73.75,3,1.4738194276311236,20,0.6889
COMP_002962,2022-06-18,69,96.62,0,2.8333083082787973,18,0.845
COMP_002963,2022-04-11,73,90.08,1,6.945144952802985,46,0.3354
COMP_002963,2024-11-23,73,73.18,2,10.503860176444121,5,0.3717
COMP_002963,2021-02-02,74,63.36,0,7.698155391893462,27,0.8431
COMP_002964,2023-07-03,79,81.07,0,16.180617191068226,27,0.3691
COMP_002964,2022-04-26,82,90.46,2,17.501950363587223,43,0.1187
COMP_002964,2024-10-14,77,72.16,1,6.112450079361989,35,0.2444
COMP_002965,2022-07-11,92,79.07,0,8.185459900493314,34,0.3099
COMP_002965,2023-02-10,85,70.74,0,3.43272338413788,31,0.178
COMP_002966,2022-12-25,64,66.37,3,15.581240108002477,5,0.5132
COMP_002967,2021-12-28,91,95.67,0,3.171144882313717,50,0.6808
COMP_002967,2023-08-21,88,86.73,0,9.163377742648862,50,0.1079
COMP_002968,2023-12-02,75,86.46,3,4.1281707826663006,16,0.8581
COMP_002969,2020-02-11,61,73.04,2,6.8261359728967745,31,0.1927
COMP_002969,2024-01-28,59,69.18,2,16.689939711811743,31,0.2219
COMP_002970,2020-06-06,71,89.29,0,8.218086493877276,28,0.7666
COMP_002971,2021-09-21,64,63.0,1,12.334821822077755,34,0.7771
COMP_002971,2023-09-30,67,75.57,0,7.958437231850921,33,0.2354
COMP_002971,2020-06-21,61,72.08,3,16.517067917282304,23,0.5656
COMP_002972,2024-01-28,72,73.25,1,14.370318064687964,41,0.6204
COMP_002972,2023-11-01,73,65.42,2,10.54302786897643,13,0.6805
COMP_002973,2022-12-26,79,75.78,3,5.974751092457954,49,0.4655
COMP_002974,2023-06-21,63,61.1,1,19.189274124680708,23,0.214
COMP_002975,2020-08-14,48,72.55,2,4.859276258027464,22,0.5643
COMP_002975,2020-05-05,48,45.55,4,4.238052459634584,9,0.1165
COMP_002976,2023-02-12,44,56.06,1,11.153970813436512,30,0.1041
COMP_002976,2024-11-19,43,42.22,3,5.2495392041629945,6,0.87
COMP_002977,2024-12-02,78,70.85,3,8.629774827468077,24,0.8544
COMP_002978,2020-09-19,63,74.11,0,1.0071631071738207,3,0.7917
COMP_002979,2024-11-26,60,55.34,5,19.9457076160429,37,0.1883
COMP_002979,2020-09-05,51,73.49,5,19.249065665369496,28,0.8455
COMP_002980,2021-04-21,50,34.91,4,2.7659074986492094,36,0.8025
COMP_002981,2021-08-03,38,69.79,5,1.0251822887020507,20,0.6326
COMP_002981,2021-12-27,44,59.99,2,6.119516277203708,15,0.6032
COMP_002982,2020-06-17,90,62.04,0,1.7219225370643096,25,0.4928
COMP_002983,2024-11-20,96,61.41,0,17.985831180897325,29,0.2347
COMP_002983,2020-12-22,95,80.5,2,13.072751309993583,18,0.7726
COMP_002983,2024-01-09,97,63.76,1,18.73578003723997,13,0.3509
COMP_002984,2023-01-05,81,85.44,0,1.0,20,0.1052
COMP_002985,2024-05-22,67,72.53,2,3.657758845750348,22,0.1387
COMP_002985,2022-12-09,70,61.6,2,17.840316075748476,4,0.1186
COMP_002985,2022-11-28,73,93.17,2,18.577642538159104,39,0.3305
COMP_002986,2022-09-02,47,30.04,1,10.611898211648386,9,0.2392
COMP_002986,2024-05-16,49,75.04,4,6.036401009446193,20,0.645
COMP_002987,2024-12-04,63,72.45,0,10.920132770412435,32,0.8253
COMP_002987,2021-06-22,65,66.03,3,1.6170675385696336,13,0.6776
COMP_002987,2022-06-27,69,66.36,3,18.759600738851386,46,0.7295
COMP_002988,2023-11-27,60,72.07,3,2.275601096835937,38,0.8623
COMP_002988,2021-03-30,57,67.36,2,19.613406539927013,42,0.2108
COMP_002989,2024-08-07,98,66.06,0,3.0227671828722618,23,0.5853
COMP_002989,2023-10-25,98,85.44,0,9.437304133120588,26,0.5192
COMP_002990,2021-04-23,46,60.99,3,1.3163138570755977,31,0.8188
COMP_002990,2023-11-17,45,58.97,4,1.2721091557179853,5,0.3664
COMP_002990,2020-08-29,37,79.73,2,7.836752274490505,34,0.1314
COMP_002991,2021-09-20,50,75.33,1,17.26458963583701,12,0.7248
COMP_002991,2021-12-11,55,64.31,3,2.9615479618690124,34,0.7169
COMP_002992,2024-09-21,60,31.21,5,17.76062075789846,20,0.6249
COMP_002993,2024-06-29,48,44.37,1,6.695755304975564,14,0.8434
COMP_002993,2021-06-27,56,33.56,2,7.456916311956239,35,0.6847
COMP_002993,2021-12-31,52,64.78,5,18.80388374920781,26,0.7761
COMP_002994,2022-09-26,45,38.97,3,8.344217402417197,45,0.5481
COMP_002994,2024-10-27,43,35.91,4,7.056034459124315,23,0.3479
COMP_002994,2020-07-24,50,35.44,5,3.8405364472493204,38,0.5377
COMP_002995,2020-08-05,46,37.99,2,8.45939945873594,11,0.2714
COMP_002995,2021-06-29,49,48.07,1,6.823919642659173,40,0.2503
COMP_002995,2022-11-02,44,68.14,3,13.94196681709919,33,0.6532
COMP_002996,2023-01-31,54,62.33,1,15.083268871358861,48,0.3679
COMP_002996,2021-12-25,57,78.51,2,1.3061842516506852,29,0.4934
COMP_002996,2020-09-03,57,30.32,5,5.588287968180156,36,0.7246
COMP_002997,2024-03-22,52,63.5,5,15.642246023004835,18,0.4663
COMP_002997,2023-11-06,61,71.18,1,12.802459701026917,48,0.2633
COMP_002997,2021-10-29,51,38.79,1,7.4363672183879075,16,0.3329
COMP_002998,2023-02-16,39,46.16,2,1.1247101600920346,9,0.3165
COMP_002999,2021-09-12,95,84.15,0,18.590645825848593,41,0.484
COMP_002999,2023-02-22,95,76.97,2,10.20082693799198,38,0.2629
COMP_002999,2022-07-01,91,83.04,0,10.71978725721663,12,0.8918
COMP_003000,2024-01-17,98,97.94,0,5.789962279812307,4,0.4605
COMP_003001,2021-10-16,71,76.65,0,19.899380889371674,3,0.1784
COMP_003001,2022-11-29,68,62.91,3,9.07148669193446,33,0.4752
COMP_003002,2024-03-04,59,52.96,1,9.334517432667822,21,0.2844
COMP_003002,2020-01-31,59,62.9,1,17.38146901269561,36,0.6767
COMP_003003,2024-07-21,58,68.77,5,5.0023989781227005,5,0.7914
COMP_003003,2022-05-07,51,39.74,3,3.9454176252126825,47,0.6369
COMP_003003,2023-02-22,59,44.43,4,12.140228780066005,30,0.3349
COMP_003004,2020-09-16,77,76.06,1,7.196447768182336,38,0.4282
COMP_003005,2022-06-02,89,70.09,0,16.894638785483636,5,0.1064
COMP_003006,2021-05-02,77,73.45,2,7.631331832279699,17,0.8467
COMP_003007,2024-02-02,40,36.52,2,15.729366406886108,17,0.2608
COMP_003007,2024-07-04,44,61.01,4,10.51331023566987,16,0.3491
COMP_003008,2023-10-07,38,76.77,1,19.741160852590422,49,0.5572
COMP_003009,2024-06-18,67,73.52,1,15.18070945243695,16,0.4653
COMP_003009,2024-09-08,67,99.75,3,10.669675203672552,42,0.5098
COMP_003009,2021-07-26,73,78.58,0,1.4239845725805125,18,0.1724
COMP_003010,2023-09-20,91,63.25,0,10.212299075082939,45,0.8429
COMP_003010,2023-09-05,89,82.73,0,16.087736971203352,50,0.2953
COMP_003011,2020-06-08,40,63.48,5,12.816213330722622,41,0.8256
COMP_003011,2021-02-21,38,40.5,3,6.882256033757804,26,0.5934
COMP_003012,2024-12-20,87,63.88,0,18.579553463888935,4,0.172
COMP_003012,2020-03-04,84,82.52,0,8.143113611134899,20,0.671
COMP_003012,2023-07-15,84,89.42,0,9.41165153774719,42,0.8846
COMP_003013,2024-05-05,94,79.85,0,8.853833619159275,34,0.2327
COMP_003013,2020-10-20,95,87.28,0,2.0901557183448833,16,0.6581
COMP_003014,2024-07-30,98,69.34,0,17.112584085841217,32,0.2332
COMP_003015,2023-12-23,86,73.82,1,11.898976115420128,22,0.7237
COMP_003015,2023-04-18,91,67.67,0,11.95720486775532,24,0.8564
COMP_003015,2021-11-18,89,68.64,0,10.395127470428822,8,0.4124
COMP_003016,2024-02-25,64,66.09,3,19.96098050417296,16,0.1837
COMP_003016,2021-12-18,60,60.67,3,5.814578395231166,10,0.5872
COMP_003017,2020-02-19,39,45.27,3,1.882264563099485,5,0.4507
COMP_003017,2024-03-02,42,56.02,4,1.7064627450671388,10,0.7919
COMP_003017,2021-04-26,42,60.68,5,1.8664570499151378,39,0.6405
COMP_003018,2021-01-02,92,80.53,0,15.954473018271532,40,0.7123
COMP_003018,2020-02-23,97,77.54,0,5.820252648805272,44,0.5949
COMP_003019,2024-11-17,72,65.08,3,13.069623100332324,41,0.6742
COMP_003019,2023-12-14,75,74.85,0,5.680282914357587,25,0.6247
COMP_003020,2022-01-14,80,82.55,0,7.806944575602732,3,0.1664
COMP_003020,2020-11-15,76,90.83,3,10.959848062603012,38,0.8771
COMP_003020,2023-09-11,77,73.45,1,15.25815469897128,46,0.3665
COMP_003021,2022-10-04,56,61.04,3,2.2466706156624867,32,0.4904
COMP_003021,2024-01-22,55,32.3,4,2.124378677049135,8,0.5506
COMP_003021,2023-12-15,49,55.82,1,2.460592250664727,40,0.4429
COMP_003022,2021-09-08,49,36.91,3,1.701312619167005,5,0.2118
COMP_003022,2024-04-29,51,34.91,5,1.7856443778022848,25,0.8302
COMP_003023,2020-10-15,53,40.89,5,16.43344964463872,16,0.7928
COMP_003023,2021-03-23,45,76.59,1,14.437030273514399,18,0.1191
COMP_003023,2023-03-30,48,34.24,5,14.118201528663276,21,0.3593
COMP_003024,2024-08-21,71,65.43,2,14.583292728246676,36,0.1755
COMP_003024,2024-12-26,67,85.13,0,11.440394802085988,26,0.8483
COMP_003025,2020-09-13,70,84.92,1,11.948650789373646,40,0.8038
COMP_003025,2023-11-22,69,84.94,1,5.241218300669693,27,0.7969
COMP_003025,2020-09-20,69,71.1,1,8.636803465548358,48,0.8593
COMP_003026,2022-09-21,49,78.34,1,5.746613325047413,6,0.5437
COMP_003026,2022-12-31,50,31.07,5,2.2380819427414744,20,0.6386
COMP_003026,2022-12-07,52,51.9,2,17.15348999177965,39,0.5528
COMP_003027,2021-06-08,58,49.1,3,5.017410105261555,7,0.5033
COMP_003027,2023-10-23,53,39.23,1,17.528594006363047,7,0.4106
COMP_003028,2022-05-09,81,61.95,0,16.78520937343103,9,0.1478
COMP_003028,2020-12-28,78,87.36,2,9.511088096086484,26,0.8421
COMP_003029,2021-11-15,42,32.61,1,2.763039471418267,33,0.506
COMP_003029,2020-11-20,45,68.56,1,6.295052014457846,17,0.2079
COMP_003029,2021-06-16,39,53.36,1,1.5901485654089387,27,0.3462
COMP_003030,2021-02-11,65,93.39,2,1.5985190398783844,35,0.2335
COMP_003031,2024-02-19,58,73.87,4,18.550110953538013,16,0.8635
COMP_003032,2024-11-19,82,70.72,0,4.212422330899531,3,0.6283
COMP_003033,2023-10-18,51,79.01,3,1.0,45,0.5527
COMP_003033,2020-08-13,47,56.14,5,1.0,45,0.1898
COMP_003034,2022-10-21,55,65.58,1,8.938858278983524,13,0.4089
COMP_003035,2021-12-27,94,60.67,0,11.428539325078093,24,0.4023
COMP_003036,2022-07-03,59,38.34,5,19.917904186634747,11,0.3983
COMP_003036,2020-08-30,64,89.62,0,18.241130921309484,49,0.3389
COMP_003036,2024-08-11,65,77.35,1,5.401895001556834,6,0.8884
COMP_003037,2020-05-13,75,77.86,3,7.117832299490535,44,0.8081
COMP_003037,2024-04-24,77,94.21,2,10.617182741398251,49,0.8484
COMP_003037,2020-11-27,74,76.18,0,4.4358423014422375,43,0.1055
COMP_003038,2021-03-16,76,94.5,1,2.9309884851437835,34,0.1586
COMP_003039,2020-05-29,88,82.69,0,5.918602221202859,28,0.1336
COMP_003040,2023-04-13,73,61.7,3,15.264208599728558,8,0.6424
COMP_003041,2020-03-16,83,71.45,2,16.153135891532393,21,0.5677
COMP_003042,2022-10-07,44,40.34,3,6.465180889616678,7,0.5035
COMP_003042,2024-09-17,38,77.64,4,3.896078650016875,26,0.5793
COMP_003042,2023-06-16,35,42.84,5,3.476217168639282,12,0.3069
COMP_003043,2022-05-11,79,70.3,1,6.496748151558332,37,0.2658
COMP_003044,2022-09-16,87,81.1,0,13.166334288620108,39,0.4886
COMP_003044,2023-07-17,87,69.8,0,16.700126326364717,30,0.7388
COMP_003045,2021-12-16,76,97.74,1,7.565995999593822,43,0.566
COMP_003046,2023-08-27,53,72.37,3,7.926285913325128,13,0.3983
COMP_003047,2020-03-29,98,93.17,0,8.712624783997587,43,0.5895
COMP_003048,2023-12-26,78,76.52,1,1.634697985511822,37,0.5833
COMP_003048,2022-10-31,88,80.8,0,12.869157271028362,36,0.5055
COMP_003048,2021-09-20,81,69.36,0,7.054769827044694,42,0.1594
COMP_003049,2024-04-17,69,65.39,2,4.937810920038326,6,0.3542
COMP_003049,2021-11-17,75,98.14,1,11.353391087520025,12,0.8534
COMP_003049,2022-07-21,66,88.22,1,13.497853196211533,14,0.3082
COMP_003050,2024-08-09,51,78.44,1,8.837331621233306,16,0.3879
COMP_003050,2020-12-23,43,41.54,5,2.444520253603052,21,0.3713
COMP_003050,2024-11-04,44,68.34,5,3.441434495379477,23,0.3128
COMP_003051,2020-11-18,41,70.08,2,4.295884401150845,3,0.3097
COMP_003052,2021-11-10,41,40.52,2,1.5003041911756547,43,0.2309
COMP_003052,2023-09-29,41,55.98,4,9.366443414327465,25,0.6554
COMP_003053,2023-04-16,68,94.93,2,10.452621802842124,41,0.7266
COMP_003053,2023-08-18,73,66.85,0,16.396973180872017,41,0.3569
COMP_003054,2024-11-30,58,71.52,5,6.054255662039893,33,0.7854
COMP_003054,2020-06-18,53,75.3,2,14.205461318115509,18,0.2579
COMP_003055,2021-03-18,68,86.39,2,14.801727464393153,25,0.4393
COMP_003055,2023-07-06,78,90.94,2,11.865575483472158,9,0.8975
COMP_003056,2021-09-29,95,65.42,0,8.385604884224458,38,0.3213
COMP_003056,2024-01-12,94,76.69,0,11.721956105652175,38,0.8262
COMP_003056,2022-01-12,92,61.0,0,8.822678478198034,31,0.2397
COMP_003057,2020-12-30,88,98.29,0,14.686373505322644,24,0.2037
COMP_003057,2023-07-10,93,73.31,0,18.49489934704243,16,0.8951
COMP_003057,2022-07-07,95,78.94,0,5.528728706305511,8,0.1667
COMP_003058,2021-05-27,93,89.22,0,12.217009490308547,18,0.8117
COMP_003058,2023-02-08,85,70.35,0,15.553566895546258,33,0.5017
COMP_003059,2021-07-07,43,70.71,3,6.2854346160257375,47,0.207
COMP_003060,2024-05-05,62,92.04,2,5.377227549015062,21,0.5491
COMP_003060,2022-05-08,61,82.84,0,4.651738249102301,35,0.1007
COMP_003060,2021-04-04,60,58.88,3,3.694725425079581,36,0.342
COMP_003061,2024-02-02,85,85.02,0,13.833197684038,26,0.5685
COMP_003062,2022-11-01,54,44.38,4,3.448317518155304,41,0.5023
COMP_003062,2021-05-04,52,63.17,4,6.134174121539567,5,0.5711
COMP_003062,2022-03-07,54,44.19,2,10.30413081970972,14,0.6005
COMP_003063,2023-02-02,98,86.96,0,1.3670687179225944,50,0.1596
COMP_003063,2024-10-02,96,66.19,0,6.308827768558183,36,0.7204
COMP_003063,2022-03-04,90,65.18,0,2.111059431000126,30,0.4973
COMP_003064,2021-11-04,94,91.75,0,5.891094166361961,16,0.1591
COMP_003064,2020-11-25,89,81.24,0,1.5017789315284316,3,0.4709
COMP_003064,2021-04-13,92,90.33,0,14.905162754370412,20,0.3089
COMP_003065,2024-10-29,76,73.54,2,1.606256328581447,28,0.7104
COMP_003065,2023-04-26,75,88.87,3,2.3729001880239906,7,0.6945
COMP_003065,2020-12-23,70,72.18,3,1.2134654291345717,17,0.8719
COMP_003066,2024-04-23,63,68.0,1,14.097150362317455,25,0.5932
COMP_003066,2020-03-04,62,74.9,0,6.7574088384535855,29,0.8516
COMP_003067,2024-11-24,39,70.98,2,14.622739328027645,4,0.2428
COMP_003068,2021-06-16,73,88.76,0,14.182363909673926,37,0.8613
COMP_003069,2023-10-03,79,90.29,2,19.77306104747884,6,0.8273
COMP_003069,2024-08-09,84,91.42,0,3.7460419294689093,9,0.3232
COMP_003070,2021-05-04,74,73.99,3,8.496645976386969,46,0.6952
COMP_003070,2023-10-26,76,70.19,3,9.705117588398222,30,0.2905
COMP_003070,2020-08-14,78,98.47,2,3.2222639204342585,9,0.2107
COMP_003071,2020-07-14,45,67.6,4,14.15121278681893,29,0.3864
COMP_003072,2020-10-16,45,73.76,5,1.0,42,0.2862
COMP_003073,2024-11-27,55,39.54,3,2.411838265380356,48,0.3725
COMP_003074,2024-12-23,54,78.94,5,6.504606664877139,24,0.7472
COMP_003075,2023-12-15,69,89.49,2,5.8873989555850965,29,0.2713
COMP_003075,2024-03-30,67,61.87,0,19.054399118561527,45,0.4618
COMP_003075,2022-05-28,74,78.14,2,9.176014773563136,45,0.5357
COMP_003076,2022-12-21,80,87.79,1,6.4338198294623075,24,0.4001
COMP_003076,2023-01-19,77,84.25,0,9.763542712233445,11,0.1994
COMP_003076,2022-08-01,80,84.72,1,6.653299850152245,34,0.4566
COMP_003077,2023-02-11,41,79.75,2,14.408563876245355,19,0.1544
COMP_003077,2022-12-22,44,58.39,1,13.400021989277032,40,0.1814
COMP_003077,2024-11-22,44,53.74,1,4.963322894059881,8,0.3455
COMP_003078,2023-01-13,64,90.89,2,2.778124518496929,15,0.5669
COMP_003079,2022-08-10,97,71.67,0,14.244392650631362,24,0.7974
COMP_003079,2024-09-18,93,93.64,0,13.870346590940136,44,0.762
COMP_003080,2022-12-09,63,60.85,3,19.50427301671701,34,0.4087
COMP_003080,2021-01-03,68,76.16,3,13.656735188079645,50,0.8476
COMP_003080,2020-09-03,68,88.39,2,13.930374463450743,9,0.8153
COMP_003081,2024-10-03,86,86.11,0,2.251604825511523,37,0.4074
COMP_003081,2020-01-29,84,62.71,2,5.4542500468251225,46,0.1248
COMP_003082,2023-09-23,59,77.43,4,7.880286031718763,24,0.6341
COMP_003082,2022-02-12,59,54.68,3,9.336775757288532,41,0.1262
COMP_003082,2022-03-25,56,51.97,3,1.1390497495749747,13,0.1852
COMP_003083,2020-02-26,96,76.2,0,12.958597330193996,7,0.6936
COMP_003084,2020-08-06,53,47.32,2,1.738689585733201,5,0.5692
COMP_003085,2020-11-19,65,61.38,2,2.2508304310498195,14,0.3587
COMP_003085,2020-02-03,68,69.22,1,1.4660359623185766,43,0.6625
COMP_003086,2021-05-28,57,45.19,3,10.724060112938576,23,0.54
COMP_003086,2022-01-20,55,69.65,2,6.245415736258955,40,0.162
COMP_003086,2024-04-14,64,64.7,0,14.30623439906694,12,0.1893
COMP_003087,2020-04-08,71,78.83,0,1.6699099487900022,38,0.4145
COMP_003088,2020-10-26,75,94.87,2,3.150454474379151,4,0.7512
COMP_003088,2021-09-30,84,92.63,0,13.249825291279656,42,0.4663
COMP_003088,2024-12-07,77,74.18,2,1.7810832025781078,3,0.2305
COMP_003089,2024-06-01,81,98.94,0,6.084113112253066,35,0.3818
COMP_003089,2023-07-03,84,61.03,0,3.3271391994039137,26,0.6462
COMP_003089,2022-02-19,83,68.19,0,5.3145575974492,4,0.3874
COMP_003090,2022-02-24,73,91.15,3,7.900192234250253,29,0.4563
COMP_003090,2024-04-25,76,95.97,1,10.022692242650514,6,0.2048
COMP_003091,2022-07-10,73,79.51,1,8.152886737403952,14,0.2107
COMP_003091,2024-10-30,71,82.09,2,15.23091338127897,45,0.3571
COMP_003091,2020-11-23,67,62.26,1,5.726820691031524,26,0.1366
COMP_003092,2023-09-29,74,73.72,2,6.597164686664517,14,0.7604
COMP_003092,2020-06-25,71,72.24,0,9.947829131590941,34,0.8429
COMP_003092,2024-08-14,71,80.99,0,6.920805952187795,9,0.8277
COMP_003093,2022-12-20,92,71.34,0,9.143542882520718,24,0.489
COMP_003093,2022-01-18,94,77.9,0,11.461570599648109,22,0.77
COMP_003093,2020-12-02,97,66.38,0,13.580650830215829,19,0.1299
COMP_003094,2022-03-25,73,94.12,2,9.81982664038973,14,0.276
COMP_003095,2024-06-12,42,44.17,2,10.735595324480737,13,0.7124
COMP_003095,2023-12-27,42,65.84,5,2.776304270414591,38,0.3175
COMP_003096,2022-07-16,96,90.19,2,14.381725004231901,32,0.5875
COMP_003097,2023-03-09,79,76.31,0,7.825351355669485,39,0.6246
COMP_003097,2024-02-22,86,66.1,0,2.6865474199934405,6,0.4606
COMP_003097,2024-04-09,87,91.78,2,7.510838817463136,4,0.4875
COMP_003098,2022-01-19,55,42.01,1,7.605225631142595,26,0.7656
COMP_003099,2023-01-08,82,71.89,0,19.626813505848098,43,0.1186
COMP_003100,2020-12-30,82,61.78,0,16.447463876092016,15,0.369
COMP_003100,2024-01-13,87,60.57,0,17.735162484253383,3,0.592
COMP_003101,2020-05-17,64,89.69,2,4.336922964751654,26,0.3534
COMP_003102,2021-02-06,89,85.04,2,8.711321945395243,38,0.6025
COMP_003102,2023-02-19,93,98.92,0,8.53652313106964,5,0.1618
COMP_003102,2024-06-15,96,91.6,0,3.170669997999479,11,0.1318
COMP_003103,2020-07-13,78,85.93,2,5.900932343843766,46,0.4873
COMP_003103,2022-11-23,78,60.07,3,1.2969909355959053,28,0.1276
COMP_003103,2021-09-22,76,74.59,3,6.781900652480617,42,0.2431
COMP_003104,2021-03-11,74,83.72,3,9.993695256778068,29,0.4347
COMP_003105,2021-04-23,64,83.16,2,11.475930667473868,15,0.7568
COMP_003106,2023-06-19,85,69.36,0,15.361594406991514,40,0.6514
COMP_003106,2023-07-24,82,79.78,0,18.32255766248283,33,0.2336
COMP_003107,2021-10-23,55,36.48,1,5.630192999446621,48,0.2887
COMP_003107,2022-10-18,64,85.65,2,6.229701103979717,36,0.6398
COMP_003107,2022-07-13,56,44.26,4,3.646085818707663,31,0.3609
COMP_003108,2020-04-11,60,30.76,2,2.1155306663714093,39,0.7387
COMP_003108,2022-12-09,58,75.82,2,2.0452523739195287,25,0.8773
COMP_003109,2024-04-17,56,40.22,1,1.7299830966039695,15,0.5475
COMP_003109,2022-11-23,60,40.91,4,1.315609511058171,41,0.4713
COMP_003109,2023-09-17,53,34.94,1,1.7763771254041605,38,0.148
COMP_003110,2022-05-06,89,74.17,0,17.92802610616722,30,0.3719
COMP_003110,2021-11-03,94,61.12,0,15.172141733784951,44,0.8211
COMP_003110,2021-12-06,93,80.51,0,18.353926887326583,38,0.2169
COMP_003111,2021-10-27,70,76.97,1,7.352167049886645,25,0.1757
COMP_003111,2022-06-12,77,98.52,0,15.666943370085873,29,0.4519
COMP_003112,2020-02-19,49,64.44,4,6.703873244499645,48,0.6164
COMP_003112,2021-10-14,52,51.5,2,8.814607090360141,25,0.7887
COMP_003113,2024-02-26,62,92.01,0,13.124162938013113,6,0.6128
COMP_003114,2022-03-29,67,85.81,3,6.754244892632257,33,0.6661
COMP_003114,2023-03-22,68,73.73,3,3.4542376525843608,34,0.813
COMP_003115,2023-04-05,79,95.87,2,5.7132799652917345,17,0.5907
COMP_003115,2022-03-14,72,83.91,3,1.8974156169466097,43,0.115
COMP_003116,2022-09-24,79,71.81,2,10.76271469537627,33,0.2096
COMP_003116,2020-04-10,75,94.6,3,2.7154171254349757,50,0.1267
COMP_003117,2020-01-20,91,70.5,0,7.043778558903792,13,0.4349
COMP_003118,2022-06-07,88,99.51,0,6.773258271202878,4,0.4085
COMP_003118,2020-12-21,89,82.16,0,8.763571428320837,44,0.3625
COMP_003119,2024-09-18,67,68.88,0,15.192772178900675,38,0.3142
COMP_003119,2020-07-30,65,93.16,3,16.992963321882485,43,0.2549
COMP_003120,2021-07-03,89,99.9,0,2.331488490395993,14,0.517
COMP_003120,2021-10-01,93,72.8,0,16.440086289074976,15,0.7535
COMP_003121,2020-04-01,54,44.63,4,8.132719457782706,17,0.8159
COMP_003121,2022-02-16,54,36.82,4,11.811725894020697,22,0.4108
COMP_003122,2022-11-01,96,90.89,0,4.840898719489516,23,0.6079
COMP_003122,2022-05-19,87,80.56,0,3.800845391017488,3,0.1766
COMP_003122,2022-07-28,95,88.71,0,10.019983152038836,11,0.3364
COMP_003123,2023-02-21,90,70.06,0,5.107706393414161,14,0.3632
COMP_003123,2020-02-09,90,74.85,0,4.883838853445168,25,0.1694
COMP_003124,2023-06-25,50,40.16,1,14.321919094341158,48,0.7613
COMP_003124,2022-11-11,51,34.64,5,9.08182339847595,32,0.467
COMP_003125,2020-09-03,61,99.48,2,7.090457720384386,40,0.3679
COMP_003125,2021-11-21,56,32.76,3,6.74897930623767,43,0.7541
COMP_003125,2024-10-27,53,67.61,2,18.391070667333658,15,0.4305
COMP_003126,2023-06-25,57,48.81,4,7.905243492359465,22,0.5758
COMP_003126,2024-07-06,56,48.73,4,6.388049085869156,5,0.5072
COMP_003127,2021-06-21,86,76.14,0,2.7043403464814277,37,0.4545
COMP_003128,2022-12-02,55,37.06,3,19.73281598678485,23,0.5841
COMP_003128,2023-09-02,51,77.87,4,5.9091343495157895,26,0.1266
COMP_003128,2024-02-02,45,62.37,3,12.85024986704511,6,0.6682
COMP_003129,2024-03-24,36,76.12,5,1.9429106475807114,35,0.6659
COMP_003130,2024-01-24,60,77.19,3,5.617219295880317,25,0.1124
COMP_003130,2023-01-01,59,66.54,2,3.282719469034056,16,0.2414
COMP_003131,2021-03-15,96,64.77,0,16.415472478999718,47,0.2218
COMP_003131,2020-07-16,93,99.86,0,3.9061860154579167,26,0.3383
COMP_003132,2023-05-21,53,31.37,1,1.5644990481770407,10,0.533
COMP_003132,2023-11-16,46,61.23,3,7.587815671899494,18,0.8917
COMP_003133,2021-11-14,68,69.57,1,11.436439037394583,15,0.2713
COMP_003134,2023-12-31,54,38.11,5,10.615030005571754,50,0.1532
COMP_003134,2020-05-22,56,30.63,4,17.24796309491925,5,0.5864
COMP_003134,2022-03-26,59,32.24,1,7.670455732340867,48,0.3388
COMP_003135,2020-10-19,67,86.66,3,14.958740654965561,46,0.6051
COMP_003135,2021-03-11,68,75.85,2,1.3435438033032678,50,0.3615
COMP_003136,2020-11-15,84,91.69,0,15.94700435947096,37,0.6503
COMP_003137,2021-06-19,65,78.18,0,6.475418088758154,47,0.5904
COMP_003138,2020-12-21,72,92.85,0,2.191576124232596,37,0.6592
COMP_003139,2022-04-17,66,91.78,1,7.630393264305518,47,0.12
COMP_003139,2021-06-10,70,78.15,0,8.483748815882908,10,0.721
COMP_003139,2020-06-23,67,68.76,2,3.4331565611903274,12,0.7655
COMP_003140,2023-03-12,75,82.35,0,1.8194706409485235,44,0.7046
COMP_003141,2023-08-10,87,74.25,0,19.1223859742375,15,0.4683
COMP_003142,2023-03-03,99,74.5,2,16.944594239914334,13,0.8452
COMP_003143,2024-06-27,72,92.11,2,13.787487296008644,33,0.5739
COMP_003144,2023-05-21,84,98.08,0,9.176152157746495,11,0.2839
COMP_003145,2023-05-05,39,71.25,1,1.5456402693207498,33,0.4857
COMP_003145,2022-04-28,44,78.89,5,3.5652646241084813,5,0.2482
COMP_003146,2023-10-21,98,65.44,0,6.398893793740773,7,0.7587
COMP_003146,2020-01-09,98,70.26,0,19.965528360150575,20,0.6933
COMP_003146,2024-08-13,92,82.29,1,18.2223941347863,16,0.2249
COMP_003147,2021-01-04,74,91.1,3,4.160795675683347,15,0.5645
COMP_003148,2024-06-11,86,74.21,0,1.4956514653573805,26,0.5805
COMP_003148,2020-03-08,87,61.8,0,16.52247905793116,47,0.5041
COMP_003148,2022-08-05,82,80.44,0,16.320504047217547,43,0.803
COMP_003149,2020-03-15,53,39.71,1,10.030626550979878,37,0.5436
COMP_003150,2020-02-23,71,83.99,1,1.5940177236202335,46,0.5017
COMP_003150,2020-05-17,70,70.17,1,1.7119296144510845,12,0.5209
COMP_003151,2023-09-13,47,55.42,3,1.48176317935906,31,0.432
COMP_003152,2021-02-10,67,61.42,3,10.538966731366948,23,0.5217
COMP_003152,2024-03-31,73,70.54,2,8.537348359813969,48,0.7511
COMP_003153,2024-09-12,61,83.42,0,2.896269920175965,29,0.5644
COMP_003154,2024-09-05,87,68.35,0,10.210318279431766,13,0.4958
COMP_003155,2020-04-13,79,78.61,3,3.017995056759014,48,0.1701
COMP_003156,2022-01-08,48,38.11,5,1.0,25,0.8227
COMP_003156,2021-12-07,44,59.37,2,1.0,31,0.8137
COMP_003157,2020-06-16,59,36.11,1,19.974812163705625,31,0.3288
COMP_003157,2020-06-04,58,58.15,5,9.862253928023456,50,0.7441
COMP_003158,2024-07-27,47,42.44,1,11.16378259234578,19,0.3186
COMP_003158,2021-01-21,46,66.39,2,7.094727489691547,20,0.6203
COMP_003159,2021-04-29,49,55.88,1,2.2026596758188983,22,0.8408
COMP_003160,2024-03-25,64,82.47,1,7.52053072168032,4,0.3391
COMP_003160,2022-08-27,66,71.21,3,9.806912581412748,25,0.1351
COMP_003160,2023-11-17,73,70.56,0,12.981700876932235,39,0.1427
COMP_003161,2023-05-17,38,49.35,4,17.315047101421676,29,0.7454
COMP_003162,2021-01-01,71,71.32,2,15.448091307461818,34,0.2336
COMP_003162,2023-12-13,71,72.55,2,4.6982260375758,29,0.1332
COMP_003162,2024-10-24,74,78.6,1,11.69246763697909,31,0.2188
COMP_003163,2021-09-23,78,71.03,3,9.919512673089823,6,0.3582
COMP_003164,2024-04-14,70,72.47,1,16.180932187022613,49,0.1431
COMP_003165,2024-01-19,68,61.31,3,6.187329361793122,18,0.2409
COMP_003166,2022-05-25,77,62.28,2,7.906233137324288,39,0.2902
COMP_003166,2023-06-09,80,60.05,2,16.371016418063267,8,0.3462
COMP_003166,2020-02-08,83,95.01,0,19.72070777372219,9,0.7568
COMP_003167,2022-03-11,44,51.61,2,11.740456061599676,19,0.5279
COMP_003168,2020-08-02,48,71.31,5,12.621961125933248,9,0.7937
COMP_003169,2021-01-17,55,33.36,4,1.0,31,0.195
COMP_003169,2021-10-22,54,53.88,5,1.0,24,0.4216
COMP_003170,2022-02-23,88,86.8,1,18.761006704254456,19,0.5898
COMP_003171,2022-10-13,81,71.94,1,9.564353973362696,32,0.6426
COMP_003171,2023-03-21,73,95.92,0,4.477555586220232,20,0.2824
COMP_003172,2024-03-23,37,72.4,1,4.863857964564612,42,0.6462
COMP_003172,2021-07-23,45,78.03,3,2.608934827170616,39,0.2223
COMP_003173,2021-03-18,69,71.75,2,5.563063050305474,27,0.2079
COMP_003173,2024-09-30,71,85.12,2,15.282450371419822,29,0.5662
COMP_003174,2022-05-16,88,92.88,0,14.527246785986822,42,0.3467
COMP_003174,2023-05-29,86,76.77,0,2.4139190714325287,46,0.2642
COMP_003174,2024-09-28,90,86.36,0,17.566974314417067,24,0.7461
COMP_003175,2021-11-12,75,74.86,2,14.429284281616303,24,0.4034
COMP_003175,2023-08-12,69,95.63,0,3.2139297789442782,50,0.6352
COMP_003175,2024-09-30,71,93.17,3,18.569562400990698,29,0.2454
COMP_003176,2023-08-07,45,53.63,4,11.03288452728205,39,0.1422
COMP_003176,2024-10-29,49,62.15,2,9.975183709029714,42,0.8197
COMP_003176,2020-06-30,48,56.35,1,6.754432086215518,45,0.4212
COMP_003177,2024-01-08,41,70.16,5,2.0047310254859565,42,0.7019
COMP_003177,2022-07-11,44,51.89,3,2.2397911442627176,36,0.2838
COMP_003177,2020-07-09,45,52.06,2,5.737649665376232,9,0.4531
COMP_003178,2023-09-13,43,78.6,3,6.002996744744553,7,0.4267
COMP_003178,2020-10-23,46,40.87,1,4.500392233164266,24,0.7867
COMP_003178,2021-02-16,53,48.96,1,11.640609923529128,26,0.2961
COMP_003179,2022-07-17,88,79.33,0,6.7058669578297625,31,0.2368
COMP_003180,2023-11-13,44,32.55,2,4.607135039671252,50,0.2867
COMP_003180,2021-01-15,37,73.39,1,5.648548848134218,37,0.1043
COMP_003180,2022-09-10,40,36.14,2,10.49937446418725,11,0.4642
COMP_003181,2020-02-28,36,61.03,3,15.26203851999426,19,0.7306
COMP_003182,2020-08-18,79,74.56,1,9.051308339223409,38,0.5205
COMP_003182,2020-03-12,76,96.2,0,5.471490323472867,12,0.4701
COMP_003182,2024-03-06,81,77.26,0,16.2325113025903,15,0.7748
COMP_003183,2024-09-25,45,59.39,1,3.99454866174944,30,0.4176
COMP_003183,2021-01-15,45,56.99,4,16.177731249472913,3,0.8943
COMP_003183,2023-05-31,43,60.9,3,15.091023653873043,12,0.7901
COMP_003184,2021-08-02,82,60.53,0,16.879021754811752,13,0.1989
COMP_003184,2022-09-08,79,73.96,2,16.158284635632832,10,0.638
COMP_003185,2023-04-27,59,59.8,1,2.3537474033592445,41,0.8608
COMP_003185,2022-07-01,57,45.7,3,3.6106970850956803,7,0.6718
COMP_003186,2022-05-12,47,39.71,5,12.736749129754438,16,0.6954
COMP_003186,2022-05-12,44,66.98,3,11.139647902963274,42,0.8575
COMP_003186,2023-11-11,46,76.95,3,17.806206338752936,33,0.3976
COMP_003187,2021-11-09,57,77.64,5,5.773482293989437,24,0.5512
COMP_003188,2024-10-09,93,85.17,2,3.2352569340539348,42,0.3105
COMP_003189,2023-02-25,76,98.18,3,2.129553388461071,29,0.5516
COMP_003190,2023-01-04,85,76.7,2,11.188074275401041,24,0.1917
COMP_003190,2022-09-13,83,60.38,1,9.650239620043976,13,0.7894
COMP_003191,2023-06-30,75,65.27,3,3.489490569613544,47,0.6003
COMP_003191,2022-09-10,68,67.48,0,2.8894126303807868,8,0.1323
COMP_003192,2023-08-17,84,78.5,0,19.672842267922288,17,0.5726
COMP_003193,2020-05-16,62,72.6,2,10.414141673253443,36,0.2263
COMP_003194,2024-09-30,47,52.6,1,2.156498224309661,26,0.1723
COMP_003195,2021-01-17,77,88.05,2,1.180617767932889,19,0.5058
COMP_003195,2022-12-10,82,80.74,0,1.279382766488578,43,0.1551
COMP_003196,2024-03-15,76,83.21,2,1.0618439166136602,44,0.8307
COMP_003197,2022-05-04,65,66.39,1,16.724991341899347,37,0.8981
COMP_003197,2023-09-25,63,99.42,3,2.1426348718719597,14,0.6025
COMP_003197,2024-09-11,62,83.6,1,15.269747891844453,45,0.8802
COMP_003198,2021-10-10,48,54.17,2,4.948135425753341,17,0.1573
COMP_003198,2021-09-26,52,51.15,1,1.734876416409685,30,0.1486
COMP_003198,2022-03-07,52,38.84,1,1.0661144629728696,36,0.7352
COMP_003199,2022-08-15,51,55.82,4,8.109771196672714,19,0.4555
COMP_003199,2022-01-27,55,41.76,3,10.194809259790715,34,0.1131
COMP_003200,2020-06-14,90,93.63,0,13.569313280484462,7,0.4484
COMP_003200,2022-06-04,89,60.19,0,2.135617922287629,45,0.2673
COMP_003200,2022-12-21,89,63.17,0,3.808383931212272,22,0.3997
COMP_003201,2021-09-23,77,82.7,2,1.7040366234666207,18,0.4763
COMP_003201,2023-06-29,85,81.55,0,13.739643686134169,43,0.3693
COMP_003201,2024-12-30,86,69.95,0,9.520840992137039,11,0.7771
COMP_003202,2020-08-04,51,37.07,1,9.597744495033952,22,0.3524
COMP_003202,2024-12-14,58,62.96,1,3.3399785343947768,10,0.1395
COMP_003202,2020-04-02,55,38.48,4,3.0270852671990878,15,0.546
COMP_003203,2023-05-27,59,48.21,3,9.514655129304655,10,0.6742
COMP_003203,2024-01-04,65,98.57,0,3.521026145743947,37,0.4991
COMP_003204,2023-09-26,86,72.24,0,2.5676981833475048,16,0.5464
COMP_003204,2021-10-14,87,91.6,0,3.091815922692348,5,0.3783
COMP_003205,2022-08-04,54,52.1,5,5.808222334705072,7,0.6186
COMP_003206,2020-06-18,69,67.0,3,9.965497100907488,23,0.164
COMP_003206,2024-04-13,60,30.62,4,15.737676217275878,28,0.2983
COMP_003207,2022-10-15,86,99.6,0,16.119912160731822,12,0.174
COMP_003207,2024-09-24,90,73.87,0,4.723066456598389,20,0.7939
COMP_003208,2020-11-30,98,80.45,0,18.463969924173544,38,0.2845
COMP_003209,2022-10-22,48,45.54,4,15.964827538602027,42,0.7743
COMP_003209,2023-10-22,55,77.6,3,11.410735122319206,47,0.2681
COMP_003209,2022-10-23,52,60.86,5,5.482800520995264,8,0.4445
COMP_003210,2021-08-03,46,78.3,1,3.4305284010452355,17,0.8155
COMP_003211,2022-07-10,92,65.24,0,9.337763982307635,31,0.8881
COMP_003211,2021-07-21,96,87.78,0,13.217376318143891,41,0.7186
COMP_003212,2024-04-19,43,72.82,1,18.757559090730258,29,0.7169
COMP_003212,2022-02-12,39,66.53,1,13.167073580158513,28,0.8358
COMP_003213,2024-03-05,84,90.23,0,19.918796169414886,3,0.6116
COMP_003213,2022-06-09,79,66.59,2,6.305592799368329,49,0.1763
COMP_003213,2021-09-25,87,66.26,0,10.278621554087989,16,0.7914
COMP_003214,2022-09-15,92,82.32,0,9.131054277199897,18,0.8595
COMP_003214,2020-04-19,90,60.39,2,7.296420272930472,44,0.1283
COMP_003215,2020-04-04,86,78.97,0,12.597927318600895,20,0.2782
COMP_003215,2021-12-13,81,97.9,0,15.840140025019743,30,0.2391
COMP_003215,2021-04-24,82,86.47,2,7.874503033786039,50,0.1156
COMP_003216,2020-07-16,95,65.18,0,3.947806241978364,5,0.4704
COMP_003216,2023-08-14,90,85.22,0,3.142342798329965,9,0.7675
COMP_003216,2024-04-10,96,78.89,0,1.407947060734106,30,0.2606
COMP_003217,2023-06-10,91,86.14,0,2.992513279273267,39,0.3176
COMP_003218,2023-11-22,54,79.03,4,11.826730599758273,20,0.5053
COMP_003218,2021-04-27,60,38.62,4,3.6770671690538794,40,0.1366
COMP_003218,2024-09-17,54,56.35,2,13.71137390398389,7,0.1536
COMP_003219,2023-06-14,82,65.52,0,2.5658258836172396,24,0.485
COMP_003219,2020-08-03,77,72.82,0,12.5014633417777,21,0.4172
COMP_003220,2022-05-16,41,65.49,2,4.5023028811060675,44,0.7212
COMP_003221,2022-05-31,72,90.42,2,10.6983336360551,3,0.4872
COMP_003221,2020-11-26,72,90.32,2,17.88630523574938,23,0.5241
COMP_003222,2021-12-30,56,31.13,4,11.925383904171012,25,0.1089
COMP_003222,2020-07-12,52,68.02,1,12.932177434093518,4,0.578
COMP_003223,2023-06-24,71,61.96,2,19.490359794717556,26,0.4792
COMP_003223,2022-01-24,70,61.61,1,11.517835010220297,19,0.345
COMP_003223,2024-09-05,75,85.37,0,15.257302685402852,44,0.8595
COMP_003224,2024-06-11,88,68.66,0,4.214098057063395,5,0.2268
COMP_003224,2022-09-01,95,82.13,0,18.318334367640446,40,0.134
COMP_003225,2020-12-25,71,88.23,3,14.649699922703668,23,0.1992
COMP_003225,2023-03-28,70,88.62,1,16.93170583734498,29,0.8324
COMP_003225,2020-09-19,73,61.33,2,11.923976657287602,13,0.3112
COMP_003226,2023-01-30,53,76.41,1,12.995502971868365,48,0.1288
COMP_003226,2024-09-19,58,36.7,1,8.880237026093468,8,0.141
COMP_003226,2021-09-08,50,69.92,2,10.994467651479166,25,0.7279
COMP_003227,2022-08-23,57,71.53,5,12.200673795019565,7,0.2193
COMP_003227,2022-09-29,65,65.64,0,2.5774398561032115,3,0.3333
COMP_003227,2023-07-17,55,42.76,3,4.290096289023776,16,0.8366
COMP_003228,2022-12-31,93,84.05,0,6.684916089878043,5,0.6743
COMP_003228,2020-02-27,91,83.95,0,6.722039805410736,9,0.8368
COMP_003229,2023-08-10,67,97.23,2,2.0607222233589266,50,0.52
COMP_003230,2024-12-27,64,73.3,3,3.671466517658473,35,0.3794
COMP_003230,2024-02-02,62,99.55,3,8.427164555472165,16,0.2377
COMP_003231,2022-05-19,77,61.65,2,17.81129034744047,47,0.3691
COMP_003231,2024-01-22,79,78.66,3,10.064183569088266,26,0.4617
COMP_003232,2020-05-21,53,54.39,2,14.775666341411933,43,0.658
COMP_003232,2020-09-05,53,53.99,2,1.8600246966150928,33,0.1935
COMP_003233,2024-10-02,54,30.51,5,15.388530578216086,47,0.8827
COMP_003233,2024-09-29,46,79.23,4,13.594892831279264,13,0.819
COMP_003234,2022-06-29,73,95.69,1,12.462316274009776,19,0.2726
COMP_003235,2023-03-02,68,68.95,1,1.3551367340280667,21,0.5223
COMP_003235,2022-04-03,72,67.77,1,14.247652212560805,33,0.5388
COMP_003235,2020-06-02,65,91.7,3,14.891740367335744,22,0.8649
COMP_003236,2022-01-25,58,63.93,5,1.4464788595190416,42,0.2345
COMP_003236,2020-07-01,57,43.94,1,1.1940768623094444,33,0.5158
COMP_003236,2022-04-22,58,70.08,1,1.3125871312659783,20,0.7024
COMP_003237,2022-07-25,71,99.34,1,4.0546692821378025,41,0.2745
COMP_003237,2021-01-04,72,86.2,0,6.219121884819103,38,0.4008
COMP_003238,2020-06-15,75,60.06,3,19.66494719840903,20,0.6278
COMP_003239,2020-08-15,51,42.53,5,6.629815542645086,17,0.1989
COMP_003239,2022-09-23,54,71.12,3,15.325823758688793,13,0.4334
COMP_003240,2021-01-28,44,79.68,3,9.193173771237895,28,0.4527
COMP_003240,2023-02-06,44,46.94,5,3.7886497239027506,46,0.2035
COMP_003241,2023-03-30,55,78.97,2,9.939985689558414,20,0.5726
COMP_003242,2023-08-23,55,58.29,4,6.697660742547491,40,0.5029
COMP_003242,2021-04-04,53,51.28,5,10.253195949573072,7,0.8621
COMP_003243,2022-09-16,81,87.62,0,2.674550045815324,39,0.7595
COMP_003243,2023-04-16,81,90.63,0,6.005377074273048,16,0.1945
COMP_003244,2023-07-20,87,89.7,0,4.067236839239241,43,0.8652
COMP_003244,2020-10-02,93,76.94,0,4.3275449916543565,3,0.7613
COMP_003244,2023-07-27,84,60.53,0,5.105580241877602,21,0.6777
COMP_003245,2023-08-02,59,77.65,4,19.268983218108342,17,0.1632
COMP_003245,2022-01-24,58,53.76,5,6.22705406011884,47,0.298
COMP_003246,2021-03-28,75,65.18,1,2.4055353067107736,12,0.7472
COMP_003246,2021-01-31,71,89.17,3,11.688384598448394,35,0.8982
COMP_003246,2023-02-25,69,62.24,1,5.853625011296792,31,0.6628
COMP_003247,2022-10-28,87,61.91,0,18.37612186793888,35,0.3436
COMP_003247,2023-04-01,90,96.75,1,15.095944189813286,35,0.1492
COMP_003247,2022-10-26,97,88.4,0,18.722690492966006,48,0.1102
COMP_003248,2021-02-22,62,76.55,1,5.96602029033569,3,0.5917
COMP_003248,2022-04-16,61,98.88,0,9.437684158393534,47,0.5462
COMP_003248,2023-02-13,63,72.3,0,15.950857186374389,33,0.1926
COMP_003249,2023-02-21,69,77.84,2,14.634671412798054,32,0.4574
COMP_003249,2021-10-01,68,66.22,0,15.107426017112521,31,0.8989
COMP_003250,2024-04-21,62,96.7,1,3.8198103573163857,34,0.6208
COMP_003250,2024-02-03,66,68.4,2,4.514888098150623,29,0.6924
COMP_003250,2020-09-16,66,70.61,1,12.227760256867064,39,0.3285
COMP_003251,2020-08-03,46,52.73,4,4.516252246961481,39,0.6125
COMP_003251,2024-12-29,46,49.66,5,15.703014364055893,46,0.5822
COMP_003251,2024-05-08,43,63.81,3,16.904522161180182,17,0.6939
COMP_003252,2023-12-23,77,63.53,1,1.0,44,0.3147
COMP_003252,2021-11-26,67,97.1,2,1.0,38,0.301
COMP_003252,2023-11-09,75,93.19,0,1.0,30,0.2366
COMP_003253,2021-09-06,49,70.35,2,17.04963128957048,43,0.8612
COMP_003253,2024-08-13,51,73.33,1,18.005775057596175,21,0.5607
COMP_003254,2024-12-12,98,93.25,0,10.455540110010434,37,0.3641
COMP_003254,2020-05-29,99,62.41,0,12.311693054843854,48,0.7406
COMP_003254,2023-08-22,95,93.56,0,2.206957213318418,38,0.5088
COMP_003255,2021-05-21,87,87.81,0,16.329148182759045,19,0.5993
COMP_003255,2021-02-25,92,68.24,0,2.458890163878154,20,0.8127
COMP_003255,2022-05-17,88,93.0,0,6.357092390309613,33,0.5037
COMP_003256,2022-01-17,60,32.82,4,3.512870262551607,25,0.4509
COMP_003256,2021-10-06,62,78.42,3,6.725421303733037,9,0.5311
COMP_003257,2024-05-13,74,90.63,1,2.308507264610423,50,0.7387
COMP_003258,2023-02-07,82,95.22,0,15.711717969961487,29,0.5546
COMP_003259,2022-06-14,66,82.64,0,5.94431803567963,30,0.7721
COMP_003259,2022-09-29,71,95.23,1,17.352302442052718,32,0.3411
COMP_003259,2022-08-18,70,74.88,1,15.837531530441598,8,0.7122
COMP_003260,2020-04-09,48,75.93,3,8.003353369810966,15,0.1023
COMP_003260,2023-05-21,44,66.45,4,3.3127728141913506,38,0.6971
COMP_003261,2022-06-20,100,97.01,0,1.0,50,0.4306
COMP_003262,2023-09-07,89,68.11,0,16.094154966672168,32,0.1781
COMP_003262,2024-09-13,89,99.04,2,7.521361728711352,20,0.5515
COMP_003262,2022-10-12,94,68.02,0,19.369276849258167,30,0.1229
COMP_003263,2024-09-01,87,77.21,0,10.89141167881327,4,0.2176
COMP_003263,2020-02-12,86,78.43,0,7.407253650692031,11,0.4628
COMP_003264,2024-10-31,53,77.88,1,1.148716417138808,47,0.2136
COMP_003264,2022-10-10,51,55.59,4,2.39511868125,12,0.6726
COMP_003264,2024-09-18,53,36.68,1,2.412918751682741,26,0.4639
COMP_003265,2024-06-29,79,74.06,3,1.8449532074074209,22,0.724
COMP_003265,2020-09-04,88,97.83,0,4.123463884097504,16,0.2581
COMP_003266,2022-09-25,49,40.61,5,2.8564616611944995,43,0.226
COMP_003266,2020-12-11,47,76.78,3,2.556118838023343,30,0.3497
COMP_003267,2021-06-14,84,70.49,0,1.0789294774716094,3,0.5625
COMP_003268,2022-12-21,74,69.25,0,4.300143732641132,10,0.6056
COMP_003268,2021-02-25,75,66.14,3,14.334628648404083,14,0.1937
COMP_003268,2023-04-01,76,70.5,0,14.700965473774728,31,0.7346
COMP_003269,2023-04-08,91,61.18,0,1.7494375180433785,27,0.527
COMP_003270,2022-11-27,85,87.28,0,16.925049101824623,50,0.7203
COMP_003271,2021-05-19,79,63.84,2,5.767306573477085,36,0.5647
COMP_003271,2022-08-04,81,93.86,0,3.8201490690569924,30,0.5066
COMP_003272,2023-05-16,53,68.07,4,10.31815828610211,42,0.6212
COMP_003272,2021-05-09,45,60.47,3,1.1503136382455994,18,0.5619
COMP_003272,2024-04-16,53,65.99,4,19.577969595093805,10,0.6901
COMP_003273,2022-03-01,90,90.13,1,13.657099917888413,31,0.7825
COMP_003273,2024-11-07,80,69.82,2,8.750451548294288,14,0.3734
COMP_003273,2022-06-11,84,70.3,0,14.41936919711264,48,0.7484
COMP_003274,2020-09-26,57,63.07,2,3.2503451637384533,27,0.6276
COMP_003274,2024-10-13,52,59.22,2,1.1244195103425474,44,0.7049
COMP_003274,2023-12-27,57,37.31,3,3.9044630491460097,32,0.7458
COMP_003275,2020-03-03,60,79.77,2,6.597527986721266,49,0.6087
COMP_003275,2022-12-06,60,70.7,4,11.266111783435997,39,0.5341
COMP_003275,2020-02-09,54,31.87,1,11.80273920109393,8,0.8623
COMP_003276,2021-06-20,79,63.4,3,2.8108002721765697,48,0.5106
COMP_003276,2024-12-02,80,68.93,2,5.5163674023277895,3,0.2004
COMP_003276,2024-07-22,79,81.14,0,5.845927925823486,29,0.6865
COMP_003277,2022-09-20,55,38.32,1,17.85543532744223,43,0.7203
COMP_003278,2024-02-01,91,83.87,0,12.384109260428243,3,0.5295
COMP_003278,2024-01-30,99,66.62,0,11.731946872474358,17,0.3743
COMP_003279,2022-06-14,88,97.93,0,1.5817891474659147,20,0.8364
COMP_003279,2023-01-18,81,85.05,0,1.5552400397867436,16,0.3597
COMP_003279,2021-01-05,86,88.68,1,1.281493233118058,36,0.8155
COMP_003280,2021-02-22,61,92.55,2,15.586321179419796,8,0.5169
COMP_003280,2022-02-19,59,36.51,2,12.498803495255196,39,0.1477
COMP_003281,2020-09-28,46,78.73,4,5.348946834314986,46,0.1209
COMP_003281,2022-05-24,46,64.99,2,3.963059851010326,36,0.8184
COMP_003281,2020-09-29,43,50.27,5,11.04986194092332,13,0.6711
COMP_003282,2024-03-29,92,73.44,0,8.518709086885835,21,0.4956
COMP_003282,2022-11-26,86,69.7,0,2.564844825300286,12,0.8516
COMP_003283,2023-09-25,83,70.13,0,18.85736844754195,18,0.8939
COMP_003283,2022-08-27,82,87.26,0,2.583955990528439,22,0.7634
COMP_003284,2021-01-26,58,78.07,2,17.866482402695393,36,0.1584
COMP_003284,2020-02-20,53,79.98,2,19.432197188429782,21,0.6632
COMP_003284,2021-05-02,49,36.39,1,18.004604916585645,22,0.2217
COMP_003285,2023-12-05,87,66.8,0,18.393373960649814,14,0.455
COMP_003285,2020-01-26,97,62.85,0,12.81731205173773,13,0.126
COMP_003285,2023-04-26,96,96.58,0,10.481344742267321,45,0.6974
COMP_003286,2022-12-03,46,70.37,5,1.4471278282185898,27,0.7094
COMP_003286,2020-04-20,49,74.3,2,9.95192089222587,27,0.79
COMP_003286,2021-08-31,48,49.31,4,2.138567025898948,41,0.5281
COMP_003287,2024-03-24,75,99.47,0,8.00465987709017,15,0.1852
COMP_003288,2022-10-21,47,60.26,5,7.508252747665986,25,0.2634
COMP_003288,2022-01-27,51,38.23,2,9.841190166715773,17,0.3843
COMP_003289,2020-05-17,95,83.39,0,7.838178397005726,9,0.4504
COMP_003290,2022-12-24,46,77.47,1,13.639147316803108,37,0.2321
COMP_003290,2023-04-20,49,69.98,1,16.47351300413594,22,0.412
COMP_003290,2023-07-14,45,75.48,3,12.715017661248918,5,0.6307
COMP_003291,2021-11-19,69,87.79,0,4.259154638576705,36,0.1526
COMP_003292,2024-06-28,94,74.3,0,10.478193507239162,15,0.6244
COMP_003293,2023-03-19,88,75.98,0,19.708337976472016,31,0.4434
COMP_003294,2024-10-18,84,76.64,0,14.760239813424839,30,0.6737
COMP_003294,2024-09-06,88,76.34,0,15.498950555936785,10,0.7801
COMP_003295,2022-05-05,86,73.44,0,2.19419561745742,30,0.7309
COMP_003295,2021-03-28,85,68.56,0,2.440375722450853,13,0.6095
COMP_003295,2024-04-17,87,88.57,0,2.3863798860687595,12,0.6817
COMP_003296,2020-08-03,61,66.1,0,15.7196648271204,7,0.1518
COMP_003297,2022-03-12,81,87.97,0,6.431806760986504,34,0.4539
COMP_003297,2021-12-05,75,80.17,1,9.251575874572284,36,0.7609
COMP_003298,2021-06-07,51,54.19,4,4.670850594259906,14,0.6811
COMP_003299,2023-10-12,69,63.45,2,10.75916836864999,24,0.7648
COMP_003299,2020-04-10,72,61.3,3,5.986207651399308,48,0.1707
COMP_003300,2024-01-25,60,33.93,4,3.650251518943816,15,0.8572
COMP_003300,2022-09-14,62,63.15,3,2.3368925011294426,50,0.8009
COMP_003300,2024-05-10,61,80.51,1,4.877561262043846,24,0.7521
COMP_003301,2020-01-22,87,99.61,0,6.088097441077017,16,0.2793
COMP_003302,2021-06-29,62,68.58,2,2.4627040246932435,7,0.4163
COMP_003302,2020-01-13,64,81.46,3,2.0190452910698236,21,0.5744
COMP_003302,2022-07-21,69,88.37,2,11.82435613429322,14,0.5853
COMP_003303,2022-08-27,55,41.15,3,1.381124104565012,45,0.7644
COMP_003304,2022-09-27,69,87.2,1,1.1357314849322675,29,0.3814
COMP_003304,2022-12-24,63,96.37,2,1.7774990834726063,7,0.2554
COMP_003305,2022-07-08,45,72.05,3,1.8741096381262388,15,0.251
COMP_003305,2022-10-18,52,64.52,3,2.7317796587216345,18,0.1083
COMP_003305,2021-02-02,51,38.16,5,2.2869824302421646,20,0.7
COMP_003306,2024-01-30,71,83.03,1,5.476519252486682,4,0.8591
COMP_003307,2020-02-20,41,37.25,5,12.852962112585624,34,0.4148
COMP_003307,2020-08-27,39,38.5,2,10.255134545288595,44,0.4432
COMP_003308,2021-02-11,60,53.54,4,1.8157627218000854,19,0.2165
COMP_003309,2020-11-26,67,88.75,2,7.558736854407984,40,0.713
COMP_003309,2020-07-23,69,80.0,1,9.836747535553172,25,0.5359
COMP_003310,2023-08-06,71,89.26,3,1.6291029831981285,41,0.4496
COMP_003311,2020-05-12,73,81.49,0,19.132690660633394,11,0.3536
COMP_003312,2020-05-13,64,75.79,2,18.886617049677977,32,0.2278
COMP_003312,2023-02-09,58,64.73,3,6.94075398614379,40,0.2057
COMP_003312,2023-12-31,66,72.08,0,9.086749361559317,5,0.5534
COMP_003313,2020-01-07,94,65.15,0,9.42040763809267,30,0.6796
COMP_003313,2021-09-05,95,76.06,0,11.90226017905989,25,0.2628
COMP_003314,2022-06-08,53,50.74,5,1.9806344869500978,3,0.466
COMP_003314,2022-05-19,53,59.89,4,1.1725941796540615,43,0.8511
COMP_003314,2020-09-24,56,38.36,2,1.721444301969866,30,0.8232
COMP_003315,2021-10-23,83,93.99,0,16.76180241045958,9,0.6555
COMP_003315,2022-12-20,86,88.8,0,2.788945921270864,19,0.6438
COMP_003316,2020-06-20,79,67.71,2,5.268992032345489,33,0.8627
COMP_003316,2020-02-09,81,88.47,0,3.9425571871754124,13,0.4866
COMP_003317,2022-05-30,59,69.49,5,4.760976241057911,16,0.8813
COMP_003317,2021-05-20,56,61.34,1,4.757910607135649,18,0.5187
COMP_003317,2023-10-23,64,72.68,2,2.840809404237766,48,0.4811
COMP_003318,2022-04-09,78,77.97,1,12.823362209223012,26,0.428
COMP_003319,2024-11-21,60,61.23,5,2.270524317337247,34,0.5878
COMP_003319,2022-08-23,62,63.13,3,9.544306423651676,22,0.3374
COMP_003320,2023-10-26,36,57.91,3,3.793386614065874,14,0.6681
COMP_003320,2022-08-06,37,40.13,4,1.0857477266530018,49,0.2536
COMP_003321,2024-08-12,91,70.81,0,7.601398293933134,22,0.7404
COMP_003321,2023-06-11,87,83.21,0,6.9812626920986345,17,0.3604
COMP_003321,2021-03-20,83,89.79,0,17.16771886477069,44,0.3478
COMP_003322,2022-04-29,54,65.49,1,1.7828821360852882,48,0.7171
COMP_003322,2024-02-14,51,79.19,4,3.1511427366138243,5,0.5645
COMP_003323,2020-07-16,84,70.59,0,8.300178843876271,39,0.7405
COMP_003324,2023-03-28,55,39.45,3,2.294217298401861,26,0.752
COMP_003324,2021-03-13,58,39.15,2,3.376376135286859,32,0.5234
COMP_003324,2024-08-04,56,51.48,4,2.0488548156027515,42,0.8023
COMP_003325,2024-01-22,82,72.46,0,16.132422781479725,40,0.6019
COMP_003325,2022-09-03,80,73.85,2,13.129472596836148,16,0.1197
COMP_003325,2022-12-21,76,62.18,2,15.204029944822459,43,0.4973
COMP_003326,2020-08-13,87,99.99,0,10.176286248363555,10,0.858
COMP_003326,2022-01-29,94,89.86,0,10.625556708916736,33,0.8239
COMP_003326,2020-01-04,92,98.53,0,5.373895653401871,41,0.1542
COMP_003327,2024-12-31,73,92.43,1,1.2178365406635387,45,0.402
COMP_003328,2021-05-13,79,74.36,0,17.682834331572103,9,0.2616
COMP_003328,2023-03-25,77,74.81,1,7.610515917214793,42,0.2638
COMP_003329,2023-06-23,37,62.6,3,4.564838912980471,6,0.7559
COMP_003329,2024-02-04,44,55.95,3,18.127919754158043,25,0.6935
COMP_003330,2021-03-29,90,81.47,0,7.391955919804856,9,0.1047
COMP_003330,2022-04-14,100,67.82,2,7.088649336908541,4,0.4218
COMP_003331,2022-07-05,70,70.56,2,17.09488237903864,30,0.5752
COMP_003331,2020-12-23,70,98.05,3,12.17832875438508,28,0.1412
COMP_003332,2021-06-24,64,63.45,3,14.314176720665861,26,0.6679
COMP_003333,2022-01-09,41,36.53,5,12.606123090494647,16,0.2958
COMP_003333,2023-06-18,45,53.05,3,10.971943929005725,20,0.4529
COMP_003334,2023-04-22,66,82.77,0,4.4988730881994385,7,0.1105
COMP_003334,2022-08-04,73,90.11,2,5.785521914624918,4,0.7345
COMP_003334,2022-08-31,69,78.92,3,5.565176687547872,4,0.227
COMP_003335,2021-10-29,62,75.68,1,9.759106221898833,13,0.5481
COMP_003336,2024-10-11,35,42.5,4,6.4858260575475875,3,0.8909
COMP_003337,2022-07-31,69,77.21,2,13.70625777066939,5,0.1913
COMP_003337,2021-10-25,73,87.32,1,14.146104171357022,12,0.6204
COMP_003338,2023-04-04,86,63.72,0,14.20989099523688,4,0.1782
COMP_003338,2021-03-28,86,76.58,0,6.522440858537277,43,0.2093
COMP_003339,2024-05-10,76,75.64,3,8.981164471344862,14,0.6165
COMP_003340,2024-09-10,80,97.79,1,16.970611996049016,48,0.6683
COMP_003340,2023-05-22,77,92.57,3,2.3967384561569505,40,0.8928
COMP_003341,2022-05-07,40,51.84,1,5.7061782227113795,29,0.6082
COMP_003342,2024-03-27,92,68.28,0,19.75947823703335,26,0.8739
COMP_003342,2023-01-03,85,72.82,0,12.28886408247716,22,0.3501
COMP_003342,2022-05-24,85,90.86,0,7.358952668597172,10,0.2235
COMP_003343,2020-03-23,54,53.63,4,15.889336526330801,43,0.2103
COMP_003343,2024-04-13,64,73.24,3,4.009677626498042,46,0.2047
COMP_003344,2020-02-25,79,86.06,1,14.774707137508434,12,0.2004
COMP_003344,2023-12-27,76,92.44,1,14.515714642525355,30,0.3241
COMP_003344,2024-06-19,77,94.38,2,15.763268091629657,45,0.6548
COMP_003345,2024-02-11,60,72.94,3,11.243921227335127,12,0.1326
COMP_003346,2021-08-19,77,91.15,1,6.564856791488262,27,0.8258
COMP_003346,2021-09-05,76,63.99,2,15.010193368574717,41,0.2358
COMP_003346,2020-08-08,79,85.25,2,17.938351588604984,32,0.8281
COMP_003347,2024-12-05,48,65.59,3,17.4946403816815,31,0.8583
COMP_003348,2023-03-06,64,64.74,0,3.676276590375321,36,0.5772
COMP_003348,2022-07-31,61,73.93,2,8.373844649425116,29,0.3458
COMP_003349,2022-02-25,97,73.45,0,6.271291374904559,30,0.3147
COMP_003349,2023-09-17,95,88.27,0,13.79520340775718,47,0.2968
COMP_003350,2021-02-24,84,92.95,0,7.3732565409890105,36,0.502
COMP_003351,2024-10-22,59,33.57,2,6.876840788066976,26,0.8708
COMP_003351,2021-02-18,56,44.05,5,12.192921841719386,20,0.6443
COMP_003352,2024-11-08,59,37.9,1,18.161468302657756,33,0.6519
COMP_003353,2023-10-21,39,49.65,2,2.584072963261866,17,0.3153
COMP_003354,2023-07-04,56,54.49,1,14.494319030108201,22,0.3908
COMP_003355,2024-05-05,63,99.1,1,14.31595065153064,50,0.1288
COMP_003356,2024-06-14,53,42.6,1,4.827637806565427,33,0.642
COMP_003356,2020-11-02,56,77.59,3,16.659753255519497,17,0.2357
COMP_003356,2021-05-29,56,47.16,5,5.351587439860892,35,0.8099
COMP_003357,2020-01-30,77,83.8,3,6.221092487678607,3,0.7034
COMP_003358,2020-07-19,92,79.33,0,16.742691646575743,33,0.8714
COMP_003359,2022-07-02,83,97.24,0,4.382161587649202,22,0.6827
COMP_003359,2021-12-17,79,60.62,2,1.1730062958729222,8,0.304
COMP_003359,2021-12-10,80,82.63,3,10.214135942702772,29,0.8857
COMP_003360,2022-06-12,70,73.63,1,2.5470759649698356,33,0.6073
COMP_003360,2020-03-07,71,86.18,0,17.580203873330596,31,0.2666
COMP_003360,2021-02-07,63,63.02,3,3.129634929885673,3,0.423
COMP_003361,2024-04-04,47,34.68,3,3.834087673461304,8,0.8221
COMP_003361,2023-12-09,47,76.82,1,6.703978292722425,39,0.6679
COMP_003362,2022-05-05,89,98.57,0,8.325726711694116,20,0.7654
COMP_003362,2020-10-17,92,99.6,0,5.863152817386459,10,0.2452
COMP_003362,2024-11-09,93,79.81,0,5.885594958699079,25,0.2496
COMP_003363,2020-10-15,50,35.37,2,14.53909612490418,7,0.2274
COMP_003364,2020-12-01,63,97.09,3,18.08775458785571,7,0.328
COMP_003365,2021-04-05,48,53.53,3,3.9646054644449102,48,0.5199
COMP_003365,2020-06-01,47,71.73,2,5.687685116605387,50,0.7144
COMP_003365,2022-02-18,47,62.11,1,6.742052308574927,33,0.3031
COMP_003366,2020-01-06,61,97.82,3,19.414615996497222,49,0.7195
COMP_003366,2023-07-13,61,73.69,3,9.173401938351224,4,0.7744
COMP_003366,2022-09-26,58,34.99,3,15.237621920101978,47,0.3521
COMP_003367,2021-09-22,68,96.75,3,1.713073826644926,45,0.8695
COMP_003367,2023-09-24,68,93.18,3,5.725529393647665,41,0.2166
COMP_003368,2020-05-07,95,72.28,0,12.71233391100013,37,0.1488
COMP_003368,2023-04-05,98,71.59,0,2.93469179824706,44,0.643
COMP_003368,2021-05-23,95,92.5,0,13.234394304663747,35,0.6107
COMP_003369,2021-04-29,66,70.84,0,3.1622167180468406,25,0.7299
COMP_003370,2022-03-15,54,40.76,1,10.324526571816804,36,0.6249
COMP_003370,2020-03-27,55,39.77,5,2.9755857888380026,6,0.1132
COMP_003370,2024-04-09,52,72.56,2,10.502464486553237,37,0.4571
COMP_003371,2020-05-07,90,92.0,2,10.411561652939643,29,0.757
COMP_003372,2022-11-20,85,91.43,2,19.644670166089824,25,0.8857
COMP_003372,2023-04-09,87,63.91,2,15.193540569949715,19,0.7152
COMP_003372,2020-03-14,83,87.02,0,7.586167570164401,3,0.8404
COMP_003373,2024-11-05,50,79.81,3,6.560570634307293,21,0.127
COMP_003373,2021-04-06,49,44.98,5,6.447519284053946,21,0.3843
COMP_003374,2020-12-26,66,78.95,3,3.9381374379927423,22,0.4232
COMP_003374,2021-08-03,59,67.1,1,14.876025343650308,28,0.7241
COMP_003375,2020-09-12,79,64.27,3,5.7461682389465025,48,0.344
COMP_003375,2021-02-20,86,93.2,0,5.772510769626351,34,0.881
COMP_003376,2020-09-26,65,78.23,1,5.680913781261623,20,0.683
COMP_003377,2021-02-18,75,66.13,2,17.15332737567565,7,0.7449
COMP_003377,2023-10-06,77,74.33,1,10.573724575059538,14,0.3531
COMP_003378,2024-01-01,83,65.17,0,2.3520808707125402,30,0.7145
COMP_003378,2023-03-12,83,81.53,0,19.01658655234258,50,0.6268
COMP_003378,2023-11-23,76,69.83,2,14.734279522502987,14,0.5103
COMP_003379,2020-11-01,58,68.06,5,10.598983670275116,37,0.1449
COMP_003380,2024-04-28,80,74.8,0,1.0,11,0.444
COMP_003380,2021-06-07,83,99.23,0,1.0,42,0.3361
COMP_003381,2024-03-14,73,68.55,3,17.117910112321876,35,0.8038
COMP_003381,2024-12-17,69,71.31,2,2.3646798321556455,23,0.6808
COMP_003381,2021-08-20,68,73.11,3,17.705036939404675,42,0.3077
COMP_003382,2023-07-20,94,81.99,0,11.63089209463224,46,0.8715
COMP_003383,2021-02-19,94,97.85,0,4.480384886445179,14,0.2694
COMP_003384,2020-04-17,41,68.15,1,5.031922959968046,46,0.8914
COMP_003385,2022-08-26,93,82.03,0,10.852913058881583,43,0.6677
COMP_003385,2023-03-25,95,92.34,0,7.27771487781433,28,0.5117
COMP_003386,2021-04-23,93,99.91,0,1.483700415148102,4,0.5547
COMP_003386,2020-09-03,93,99.06,0,5.456566223518315,6,0.4656
COMP_003386,2021-10-08,100,86.33,0,5.072579187554878,15,0.5234
COMP_003387,2023-03-10,95,76.59,0,2.660514743499848,45,0.7661
COMP_003387,2024-06-16,88,84.72,2,9.132151203081891,13,0.4538
COMP_003387,2023-10-05,97,75.12,0,2.4655362583802645,20,0.1577
COMP_003388,2020-10-16,68,99.7,1,2.8438629971024705,38,0.8916
COMP_003389,2020-07-29,71,79.65,1,4.2908057176130665,10,0.2319
COMP_003389,2023-01-22,67,90.92,2,5.850730648971686,42,0.6233
COMP_003390,2023-12-02,85,78.56,0,7.5226580162236845,15,0.2657
COMP_003390,2024-10-04,78,68.07,3,14.548449181366706,8,0.4461
COMP_003391,2021-01-24,54,62.85,1,1.1759167163959665,50,0.4601
COMP_003391,2021-01-01,52,42.96,2,1.852435750772785,33,0.308
COMP_003392,2024-09-20,66,84.22,2,19.200236171652882,49,0.2186
COMP_003392,2021-10-06,59,77.34,4,14.637120982499587,22,0.3512
COMP_003393,2020-08-30,96,61.95,0,6.503509768549334,32,0.617
COMP_003393,2022-11-12,94,75.03,0,7.552420077080343,7,0.5424
COMP_003393,2020-05-14,92,86.14,0,5.462290458550852,49,0.5089
COMP_003394,2020-05-17,43,46.42,4,1.1717140709118574,20,0.8697
COMP_003394,2024-08-27,45,32.19,1,11.700073899896132,29,0.8044
COMP_003395,2023-05-15,42,63.1,1,4.002693332093996,47,0.5091
COMP_003395,2024-06-01,42,62.12,2,13.085495177695766,8,0.7376
COMP_003396,2021-11-09,47,45.46,3,19.856921222258297,44,0.5195
COMP_003396,2021-09-21,49,43.71,3,6.719242089333904,41,0.2324
COMP_003397,2021-08-10,54,57.02,3,12.788191971029544,37,0.685
COMP_003397,2024-07-05,52,74.45,4,15.284646021142077,3,0.7915
COMP_003397,2023-08-06,50,41.98,1,3.0185968972454047,38,0.5849
COMP_003398,2022-04-11,75,74.95,3,2.730235242612511,6,0.7156
COMP_003399,2023-03-12,91,98.13,0,3.0096342676617933,12,0.6671
COMP_003400,2023-03-21,86,95.11,0,2.0748999635914203,39,0.758
COMP_003400,2021-08-03,89,66.58,0,12.852748941197673,17,0.3158
COMP_003400,2024-01-02,79,72.6,2,12.353648255980907,39,0.3657
COMP_003401,2024-01-31,88,72.28,0,6.286159267742282,11,0.1791
COMP_003401,2023-03-05,85,62.35,0,7.484861832968258,24,0.3431
COMP_003401,2022-12-07,88,91.18,0,9.611414183021662,24,0.1864
COMP_003402,2020-05-12,57,77.56,2,6.909318635262153,13,0.6074
COMP_003402,2024-03-25,57,71.48,2,5.038525757413731,14,0.6095
COMP_003402,2020-01-20,64,87.07,0,9.029790472520526,27,0.6558
COMP_003403,2020-01-06,90,99.91,0,7.761317096262979,48,0.3851
COMP_003404,2023-11-24,67,68.25,1,4.145083658846685,22,0.8086
COMP_003404,2020-02-11,66,87.52,3,4.690912012443697,40,0.3766
COMP_003405,2022-10-17,57,44.42,4,12.09681585952104,23,0.1912
COMP_003405,2022-11-24,54,76.15,3,14.044688905199747,43,0.3478
COMP_003406,2021-04-08,65,70.85,2,14.85383890071769,28,0.7475
COMP_003406,2022-01-30,68,62.6,3,17.93546390084519,8,0.7734
COMP_003407,2021-03-19,39,69.18,1,6.243986424344577,42,0.1051
COMP_003407,2023-12-24,38,62.87,4,5.744204530480262,25,0.7461
COMP_003408,2020-06-14,52,38.28,4,1.9127257840587681,49,0.8196
COMP_003408,2024-08-26,52,70.25,5,1.1553814686505932,49,0.7809
COMP_003408,2022-09-24,58,63.61,3,1.8974289902865047,28,0.3294
COMP_003409,2024-11-02,83,62.17,0,5.625390167381757,42,0.3133
COMP_003410,2023-05-25,48,77.24,1,8.164939349237642,8,0.8111
COMP_003411,2020-12-03,78,85.38,3,3.4859857085840296,31,0.3985
COMP_003411,2024-02-20,81,68.47,0,17.701880168791533,6,0.7342
COMP_003411,2023-03-19,81,79.15,0,11.284095958147747,48,0.7834
COMP_003412,2020-06-03,52,77.46,1,17.042690784929633,26,0.6243
COMP_003412,2024-08-04,57,40.84,5,14.675088773277004,7,0.1112
COMP_003412,2020-04-18,53,75.34,1,7.10048733282199,30,0.1215
COMP_003413,2022-08-12,89,94.21,1,2.3629743962990424,20,0.1193
COMP_003413,2021-02-22,94,76.27,2,5.74029176608171,4,0.5163
COMP_003413,2024-10-27,91,81.08,0,17.43130378749733,36,0.2238
COMP_003414,2022-06-12,76,63.11,2,2.4969370660755112,30,0.7491
COMP_003414,2020-08-08,84,74.27,0,1.1075541036234209,44,0.6265
COMP_003415,2020-01-11,79,66.75,3,16.833700466008562,24,0.4689
COMP_003416,2022-06-07,69,60.27,1,17.7534095178832,46,0.6926
COMP_003416,2021-02-15,74,97.5,3,8.962326929738992,35,0.7115
COMP_003416,2024-03-16,69,83.38,2,15.314120332923187,45,0.4816
COMP_003417,2021-05-01,75,66.46,3,3.063203210047092,42,0.8608
COMP_003417,2021-01-08,83,83.87,0,6.090492940778322,12,0.6539
COMP_003417,2022-02-19,84,77.83,0,16.19995012498807,29,0.1057
COMP_003418,2024-02-14,42,35.94,3,16.000035751714048,21,0.529
COMP_003419,2023-09-17,58,52.08,1,12.70412397140309,7,0.1474
COMP_003420,2022-01-03,96,60.47,0,6.145545466908347,45,0.7953
COMP_003421,2021-09-04,84,69.28,2,3.929034664508089,21,0.4402
COMP_003421,2023-03-31,82,64.65,2,11.141339835287518,6,0.3304
COMP_003422,2023-09-09,66,64.96,2,11.203347757637193,30,0.894
COMP_003422,2021-04-10,71,86.67,0,9.240278026835657,34,0.1531
COMP_003423,2024-05-04,58,44.52,3,18.51100434592848,6,0.5543
COMP_003423,2021-08-02,54,60.71,1,16.817000921787518,18,0.5745
COMP_003423,2022-10-28,49,66.25,5,15.182983763143017,26,0.8823
COMP_003424,2020-04-29,41,66.42,5,11.00848011568276,23,0.6118
COMP_003424,2022-09-09,44,60.46,2,11.930973798284983,47,0.4212
COMP_003425,2021-03-22,76,95.89,1,4.514202180539262,24,0.4435
COMP_003426,2021-10-27,61,63.64,3,2.8213438272842897,38,0.1487
COMP_003426,2022-03-15,61,89.39,1,2.328366237552876,49,0.1035
COMP_003426,2024-05-10,66,87.49,0,19.978175299461427,3,0.3011
COMP_003427,2021-12-13,51,42.28,4,4.207786139209267,32,0.7865
COMP_003427,2021-06-16,49,66.1,5,2.6311762723867815,20,0.2705
COMP_003428,2020-07-14,67,79.05,2,9.84642364936812,23,0.5992
COMP_003428,2021-04-11,67,88.05,3,8.278363641051232,47,0.8229
COMP_003428,2024-06-01,73,97.78,2,10.760356521602091,36,0.5882
COMP_003429,2020-12-04,58,62.71,4,7.764917981955504,50,0.4744
COMP_003429,2022-09-14,56,50.72,5,18.836473960327883,49,0.3813
COMP_003429,2024-07-25,51,30.7,5,4.233467692861534,12,0.3291
COMP_003430,2024-03-17,57,72.28,3,10.505281747006649,25,0.1276
COMP_003430,2021-07-22,51,64.84,4,3.6970178181570197,47,0.8696
COMP_003430,2020-06-24,52,79.42,4,15.506270424731117,39,0.6234
COMP_003431,2024-07-19,55,57.56,5,16.099018988369423,9,0.3623
COMP_003431,2021-01-29,51,59.51,4,19.796341044372127,43,0.2405
COMP_003432,2023-07-24,77,81.28,0,14.736326963876493,5,0.8386
COMP_003432,2024-05-18,71,64.36,0,11.095140069447725,4,0.2683
COMP_003433,2024-07-26,67,61.35,3,17.869019037037994,44,0.8939
COMP_003434,2024-05-10,46,33.51,4,7.033270600884376,13,0.1384
COMP_003434,2022-09-10,46,47.99,5,3.143607594966171,28,0.3884
COMP_003435,2024-08-21,87,67.6,0,3.4022437937566816,18,0.2327
COMP_003436,2023-06-08,61,99.92,2,7.330713492961884,49,0.7572
COMP_003436,2024-09-14,68,65.58,0,3.586853069503089,22,0.2705
COMP_003436,2024-11-27,67,64.87,0,4.28941813138228,19,0.6095
COMP_003437,2024-07-13,60,47.47,2,6.830417600644521,8,0.8712
COMP_003437,2022-08-08,64,87.58,3,6.390828915382709,22,0.562
COMP_003438,2022-02-09,48,65.28,3,18.809944427512633,37,0.6183
COMP_003439,2024-10-27,89,96.49,0,5.029141705117339,24,0.3335
COMP_003439,2020-03-15,91,89.37,2,10.38229710514525,25,0.8566
COMP_003440,2022-04-07,63,86.12,3,4.033171163741843,39,0.8259
COMP_003440,2024-07-26,64,67.6,0,9.91708205992545,38,0.2326
COMP_003441,2022-09-07,68,60.63,1,2.5463116643588872,43,0.1686
COMP_003441,2023-10-17,68,98.48,2,13.388591728360602,42,0.5806
COMP_003441,2021-10-28,68,82.1,1,12.920358216035805,20,0.5868
COMP_003442,2024-07-01,45,36.13,5,5.008449922293273,42,0.5215
COMP_003442,2022-07-24,46,70.51,2,15.937259885149416,21,0.6749
COMP_003442,2024-07-21,52,79.69,5,8.100586188906234,48,0.3959
COMP_003443,2022-03-12,47,41.02,5,1.5634493056357253,31,0.15
COMP_003444,2022-10-14,66,96.73,0,7.568151453628181,35,0.431
COMP_003445,2021-06-28,39,36.42,5,3.9338330085728024,9,0.8387
COMP_003446,2020-04-28,70,96.73,3,7.395558875226089,8,0.4638
COMP_003446,2020-02-25,71,90.46,3,2.534546845040399,47,0.2151
COMP_003446,2022-10-26,70,67.07,0,13.13067067799339,11,0.8822
COMP_003447,2022-04-14,76,92.08,1,9.735348587816526,17,0.7745
COMP_003448,2024-01-31,80,68.77,2,2.0288867911957826,7,0.6964
COMP_003449,2020-02-06,87,68.44,0,4.0932874959055106,14,0.6917
COMP_003449,2022-02-07,94,93.61,0,6.450992711270214,20,0.8726
COMP_003449,2022-06-13,87,91.11,0,2.9114389526222624,40,0.8316
COMP_003450,2022-11-26,44,70.7,4,19.343581858891408,25,0.4156
COMP_003451,2024-09-30,56,30.49,5,7.729724370963373,50,0.5498
COMP_003452,2024-08-10,69,61.69,3,15.602544716978102,23,0.3935
COMP_003452,2021-09-11,68,63.03,0,14.136415768090044,16,0.7054
COMP_003453,2024-07-03,56,37.46,4,1.0,6,0.2183
COMP_003454,2023-09-15,81,66.5,0,6.340696900502697,37,0.6443
COMP_003455,2024-02-28,94,81.67,0,2.441249281916286,40,0.1123
COMP_003455,2024-04-13,93,78.0,0,2.0097792393589358,29,0.1792
COMP_003456,2020-06-10,48,46.65,2,14.969059245159876,41,0.7384
COMP_003456,2023-06-03,38,59.12,4,2.9175663120392468,12,0.2326
COMP_003457,2021-02-05,97,70.13,0,4.686138480631007,47,0.8421
COMP_003457,2020-01-07,94,70.96,0,3.854370442879152,26,0.3368
COMP_003458,2021-10-10,64,62.79,3,9.611974790135303,12,0.4178
COMP_003458,2021-07-29,64,73.05,3,3.606522789743314,14,0.3949
COMP_003458,2023-06-05,63,85.49,1,8.24947446380515,33,0.8523
COMP_003459,2020-01-08,76,65.55,3,2.3933223088186515,9,0.1043
COMP_003459,2023-07-15,78,63.88,1,3.1327046168482697,22,0.4072
COMP_003459,2022-03-06,77,67.29,2,3.042938346951693,7,0.8315
COMP_003460,2020-07-09,72,89.7,2,17.152732135995343,21,0.4761
COMP_003460,2021-08-30,72,80.5,0,4.698186601155102,6,0.608
COMP_003460,2021-07-19,70,93.98,3,18.586413787479586,49,0.3914
COMP_003461,2023-05-21,80,98.03,1,11.720447651285687,13,0.3921
COMP_003461,2020-08-26,74,69.52,2,10.329119890553496,24,0.8375
COMP_003461,2021-08-01,78,72.46,0,11.172120623067576,19,0.7068
COMP_003462,2020-11-02,66,96.55,0,4.229854386335452,6,0.3217
COMP_003462,2023-07-04,65,86.76,1,10.472817834536217,3,0.7702
COMP_003463,2022-12-06,39,33.74,2,17.763795844372954,39,0.6618
COMP_003463,2020-02-27,36,41.38,3,6.626527688018953,24,0.8281
COMP_003463,2020-12-22,44,32.37,3,19.94108408176637,11,0.6713
COMP_003464,2021-08-05,84,60.4,0,11.907714481205751,46,0.504
COMP_003465,2020-03-20,86,98.56,0,9.77146102046037,19,0.4273
COMP_003465,2020-09-03,90,74.52,0,10.610479120368554,47,0.4724
COMP_003465,2021-05-31,90,83.47,0,11.952549137897146,21,0.2557
COMP_003466,2020-09-19,87,79.35,0,8.922356098097454,28,0.8786
COMP_003467,2022-07-01,50,60.19,1,12.02341697491254,18,0.1116
COMP_003468,2024-05-22,44,36.05,4,11.306952603705195,25,0.8785
COMP_003468,2023-12-05,50,74.94,4,9.037296658185433,17,0.1018
COMP_003468,2020-03-08,47,52.08,4,14.735381148220538,23,0.2377
COMP_003469,2021-06-26,65,72.69,1,5.193000338746671,39,0.5604
COMP_003470,2020-08-14,55,33.49,4,5.350227091419325,46,0.1795
COMP_003470,2021-04-09,54,38.28,1,6.063167308533942,14,0.5585
COMP_003470,2022-10-27,52,77.91,5,13.538248442330403,15,0.696
COMP_003471,2024-11-14,75,72.07,0,19.984509248922546,28,0.3104
COMP_003471,2024-08-21,81,70.54,0,7.908606009052402,23,0.172
COMP_003471,2022-07-11,78,96.04,1,7.799753705697228,18,0.3019
COMP_003472,2022-04-14,72,93.16,0,5.281331889021665,3,0.2762
COMP_003472,2021-01-09,68,82.55,2,3.2132089730872115,16,0.3695
COMP_003473,2024-02-09,86,96.28,0,3.4304260766265253,47,0.3865
COMP_003473,2021-09-12,91,71.25,0,8.053848138195818,42,0.5256
COMP_003473,2022-05-21,88,70.53,0,3.5782168170419033,44,0.5794
COMP_003474,2024-12-20,87,89.69,0,1.4781452796479837,27,0.3929
COMP_003474,2020-01-02,91,75.71,0,3.1298251576356986,32,0.1116
COMP_003474,2024-07-01,96,98.94,0,1.1793167154924864,14,0.21
COMP_003475,2021-04-07,53,69.18,5,1.776370887467551,4,0.5047
COMP_003476,2020-01-22,91,89.31,0,4.6814749389826,15,0.365
COMP_003476,2023-12-02,90,63.44,0,3.005980589658948,22,0.8102
COMP_003476,2021-09-25,82,89.93,0,6.40091636454353,36,0.4485
COMP_003477,2024-07-17,78,88.9,0,1.0,7,0.732
COMP_003477,2020-02-13,86,73.48,0,1.0,33,0.7503
COMP_003478,2023-06-27,62,63.08,2,6.030874502688137,35,0.6805
COMP_003479,2023-09-10,53,71.05,5,10.067550958711553,20,0.7732
COMP_003479,2020-01-22,56,66.23,2,13.380798441078642,14,0.1216
COMP_003480,2021-09-17,44,38.27,5,8.24475313220451,12,0.2344
COMP_003481,2023-04-05,51,78.45,1,6.798809482958595,37,0.2537
COMP_003481,2020-06-14,56,50.14,1,9.994033903474364,46,0.2468
COMP_003482,2022-10-17,75,68.94,1,13.599937089599761,49,0.2004
COMP_003483,2021-07-16,77,69.57,0,16.29728662059351,45,0.7546
COMP_003483,2023-08-07,70,96.61,2,8.476125377211421,24,0.4237
COMP_003484,2020-06-15,45,78.0,3,1.1028357927117982,11,0.7429
COMP_003484,2023-02-08,37,30.63,1,3.8083964876715224,24,0.4928
COMP_003485,2021-12-27,62,75.75,3,1.1299950314267768,50,0.8169
COMP_003486,2022-04-22,84,90.68,0,13.549723616364448,28,0.8373
COMP_003486,2021-02-01,74,98.72,0,17.819917916527267,16,0.6972
COMP_003487,2022-04-09,92,87.07,0,9.55515223157433,20,0.7319
COMP_003488,2020-04-09,68,77.61,1,7.290152816805628,31,0.5433
COMP_003488,2024-11-09,71,70.43,0,4.451281579031928,29,0.7271
COMP_003489,2020-03-27,78,65.09,3,8.296296688276943,6,0.7826
COMP_003490,2022-12-14,58,32.79,4,1.9030219890009195,49,0.4844
COMP_003490,2021-02-09,55,41.22,1,2.43821960664238,5,0.3409
COMP_003490,2022-01-21,55,69.68,4,2.7635769718137126,28,0.6164
COMP_003491,2023-04-10,41,72.91,3,1.160619131896905,50,0.7128
COMP_003492,2022-11-20,97,70.19,0,19.894325688864974,16,0.3664
COMP_003492,2020-11-19,90,87.58,0,4.2524398893453075,13,0.853
COMP_003492,2022-10-03,91,65.34,0,4.220112142705824,18,0.6131
COMP_003493,2020-02-10,85,95.1,0,4.556098864612558,4,0.3574
COMP_003493,2022-06-12,86,88.39,0,8.671259976237419,6,0.5982
COMP_003494,2024-02-20,69,86.99,3,1.6223096809342201,22,0.6671
COMP_003495,2023-10-03,62,96.98,3,1.2772375242119265,5,0.3116
COMP_003496,2023-05-13,48,48.98,1,17.61276096050149,41,0.4573
COMP_003496,2023-05-03,46,51.09,1,3.2403972250903554,10,0.3975
COMP_003497,2023-06-22,67,84.16,0,1.81984235296,16,0.57
COMP_003498,2024-08-22,94,82.69,0,3.609951441551044,33,0.3941
COMP_003499,2022-12-30,49,34.39,2,1.0,48,0.5704
COMP_003499,2021-09-10,51,39.51,4,1.0,19,0.5201
COMP_003500,2021-12-19,60,55.46,2,13.519092996227355,11,0.7203
COMP_003500,2021-06-26,60,35.08,4,6.768749926423747,20,0.45
COMP_003501,2022-02-04,93,61.39,0,19.1955735305133,32,0.7715
COMP_003501,2023-07-13,93,77.64,0,3.0719696749518124,32,0.2602
COMP_003501,2020-10-14,90,78.18,0,8.766914446734624,10,0.2637
COMP_003502,2021-12-13,60,46.06,3,1.5277467815908303,46,0.2545
COMP_003503,2020-10-14,60,76.98,1,15.817903844213221,15,0.5051
COMP_003504,2023-03-05,89,94.32,0,1.0526729929581187,18,0.3389
COMP_003504,2023-01-02,89,81.8,0,1.0894959104729263,46,0.7011
COMP_003504,2021-10-18,93,67.53,0,2.9508598597535287,49,0.5574
COMP_003505,2024-05-16,95,83.15,0,17.316188765531617,29,0.7787
COMP_003506,2022-05-12,83,93.76,0,2.7887752022384524,33,0.7059
COMP_003506,2021-04-26,79,93.01,1,16.419109104483383,45,0.3766
COMP_003507,2024-07-27,86,60.1,0,19.248830756702024,15,0.6923
COMP_003507,2023-03-25,90,74.07,0,3.8925317279729663,25,0.4032
COMP_003507,2021-03-30,91,74.77,0,12.338912500521829,39,0.6255
COMP_003508,2020-12-19,95,98.42,1,6.92559589737956,3,0.7799
COMP_003509,2020-11-29,91,91.07,0,17.156763447135493,13,0.6685
COMP_003509,2022-07-10,86,94.86,1,8.343827834575098,46,0.5209
COMP_003509,2022-05-07,85,74.58,1,9.225407509315986,15,0.4758
COMP_003510,2022-01-01,87,85.16,0,5.990656873166284,34,0.5959
COMP_003510,2023-04-06,88,62.14,0,1.1218384626209246,27,0.4709
COMP_003510,2023-04-13,93,77.17,0,2.622093350487266,17,0.6689
COMP_003511,2022-03-27,44,32.34,4,4.117608434590692,32,0.5225
COMP_003511,2021-09-27,49,54.07,5,1.2438513856739233,49,0.4877
COMP_003511,2022-10-30,47,36.88,1,5.9969979119186645,26,0.5691
COMP_003512,2023-05-13,41,45.41,5,10.215505522877198,22,0.846
COMP_003512,2020-10-20,38,66.21,1,17.491881134539888,34,0.5742
COMP_003513,2020-08-05,44,49.64,1,10.622539673115833,27,0.3212
COMP_003513,2021-09-28,42,50.72,3,19.90359512679998,26,0.7747
COMP_003513,2024-12-21,42,68.19,5,8.51586443775942,26,0.1635
COMP_003514,2022-12-22,62,97.04,1,19.954768050733456,45,0.4
COMP_003514,2023-12-13,54,42.4,1,3.0572633208696347,21,0.4338
COMP_003514,2021-07-08,54,49.0,2,12.46753617786853,25,0.5405
COMP_003515,2020-10-15,74,91.47,1,12.81639444996801,46,0.899
COMP_003515,2020-02-13,74,66.78,0,7.309937818660336,3,0.3005
COMP_003516,2022-09-30,65,96.77,0,9.912916992341023,39,0.7133
COMP_003517,2024-09-03,53,50.74,1,5.857382721385779,37,0.2485
COMP_003517,2021-10-12,54,68.17,3,2.2335429490327563,12,0.4862
COMP_003518,2022-05-09,44,45.63,5,4.996333960939403,18,0.6813
COMP_003518,2023-03-17,45,37.01,5,14.14605311797028,37,0.7044
COMP_003518,2022-07-29,47,47.18,3,6.171253557528461,25,0.7357
COMP_003519,2022-10-29,44,32.58,1,11.973628164225682,16,0.3314
COMP_003519,2024-08-11,45,52.63,2,12.20580793504055,18,0.5743
COMP_003519,2024-07-19,43,67.95,1,3.63758144820646,35,0.341
COMP_003520,2023-08-27,63,79.52,2,7.3938997728418245,7,0.3527
COMP_003520,2023-06-08,59,63.71,4,10.670385722705875,16,0.6877
COMP_003520,2022-09-29,58,75.25,3,6.475229794385966,32,0.3635
COMP_003521,2021-09-16,41,63.49,3,9.312053615059964,5,0.6508
COMP_003521,2020-05-31,44,78.15,5,6.851593287654184,37,0.2705
COMP_003521,2021-09-03,45,33.25,4,14.567737803579346,34,0.2263
COMP_003522,2022-07-16,96,98.82,0,8.90186392148912,24,0.4344
COMP_003522,2022-07-16,92,71.16,0,4.667687954869948,17,0.6663
COMP_003522,2022-09-14,93,93.58,0,2.6138298021204838,50,0.1814
COMP_003523,2021-08-26,47,44.41,3,9.805880777858457,48,0.8224
COMP_003523,2023-08-04,45,47.86,3,17.783926750522372,27,0.7139
COMP_003523,2020-02-05,53,65.64,3,12.298804250454689,24,0.3249
COMP_003524,2024-08-13,69,84.73,0,9.138210729501026,7,0.5063
COMP_003524,2021-07-04,70,94.07,1,3.163678131981522,26,0.7289
COMP_003525,2024-08-12,94,74.85,0,7.086402258462793,31,0.3789
COMP_003525,2023-05-18,87,75.46,0,1.7395236674028194,24,0.3119
COMP_003525,2022-10-29,96,79.22,0,5.97873652337138,36,0.777
COMP_003526,2021-06-02,67,91.12,1,10.329253201924484,30,0.8494
COMP_003527,2020-03-25,80,73.32,1,3.550382461014635,33,0.4994
COMP_003528,2020-09-03,69,94.71,1,12.88496124370393,50,0.4011
COMP_003528,2022-04-21,75,82.64,3,13.387972334948378,32,0.5206
COMP_003529,2024-11-27,82,66.04,0,11.150715170544432,33,0.5774
COMP_003529,2024-07-28,79,63.07,1,7.076162358893438,17,0.6173
COMP_003530,2024-02-08,89,88.84,0,7.388883991499503,16,0.5382
COMP_003531,2020-08-08,47,78.54,1,1.3582490271082348,22,0.7576
COMP_003531,2022-03-25,38,61.82,5,1.445544370636896,41,0.6472
COMP_003532,2024-10-19,44,52.27,2,7.162254084749657,4,0.4886
COMP_003533,2023-03-31,92,76.44,0,8.638311101860285,40,0.3289
COMP_003533,2022-01-20,91,69.8,0,11.758233565261461,19,0.8509
COMP_003534,2024-06-14,78,64.19,3,13.548939738597765,5,0.7436
COMP_003534,2022-06-14,72,83.6,2,4.91586250428831,31,0.213
COMP_003535,2024-09-12,89,65.3,0,13.559106281306459,38,0.6368
COMP_003536,2021-11-16,53,69.71,2,1.1321811389500658,36,0.6831
COMP_003536,2021-10-08,55,74.46,4,4.45413100880902,11,0.2574
COMP_003537,2021-07-20,48,57.78,3,2.787764093230142,21,0.1484
COMP_003538,2022-02-28,98,63.67,0,2.8276295091226986,48,0.1304
COMP_003538,2023-06-09,92,93.67,0,5.13920890649398,6,0.1997
COMP_003538,2023-03-19,95,76.25,1,3.9413929526192173,8,0.4325
COMP_003539,2024-05-27,93,80.06,0,5.422239690180804,17,0.2002
COMP_003539,2024-07-14,91,81.12,0,4.233940879034154,19,0.4258
COMP_003539,2024-12-06,95,65.24,0,1.234553417699685,44,0.3694
COMP_003540,2021-01-05,88,62.36,0,2.976820075593795,30,0.4127
COMP_003540,2021-12-02,89,74.16,1,3.3606990492419495,49,0.3473
COMP_003541,2024-05-30,89,81.89,0,1.0779951609987706,49,0.5113
COMP_003541,2022-06-23,92,70.62,0,1.88149294265944,30,0.2869
COMP_003542,2024-10-12,55,77.46,3,7.382236179246829,3,0.854
COMP_003543,2024-01-11,52,47.44,1,1.5904794600275678,44,0.5802
COMP_003543,2024-03-01,51,49.18,2,1.1894840461546008,34,0.8485
COMP_003544,2023-02-14,74,69.79,0,2.41161103387247,29,0.1856
COMP_003544,2020-10-21,74,97.26,1,1.1729383278101453,21,0.6684
COMP_003544,2022-05-01,79,87.01,1,2.0795929847756742,32,0.3207
COMP_003545,2023-01-15,68,86.3,3,5.030271660882057,31,0.2516
COMP_003545,2020-12-02,63,94.93,0,3.6411732705233657,44,0.7231
COMP_003545,2023-08-20,68,76.69,3,6.6339592803724425,5,0.3234
COMP_003546,2024-06-13,48,61.6,1,4.644804718745792,20,0.879
COMP_003546,2021-11-13,44,44.56,2,4.253400255596528,49,0.8926
COMP_003546,2020-09-30,47,56.8,3,3.5037311639942983,33,0.2625
COMP_003547,2022-06-28,69,71.8,1,11.59771332566508,22,0.1403
COMP_003547,2024-12-06,76,81.71,2,5.79960095937134,21,0.4894
COMP_003548,2024-10-12,62,66.69,3,5.176956835177042,8,0.7147
COMP_003548,2023-04-02,66,83.81,1,15.619523470853197,4,0.6692
COMP_003548,2020-06-26,61,63.64,3,17.2204708261126,32,0.1153
COMP_003549,2021-09-08,88,96.56,0,4.47465152793657,7,0.5147
COMP_003550,2024-03-10,60,46.41,3,16.461605921464365,35,0.6362
COMP_003551,2024-12-18,69,93.75,0,8.73081971364055,44,0.7629
COMP_003551,2020-01-17,71,62.96,2,8.985384761087957,16,0.4878
COMP_003551,2021-10-08,70,88.98,1,16.820667882584345,28,0.4743
COMP_003552,2020-01-27,58,67.26,3,16.573776013781178,48,0.49
COMP_003552,2021-07-16,63,94.04,0,3.8013142715083075,22,0.3724
COMP_003552,2023-04-21,62,60.6,2,16.98134637319143,23,0.7151
COMP_003553,2024-01-03,84,85.38,0,13.750290246972282,12,0.7576
COMP_003553,2022-06-26,93,90.6,0,5.214075023330722,42,0.7127
COMP_003554,2024-12-31,48,73.79,1,10.806425402239874,17,0.3991
COMP_003554,2021-03-04,49,36.31,5,15.836097331914516,5,0.4997
COMP_003555,2024-03-08,78,65.18,1,13.324243098381888,26,0.7598
COMP_003555,2021-03-18,81,79.5,0,3.324477619474068,46,0.6036
COMP_003555,2022-02-23,82,81.84,0,17.5322807674709,14,0.5962
COMP_003556,2021-03-29,41,72.13,3,14.345082934692067,27,0.3314
COMP_003557,2024-10-24,87,60.19,0,2.6962041642727472,13,0.6323
COMP_003557,2023-06-23,84,65.48,0,2.6405971837922655,25,0.276
COMP_003557,2022-05-30,90,94.25,2,2.629130696796058,8,0.1558
COMP_003558,2024-09-24,88,63.08,1,8.10635369284734,16,0.172
COMP_003559,2024-08-12,50,70.0,1,7.077954592321838,42,0.771
COMP_003559,2022-05-15,48,42.26,5,6.151435263575889,5,0.1411
COMP_003560,2023-05-22,97,64.43,0,19.6128667168868,37,0.2956
COMP_003561,2024-01-30,53,50.14,4,2.681661222493362,24,0.8711
COMP_003562,2022-06-21,79,63.38,3,11.988279888451853,47,0.2032
COMP_003562,2021-08-21,78,77.46,0,12.21764322798634,17,0.1188
COMP_003562,2023-01-16,75,99.51,2,19.530394571162287,17,0.162
COMP_003563,2024-10-19,38,48.25,2,6.1815804591972885,15,0.7892
COMP_003564,2023-08-30,55,65.8,1,10.532605550818587,17,0.1517
COMP_003564,2022-02-12,52,63.79,1,10.20195384378083,41,0.4072
COMP_003564,2023-10-13,57,54.46,2,8.180842321303317,7,0.1685
COMP_003565,2024-07-30,66,65.67,2,10.995037355967382,17,0.231
COMP_003566,2023-06-17,71,68.26,2,13.994190881361185,26,0.5907
COMP_003567,2024-02-04,78,63.61,2,2.7805053890007985,45,0.6843
COMP_003568,2022-04-04,63,68.95,0,10.5185853764196,35,0.1323
COMP_003568,2021-06-26,65,79.12,1,5.445249505228827,12,0.7677
COMP_003569,2023-12-27,43,31.38,2,13.888032629563106,27,0.8664
COMP_003569,2021-04-18,39,31.14,4,13.17492748542182,40,0.8574
COMP_003570,2022-04-30,75,74.62,3,3.751346544526495,5,0.5036
COMP_003570,2023-11-13,68,66.23,2,5.778023381746582,26,0.4754
COMP_003570,2021-05-05,67,73.72,0,2.9741577675611923,33,0.1419
COMP_003571,2022-10-13,48,60.15,3,17.348155906737897,15,0.179
COMP_003571,2022-01-20,49,79.29,3,13.156817940752546,4,0.6837
COMP_003571,2022-11-26,54,33.44,1,13.682590781751014,14,0.545
COMP_003572,2023-02-12,53,57.47,2,15.868431892533541,38,0.3035
COMP_003573,2023-02-14,66,76.01,2,15.506658384128873,18,0.4075
COMP_003573,2021-03-30,65,88.0,3,12.521201419625584,42,0.5742
COMP_003573,2023-10-17,67,99.07,1,1.8881013983117334,48,0.1711
COMP_003574,2021-05-12,44,45.82,1,13.696361269860493,10,0.2007
COMP_003575,2024-03-17,96,85.03,0,11.19749668003805,22,0.5193
COMP_003576,2021-09-07,82,67.99,0,9.166580801622905,32,0.1985
COMP_003577,2023-07-21,74,65.88,1,15.818153702942617,44,0.3789
COMP_003577,2024-11-01,74,61.19,2,12.992501032102068,49,0.2929
COMP_003578,2022-05-13,49,47.84,3,10.742137004251502,44,0.3811
COMP_003579,2024-11-16,59,74.65,2,7.640324005809398,4,0.2596
COMP_003579,2023-03-02,60,61.42,4,1.564463897019769,4,0.2489
COMP_003579,2021-02-02,66,88.24,3,4.436992763703992,36,0.2259
COMP_003580,2020-09-14,71,80.56,0,2.3516428160304796,43,0.5992
COMP_003581,2023-07-04,91,80.2,0,1.7410824355287176,7,0.5172
COMP_003581,2022-01-22,90,73.03,0,1.0331808115480228,15,0.2599
COMP_003581,2024-12-01,94,96.75,0,1.7858440659087758,43,0.2977
COMP_003582,2020-01-22,88,76.29,0,15.429053340693391,35,0.4446
COMP_003583,2023-01-19,80,83.37,2,7.351123531042447,14,0.3109
COMP_003583,2022-01-13,82,84.35,1,4.670920603708497,49,0.1799
COMP_003583,2021-08-07,82,97.36,0,18.397913668170766,3,0.2672
COMP_003584,2020-11-04,51,61.47,5,8.268140066485305,41,0.6789
COMP_003584,2024-10-12,51,41.03,4,3.910820105605204,40,0.8713
COMP_003585,2021-01-20,48,68.24,3,18.238455231622765,7,0.5752
COMP_003586,2024-09-26,50,65.27,2,17.341947972721076,34,0.4214
COMP_003586,2020-08-01,49,34.26,4,2.4876054319375647,21,0.3484
COMP_003586,2020-11-18,47,41.03,3,16.644330673908076,30,0.3984
COMP_003587,2024-07-12,60,61.59,4,2.8275066450985675,34,0.4545
COMP_003587,2021-04-27,57,36.09,3,1.3106160073686992,49,0.2771
COMP_003588,2024-10-21,45,68.52,4,17.255382748960454,26,0.2052
COMP_003589,2023-12-01,80,86.75,0,7.351155644442772,42,0.472
COMP_003589,2020-08-22,76,78.75,2,2.5063337771343788,18,0.7979
COMP_003590,2022-09-01,70,62.82,2,3.4212788951037565,44,0.159
COMP_003590,2022-07-05,71,77.11,1,2.959637848020201,36,0.3118
COMP_003590,2020-06-20,70,61.05,0,2.3150537996275955,33,0.5966
COMP_003591,2020-08-22,51,50.55,3,2.452445026897465,8,0.5419
COMP_003591,2022-01-06,46,34.97,5,11.487938130467946,13,0.1985
COMP_003592,2021-10-22,52,41.22,2,16.920773239693887,40,0.4886
COMP_003593,2020-08-11,61,90.32,3,18.294424094804064,27,0.5101
COMP_003593,2024-04-10,59,34.51,1,7.747184189500117,36,0.8641
COMP_003593,2020-03-19,57,39.09,4,15.882528132233437,48,0.5351
COMP_003594,2022-06-04,54,45.12,1,1.0,35,0.4094
COMP_003595,2021-02-19,46,32.46,5,9.381428463518855,8,0.1929
COMP_003595,2021-12-10,47,76.56,4,17.00603691556873,41,0.6496
COMP_003596,2021-02-01,94,84.0,0,11.095834393041914,50,0.6572
COMP_003597,2020-05-02,48,36.0,2,6.700852923613446,42,0.6312
COMP_003597,2023-10-05,41,52.11,2,15.940516051245478,37,0.6943
COMP_003598,2023-03-30,43,42.48,5,1.7445621295767446,6,0.6308
COMP_003599,2020-02-28,55,42.44,2,6.694823725593248,47,0.104
COMP_003599,2024-01-09,58,66.99,4,2.942906701346561,24,0.2102
COMP_003600,2021-03-14,60,79.4,1,7.577415149107751,45,0.8625
COMP_003600,2020-12-28,59,33.45,1,12.685893533029876,45,0.7704
COMP_003601,2020-02-20,53,54.69,4,10.2679673502212,24,0.6309
COMP_003601,2024-12-21,50,45.02,2,6.636854236816074,15,0.8207
COMP_003601,2020-10-22,53,44.96,5,7.536957364899831,41,0.6595
COMP_003602,2021-12-21,55,70.26,5,5.934798904781048,8,0.2003
COMP_003603,2020-05-27,55,65.59,3,1.9695515888824588,45,0.5138
COMP_003604,2024-06-23,48,57.69,4,16.413991716558957,4,0.5409
COMP_003604,2020-07-27,51,52.74,2,16.42505957752624,46,0.5759
COMP_003604,2023-10-23,43,49.86,2,8.628305149477583,40,0.4482
COMP_003605,2022-10-02,96,99.15,0,3.5703006435948828,19,0.8408
COMP_003605,2023-08-04,98,75.31,0,7.8808596249182346,39,0.5923
COMP_003606,2020-08-04,94,60.6,0,12.14724402468737,25,0.2744
COMP_003606,2020-04-01,93,66.73,0,16.023726447743112,24,0.1085
COMP_003607,2024-11-19,60,77.83,5,18.514386431680315,35,0.2015
COMP_003607,2020-06-10,61,96.5,2,14.13316638643101,26,0.3676
COMP_003608,2021-05-21,58,38.6,5,14.829780387249912,6,0.7911
COMP_003608,2020-08-06,60,30.29,1,10.816407972002796,40,0.3869
COMP_003608,2021-04-03,53,60.15,1,12.992733599443858,21,0.82
COMP_003609,2023-06-06,63,65.71,1,1.6019798761128285,39,0.8105
COMP_003609,2024-01-07,73,96.05,3,2.6456631906637345,11,0.5669
COMP_003610,2021-06-28,73,98.22,1,7.012388970418788,15,0.7086
COMP_003610,2020-08-19,68,92.29,2,9.055894940375973,48,0.7469
COMP_003611,2020-07-15,64,69.11,3,7.8051327140989555,13,0.2356
COMP_003611,2021-08-15,60,41.65,2,4.473190409960193,47,0.6333
COMP_003612,2023-06-06,64,95.98,1,7.490855489768117,10,0.2572
COMP_003612,2024-12-12,63,65.41,1,17.067439566063033,30,0.6657
COMP_003612,2024-07-11,66,87.95,3,11.1492389645043,47,0.6567
COMP_003613,2021-06-03,90,64.06,2,8.58703366530699,49,0.1084
COMP_003614,2021-07-15,90,74.39,0,5.623100242475172,40,0.8594
COMP_003615,2022-11-27,52,71.28,3,8.787938978505004,11,0.2486
COMP_003615,2021-01-16,55,67.92,3,15.77599640289845,6,0.3608
COMP_003615,2020-11-14,57,57.1,2,19.18584750388907,38,0.2907
COMP_003616,2022-03-14,66,87.13,3,2.0515189703477112,3,0.6059
COMP_003616,2021-12-13,73,81.02,0,2.010774246466141,39,0.2102
COMP_003616,2024-11-10,64,76.29,2,1.9889867504758114,24,0.831
COMP_003617,2020-10-25,51,73.77,1,8.477958031064137,34,0.3997
COMP_003617,2021-02-11,56,43.41,2,9.78842366873967,27,0.3185
COMP_003618,2023-10-27,89,67.79,0,5.929342762810525,26,0.3535
COMP_003618,2022-03-25,99,90.06,2,3.9722407368483768,50,0.6518
COMP_003618,2021-02-11,89,93.55,0,1.3570722664020383,21,0.584
COMP_003619,2023-01-02,52,70.23,3,9.827278009023235,49,0.8098
COMP_003619,2021-06-12,58,64.02,1,7.930433274315375,48,0.2929
COMP_003620,2020-08-14,92,98.07,0,3.660618574921638,35,0.2791
COMP_003620,2023-04-05,90,84.25,0,1.2001611157066838,20,0.5364
COMP_003621,2021-09-12,81,71.14,0,1.0,11,0.5071
COMP_003622,2024-12-14,78,62.21,3,13.701802110947918,28,0.2286
COMP_003622,2023-06-27,68,89.81,0,4.792873724062724,12,0.1275
COMP_003623,2023-04-20,89,70.24,0,14.049213335738225,21,0.473
COMP_003623,2021-01-20,89,92.78,2,2.7798179634713542,36,0.6908
COMP_003623,2021-03-10,84,60.89,0,8.332363172824596,43,0.4777
COMP_003624,2022-05-27,93,70.26,0,11.173732019843438,17,0.6072
COMP_003625,2023-06-28,78,97.48,2,1.8570042433947207,36,0.605
COMP_003625,2021-09-07,86,81.49,0,2.670968836294004,33,0.2613
COMP_003626,2024-04-01,53,49.92,2,19.450192871786335,48,0.8798
COMP_003626,2022-06-17,53,35.22,5,11.11571944077462,33,0.1342
COMP_003627,2020-08-30,76,81.15,3,1.049899270926258,46,0.3208
COMP_003627,2023-05-15,71,76.18,3,8.260733022964164,8,0.3626
COMP_003627,2022-11-28,78,82.3,2,7.059119537759566,21,0.432
COMP_003628,2021-02-14,82,93.96,0,7.878657728475203,29,0.2228
COMP_003628,2024-02-14,85,72.87,0,9.983230852291548,39,0.3635
COMP_003628,2022-11-06,82,95.66,0,9.852766931103096,4,0.6142
COMP_003629,2020-05-31,85,66.97,0,8.660241259015713,21,0.4176
COMP_003630,2022-10-30,90,64.23,1,6.5805323145132295,25,0.301
COMP_003630,2023-12-01,89,64.73,0,5.7586073351569596,19,0.8258
COMP_003631,2023-05-08,72,97.74,0,1.513100307028369,42,0.7737
COMP_003631,2024-12-17,72,84.74,3,11.50935578443011,7,0.195
COMP_003632,2023-03-12,53,67.68,2,2.509305093100023,22,0.8612
COMP_003632,2021-09-25,45,48.26,3,2.934936812510192,16,0.453
COMP_003633,2020-10-09,60,50.55,4,11.127717867608716,36,0.531
COMP_003633,2022-03-15,60,60.89,3,11.337578404613577,28,0.7053
COMP_003634,2023-05-19,48,78.43,5,1.9491790359241268,40,0.657
COMP_003635,2020-01-21,54,64.69,3,3.2835626125931228,11,0.1503
COMP_003636,2022-03-29,81,76.9,0,2.047661092784056,38,0.6168
COMP_003636,2021-07-29,78,61.51,0,4.979796926505233,42,0.3074
COMP_003637,2024-06-20,45,34.33,1,19.428207474367166,47,0.189
COMP_003637,2021-07-06,42,38.93,4,16.634456560962267,46,0.4776
COMP_003638,2022-07-09,89,90.2,0,6.772047231543253,42,0.4145
COMP_003639,2024-04-13,89,97.61,0,7.890585917005278,5,0.2253
COMP_003639,2020-02-08,84,97.51,0,11.011426277320506,48,0.7395
COMP_003640,2022-11-13,50,71.5,4,3.6758442362664896,34,0.5586
COMP_003641,2021-10-06,48,67.56,2,4.288573836385,50,0.8935
COMP_003641,2020-10-21,41,39.06,4,4.510667183467854,20,0.3425
COMP_003642,2024-01-17,62,91.21,2,19.35919521158939,46,0.1649
COMP_003642,2023-06-21,62,76.42,3,10.281118681099851,26,0.3309
COMP_003643,2024-11-07,78,70.68,0,4.61755579193008,45,0.4478
COMP_003643,2021-07-02,73,81.24,3,3.351180574384174,41,0.8294
COMP_003643,2023-07-11,70,66.28,1,1.6369064615813804,30,0.6316
COMP_003644,2024-09-05,71,69.53,0,15.220059157470772,4,0.4851
COMP_003644,2022-11-06,69,92.73,2,16.698822131560313,7,0.6879
COMP_003645,2023-10-30,73,97.69,3,2.274639909095627,33,0.5212
COMP_003646,2021-10-10,50,65.46,5,2.610517619911738,50,0.3275
COMP_003646,2020-12-29,53,42.72,5,16.924641144928827,13,0.5466
COMP_003646,2020-06-11,45,30.38,5,6.921209427432062,47,0.1328
COMP_003647,2020-06-26,56,50.44,1,10.695229659129998,47,0.4776
COMP_003648,2021-10-19,44,56.53,5,2.2025151214328442,21,0.876
COMP_003648,2020-10-02,50,43.55,2,1.287576394762501,28,0.6498
COMP_003648,2023-02-24,45,51.74,1,1.8843310039500643,18,0.8183
COMP_003649,2023-11-15,84,72.42,0,9.094719856722568,6,0.8769
COMP_003649,2024-01-07,84,64.89,0,16.460222907375446,40,0.2665
COMP_003650,2023-09-25,86,73.33,0,4.245672101636497,4,0.2219
COMP_003650,2024-10-12,83,97.7,0,3.2202305333307533,33,0.366
COMP_003651,2024-03-18,56,49.1,1,18.799234137247254,18,0.4435
COMP_003652,2021-06-04,49,47.67,4,1.0134802714562425,16,0.6643
COMP_003652,2022-08-08,56,76.69,1,3.7140734049793056,49,0.2937
COMP_003652,2020-05-04,54,40.78,3,1.8741092446163612,28,0.6278
COMP_003653,2021-12-12,90,88.12,0,1.8608040188834556,4,0.8204
COMP_003653,2024-09-14,98,96.93,0,3.105639013678224,45,0.5998
COMP_003654,2024-10-20,91,82.56,0,19.170004794842832,43,0.3379
COMP_003655,2024-05-30,75,83.92,0,9.325299340739772,36,0.6828
COMP_003655,2021-12-02,65,66.47,2,14.356127766659464,24,0.5849
COMP_003656,2024-09-02,42,65.71,4,9.341324291025932,48,0.4815
COMP_003656,2024-09-25,46,50.81,3,19.237116179175008,38,0.7333
COMP_003656,2020-11-30,45,57.32,5,11.279412656310214,9,0.4731
COMP_003657,2022-10-28,92,73.76,0,4.971894168756404,34,0.3928
COMP_003657,2021-05-11,85,67.57,0,6.901369841891362,24,0.2758
COMP_003658,2021-09-30,53,58.73,3,17.827113181137147,20,0.6874
COMP_003659,2023-06-15,80,83.26,1,8.53826441053934,30,0.8463
COMP_003659,2020-11-20,86,93.13,0,2.7168695980207396,10,0.1658
COMP_003660,2022-12-30,75,75.18,3,12.400646446385942,17,0.7062
COMP_003660,2021-09-09,79,97.75,1,4.563293495659044,12,0.7809
COMP_003661,2021-11-08,55,40.86,5,18.25763302448906,14,0.431
COMP_003662,2024-04-10,67,68.18,1,9.989224050219708,49,0.6112
COMP_003663,2022-11-02,80,79.02,3,9.992643287699735,26,0.6718
COMP_003664,2022-04-27,35,76.42,3,6.584590393005036,31,0.4609
COMP_003664,2021-08-27,41,73.51,4,10.846037464811248,28,0.198
COMP_003664,2021-12-19,45,70.7,4,6.107783862000888,9,0.3145
COMP_003665,2022-10-20,38,64.75,5,5.875552562939015,9,0.2853
COMP_003665,2022-04-18,45,37.62,5,3.063220355360542,43,0.3408
COMP_003666,2023-01-10,73,91.21,2,19.925254502355674,15,0.2902
COMP_003666,2022-11-02,67,84.32,3,18.988413363849503,11,0.5918
COMP_003666,2020-11-20,67,68.97,3,4.28009894798858,15,0.3421
COMP_003667,2020-03-28,51,39.16,2,2.235657870173786,39,0.7498
COMP_003668,2022-12-20,75,92.83,0,17.22899544287548,43,0.4945
COMP_003669,2021-06-14,58,30.24,1,4.262529146475115,15,0.1924
COMP_003669,2024-02-25,53,78.01,5,2.2222223572045947,4,0.1298
COMP_003669,2021-08-03,62,88.38,2,2.416791548592502,12,0.8438
COMP_003670,2022-09-07,63,64.26,0,12.98912725837575,30,0.104
COMP_003670,2020-08-05,67,63.08,2,11.41150897823117,50,0.2465
COMP_003671,2023-01-17,87,64.84,0,2.6595697790454937,17,0.1623
COMP_003671,2023-10-19,93,93.5,0,2.4476535142619253,44,0.3987
COMP_003672,2023-07-28,41,45.68,2,2.931025611255394,35,0.6818
COMP_003672,2024-01-27,38,73.65,1,3.389079144246121,25,0.144
COMP_003672,2024-06-21,42,78.01,5,5.072981066520525,19,0.2047
COMP_003673,2024-01-31,61,76.02,0,2.9488326533774742,19,0.6939
COMP_003673,2020-05-05,59,76.5,5,5.025676160709214,43,0.637
COMP_003673,2024-05-31,64,77.16,0,16.648031794802662,21,0.4569
COMP_003674,2020-07-27,60,79.48,5,9.31955231142936,34,0.2911
COMP_003674,2024-07-13,69,82.19,2,2.0829292696570434,31,0.2806
COMP_003674,2021-01-21,65,96.31,1,13.407050812459119,46,0.716
COMP_003675,2022-08-09,49,79.77,3,3.3655606782287384,12,0.6688
COMP_003676,2022-11-19,81,66.12,0,1.9920689798411273,19,0.1723
COMP_003677,2023-08-19,80,83.25,1,15.352716428480413,37,0.5019
COMP_003677,2022-02-15,83,69.03,0,6.161436449739867,19,0.3322
COMP_003677,2020-05-18,81,76.91,0,19.419531272742834,38,0.8112
COMP_003678,2021-06-09,46,32.07,4,3.6753218336013953,33,0.3651
COMP_003678,2020-09-23,46,70.09,1,19.638300761130207,43,0.7048
COMP_003678,2021-11-17,46,44.61,2,17.737696506134103,48,0.4393
COMP_003679,2020-01-10,57,65.84,3,18.672585850104053,32,0.4851
COMP_003679,2021-08-22,61,71.41,2,12.076485371600745,23,0.1006
COMP_003680,2024-09-13,67,84.53,0,6.539236907981021,19,0.2659
COMP_003680,2023-08-17,67,97.37,2,2.1427085410487114,41,0.8113
COMP_003680,2020-03-22,67,76.84,0,3.4028059263640165,21,0.4291
COMP_003681,2023-10-11,79,82.53,2,3.6206056802669577,39,0.2975
COMP_003681,2023-04-15,84,62.23,1,2.593753940278865,20,0.7463
COMP_003681,2020-08-19,75,79.56,1,5.210822263939057,44,0.8701
COMP_003682,2020-07-22,68,75.26,0,1.8131414594443465,3,0.1397
COMP_003682,2020-07-01,71,63.81,0,1.44203161261879,30,0.3786
COMP_003682,2024-10-24,67,96.41,0,3.5559239144837194,36,0.5853
COMP_003683,2021-07-28,88,68.61,0,12.513511891249879,13,0.7142
COMP_003683,2021-05-04,93,70.39,0,19.679192825915514,15,0.8014
COMP_003683,2024-06-02,93,96.19,0,11.132830733387497,3,0.8875
COMP_003684,2020-04-30,90,92.01,1,9.794898361016148,43,0.2554
COMP_003684,2024-11-13,86,84.18,0,12.64482110537028,17,0.2208
COMP_003685,2021-09-06,73,72.62,1,7.557474254675359,38,0.5728
COMP_003685,2022-09-04,81,67.5,0,5.0922759360971375,27,0.7703
COMP_003686,2020-06-01,73,60.5,1,2.1220293460702444,36,0.102
COMP_003686,2023-07-19,77,60.06,0,9.651957739427852,46,0.5191
COMP_003686,2020-06-19,77,72.03,3,7.185606846910765,20,0.4753
COMP_003687,2021-04-01,64,98.82,1,1.1141866210581557,16,0.8074
COMP_003688,2023-12-31,79,66.53,0,17.03013925466083,16,0.1597
COMP_003689,2020-09-01,56,69.75,4,8.183406909453996,26,0.8233
COMP_003689,2024-09-24,54,68.81,3,4.6169762491222865,33,0.309
COMP_003690,2023-09-26,84,82.86,0,12.694381952355977,11,0.4348
COMP_003690,2021-10-07,84,67.94,0,13.33852716391083,23,0.8712
COMP_003691,2024-06-15,73,85.5,0,6.11384747558097,18,0.4548
COMP_003691,2024-03-07,69,92.18,1,3.149895813263094,28,0.5069
COMP_003691,2023-01-10,79,95.49,2,11.570486314392443,44,0.5533
COMP_003692,2021-07-08,53,51.46,4,16.169121251622734,15,0.8464
COMP_003692,2023-05-18,62,60.01,0,18.261366148327276,3,0.4301
COMP_003692,2023-02-10,63,69.43,3,9.74501093036208,17,0.5324
COMP_003693,2021-11-09,67,80.87,2,10.39393343290268,40,0.7439
COMP_003693,2022-01-01,73,70.06,1,15.547584096355216,31,0.6503
COMP_003693,2023-10-08,71,85.66,1,18.113029321804024,47,0.453
COMP_003694,2023-05-14,60,49.76,1,10.987721417790404,48,0.3743
COMP_003694,2021-07-17,60,37.23,2,11.38759312569025,34,0.2311
COMP_003695,2023-08-20,49,57.84,1,2.0314975887525653,20,0.5921
COMP_003695,2021-06-25,46,51.37,5,4.028873658288077,39,0.8364
COMP_003695,2023-11-01,44,35.16,1,8.383470089473315,35,0.874
COMP_003696,2020-01-01,39,75.18,1,1.517676298996081,4,0.2077
COMP_003697,2022-07-09,91,98.04,0,9.340374581225666,13,0.4408
COMP_003697,2021-09-03,95,82.47,0,7.622813768985438,50,0.7786
COMP_003698,2024-06-15,73,66.38,3,4.196682071009265,26,0.6546
COMP_003698,2023-08-08,69,75.54,1,17.532261761715297,9,0.2818
COMP_003698,2024-02-15,73,99.09,3,19.94493710592199,40,0.3311
COMP_003699,2024-04-25,83,80.84,0,12.55292359147973,39,0.4623
COMP_003700,2023-04-04,49,61.23,5,3.875330662287008,9,0.3825
COMP_003700,2022-11-17,42,71.33,3,5.741452664842827,37,0.8895
COMP_003700,2024-03-05,43,70.59,3,10.50031368622603,50,0.8971
COMP_003701,2020-02-13,55,54.37,4,10.127728635200585,7,0.1706
COMP_003702,2020-07-24,68,92.63,3,9.556917571733544,37,0.7317
COMP_003702,2024-07-30,68,98.76,0,11.661382348352168,19,0.3971
COMP_003702,2024-05-27,74,79.49,1,14.986438071413737,18,0.6382
COMP_003703,2024-08-31,60,43.68,4,17.036073218455567,3,0.1085
COMP_003704,2023-01-01,80,99.62,0,19.436939292392115,43,0.7933
COMP_003704,2021-09-23,83,60.3,0,10.99945520482115,44,0.1049
COMP_003704,2024-11-14,77,73.39,1,19.929217153653457,18,0.7912
COMP_003705,2024-02-22,52,47.56,5,4.668961981581663,22,0.808
COMP_003706,2022-04-08,92,71.26,0,1.4550002398939372,43,0.1145
COMP_003706,2022-03-31,89,67.84,0,3.053674792548908,50,0.8326
COMP_003706,2024-11-21,94,87.83,0,1.7733278484076913,16,0.8524
COMP_003707,2021-11-28,51,44.64,1,6.173810748324279,20,0.2874
COMP_003707,2022-06-21,54,33.58,2,12.48200849732082,33,0.6389
COMP_003708,2024-06-18,50,60.5,3,1.3771365605657246,49,0.1594
COMP_003709,2020-03-14,87,83.4,0,8.306922427435904,10,0.8773
COMP_003709,2021-06-29,86,60.92,1,11.401066580398755,7,0.3878
COMP_003709,2023-03-26,84,92.92,0,5.593189640486969,48,0.2357
COMP_003710,2021-05-17,65,92.61,1,4.773345582006187,41,0.277
COMP_003711,2023-01-26,54,59.63,1,2.2447360633282267,22,0.4603
COMP_003712,2024-07-04,46,49.6,1,5.978407207647639,22,0.3615
COMP_003712,2022-07-04,44,72.4,4,5.47428108812049,27,0.6559
COMP_003713,2022-10-21,41,57.82,2,1.9052008005202565,35,0.2423
COMP_003714,2020-12-12,69,62.18,3,9.851335839486937,45,0.139
COMP_003714,2023-12-29,62,86.48,3,8.597722601116054,50,0.8484
COMP_003715,2021-10-03,98,77.72,0,5.562319876241704,25,0.2187
COMP_003715,2021-12-04,95,84.91,0,15.653470452546866,48,0.4357
COMP_003716,2020-10-13,67,68.48,2,15.837804361294737,11,0.2481
COMP_003716,2023-10-14,67,91.07,3,16.412030484904783,11,0.5705
COMP_003716,2021-05-22,69,84.54,0,4.756451951860415,11,0.6638
COMP_003717,2024-06-21,67,86.44,1,17.019649341836168,19,0.628
COMP_003717,2022-08-03,66,90.46,1,2.2247295409428025,12,0.7154
COMP_003717,2023-10-25,62,80.72,0,11.76256933587533,26,0.86
COMP_003718,2024-12-22,49,77.0,2,10.372076301777254,41,0.1592
COMP_003718,2021-02-13,50,41.81,2,6.167288258270998,20,0.6398
COMP_003719,2020-11-20,58,56.34,5,10.66841198226197,8,0.7054
COMP_003719,2022-07-13,53,71.42,1,16.875864836068562,29,0.6813
COMP_003719,2022-01-14,62,63.54,1,2.5849480321914577,29,0.5304
COMP_003720,2023-04-29,45,31.87,4,10.822200596236613,45,0.2026
COMP_003720,2024-01-16,46,65.52,5,6.785047022499109,36,0.4993
COMP_003721,2020-01-29,51,36.23,3,16.40746845974632,11,0.6991
COMP_003722,2023-07-01,92,63.29,0,8.853806921762871,19,0.7341
COMP_003722,2023-09-09,91,70.49,0,18.580042955796845,33,0.7479
COMP_003722,2021-05-17,86,97.8,0,2.361486091356583,39,0.5835
COMP_003723,2020-05-26,57,77.78,5,10.657869679899823,14,0.5009
COMP_003723,2022-04-29,58,49.7,4,1.1580753279466725,28,0.8001
COMP_003724,2023-12-26,85,88.04,0,3.3849162323753195,30,0.2547
COMP_003724,2021-10-18,78,63.28,1,9.878107840842773,30,0.1162
COMP_003724,2022-10-22,79,78.24,2,16.892260119640703,39,0.467
COMP_003725,2024-09-19,73,75.72,2,7.788938772743007,22,0.5578
COMP_003725,2022-06-30,77,85.59,0,8.364328439648505,12,0.4199
COMP_003725,2022-10-25,69,61.79,0,3.696399103275963,25,0.7659
COMP_003726,2024-07-29,38,33.32,5,10.277990991288307,33,0.6487
COMP_003727,2021-11-18,58,36.18,4,11.680927538056324,24,0.7299
COMP_003727,2020-04-11,62,99.88,0,12.7793135137059,38,0.7613
COMP_003727,2024-04-06,56,71.67,1,19.768401542802224,17,0.7451
COMP_003728,2021-02-27,73,81.57,2,1.6529794520488161,16,0.3572
COMP_003728,2022-12-25,69,62.61,3,5.058571213128303,24,0.2445
COMP_003729,2024-02-04,94,94.18,0,1.0,7,0.2282
COMP_003730,2024-11-02,80,88.93,1,1.69254834326077,15,0.3259
COMP_003730,2021-02-10,84,94.68,0,18.43859086164586,24,0.5903
COMP_003731,2024-11-04,87,88.85,0,7.337979956042404,33,0.854
COMP_003731,2023-12-25,94,85.96,1,2.315667873379763,45,0.412
COMP_003732,2021-05-20,58,59.67,2,10.944701609284087,17,0.1239
COMP_003733,2022-06-16,72,74.51,3,6.413793311985686,33,0.5982
COMP_003733,2023-03-24,81,67.44,0,5.774512616199164,3,0.2685
COMP_003733,2021-11-02,78,70.19,2,6.9657396543554615,41,0.1714
COMP_003734,2020-03-09,49,73.54,1,17.42298231867852,29,0.6552
COMP_003734,2024-02-16,49,53.23,2,15.681032825309597,10,0.5998
COMP_003735,2020-02-04,45,52.39,1,1.5416711027263441,24,0.8014
COMP_003735,2023-11-14,44,45.96,5,17.748623766887004,49,0.6844
COMP_003735,2022-01-13,44,32.88,5,19.216514210498026,34,0.6168
COMP_003736,2020-03-28,49,32.89,5,13.59358673787291,21,0.853
COMP_003736,2024-12-06,51,34.5,5,1.7116476306451949,6,0.5207
COMP_003736,2021-06-02,49,63.83,3,14.342160849519143,50,0.5225
COMP_003737,2023-06-27,77,64.98,2,6.067959025317624,15,0.4149
COMP_003737,2023-05-01,69,88.5,2,10.760415606270916,3,0.2713
COMP_003738,2022-07-14,97,83.35,0,2.7221754839207657,13,0.6538
COMP_003738,2020-05-21,98,73.61,0,9.99424700263349,21,0.2049
COMP_003738,2022-12-26,99,91.97,0,16.563618484930544,35,0.3932
COMP_003739,2022-10-27,60,31.47,2,1.0,49,0.6997
COMP_003740,2023-07-20,53,36.72,4,9.548560472139032,4,0.5294
COMP_003740,2021-12-25,59,47.19,1,18.674018239397284,36,0.636
COMP_003740,2021-10-14,56,57.3,3,6.289710698584016,33,0.2125
COMP_003741,2020-08-16,72,77.73,0,3.44095184374421,35,0.4409
COMP_003741,2023-10-12,63,67.75,0,7.541594166621537,29,0.5012
COMP_003742,2023-06-06,54,54.02,3,18.76161288365681,22,0.1157
COMP_003742,2023-06-09,54,58.07,3,3.059060670904249,7,0.7911
COMP_003743,2023-11-27,40,63.13,1,7.431445624143002,22,0.2905
COMP_003743,2020-03-15,45,34.97,3,2.4742394353984682,29,0.2738
COMP_003744,2021-07-07,88,78.0,0,9.694678414413485,38,0.2471
COMP_003744,2020-11-18,82,93.49,0,16.73218590528137,46,0.1065
COMP_003745,2021-05-14,81,68.71,0,9.369029460490546,35,0.3932
COMP_003745,2020-03-17,84,97.44,2,5.717744077326882,46,0.7878
COMP_003746,2024-09-26,47,50.81,5,10.584925826516384,41,0.6673
COMP_003747,2020-12-11,59,40.1,4,11.207628290213414,30,0.2471
COMP_003747,2022-07-28,64,79.13,0,13.924503640667766,46,0.1119
COMP_003748,2023-08-14,66,63.3,0,13.319792124055628,6,0.5375
COMP_003749,2021-07-28,89,82.85,0,1.3733252633278932,11,0.7319
COMP_003749,2024-01-12,90,89.59,0,14.683188549721564,18,0.5457
COMP_003750,2022-06-08,84,62.1,2,4.636936448256784,4,0.6582
COMP_003750,2022-05-14,85,60.86,0,4.684507340661662,38,0.1843
COMP_003750,2021-03-16,90,65.37,0,5.4848617212325985,40,0.5536
COMP_003751,2022-08-19,58,33.17,3,13.293548031555602,38,0.3731
COMP_003751,2022-12-22,56,33.65,2,6.9875889205936526,29,0.1283
COMP_003751,2021-10-12,48,30.65,5,4.996225826697334,5,0.6143
COMP_003752,2020-01-27,69,68.33,1,1.6928060379513197,29,0.2691
COMP_003752,2024-03-19,75,80.55,0,1.6473067869235862,33,0.5799
COMP_003752,2020-10-19,76,93.18,1,1.2914292078243768,41,0.2089
COMP_003753,2021-10-10,60,40.21,5,7.198908116607823,24,0.8453
COMP_003754,2021-07-28,69,81.67,0,14.594111591118086,46,0.4796
COMP_003755,2020-01-22,92,75.32,0,4.09104057774246,37,0.2698
COMP_003755,2022-07-16,99,98.35,0,7.8559541105194635,12,0.1672
COMP_003755,2024-06-29,91,68.0,0,15.197946647733712,17,0.8183
COMP_003756,2022-01-28,51,70.93,1,4.320911869010086,34,0.3772
COMP_003757,2021-02-03,70,74.55,3,14.40597137937952,6,0.8121
COMP_003757,2023-03-06,70,62.27,3,7.081022014205875,7,0.4539
COMP_003758,2023-06-09,85,72.97,0,12.266055163047065,49,0.6817
COMP_003758,2023-11-05,83,65.73,0,4.746833664489607,22,0.5111
COMP_003759,2022-09-01,85,67.87,0,11.123703032913726,35,0.2822
COMP_003759,2020-10-03,88,88.63,0,1.5401163099257673,22,0.2477
COMP_003759,2021-05-26,82,89.42,0,1.082443598902246,31,0.5939
COMP_003760,2022-04-15,98,93.18,0,5.513272270861874,6,0.2967
COMP_003760,2022-01-08,98,63.03,0,2.7841791380801357,7,0.3929
COMP_003761,2020-12-06,85,75.53,0,8.518292300146905,27,0.6325
COMP_003761,2020-12-22,85,79.45,0,5.214130291773911,36,0.4522
COMP_003761,2024-05-03,85,86.04,0,14.095896142893157,22,0.7666
COMP_003762,2020-06-12,62,69.62,1,13.25266812378556,6,0.8965
COMP_003762,2021-11-15,65,87.22,2,13.36733572022607,29,0.8917
COMP_003762,2024-08-08,65,88.5,3,5.284565688202645,21,0.42
COMP_003763,2024-10-11,72,94.18,2,3.345071793598578,41,0.8778
COMP_003763,2020-12-21,70,72.52,0,19.308368466434644,7,0.5997
COMP_003764,2020-07-26,80,96.73,1,5.9173643797786175,35,0.1278
COMP_003764,2022-08-23,80,97.19,1,4.920474009705774,3,0.6881
COMP_003765,2021-05-08,71,81.71,2,9.49459009477056,32,0.4783
COMP_003765,2020-10-10,77,81.26,3,7.236387743788791,15,0.2253
COMP_003766,2023-11-16,59,59.35,5,7.706604772331468,36,0.8166
COMP_003766,2021-12-07,59,76.14,4,9.146734880303342,30,0.5671
COMP_003767,2023-12-31,83,96.26,0,13.685081156810838,30,0.6875
COMP_003767,2023-09-27,85,67.41,0,4.162633910081325,14,0.5431
COMP_003768,2024-02-21,59,76.68,3,18.269772515270404,46,0.5753
COMP_003769,2024-02-02,74,86.64,3,13.11335665650801,42,0.8043
COMP_003769,2020-02-23,74,78.03,0,1.0620556816922884,16,0.8995
COMP_003770,2020-07-30,87,96.12,0,18.79924637599264,18,0.6578
COMP_003770,2020-06-17,91,70.96,0,5.0366548929580865,12,0.844
COMP_003770,2021-01-05,95,95.77,2,19.654763577900308,18,0.2418
COMP_003771,2022-07-05,45,59.25,4,6.866750717052245,42,0.5942
COMP_003771,2020-01-30,42,51.39,2,1.0793483253361504,31,0.6252
COMP_003771,2023-01-25,36,77.26,4,4.157203062503823,33,0.3138
COMP_003772,2020-10-10,51,54.44,5,5.8089292139609565,48,0.5235
COMP_003772,2024-06-07,48,37.22,5,13.275045293860579,20,0.5285
COMP_003772,2020-08-06,53,41.87,4,8.166620524364328,41,0.1355
COMP_003773,2021-06-23,70,97.36,1,4.626906465259829,33,0.3813
COMP_003773,2020-11-26,69,65.44,1,9.982374944385885,24,0.7901
COMP_003773,2022-11-30,71,86.14,2,12.290569278544643,20,0.8359
COMP_003774,2022-10-14,75,93.59,0,6.273384954570401,28,0.1979
COMP_003775,2024-08-29,46,45.33,5,6.017806086302785,24,0.7432
COMP_003775,2022-01-31,51,78.25,3,1.880268669655405,32,0.2405
COMP_003775,2023-03-26,42,50.96,3,2.395009442218323,15,0.7773
COMP_003776,2024-03-05,67,82.18,3,7.138528908552653,41,0.8413
COMP_003776,2020-07-11,64,63.88,2,6.557703447965645,31,0.3127
COMP_003776,2020-09-08,61,65.41,2,11.010479558013976,42,0.7958
COMP_003777,2023-08-02,97,85.93,0,16.439595910664195,39,0.602
COMP_003777,2022-01-22,87,60.63,0,3.41009471775793,43,0.1818
COMP_003778,2023-07-17,85,79.09,0,5.480238054194498,35,0.5825
COMP_003778,2020-05-08,87,78.21,0,1.836662877076713,31,0.4104
COMP_003779,2021-03-21,93,76.0,0,18.232182179169936,44,0.6545
COMP_003780,2024-01-19,68,63.5,3,13.482600263385173,42,0.6852
COMP_003780,2020-02-24,64,70.93,3,4.955106496647734,6,0.4791
COMP_003781,2024-06-09,57,34.09,4,3.6059459542418266,31,0.6154
COMP_003782,2024-09-08,72,89.47,1,9.255406866696118,35,0.5139
COMP_003782,2023-05-19,72,92.51,1,9.897207944744844,4,0.8425
COMP_003782,2021-01-27,65,95.34,2,3.9043190147723665,45,0.1073
COMP_003783,2020-03-27,55,41.46,3,13.440295867221023,35,0.3305
COMP_003783,2023-03-26,60,64.9,4,8.745533447236996,47,0.1667
COMP_003783,2023-11-30,63,87.62,3,12.649193133385117,27,0.297
COMP_003784,2023-07-22,39,56.5,1,13.254478326104495,34,0.4216
COMP_003784,2022-08-12,41,53.25,3,8.851493694768028,38,0.1863
COMP_003785,2022-07-04,69,77.4,2,2.750872417612976,12,0.568
COMP_003785,2021-12-05,67,62.41,2,3.171496802710749,4,0.7224
COMP_003785,2022-08-27,65,62.39,3,7.575768475330896,5,0.8369
COMP_003786,2022-06-02,70,78.01,1,14.997315782957285,3,0.1834
COMP_003786,2022-07-01,70,89.62,0,8.987313930140385,46,0.8534
COMP_003786,2021-06-23,62,95.51,0,15.866808545525755,22,0.1474
COMP_003787,2022-02-04,71,60.22,2,4.4033795836431775,41,0.2188
COMP_003788,2020-04-12,61,64.22,3,7.494312029831886,46,0.8168
COMP_003788,2021-01-30,63,97.09,1,5.047646409051482,23,0.3921
COMP_003789,2021-08-24,48,40.85,2,9.202858876881841,17,0.4195
COMP_003790,2020-10-12,98,73.79,0,19.987979470356194,16,0.4076
COMP_003790,2021-08-03,98,63.1,0,1.2980392843340711,45,0.6267
COMP_003790,2024-06-17,92,66.24,0,10.548076381276807,37,0.59
COMP_003791,2022-07-05,83,62.75,0,11.891392207288874,22,0.6828
COMP_003791,2023-06-16,83,72.67,0,8.985620155551555,44,0.8439
COMP_003791,2023-05-27,90,75.83,0,17.485155330364318,46,0.5428
COMP_003792,2024-10-23,43,66.1,1,12.033785912376116,46,0.5793
COMP_003792,2023-09-12,42,57.43,4,18.090487109279476,47,0.647
COMP_003793,2022-04-18,88,66.84,0,17.65147400722958,34,0.7665
COMP_003793,2023-12-25,82,90.74,0,10.648954486952327,49,0.3387
COMP_003793,2020-06-09,86,97.45,0,19.765508439738106,5,0.3641
COMP_003794,2023-01-20,51,66.1,2,2.4265571920910434,44,0.4124
COMP_003794,2022-05-09,56,44.36,2,3.7361768468210124,33,0.2338
COMP_003794,2023-01-28,47,53.08,5,1.838940839591781,32,0.185
COMP_003795,2020-04-04,61,98.19,3,4.437515555474632,31,0.5527
COMP_003795,2023-02-11,57,62.17,2,3.551954394174612,9,0.5004
COMP_003796,2020-10-25,55,74.99,3,8.86470002778809,16,0.7567
COMP_003797,2022-12-11,65,65.65,3,10.267758914080884,13,0.765
COMP_003798,2020-04-13,51,79.64,1,8.948692408538182,41,0.6725
COMP_003798,2020-04-01,50,46.42,3,14.196970206173289,49,0.1899
COMP_003799,2023-04-19,61,93.08,0,1.3658965604398063,34,0.1947
COMP_003799,2020-03-04,69,78.32,2,4.174906566933862,50,0.4878
COMP_003800,2020-10-13,71,94.6,1,12.357532231193458,16,0.7289
COMP_003801,2022-08-24,82,70.46,0,17.25261205608966,18,0.6642
COMP_003801,2023-08-12,73,95.36,2,13.848562745807008,43,0.587
COMP_003802,2021-08-14,48,79.8,5,2.2314744617404205,18,0.3899
COMP_003802,2023-07-03,51,32.27,5,1.5713611545158552,34,0.1799
COMP_003803,2021-04-17,78,62.27,0,7.87942919028423,5,0.2152
COMP_003803,2021-04-17,76,95.59,2,12.467631571371738,5,0.1161
COMP_003804,2021-12-10,85,70.37,0,2.892783157935009,25,0.8275
COMP_003805,2023-10-30,49,49.36,1,6.470038337757639,6,0.8672
COMP_003806,2024-11-23,42,31.4,3,4.629886984681476,3,0.6613
COMP_003806,2020-02-20,47,59.4,4,4.103359952099829,37,0.8852
COMP_003806,2022-10-09,46,35.58,5,1.3721510615022585,50,0.14
COMP_003807,2021-03-13,70,73.94,1,8.239850209536073,7,0.7133
COMP_003807,2023-06-04,65,60.56,0,11.23932641361355,42,0.8756
COMP_003807,2020-08-28,67,68.52,1,7.355145004430784,7,0.1716
COMP_003808,2021-02-25,79,94.26,3,12.239281329230705,9,0.6239
COMP_003809,2021-04-13,62,99.41,0,3.374891360708958,17,0.5077
COMP_003809,2022-01-13,67,81.51,2,3.5448584647416106,46,0.451
COMP_003810,2024-08-13,66,60.38,1,15.128514875918134,34,0.8514
COMP_003810,2021-03-30,68,60.74,2,14.984296930324472,21,0.8313
COMP_003810,2024-03-07,67,74.96,3,1.2859998323511168,8,0.3784
COMP_003811,2020-02-15,87,69.22,0,2.6945678421976518,33,0.5859
COMP_003812,2020-01-07,70,85.81,0,3.058498475911488,43,0.8686
COMP_003812,2024-06-27,66,63.04,2,3.2974142533540847,21,0.7711
COMP_003813,2022-11-10,54,30.51,2,18.12526621638504,9,0.761
COMP_003814,2021-12-10,54,39.39,1,9.439213700702913,18,0.2319
COMP_003814,2024-01-20,45,75.5,5,15.863657437631039,10,0.6311
COMP_003815,2022-01-12,91,94.84,0,15.889798646735233,12,0.2112
COMP_003816,2022-12-09,82,65.67,0,5.384502496796913,24,0.7909
COMP_003817,2023-01-15,80,66.45,2,10.804450711902172,50,0.7761
COMP_003818,2022-02-09,81,62.24,0,1.018593333873148,24,0.5556
COMP_003819,2020-01-28,95,83.99,0,8.648020331400351,43,0.5088
COMP_003819,2024-05-18,91,79.29,0,11.921781088662923,29,0.8153
COMP_003820,2024-11-29,50,74.64,5,15.085864247434717,35,0.3806
COMP_003821,2024-12-09,50,63.3,2,3.861767194874247,23,0.6457
COMP_003821,2023-03-18,53,57.6,2,16.78369605732763,31,0.4181
COMP_003821,2020-11-11,51,68.77,3,15.460986032791313,12,0.396
COMP_003822,2024-12-03,36,65.68,4,16.799766337529405,9,0.5379
COMP_003822,2022-04-21,41,51.72,2,17.260786602637033,19,0.6071
COMP_003823,2020-09-24,86,95.03,0,13.586911980748257,40,0.5892
COMP_003824,2024-05-01,81,84.59,0,19.279660939509604,27,0.7283
COMP_003825,2023-11-25,73,60.23,3,6.208282139262137,16,0.8861
COMP_003826,2020-04-12,57,33.14,1,5.039807456830117,26,0.5825
COMP_003826,2023-07-03,65,83.4,2,1.5662379399693505,21,0.8437
COMP_003827,2020-09-27,76,88.05,3,4.916130663604662,32,0.6855
COMP_003828,2020-09-02,72,76.34,3,4.947578619361625,44,0.5623
COMP_003828,2023-02-08,71,96.49,0,2.206294707873138,7,0.5934
COMP_003828,2022-11-20,77,76.81,2,3.5153304067368305,11,0.4165
COMP_003829,2022-12-10,63,90.33,1,1.6301243741511107,13,0.6122
COMP_003829,2024-04-21,63,80.08,1,2.1197137457669637,19,0.8148
COMP_003830,2022-05-27,89,67.81,0,1.6885315329808381,36,0.271
COMP_003831,2022-04-03,68,74.48,0,10.910314847207353,22,0.6815
COMP_003831,2024-07-18,73,87.6,3,15.872234960043482,47,0.4614
COMP_003831,2022-10-16,73,69.68,0,4.607549807127777,9,0.8557
COMP_003832,2022-04-29,39,58.33,3,18.61709142264828,46,0.442
COMP_003833,2021-12-04,50,42.83,4,3.2250218693005253,6,0.7751
COMP_003833,2024-11-28,47,55.15,5,12.027599964435932,32,0.75
COMP_003834,2020-11-08,53,43.21,5,4.1904132569928185,40,0.8702
COMP_003834,2024-08-01,60,40.75,2,6.411965415334538,45,0.5279
COMP_003834,2021-02-08,60,32.16,5,4.852049237410997,27,0.7444
COMP_003835,2023-04-02,44,35.82,5,11.57418793092541,43,0.1323
COMP_003835,2024-03-09,50,63.71,4,18.99356498900248,24,0.4364
COMP_003835,2022-12-27,42,73.61,5,9.318910637374929,23,0.7335
COMP_003836,2023-08-10,79,62.8,0,3.441946020968671,33,0.5809
COMP_003836,2023-02-19,82,68.41,0,19.08960657429931,3,0.383
COMP_003836,2020-07-31,77,62.11,2,1.0955242596214445,44,0.8267
COMP_003837,2020-11-26,69,61.18,2,10.337790291412917,50,0.6316
COMP_003837,2024-10-24,66,69.53,3,10.371718030101434,23,0.8167
COMP_003837,2022-10-03,72,90.24,0,11.535046258801815,39,0.6077
COMP_003838,2022-01-17,78,83.61,2,18.470092027653212,38,0.5734
COMP_003839,2023-11-01,47,47.52,3,7.325553350640586,12,0.5248
COMP_003839,2023-12-20,48,55.01,3,10.909167777718395,48,0.2104
COMP_003840,2021-07-07,60,70.57,5,17.84390329212818,48,0.8587
COMP_003840,2022-03-09,54,62.72,2,18.08573910666678,19,0.8657
COMP_003841,2021-03-31,79,70.97,2,1.9072738273501424,10,0.3821
COMP_003841,2021-09-08,76,68.17,3,2.0319941781220536,49,0.8554
COMP_003841,2021-06-04,71,74.19,3,1.6362917984628316,48,0.5633
COMP_003842,2024-05-17,60,62.65,1,10.105163513313697,15,0.504
COMP_003843,2024-06-28,67,90.07,2,1.23482443689633,43,0.7585
COMP_003843,2020-05-09,77,86.26,1,4.732534580201589,32,0.8592
COMP_003843,2021-01-30,68,92.38,3,2.132042890011661,45,0.1678
COMP_003844,2020-07-27,51,78.69,5,4.6920016712097645,38,0.7134
COMP_003844,2020-01-29,48,64.42,1,13.739263083203989,36,0.4283
COMP_003844,2022-09-14,48,50.52,1,15.267445084475154,30,0.4417
COMP_003845,2023-05-09,50,60.4,4,4.680022955052959,7,0.2129
COMP_003845,2020-04-27,42,30.48,2,12.17170779248432,30,0.3326
COMP_003846,2023-10-23,50,72.01,4,5.670412480447499,3,0.4427
COMP_003846,2024-10-24,53,50.62,4,7.903726676517833,6,0.5561
COMP_003846,2023-11-05,50,36.28,1,17.679969546164195,26,0.5068
COMP_003847,2021-01-06,65,65.05,3,7.564226789923671,3,0.5146
COMP_003847,2023-05-02,67,61.89,1,18.814208414807208,21,0.4503
COMP_003848,2024-05-12,71,93.93,3,4.460638693799322,34,0.6799
COMP_003848,2022-07-26,68,75.44,2,9.195448318249593,8,0.6366
COMP_003848,2020-03-07,72,86.41,0,5.293483076144203,30,0.3997
COMP_003849,2023-09-03,95,68.6,0,1.5698243899007738,21,0.107
COMP_003849,2021-10-27,91,74.46,0,4.080146472418083,29,0.7376
COMP_003850,2023-07-19,68,64.95,0,5.19123489625006,20,0.5268
COMP_003851,2021-06-04,38,53.56,1,5.13318568218079,20,0.2631
COMP_003851,2020-07-29,46,38.23,3,10.69844902565342,47,0.1738
COMP_003852,2020-12-05,36,50.99,3,15.608750381733833,43,0.1664
COMP_003853,2024-12-08,71,63.31,0,19.57226722093167,31,0.361
COMP_003853,2024-04-09,78,68.8,2,12.446815513388758,28,0.3149
COMP_003854,2024-04-21,78,79.06,1,7.766443814720391,18,0.4599
COMP_003854,2023-02-04,80,68.83,0,16.453546682797153,6,0.5494
COMP_003855,2023-08-19,77,81.45,0,17.715655811735868,36,0.1622
COMP_003856,2024-08-02,59,69.68,2,13.339560076813143,37,0.8573
COMP_003856,2022-09-12,62,66.49,1,8.06235610215866,7,0.5883
COMP_003856,2021-05-09,64,74.84,0,8.556188540769329,49,0.5158
COMP_003857,2024-09-13,36,53.08,2,3.422565657352896,47,0.2237
COMP_003857,2022-12-12,41,38.08,1,14.730633755345725,28,0.5547
COMP_003858,2020-08-05,54,69.22,1,15.120796230806707,14,0.8591
COMP_003858,2024-05-15,50,40.79,1,13.878604526977435,35,0.7425
COMP_003859,2024-02-19,89,67.42,0,6.424575340476005,4,0.5403
COMP_003860,2022-10-19,55,38.16,3,5.047332719654259,34,0.6423
COMP_003860,2021-04-13,54,46.78,2,5.6006792061058635,38,0.2074
COMP_003860,2020-04-26,60,35.48,1,3.739569551682639,16,0.8617
COMP_003861,2022-05-26,61,98.68,2,1.0,13,0.3501
COMP_003861,2020-02-13,66,75.1,2,1.0,27,0.7716
COMP_003861,2022-04-15,59,75.22,4,1.0,29,0.1822
COMP_003862,2020-12-30,57,57.28,4,3.4405269466214,42,0.5801
COMP_003863,2022-10-14,78,82.48,3,2.089156220173448,46,0.6118
COMP_003863,2020-06-25,71,65.93,1,10.509800405587415,37,0.1487
COMP_003864,2020-03-12,86,85.28,0,15.282492721293336,46,0.3156
COMP_003865,2022-03-22,62,78.55,0,13.442084182715641,13,0.5356
COMP_003865,2022-12-24,58,41.39,2,14.042760204796801,25,0.37
COMP_003865,2023-04-21,55,44.21,4,1.0689020119382602,12,0.7945
COMP_003866,2020-12-04,70,85.12,2,9.464856840127348,35,0.652
COMP_003866,2021-08-16,74,90.15,0,2.6844554975201405,19,0.2601
COMP_003867,2022-03-06,57,56.75,2,11.949115028301758,14,0.5055
COMP_003867,2021-04-16,61,95.68,2,7.2841313300669945,4,0.681
COMP_003868,2021-10-10,83,86.73,0,12.435324086173592,12,0.4536
COMP_003868,2022-01-17,83,71.69,0,9.401925313765835,7,0.6922
COMP_003869,2022-03-21,87,91.11,1,13.317654877299416,16,0.2117
COMP_003870,2023-11-29,67,72.13,2,15.720407024499462,20,0.585
COMP_003871,2023-09-16,74,93.56,1,5.424512979806403,49,0.8358
COMP_003871,2023-10-27,74,74.9,2,1.0299737830254307,47,0.6912
COMP_003872,2024-11-13,50,46.93,5,17.03105321978477,33,0.275
COMP_003872,2023-04-26,58,76.94,4,8.066485357354194,4,0.6226
COMP_003873,2024-11-03,84,69.14,0,18.579875088323334,27,0.1221
COMP_003874,2024-04-22,84,84.43,0,11.30670467218636,47,0.6632
COMP_003874,2023-03-20,88,71.11,0,14.930765432191924,18,0.4555
COMP_003874,2021-03-24,91,88.65,0,14.128939495405096,26,0.124
COMP_003875,2023-08-11,44,66.38,5,16.56562533175706,41,0.2986
COMP_003875,2021-07-19,39,71.98,2,14.972218346807503,18,0.4071
COMP_003875,2021-10-22,37,73.88,5,18.559471842352533,28,0.3402
COMP_003876,2023-08-22,69,64.72,2,12.237919792505645,34,0.4415
COMP_003876,2023-01-11,70,77.28,0,17.234471621312736,45,0.7543
COMP_003876,2021-03-20,65,66.17,3,1.068676728788378,3,0.188
COMP_003877,2022-07-21,86,93.77,0,8.587580839457239,31,0.3237
COMP_003877,2024-11-15,87,80.44,0,10.946406498356348,37,0.4756
COMP_003878,2023-07-05,53,76.0,4,4.9135760975334515,43,0.2433
COMP_003878,2024-02-18,59,76.58,4,4.207698221688111,29,0.1814
COMP_003878,2020-09-03,54,63.87,4,10.3537413702421,33,0.365
COMP_003879,2022-09-29,97,92.15,1,1.6587952105545343,42,0.4299
COMP_003879,2020-08-13,97,90.44,0,16.475253774237814,10,0.7122
COMP_003880,2020-12-28,46,55.02,4,1.1493644611613942,24,0.4988
COMP_003881,2021-06-05,94,63.22,1,4.916669065176656,25,0.4656
COMP_003881,2023-09-09,95,84.83,0,2.0323017071929725,48,0.1104
COMP_003882,2024-01-24,60,32.95,5,12.594146995635963,37,0.4311
COMP_003883,2023-01-22,70,88.57,0,11.464904227921185,27,0.1538
COMP_003883,2020-04-16,67,87.51,1,16.497099246706824,27,0.762
COMP_003884,2024-01-03,64,70.76,1,1.5105378050529534,12,0.5033
COMP_003884,2021-08-13,58,33.59,3,9.833076150652898,38,0.3179
COMP_003885,2020-02-29,62,89.07,2,2.170484072625746,36,0.4031
COMP_003885,2020-08-19,65,71.2,0,8.40609714232561,10,0.5017
COMP_003885,2024-03-14,69,95.47,1,16.277120446043984,26,0.1477
COMP_003886,2023-11-20,73,94.37,1,3.466023354075914,43,0.6128
COMP_003886,2021-01-01,81,90.85,0,2.1071861289505325,16,0.887
COMP_003887,2021-01-05,86,75.81,0,13.074643285584182,35,0.324
COMP_003887,2022-09-10,89,78.49,0,1.3005288549905583,41,0.5163
COMP_003888,2020-11-12,92,87.24,0,10.8253046122935,9,0.8246
COMP_003888,2020-07-07,89,96.56,0,19.82278364134315,38,0.7852
COMP_003888,2024-04-10,93,80.28,0,13.2821548380428,18,0.8787
COMP_003889,2022-03-29,71,70.07,3,2.716551602280989,7,0.2869
COMP_003889,2022-10-20,71,90.21,2,1.3434586002232707,17,0.3178
COMP_003889,2021-07-24,65,90.51,3,1.715962631741534,26,0.3464
COMP_003890,2023-09-21,50,49.91,3,19.126796892401213,45,0.1457
COMP_003890,2024-06-17,54,30.01,5,16.738453839651,32,0.7859
COMP_003890,2023-08-04,58,54.8,5,2.2005554924657424,29,0.8378
COMP_003891,2023-01-27,41,65.86,1,5.184113154124381,18,0.6588
COMP_003892,2024-03-18,45,40.77,2,1.6790087216756258,11,0.7012
COMP_003893,2021-07-28,69,90.62,0,18.165072971423513,49,0.5679
COMP_003893,2021-03-04,64,85.85,2,4.4823472168640315,41,0.4068
COMP_003893,2021-03-29,63,86.5,3,10.220273664729278,36,0.7623
COMP_003894,2020-06-27,91,91.11,0,6.617493012313117,17,0.1074
COMP_003894,2021-08-03,90,60.74,0,6.450476071632159,50,0.3676
COMP_003894,2020-09-11,90,60.22,0,16.571843493146293,45,0.5661
COMP_003895,2024-10-24,74,86.43,1,10.725291987089085,30,0.7688
COMP_003896,2022-10-01,49,35.86,3,8.182419665012993,26,0.4972
COMP_003896,2024-11-12,50,67.77,5,11.01892643854508,45,0.8259
COMP_003896,2020-06-24,43,67.68,3,8.657601429507796,41,0.1559
COMP_003897,2024-03-19,43,63.27,2,15.617027536020256,34,0.2233
COMP_003898,2023-10-07,57,61.5,1,3.4649560841761127,29,0.7244
COMP_003898,2021-10-18,55,74.48,1,12.053429214824964,5,0.8384
COMP_003898,2020-05-08,59,45.73,1,4.976033177246544,12,0.7672
COMP_003899,2024-04-16,38,39.27,4,1.5452046202208118,26,0.1019
COMP_003899,2023-06-29,41,56.71,2,1.9458377374559523,32,0.7769
COMP_003899,2023-06-01,43,37.97,5,1.5605888261006258,28,0.2875
COMP_003900,2024-06-24,74,78.05,2,14.31640952097004,4,0.492
COMP_003900,2020-03-14,73,83.77,1,6.500265967315633,40,0.8069
COMP_003900,2024-10-19,71,65.04,2,14.921271192947136,4,0.7421
COMP_003901,2024-06-25,46,64.06,5,8.252179934142658,36,0.5671
COMP_003901,2024-05-03,49,47.47,1,1.3727872840209532,35,0.7837
COMP_003902,2024-05-10,76,75.41,0,4.785803966476553,26,0.8262
COMP_003902,2020-07-30,82,61.31,0,3.175820373375937,3,0.1925
COMP_003902,2022-04-15,84,75.52,0,6.9383523139632555,38,0.758
COMP_003903,2024-01-14,76,74.64,0,7.63579066605287,5,0.7055
COMP_003903,2024-04-05,75,89.18,3,8.41851374272063,4,0.2983
COMP_003903,2023-08-11,79,71.23,2,11.447781601262818,42,0.3952
COMP_003904,2023-02-14,63,85.31,1,19.167675975336447,30,0.3303
COMP_003904,2024-01-09,61,87.4,0,14.408718188573514,35,0.3915
COMP_003904,2024-08-18,55,41.98,5,11.8555333281595,26,0.323
COMP_003905,2024-09-24,50,38.72,1,9.539788120683063,29,0.1862
COMP_003905,2022-12-16,57,65.6,2,17.251733948297975,24,0.5741
COMP_003906,2024-01-21,95,85.53,0,4.9746896249653725,41,0.1427
COMP_003907,2024-07-07,80,99.11,0,11.824340482443052,13,0.4799
COMP_003907,2024-05-17,82,88.02,0,18.317847759799264,19,0.6703
COMP_003908,2024-09-12,60,70.38,2,1.4462207440144288,36,0.5164
COMP_003908,2022-06-02,60,66.11,5,19.358501198556716,29,0.6957
COMP_003909,2020-07-17,51,74.09,2,3.570839546509513,10,0.2642
COMP_003909,2023-02-04,56,79.9,2,3.724281146249026,40,0.5098
COMP_003910,2023-01-20,93,71.8,0,3.6280455793761117,46,0.7256
COMP_003910,2022-03-17,91,83.42,0,5.721897217702315,30,0.1376
COMP_003911,2024-04-16,78,67.77,1,17.626000087331818,42,0.1814
COMP_003911,2021-10-30,80,85.81,3,12.136354606462154,15,0.8907
COMP_003911,2024-05-03,72,89.07,3,16.629423205957686,7,0.47
COMP_003912,2021-10-14,53,60.46,5,1.0,31,0.4747
COMP_003912,2024-11-16,51,53.1,5,1.0,50,0.2818
COMP_003913,2024-09-30,76,92.75,0,15.686084907992818,17,0.2161
COMP_003913,2022-06-27,79,96.78,3,5.051982074195162,31,0.4435
COMP_003914,2023-07-17,61,92.61,0,1.1352969354436024,40,0.6939
COMP_003914,2020-02-05,56,75.97,4,1.0824618461195743,46,0.3427
COMP_003915,2021-02-21,85,76.05,0,19.228435701026147,30,0.8208
COMP_003916,2023-12-20,67,88.58,3,6.455428450456192,11,0.3034
COMP_003917,2020-04-09,69,84.06,3,15.709235580220245,36,0.8101
COMP_003917,2021-10-09,71,69.5,0,4.394856994183078,21,0.8033
COMP_003917,2022-11-14,65,70.35,2,5.828296775171605,50,0.3433
COMP_003918,2024-06-02,73,74.05,2,11.040254764372456,3,0.535
COMP_003919,2020-10-21,87,97.28,0,16.547307714710442,44,0.2442
COMP_003919,2023-03-03,91,60.71,0,6.433242142670345,6,0.137
COMP_003919,2023-05-26,91,89.16,0,8.815675447262906,21,0.8684
COMP_003920,2024-07-30,41,52.05,1,3.7958531059998744,21,0.1143
COMP_003920,2023-09-25,45,65.7,3,15.770265201774796,32,0.5274
COMP_003921,2020-05-16,67,93.28,0,9.602703220787465,23,0.7785
COMP_003922,2022-04-18,80,69.64,0,2.7820802322383673,49,0.2
COMP_003922,2020-11-24,80,88.39,3,3.308326970796468,26,0.2673
COMP_003923,2021-07-14,62,75.15,0,12.15246922093344,23,0.7829
COMP_003923,2023-12-04,63,84.54,2,18.291962109228376,47,0.6418
COMP_003924,2020-02-27,45,73.09,5,3.7920984424781463,19,0.4936
COMP_003924,2024-04-06,39,41.6,4,9.49104481030462,26,0.1283
COMP_003925,2021-08-01,64,80.53,3,11.161996323043537,20,0.4982
COMP_003925,2023-11-04,64,85.81,2,4.204914400778567,35,0.8218
COMP_003925,2024-02-06,59,45.47,3,19.031925904183773,12,0.3923
COMP_003926,2023-06-26,60,75.03,4,1.205885177536783,8,0.1505
COMP_003926,2023-06-01,56,75.12,3,1.6366608056818515,50,0.2027
COMP_003927,2021-11-03,52,69.97,5,17.17846520831991,40,0.3282
COMP_003927,2022-08-13,51,58.37,3,6.428829399531607,28,0.3237
COMP_003928,2024-08-11,76,85.76,1,16.341215315616218,39,0.203
COMP_003928,2024-12-10,80,87.73,2,10.457030920647533,23,0.6046
COMP_003929,2022-12-06,59,62.41,3,19.37388630404745,36,0.1103
COMP_003930,2022-01-13,74,98.74,2,13.689029406116639,13,0.435
COMP_003931,2021-01-17,46,57.1,3,6.462248008661977,20,0.6818
COMP_003931,2024-01-01,45,56.29,4,5.578945329795044,25,0.2473
COMP_003932,2020-06-02,65,96.11,2,1.432739753391718,41,0.5701
COMP_003932,2020-11-02,65,90.86,0,15.818993309282495,26,0.1982
COMP_003933,2021-10-14,64,62.54,1,2.4444164403013193,24,0.3714
COMP_003933,2023-06-21,63,64.88,2,12.303105936823936,12,0.7252
COMP_003933,2023-02-02,67,93.87,0,6.471106699981164,40,0.277
COMP_003934,2022-06-16,97,84.65,0,3.856500829673843,26,0.5197
COMP_003934,2020-09-18,95,67.42,0,12.813232635947374,13,0.159
COMP_003934,2020-08-23,92,81.21,0,19.173028839139008,29,0.5049
COMP_003935,2020-11-02,42,70.44,3,3.9079125884403085,4,0.5987
COMP_003935,2023-09-02,48,50.15,4,1.7745656580782394,34,0.2503
COMP_003936,2023-10-08,82,82.62,0,5.813710579634767,26,0.3963
COMP_003937,2021-04-05,54,47.07,1,17.92319517569032,6,0.8891
COMP_003938,2021-12-01,44,69.5,2,16.066352053921626,49,0.2404
COMP_003939,2023-01-10,75,92.24,1,3.8822896547046324,29,0.4542
COMP_003940,2021-03-22,71,95.49,0,2.40509483162693,27,0.6352
COMP_003940,2021-11-27,72,84.74,3,15.735316707381338,50,0.6418
COMP_003941,2021-09-23,78,98.24,3,7.828749055797506,12,0.126
COMP_003941,2023-03-09,74,87.85,0,7.988450092295896,19,0.798
COMP_003942,2024-07-06,89,74.56,0,4.4206322299695975,50,0.612
COMP_003942,2020-08-27,97,69.65,0,14.646854802851006,15,0.5356
COMP_003943,2021-08-27,74,82.1,2,17.78263485015766,20,0.8834
COMP_003944,2022-07-02,86,94.85,1,4.315459673759851,8,0.1114
COMP_003944,2022-01-04,79,90.69,1,6.790807242919899,47,0.2777
COMP_003944,2021-05-11,82,92.85,1,8.083168558839157,22,0.2738
COMP_003945,2024-05-13,68,80.23,2,3.5074732543181693,16,0.7672
COMP_003945,2024-09-12,66,73.9,3,11.217419924600275,30,0.3692
COMP_003946,2020-03-12,51,44.01,2,11.645256850453821,39,0.7683
COMP_003946,2020-10-29,56,48.1,4,8.785477451248898,29,0.5523
COMP_003947,2022-07-30,100,78.06,0,8.636217216025772,7,0.7864
COMP_003947,2023-06-10,92,75.14,0,5.8723921008434665,46,0.1218
COMP_003947,2024-11-23,90,61.14,0,2.5019721386344687,23,0.3424
COMP_003948,2022-11-09,74,98.13,1,15.819500770406313,34,0.7735
COMP_003949,2024-06-29,68,85.55,1,11.072659393462661,11,0.4335
COMP_003950,2022-01-28,51,63.88,2,6.460602576037921,4,0.5956
COMP_003950,2022-11-21,52,73.75,3,12.879068348523246,45,0.5316
COMP_003951,2024-05-18,96,94.17,0,17.600585430309742,19,0.8624
COMP_003951,2022-01-06,92,89.73,0,4.764738151404156,44,0.2296
COMP_003951,2022-11-05,96,72.88,1,14.544984034923377,10,0.7695
COMP_003952,2023-06-14,51,33.5,3,13.057613073214908,39,0.7783
COMP_003953,2020-09-05,83,97.64,0,16.272965973884965,24,0.8249
COMP_003953,2021-06-30,86,70.43,0,1.6582646381107713,24,0.3066
COMP_003954,2021-05-10,79,73.29,3,17.113427154694918,4,0.4556
COMP_003954,2024-11-23,70,97.65,1,1.4534128407599471,11,0.5755
COMP_003955,2024-11-09,51,30.71,4,2.044845443969968,33,0.3956
COMP_003955,2023-12-04,50,61.78,5,2.320274334470108,45,0.1153
COMP_003955,2022-09-27,51,56.86,2,2.3627978781211043,43,0.8707
COMP_003956,2024-11-11,86,64.96,0,4.89655354145824,11,0.358
COMP_003957,2021-01-04,77,86.07,2,9.653525470241034,14,0.6236
COMP_003958,2022-07-13,60,37.62,1,18.79464983913464,47,0.5778
COMP_003959,2022-08-14,74,62.97,3,5.34714853518352,18,0.8648
COMP_003959,2022-01-30,73,73.88,3,6.34445812605153,28,0.2975
COMP_003960,2024-11-21,62,63.49,1,6.453893334735398,16,0.3244
COMP_003960,2024-03-04,66,72.97,0,11.496710317831827,44,0.8603
COMP_003960,2021-05-31,62,99.2,0,8.906825335940939,32,0.7
COMP_003961,2021-03-18,74,66.83,2,16.659408931964215,8,0.6749
COMP_003962,2024-10-14,47,51.82,2,6.065720032465447,14,0.6049
COMP_003962,2020-11-12,53,54.49,4,12.871397768006446,46,0.4562
COMP_003963,2022-04-14,74,78.32,2,17.869131268984148,46,0.4396
COMP_003963,2022-06-04,65,62.86,3,12.828516862365996,45,0.6149
COMP_003964,2021-09-05,85,91.21,0,15.54320323078291,47,0.1252
COMP_003964,2021-10-17,79,88.66,3,5.44930143689157,43,0.6084
COMP_003964,2024-09-02,83,93.92,0,3.970591310356317,17,0.8518
COMP_003965,2020-10-26,76,78.52,3,16.527173375130157,38,0.5859
COMP_003965,2023-10-04,72,72.6,3,17.047333418533764,26,0.7333
COMP_003965,2024-02-16,74,79.62,2,10.480143016522701,26,0.8005
COMP_003966,2021-06-03,71,60.1,1,1.1761209531081684,40,0.8149
COMP_003966,2020-05-20,66,93.18,1,12.130841389019567,21,0.6704
COMP_003966,2023-06-08,68,89.89,0,11.830704506146002,38,0.7994
COMP_003967,2023-08-28,43,58.66,2,13.416191375889909,30,0.2051
COMP_003967,2020-09-26,47,46.92,3,4.218725026532255,19,0.1313
COMP_003967,2022-04-19,49,52.58,4,7.02925496443441,28,0.8614
COMP_003968,2021-02-18,42,59.4,2,17.325814029310212,19,0.5814
COMP_003968,2020-09-12,39,60.3,4,1.4290967791626006,39,0.5697
COMP_003968,2020-10-12,38,44.72,5,18.904671286209894,45,0.655
COMP_003969,2021-03-07,40,52.41,2,3.0387062392795476,18,0.7693
COMP_003969,2021-11-05,48,40.1,4,6.825209093007031,28,0.6153
COMP_003970,2021-10-14,55,47.35,5,7.418884329757297,17,0.1817
COMP_003970,2024-12-09,48,79.29,1,6.2582912699854285,3,0.4825
COMP_003971,2022-10-12,59,30.91,2,14.169732816443256,3,0.3771
COMP_003972,2024-08-18,55,65.52,3,1.7986028617753445,31,0.8413
COMP_003973,2024-05-15,94,83.64,0,7.362098038470027,29,0.611
COMP_003974,2020-10-09,88,90.84,0,7.125715805445505,37,0.4174
COMP_003974,2022-10-01,87,81.67,0,7.143572640733056,21,0.6521
COMP_003975,2024-11-08,46,34.9,3,11.872852664214907,47,0.8944
COMP_003975,2023-12-23,46,36.85,4,2.1339159190149757,8,0.8938
COMP_003976,2021-12-30,86,74.74,0,14.001525196658557,27,0.6371
COMP_003976,2021-02-22,89,88.54,0,8.895824513570844,25,0.8997
COMP_003976,2024-12-23,88,96.93,0,16.385829996636446,34,0.7092
COMP_003977,2024-02-28,52,73.26,1,4.7642956793013855,27,0.8602
COMP_003977,2022-03-31,51,63.77,1,4.2393727001266175,45,0.4354
COMP_003977,2020-11-20,55,39.17,4,6.884197861640854,44,0.1972
COMP_003978,2022-03-22,58,73.16,1,1.82994296924744,50,0.4463
COMP_003979,2021-04-23,61,85.64,2,12.910667772042968,27,0.5125
COMP_003979,2020-05-08,59,77.01,4,8.15049238083327,40,0.5071
COMP_003980,2020-07-16,95,95.47,0,4.597907954747034,47,0.1391
COMP_003981,2024-07-18,83,81.59,2,1.0322775457001918,50,0.5121
COMP_003981,2021-04-23,83,74.7,0,6.730698761687473,28,0.6625
COMP_003981,2021-07-23,78,82.17,3,19.398232410926553,37,0.2881
COMP_003982,2022-05-01,90,69.74,0,18.53730157513419,14,0.6432
COMP_003982,2022-08-11,81,88.23,0,18.14997826322513,50,0.4821
COMP_003982,2020-07-22,87,95.89,0,11.764120547919347,46,0.1287
COMP_003983,2023-04-03,70,97.05,1,6.520623473757306,6,0.3098
COMP_003983,2020-01-13,68,64.82,2,8.922812617343862,33,0.7601
COMP_003983,2024-10-20,68,62.55,3,3.9066150467848995,28,0.2758
COMP_003984,2024-04-26,60,41.21,2,15.656799590760107,15,0.523
COMP_003984,2024-03-21,63,84.81,2,16.83976877003571,43,0.3093
COMP_003985,2020-05-25,94,78.16,0,4.226617855394142,46,0.4844
COMP_003985,2022-11-08,89,64.74,0,6.603928578659194,33,0.7679
COMP_003985,2020-01-12,91,67.46,0,12.358603910386666,8,0.8896
COMP_003986,2023-12-14,94,79.98,0,17.962922917697195,10,0.3983
COMP_003987,2023-07-15,88,74.9,2,3.0448039478463653,26,0.2089
COMP_003988,2022-10-29,96,69.97,0,17.32936003490058,5,0.8156
COMP_003988,2023-12-17,99,63.77,0,14.39712158931592,13,0.6565
COMP_003988,2020-12-28,91,67.15,0,15.817919349355897,4,0.5033
COMP_003989,2023-05-31,63,86.99,2,5.959559576026742,46,0.6951
COMP_003989,2023-01-09,59,70.94,2,3.0943067727521125,25,0.7582
COMP_003989,2024-04-17,61,92.3,2,1.9418151205821899,9,0.1414
COMP_003990,2022-10-11,47,69.36,1,13.386620634436138,9,0.1177
COMP_003991,2023-03-07,55,79.58,1,18.418809758941777,42,0.195
COMP_003991,2023-10-25,55,57.68,2,12.560295573992011,21,0.2105
COMP_003991,2021-09-02,58,58.25,4,13.997385381807298,3,0.1368
COMP_003992,2020-01-31,64,81.69,2,18.577521364582925,10,0.8013
COMP_003993,2024-02-08,63,89.37,3,12.257103199794022,18,0.834
COMP_003993,2020-03-08,63,80.07,1,16.731861798747207,43,0.3539
COMP_003993,2020-03-06,72,83.68,0,1.6599601792363097,21,0.3481
COMP_003994,2023-10-29,75,90.22,0,4.490322885732112,41,0.4155
COMP_003994,2021-02-13,74,95.37,0,14.123329376411517,38,0.2898
COMP_003994,2024-04-01,76,86.02,3,9.90012062277693,43,0.2118
COMP_003995,2022-07-31,93,82.03,0,3.0125817787917204,46,0.822
COMP_003996,2021-06-06,82,91.77,0,2.860534913321546,50,0.2384
COMP_003996,2024-08-27,83,61.09,0,1.6664895311766896,43,0.7415
COMP_003997,2021-05-09,42,74.68,5,7.264696854238808,38,0.7706
COMP_003997,2024-05-16,45,33.75,5,5.322481444120033,31,0.3704
COMP_003998,2020-12-26,46,66.91,2,1.1027006012096372,47,0.8953
COMP_003998,2020-02-23,50,60.47,5,5.070834718934295,15,0.7104
COMP_003998,2021-06-17,47,41.69,1,6.291295844689782,27,0.8594
COMP_003999,2022-02-05,48,67.3,1,2.1594401474390543,36,0.6946
COMP_004000,2021-01-01,90,79.33,0,7.058219581644698,49,0.7274
COMP_004000,2022-03-27,93,76.17,0,18.754532987537363,42,0.7363
COMP_004000,2024-07-27,93,96.88,0,9.128165413934411,16,0.7433
COMP_004001,2023-12-28,74,64.24,3,16.34298882743068,23,0.4897
COMP_004002,2024-02-07,93,75.35,0,5.20726864399651,44,0.8228
COMP_004002,2022-11-18,95,69.28,0,4.171132061323586,8,0.1078
COMP_004003,2021-07-07,47,76.32,5,2.723505743100574,45,0.8568
COMP_004004,2024-07-16,61,76.63,3,19.8882543278865,21,0.8245
COMP_004004,2024-10-25,60,59.55,5,10.601666768276337,50,0.338
COMP_004004,2021-11-04,57,47.79,2,3.4364665715152447,31,0.8676
COMP_004005,2021-03-21,73,99.63,3,1.208762531838293,16,0.308
COMP_004005,2023-05-13,69,79.24,2,8.04136973166903,23,0.6865
COMP_004006,2024-12-15,68,90.37,0,2.649465883721666,22,0.7839
COMP_004007,2020-07-06,50,50.6,1,16.344508368421327,29,0.1439
COMP_004007,2022-11-13,48,39.34,2,15.497523656953005,44,0.2837
COMP_004007,2023-09-27,47,67.51,1,19.33790952460136,10,0.6375
COMP_004008,2022-10-26,51,55.48,2,5.0880677985393,6,0.1748
COMP_004008,2020-07-11,45,62.82,3,5.5185611257826,21,0.6783
COMP_004009,2020-07-12,62,87.8,1,8.276967926526732,10,0.2089
COMP_004009,2022-08-15,54,61.56,4,8.233567124592142,15,0.2195
COMP_004009,2024-05-06,53,76.9,5,9.266835123172067,19,0.3857
COMP_004010,2023-09-12,68,75.87,3,1.0,35,0.2829
COMP_004010,2024-12-09,68,76.77,2,1.0,46,0.7927
COMP_004011,2023-07-17,51,37.75,3,4.313944274970421,24,0.1496
COMP_004012,2023-01-19,40,32.21,1,8.19235990418435,26,0.4704
COMP_004012,2024-12-22,43,60.93,3,5.651234903645012,9,0.8387
COMP_004013,2024-09-20,60,75.44,3,4.849243997255302,27,0.5336
COMP_004014,2023-04-05,86,77.09,0,1.6261091968832078,18,0.8602
COMP_004014,2020-04-18,89,83.79,0,2.8288944058602508,46,0.5158
COMP_004014,2024-11-28,91,93.65,0,8.844624548374657,13,0.6683
COMP_004015,2022-12-04,61,63.23,1,3.446324205633419,38,0.2548
COMP_004015,2022-04-26,59,60.77,3,2.6361217172609694,13,0.4373
COMP_004016,2020-07-15,72,93.39,0,7.662223580133439,19,0.492
COMP_004016,2020-10-25,71,91.78,0,10.06901644813083,37,0.4207
COMP_004016,2023-01-10,74,75.43,0,3.5459308180437885,5,0.4257
COMP_004017,2023-01-23,55,64.66,4,7.584188485939063,43,0.6965
COMP_004017,2022-12-19,60,32.19,2,16.413278376262532,41,0.6097
COMP_004018,2022-12-07,66,63.43,3,5.911342456532358,33,0.8949
COMP_004018,2020-04-27,65,70.28,1,1.2975324259510208,46,0.778
COMP_004018,2020-03-01,64,81.65,0,1.6472402676710736,33,0.6929
COMP_004019,2023-05-15,60,38.07,2,8.489197358278393,47,0.4139
COMP_004020,2021-12-06,68,72.17,2,10.34574884967717,7,0.7111
COMP_004021,2024-03-07,37,70.33,2,1.2012314340201953,21,0.3959
COMP_004021,2024-08-22,38,32.67,3,2.2770142111704863,20,0.5312
COMP_004022,2024-06-16,62,72.39,1,9.42654612514398,28,0.5254
COMP_004022,2023-04-24,55,76.1,4,12.565787750449951,36,0.7311
COMP_004023,2022-01-23,52,57.13,5,5.340139883697622,50,0.1764
COMP_004024,2020-10-13,76,63.0,2,5.9799435888327,11,0.6951
COMP_004025,2022-03-10,62,68.93,1,1.7096366292840233,17,0.1297
COMP_004026,2021-07-29,69,65.9,2,5.839934836610202,49,0.8103
COMP_004027,2024-02-18,38,41.96,3,2.4574186938741223,3,0.2203
COMP_004027,2023-02-28,37,35.39,5,1.6176113573455309,48,0.6133
COMP_004027,2024-07-09,39,67.19,2,7.429842724025581,24,0.5077
COMP_004028,2021-12-17,48,63.48,3,13.565707016274597,26,0.7343
COMP_004029,2024-02-13,45,45.24,1,18.24868288103538,13,0.4147
COMP_004029,2022-10-14,46,75.33,5,18.82836076878874,24,0.6364
COMP_004030,2023-09-27,77,78.59,1,3.645064839942603,14,0.5832
COMP_004031,2023-07-21,96,81.74,0,2.3949109329175515,38,0.1292
COMP_004031,2020-08-14,92,92.28,0,10.946990247363814,25,0.7979
COMP_004031,2021-10-12,91,84.56,0,7.873654807810965,22,0.5396
COMP_004032,2020-10-28,44,61.26,1,4.563478673046609,50,0.3577
COMP_004032,2023-11-20,49,36.0,3,12.6689437504183,20,0.1296
COMP_004033,2023-09-28,49,72.12,4,10.366243954904606,26,0.3041
COMP_004033,2024-02-09,52,64.37,1,11.534069827553875,25,0.8341
COMP_004033,2023-07-22,50,47.18,4,18.196925841137656,20,0.213
COMP_004034,2024-11-05,71,90.34,2,15.113821259318074,35,0.6258
COMP_004035,2024-12-25,43,41.26,2,17.665301436524658,49,0.7936
COMP_004035,2024-10-10,47,69.53,3,19.538679625319684,29,0.6973
COMP_004036,2022-03-05,78,71.4,1,10.096711520104733,9,0.5008
COMP_004036,2023-11-09,80,84.94,3,10.97317203466756,44,0.456
COMP_004037,2021-08-14,91,92.66,0,4.287609020127369,46,0.4641
COMP_004037,2021-01-09,86,75.91,0,7.740768042505235,8,0.5503
COMP_004038,2021-05-30,45,69.68,2,9.609188660506492,32,0.8469
COMP_004039,2023-06-13,68,60.46,3,19.621787340679834,46,0.2954
COMP_004039,2024-07-08,67,93.17,1,17.96214889230319,10,0.146
COMP_004040,2021-09-30,84,69.17,0,9.229012973791246,46,0.1021
COMP_004040,2020-03-17,84,87.1,0,8.286788943388906,37,0.4175
COMP_004041,2021-06-21,90,89.17,0,2.566057595143078,5,0.3404
COMP_004041,2024-06-20,91,61.25,0,4.891050231811487,20,0.1611
COMP_004042,2023-10-13,56,56.13,4,4.384733412373901,38,0.4254
COMP_004042,2023-01-23,53,34.76,1,1.825925605979175,9,0.5688
COMP_004042,2023-02-09,55,76.97,1,3.423976041660575,28,0.8113
COMP_004043,2024-03-27,91,96.38,0,8.773848082248827,3,0.3037
COMP_004043,2023-01-16,99,81.59,0,12.495962210132621,30,0.5168
COMP_004043,2023-08-10,97,91.75,0,4.0182835822053,11,0.6906
COMP_004044,2021-05-11,90,85.28,0,5.930472264701894,19,0.5575
COMP_004045,2021-03-11,54,37.3,4,2.5983909748885723,15,0.4752
COMP_004045,2021-08-13,58,73.24,2,4.58234041289241,49,0.8562
COMP_004046,2020-07-18,39,59.57,1,6.14221923435429,18,0.3186
COMP_004047,2024-04-18,77,65.49,1,8.443980234013324,7,0.1418
COMP_004047,2024-01-31,69,87.67,0,4.432325002646984,17,0.6018
COMP_004048,2021-10-19,80,69.45,3,2.0940550825794597,48,0.8482
COMP_004048,2022-06-28,78,70.07,3,6.878494848281814,9,0.6413
COMP_004048,2024-12-03,74,85.63,0,17.89576198000961,30,0.2924
COMP_004049,2024-10-16,44,44.84,4,8.590151709180645,17,0.8036
COMP_004050,2024-05-25,45,42.1,5,19.308110731827064,19,0.6978
COMP_004050,2023-08-02,50,57.0,1,10.801358806937552,20,0.3006
COMP_004051,2024-06-07,58,44.21,5,6.4036165644655245,16,0.3874
COMP_004051,2021-07-27,56,51.75,5,18.652427031580654,13,0.5105
COMP_004052,2021-09-20,77,82.48,2,13.229311680195709,21,0.7019
COMP_004053,2024-10-26,77,86.77,3,4.287481227698004,25,0.3998
COMP_004054,2023-09-30,62,82.95,1,3.4701029736358864,4,0.5919
COMP_004054,2020-09-09,52,37.91,1,16.995705197727112,32,0.3333
COMP_004054,2023-12-23,54,63.5,4,3.2725783127782844,6,0.346
COMP_004055,2022-09-20,97,84.49,0,8.09071698133856,16,0.5437
COMP_004055,2020-03-07,90,78.24,0,16.01796928478381,12,0.3602
COMP_004056,2020-03-26,75,73.93,0,8.69242601634699,24,0.8558
COMP_004056,2020-09-09,81,91.13,0,19.63135013634544,39,0.6146
COMP_004057,2020-05-07,60,41.5,4,4.04039646550747,10,0.3272
COMP_004057,2023-07-16,66,86.29,2,4.5822728922592555,46,0.603
COMP_004058,2022-12-05,58,47.52,2,6.5561619545142715,48,0.6323
COMP_004058,2024-11-15,66,87.21,3,6.134249053414392,39,0.1836
COMP_004058,2020-04-17,59,38.89,3,5.518804871224871,31,0.5738
COMP_004059,2022-11-21,63,97.98,0,1.4576956537126127,41,0.2441
COMP_004059,2022-11-20,65,95.77,2,15.545618941294796,17,0.8881
COMP_004060,2023-05-19,68,76.14,2,1.6563031869200957,20,0.4304
COMP_004060,2024-10-17,63,82.0,0,1.8847155819833699,10,0.6812
COMP_004060,2021-01-04,65,92.63,2,1.0115525670774632,16,0.5196
COMP_004061,2020-06-20,93,65.78,0,11.578323549637515,14,0.2269
COMP_004062,2020-01-23,92,71.95,0,14.54069115145796,50,0.1033
COMP_004063,2023-03-31,92,76.96,0,7.044014952941706,6,0.5978
COMP_004064,2020-10-09,73,70.88,3,1.3202294155817187,25,0.1207
COMP_004064,2020-04-05,72,88.6,1,1.5180697256530333,20,0.6092
COMP_004065,2021-07-30,84,75.47,0,3.975129934921477,23,0.6571
COMP_004066,2021-07-06,80,76.68,0,9.219129273988191,44,0.6511
COMP_004066,2022-01-30,75,85.6,2,4.107601691261388,4,0.2065
COMP_004067,2021-07-16,63,72.1,3,6.9459598822360045,15,0.7968
COMP_004068,2024-05-05,77,84.38,2,14.678913656884726,39,0.6556
COMP_004069,2024-03-04,88,84.19,0,11.926278494479984,15,0.2694
COMP_004070,2021-10-07,75,98.38,3,7.509999983387404,50,0.8467
COMP_004071,2024-10-29,73,99.74,2,12.829110755935414,28,0.3165
COMP_004071,2023-04-04,74,93.07,1,17.179714498594784,21,0.2716
COMP_004072,2021-09-29,71,65.71,0,5.443118967482537,5,0.109
COMP_004072,2024-05-17,71,88.75,0,19.4004171674119,31,0.3579
COMP_004073,2020-07-05,74,70.7,1,3.259534337091009,39,0.7938
COMP_004073,2024-08-16,78,65.06,0,2.5679501667331466,47,0.7422
COMP_004074,2022-06-18,85,75.05,2,2.301426327772454,43,0.8248
COMP_004074,2023-11-09,92,78.75,0,2.8196005822582153,11,0.278
COMP_004074,2021-12-31,88,61.22,0,11.610911651070275,25,0.1778
COMP_004075,2023-11-06,69,76.29,2,6.988957993410574,12,0.232
COMP_004076,2022-12-06,69,64.8,2,1.0,8,0.3677
COMP_004076,2024-12-19,64,91.04,1,1.0,42,0.8321
COMP_004076,2020-08-20,62,79.36,2,1.0,8,0.3969
COMP_004077,2020-02-09,56,54.7,4,13.633283263730386,32,0.3081
COMP_004078,2023-07-19,98,96.25,0,2.5179948751217642,36,0.2568
COMP_004079,2021-03-12,69,95.03,1,1.9250700626466903,42,0.3583
COMP_004079,2020-02-02,79,83.85,0,5.719721396524906,17,0.3605
COMP_004079,2024-03-27,75,63.32,0,5.35248032537624,19,0.8331
COMP_004080,2021-07-11,66,62.28,1,10.817720803538151,23,0.396
COMP_004080,2020-09-28,66,80.87,2,4.1533341512438575,48,0.4644
COMP_004081,2021-02-11,54,58.49,5,2.981432723014784,22,0.827
COMP_004082,2021-11-19,76,70.2,3,7.896486780749605,31,0.4276
COMP_004083,2023-07-22,65,87.7,1,10.383146200794837,22,0.8838
COMP_004083,2020-11-01,66,75.81,0,12.259031165226162,9,0.8316
COMP_004083,2022-03-15,63,85.37,0,5.646756089043528,25,0.7814
COMP_004084,2024-07-26,56,78.88,2,19.61921781122191,45,0.6003
COMP_004084,2023-08-20,60,43.81,4,17.15849158616373,30,0.3877
COMP_004085,2022-12-31,37,50.83,5,15.946476396252597,32,0.298
COMP_004085,2022-02-03,44,77.11,3,17.19150616866583,8,0.2685
COMP_004085,2020-10-07,45,56.04,2,2.708264316866651,18,0.2112
COMP_004086,2022-06-27,80,98.17,0,7.600568225027697,16,0.4386
COMP_004086,2023-02-08,77,96.6,3,13.954796054690213,38,0.6641
COMP_004087,2024-12-08,89,71.2,0,8.340612834365258,40,0.1518
COMP_004087,2024-07-30,90,70.93,0,4.337473647278113,47,0.3107
COMP_004088,2021-10-04,77,68.83,2,1.0389140653126976,18,0.1606
COMP_004089,2022-01-27,56,70.04,2,1.6538085395880882,26,0.1347
COMP_004089,2021-09-02,51,59.86,1,2.9031143396102728,31,0.6812
COMP_004090,2023-02-02,70,82.21,2,7.875050500049156,31,0.5221
COMP_004090,2020-01-15,78,97.88,1,2.9846749873979896,6,0.8567
COMP_004090,2022-08-19,74,85.09,1,8.313938850692526,30,0.733
COMP_004091,2024-06-12,82,89.14,1,4.371477266670539,14,0.2912
COMP_004092,2023-05-01,59,76.05,2,6.721899769986086,8,0.3018
COMP_004093,2020-10-08,55,58.28,2,6.478741860408769,30,0.3531
COMP_004093,2021-09-20,54,50.93,4,13.310091135664013,33,0.4218
COMP_004093,2023-03-16,54,55.53,4,9.746338486778294,32,0.7961
COMP_004094,2021-01-04,74,81.51,1,18.296951399436164,10,0.6204
COMP_004094,2023-07-11,71,77.71,3,16.222025162355386,31,0.2848
COMP_004095,2022-01-11,71,70.27,0,12.915006590794862,39,0.5942
COMP_004096,2021-10-08,83,83.95,0,3.1985375245257766,26,0.1667
COMP_004096,2023-10-29,89,86.79,0,1.1644574070770655,13,0.7144
COMP_004097,2023-06-20,62,82.8,3,19.90436519804373,18,0.1884
COMP_004097,2023-01-20,67,61.49,3,18.90638555654049,21,0.7073
COMP_004097,2024-09-29,65,80.21,0,5.308194864649555,12,0.5647
COMP_004098,2024-05-02,61,88.56,2,11.424512477179656,26,0.4188
COMP_004098,2024-04-03,55,33.28,3,7.550063763798109,23,0.7868
COMP_004099,2023-02-15,93,69.48,0,4.474933311890952,36,0.8439
COMP_004099,2023-10-01,86,86.91,0,5.692766777795656,47,0.1921
COMP_004099,2024-12-20,93,64.57,0,7.530203987442116,29,0.461
COMP_004100,2022-05-30,92,86.07,0,12.876042770792683,15,0.7209
COMP_004100,2024-03-24,90,60.4,0,15.894288211654851,49,0.4232
COMP_004101,2024-05-21,40,39.41,2,5.553833065780952,18,0.1662
COMP_004101,2022-12-06,40,67.65,5,10.614030282648178,47,0.6695
COMP_004102,2021-01-20,71,82.19,0,1.2023856067012675,37,0.7069
COMP_004102,2022-09-20,61,63.15,1,17.525670761910213,29,0.811
COMP_004103,2022-03-29,43,40.93,5,16.48007880212694,5,0.5285
COMP_004104,2021-01-17,73,75.83,3,3.257018956568599,46,0.1289
COMP_004104,2023-10-27,79,85.45,1,7.836065758711457,15,0.2716
COMP_004104,2024-01-07,73,69.46,1,2.402051501392471,13,0.715
COMP_004105,2022-03-12,45,79.32,3,9.280512928226537,17,0.2465
COMP_004105,2024-08-18,37,65.12,5,12.032664129496048,23,0.7725
COMP_004106,2021-04-07,94,80.63,0,16.088847848962764,8,0.2232
COMP_004106,2023-08-21,92,73.54,0,19.309830431709006,33,0.4648
COMP_004106,2022-07-19,89,87.26,0,4.28580723982323,18,0.6604
COMP_004107,2024-11-06,69,78.75,1,1.284155992911311,45,0.5523
COMP_004107,2024-08-04,62,62.64,1,2.9589246384168284,33,0.5317
COMP_004108,2022-04-07,71,65.09,2,3.874800764868808,37,0.6374
COMP_004108,2021-02-28,62,75.02,2,4.369745125151147,35,0.778
COMP_004109,2021-07-01,45,67.98,2,8.264899820282354,34,0.8904
COMP_004109,2020-09-17,48,34.09,4,7.380308649595983,46,0.1838
COMP_004109,2021-02-01,45,59.48,1,13.022529427998355,28,0.6207
COMP_004110,2020-03-24,75,83.17,0,4.265297662128011,22,0.4729
COMP_004111,2020-06-27,55,34.66,5,8.336506853767297,42,0.1597
COMP_004111,2020-08-14,53,37.76,4,11.815005799002318,32,0.594
COMP_004111,2020-09-24,53,79.44,2,8.746970360262907,9,0.4848
COMP_004112,2020-09-07,69,99.64,0,9.737951825534898,45,0.4529
COMP_004113,2023-05-04,49,30.49,2,11.062920594900959,9,0.601
COMP_004113,2021-01-07,53,51.06,2,7.1187848889899845,25,0.2202
COMP_004113,2023-10-26,46,57.68,2,12.452893166317237,14,0.1179
COMP_004114,2023-04-13,36,76.58,5,1.2352791997052248,42,0.2648
COMP_004114,2020-06-14,35,49.17,1,1.492701215449259,13,0.155
COMP_004114,2020-06-17,42,37.55,1,1.6961200146231192,36,0.876
COMP_004115,2023-04-14,81,66.49,0,14.719592445537407,29,0.6231
COMP_004115,2023-01-13,81,71.04,0,16.330008186690566,16,0.623
COMP_004115,2022-09-12,78,68.97,0,10.401703105207355,10,0.1244
COMP_004116,2021-06-17,39,52.11,2,14.613795788210998,46,0.4925
COMP_004116,2023-04-03,35,49.84,3,14.040897914805276,30,0.8059
COMP_004117,2020-07-07,84,93.67,0,6.331152831060929,15,0.8071
COMP_004118,2023-02-23,82,99.27,0,5.497496019127285,22,0.849
COMP_004118,2023-10-14,83,94.6,0,3.824965471689827,7,0.8484
COMP_004118,2021-10-06,85,62.45,1,3.4854380685632522,6,0.7855
COMP_004119,2020-02-24,91,96.46,0,16.254651474611475,10,0.7349
COMP_004119,2023-10-30,89,80.3,0,11.496279707828688,47,0.3568
COMP_004119,2024-06-30,95,63.44,0,1.6384211468545598,14,0.6262
COMP_004120,2024-04-17,96,78.1,0,13.451645585613917,23,0.6025
COMP_004120,2023-02-10,90,66.06,0,9.860443437130108,36,0.7886
COMP_004121,2024-02-20,63,60.14,2,10.857369614027547,20,0.4658
COMP_004121,2021-05-29,61,98.27,3,8.334264812370165,7,0.2418
COMP_004122,2024-07-12,59,65.33,1,17.18699103433068,27,0.4345
COMP_004122,2023-03-15,59,70.21,3,18.881974715443285,40,0.8212
COMP_004123,2022-12-16,41,60.38,4,4.5058405625792695,21,0.502
COMP_004123,2020-12-14,44,69.01,1,1.1947644574786729,14,0.346
COMP_004123,2021-04-29,43,33.06,3,4.925467087557504,3,0.5397
COMP_004124,2023-03-16,56,59.13,4,5.3805677168689865,21,0.6291
COMP_004125,2021-07-19,44,34.65,1,14.027059922491631,29,0.3287
COMP_004126,2024-05-14,68,72.78,3,1.0,24,0.5637
COMP_004126,2024-04-09,63,78.6,3,1.0,12,0.4153
COMP_004126,2022-02-12,69,88.1,1,1.0,48,0.8266
COMP_004127,2021-07-07,91,67.85,0,14.311271550358,3,0.2144
COMP_004128,2020-02-03,73,98.6,2,1.5350170103479681,24,0.8773
COMP_004129,2023-12-07,42,49.43,5,3.675661120677188,43,0.3835
COMP_004130,2022-12-06,43,55.01,3,16.77615446443336,44,0.8725
COMP_004130,2020-04-12,42,67.73,2,1.3912949838698503,18,0.4306
COMP_004131,2022-02-16,63,76.24,2,11.472224155490398,19,0.8513
COMP_004132,2020-01-10,65,94.62,2,5.08438576529427,15,0.6239
COMP_004133,2022-05-20,78,68.91,1,14.551624872624085,26,0.4206
COMP_004134,2024-12-11,81,80.4,0,6.125698018941754,44,0.6703
COMP_004134,2020-03-23,76,64.23,0,7.297686277952049,46,0.327
COMP_004134,2021-05-08,75,62.88,0,8.455040616090619,28,0.4109
COMP_004135,2023-04-20,84,73.86,0,3.410158260057056,9,0.1656
COMP_004136,2022-01-23,62,66.57,1,16.0241889616374,16,0.2164
COMP_004136,2021-05-30,59,60.5,4,6.414020612718573,8,0.4153
COMP_004136,2024-10-24,59,47.88,3,16.280330807454412,32,0.7908
COMP_004137,2024-08-28,93,73.1,0,16.484607205101874,34,0.3906
COMP_004138,2022-09-23,59,40.07,2,11.226153528364751,9,0.2693
COMP_004138,2023-12-30,56,59.84,1,11.93255236455731,13,0.1755
COMP_004138,2022-01-15,59,75.64,5,6.562011138414709,47,0.7731
COMP_004139,2023-12-22,81,74.76,0,12.557062325242635,40,0.5575
COMP_004139,2023-05-04,86,77.94,0,10.997703505131273,8,0.5694
COMP_004139,2023-09-22,83,96.17,0,1.4187197866579562,33,0.2424
COMP_004140,2021-02-03,78,64.02,3,14.636173546187404,13,0.5842
COMP_004140,2022-10-09,74,76.97,0,1.6087842001379453,29,0.1531
COMP_004140,2021-05-12,74,99.32,1,8.5009427060156,8,0.8366
COMP_004141,2022-03-02,68,78.19,3,6.656148625468248,12,0.2822
COMP_004141,2022-03-08,73,97.41,1,1.6996169943746504,24,0.2241
COMP_004142,2024-12-25,95,69.05,0,14.620099665352141,30,0.1531
COMP_004142,2021-05-29,87,63.51,0,17.65317342473324,22,0.674
COMP_004142,2023-12-28,90,95.61,0,9.855215260875642,22,0.1264
COMP_004143,2020-05-02,41,40.42,3,6.203993254699736,6,0.1926
COMP_004143,2022-03-03,40,57.3,1,15.932515377600868,43,0.1992
COMP_004144,2022-11-08,46,47.48,1,19.718817868654533,45,0.3223
COMP_004145,2024-03-09,87,74.79,0,7.883368118157831,48,0.3235
COMP_004145,2020-04-10,87,68.84,0,7.2027679780498834,4,0.7001
COMP_004146,2021-08-29,38,68.87,5,13.915954036095915,50,0.7903
COMP_004146,2022-06-13,40,65.1,4,15.287597489198802,6,0.4325
COMP_004147,2020-01-11,50,66.16,5,19.19730947748954,10,0.2582
COMP_004147,2020-10-16,51,63.49,2,2.238449084825575,37,0.5567
COMP_004148,2021-10-13,66,84.44,1,16.039497414035164,50,0.3258
COMP_004149,2021-04-22,66,98.05,1,9.125767430862087,30,0.4452
COMP_004149,2022-03-28,67,65.12,2,4.219301812725265,33,0.2008
COMP_004150,2022-12-31,75,77.98,3,13.299118082434081,45,0.1855
COMP_004151,2023-10-05,86,73.01,0,13.817884118648404,29,0.3493
COMP_004152,2022-02-25,73,92.5,3,1.7370394292069116,13,0.5859
COMP_004152,2020-07-03,67,75.85,1,1.9727206836030982,41,0.3608
COMP_004153,2020-12-12,83,65.6,0,3.2792979414658214,8,0.376
COMP_004154,2024-05-24,60,66.67,3,18.563997601217515,34,0.266
COMP_004154,2022-01-24,53,71.83,1,5.176845741348824,30,0.1058
COMP_004155,2020-09-22,74,73.37,2,6.621143892989556,28,0.5546
COMP_004155,2022-08-01,81,88.89,0,1.7688767489089599,19,0.8035
COMP_004156,2024-01-20,90,67.22,0,18.490191679054906,50,0.7196
COMP_004156,2020-06-17,90,98.94,0,7.913250539238232,23,0.2743
COMP_004156,2020-08-15,83,79.64,0,18.528272598438544,42,0.8924
COMP_004157,2024-02-08,65,60.84,1,7.313846140887776,23,0.5711
COMP_004157,2022-05-18,58,60.62,1,14.444438169439657,16,0.2665
COMP_004158,2021-12-30,62,75.01,3,8.627715298731246,39,0.7874
COMP_004159,2021-06-20,95,70.4,0,1.8305284668424604,31,0.4471
COMP_004159,2023-10-10,95,63.48,0,14.585814214906442,49,0.1157
COMP_004159,2021-05-23,98,92.19,0,15.787349987571039,17,0.1616
COMP_004160,2022-05-25,78,94.48,0,9.583422076031946,49,0.1855
COMP_004161,2022-05-17,84,87.79,0,11.766719755919388,8,0.2307
COMP_004161,2021-12-18,84,95.86,0,11.607708658424206,47,0.6091
COMP_004162,2023-03-05,90,65.7,0,1.3159954625120913,6,0.792
COMP_004162,2020-01-08,96,79.52,0,1.1953429627444325,10,0.8299
COMP_004162,2020-11-17,95,90.82,0,1.2083963301473917,16,0.8274
COMP_004163,2024-11-27,68,89.26,1,5.230122516670683,23,0.41
COMP_004164,2021-01-18,43,55.23,5,11.441110464345511,18,0.6407
COMP_004165,2023-08-17,50,38.4,4,6.045146176979862,26,0.4623
COMP_004165,2021-12-11,50,58.57,4,17.602677546736132,23,0.378
COMP_004166,2023-12-24,67,63.78,1,8.145609180709819,46,0.6504
COMP_004167,2020-05-09,68,81.68,2,9.138134857405719,5,0.3429
COMP_004167,2022-04-05,72,84.86,3,3.1878451263785594,42,0.4155
COMP_004168,2024-05-18,53,43.12,5,17.43145697959926,47,0.1732
COMP_004169,2023-10-22,54,35.47,3,8.011170685633548,28,0.2335
COMP_004170,2021-05-03,95,71.3,0,8.225071807829831,22,0.5727
COMP_004170,2023-11-21,96,89.87,0,13.226146984684693,12,0.5901
COMP_004171,2024-04-27,47,53.26,3,19.921191280365527,21,0.3852
COMP_004171,2024-10-08,43,32.8,5,14.286634014569135,17,0.898
COMP_004172,2020-04-22,76,88.86,1,8.17916523266684,44,0.2181
COMP_004173,2023-10-18,79,89.24,2,6.77847684055433,35,0.7434
COMP_004174,2023-12-27,82,85.88,0,1.0,49,0.2158
COMP_004175,2023-04-23,68,79.34,3,1.857057395020298,47,0.4307
COMP_004175,2024-01-05,65,80.56,3,5.2240451512473225,4,0.8184
COMP_004176,2020-10-12,52,78.99,5,6.908179250096597,9,0.4074
COMP_004177,2022-05-23,55,32.69,3,18.114434431939053,29,0.7937
COMP_004178,2020-02-17,58,61.07,5,3.985358718930646,28,0.5919
COMP_004178,2024-08-12,57,78.09,1,14.05561492815499,47,0.1027
COMP_004179,2024-03-27,69,87.74,0,1.0,30,0.5491
COMP_004179,2022-06-14,66,96.01,3,1.0,29,0.7702
COMP_004179,2023-07-15,64,83.05,3,1.0,25,0.6398
COMP_004180,2022-08-03,56,35.49,2,8.243021927489172,49,0.8925
COMP_004180,2021-06-07,57,69.07,1,2.798278877004142,50,0.7318
COMP_004180,2024-11-24,56,54.92,1,2.842205545401847,26,0.351
COMP_004181,2021-10-01,55,72.32,1,1.3804971813068752,10,0.1872
COMP_004181,2020-10-11,58,37.47,5,4.125999614408078,45,0.5202
COMP_004182,2023-09-24,90,80.08,0,17.650947017627118,40,0.7069
COMP_004183,2023-01-28,83,60.21,0,5.239643871948638,41,0.2804
COMP_004183,2021-01-30,85,82.96,0,4.048491337352338,7,0.5181
COMP_004184,2023-03-08,78,87.32,3,19.976785723606145,30,0.5148
COMP_004185,2024-07-27,95,92.81,0,2.6607291042743815,29,0.8527
COMP_004185,2020-11-07,95,85.26,0,5.9640333537477215,21,0.2325
COMP_004185,2024-12-02,95,94.63,0,1.4863447077208338,7,0.7204
COMP_004186,2020-09-13,81,60.13,0,5.528174488013797,49,0.7824
COMP_004186,2020-05-23,85,91.42,0,3.270801516899886,30,0.7148
COMP_004186,2024-09-18,82,65.32,0,12.308817109558671,21,0.3703
COMP_004187,2021-02-12,49,57.74,3,5.612931701808271,50,0.1859
COMP_004187,2024-12-13,48,69.0,4,6.160586768208706,3,0.496
COMP_004188,2023-11-25,82,81.91,0,8.67296604155409,30,0.871
COMP_004188,2021-06-16,76,95.05,3,2.4471431122617524,8,0.239
COMP_004189,2021-09-23,44,39.15,3,5.833929934150348,12,0.48
COMP_004189,2023-01-17,38,55.91,3,3.3230881686043983,13,0.7012
COMP_004189,2020-10-23,44,63.24,5,3.3091204577421127,23,0.5359
COMP_004190,2023-11-29,88,75.1,1,7.228744587647129,50,0.7183
COMP_004190,2022-09-22,94,61.44,2,12.199948515873414,23,0.407
COMP_004190,2020-11-27,89,91.27,0,1.3026847401968387,7,0.7511
COMP_004191,2022-09-09,37,34.64,2,7.127303901201653,4,0.7395
COMP_004191,2022-06-24,37,70.27,2,13.140332968638528,26,0.5565
COMP_004191,2022-11-26,39,50.6,4,18.733515335192127,32,0.2605
COMP_004192,2021-12-22,85,60.31,0,2.6008921575584036,20,0.4133
COMP_004192,2023-01-19,86,75.28,0,8.97272343814258,26,0.6661
COMP_004193,2021-07-30,78,89.01,0,1.0,39,0.3939
COMP_004193,2021-10-25,83,67.24,0,1.0,28,0.4425
COMP_004193,2024-07-03,73,69.66,2,1.0,37,0.6929
COMP_004194,2020-11-03,79,84.57,3,1.816173274865759,42,0.2165
COMP_004194,2021-07-03,76,93.71,3,6.833856061968342,5,0.6172
COMP_004194,2021-05-01,79,60.95,2,11.748632407349369,35,0.1543
COMP_004195,2024-12-03,47,70.48,2,10.525692457627212,14,0.6143
COMP_004195,2020-10-24,40,47.15,5,12.732711227574038,33,0.5094
COMP_004195,2023-02-18,46,68.12,3,16.373688112350088,30,0.1416
COMP_004196,2021-09-11,36,30.96,3,19.979648018599956,10,0.5306
COMP_004197,2023-09-12,96,93.71,0,19.217655406060334,43,0.6956
COMP_004197,2020-10-27,88,63.42,0,1.2691145214010713,10,0.5807
COMP_004198,2020-04-04,62,73.38,1,16.627420935097074,37,0.5073
COMP_004199,2020-09-14,80,73.1,2,15.993249875467628,28,0.4366
COMP_004200,2021-02-15,80,71.82,0,18.46163339640185,33,0.3593
COMP_004200,2021-05-23,81,75.04,0,9.01740462974113,35,0.3991
COMP_004200,2023-08-15,78,96.7,2,6.279688712092499,29,0.4301
COMP_004201,2024-10-09,89,74.44,0,4.514981267318807,41,0.1853
COMP_004202,2024-11-15,44,34.02,1,9.768689273368357,46,0.4039
COMP_004203,2023-04-03,57,49.13,4,16.47689780724879,25,0.7892
COMP_004203,2021-09-27,60,44.65,1,1.1847197885584022,20,0.3113
COMP_004204,2021-04-19,71,88.91,1,17.241965824688837,34,0.863
COMP_004204,2021-06-09,71,61.76,2,8.695768896658786,18,0.5239
COMP_004205,2024-11-11,86,79.85,0,15.15113627253345,49,0.4314
COMP_004206,2020-12-06,97,76.07,0,3.0954277255977276,43,0.591
COMP_004206,2021-05-29,88,69.23,0,19.99815496753382,42,0.4896
COMP_004206,2024-07-07,88,81.36,0,18.871976353799,44,0.8843
COMP_004207,2020-02-04,60,31.23,5,5.605861663141411,31,0.7102
COMP_004207,2022-11-08,59,74.73,1,7.270745554956542,44,0.8325
COMP_004207,2023-04-14,62,60.91,3,11.127968721980645,39,0.26
COMP_004208,2020-04-14,53,36.54,1,3.27448058815779,47,0.4851
COMP_004208,2022-11-06,48,53.33,4,1.3382862349255678,22,0.7826
COMP_004209,2023-03-23,72,62.11,3,15.059287245138524,21,0.8452
COMP_004210,2022-01-26,68,83.7,2,9.453681409824453,44,0.1322
COMP_004211,2021-07-02,74,91.8,3,2.148478447243816,35,0.1697
COMP_004211,2021-12-26,66,75.27,3,4.0169591376922105,5,0.7512
COMP_004211,2022-04-24,65,92.93,0,6.300169315823303,17,0.2561
COMP_004212,2023-10-21,73,60.79,0,19.384633693788732,24,0.7639
COMP_004213,2024-03-10,61,86.9,1,7.268173385925394,43,0.8252
COMP_004213,2024-07-05,60,30.72,5,7.726569183108268,41,0.1769
COMP_004213,2021-09-17,51,59.59,1,16.264554337206015,14,0.1079
COMP_004214,2022-04-26,81,87.73,2,6.938525622942031,30,0.4839
COMP_004214,2023-09-19,79,74.76,1,11.342084348111248,37,0.4009
COMP_004215,2023-03-04,54,72.39,5,5.71611526370617,21,0.2489
COMP_004215,2020-11-30,50,58.18,1,6.843830158974285,37,0.3403
COMP_004215,2024-12-06,57,50.42,4,11.382518719057982,42,0.8812
COMP_004216,2022-11-21,94,91.55,2,9.99455954387695,31,0.8218
COMP_004217,2022-01-02,66,61.05,0,1.6918570228195744,21,0.1932
COMP_004217,2023-02-03,59,50.04,5,19.996508779079747,17,0.5827
COMP_004217,2022-08-05,66,73.24,0,11.509332715090869,41,0.7066
COMP_004218,2021-02-28,54,55.91,4,4.830892312025851,45,0.2961
COMP_004219,2024-02-23,76,63.1,3,1.0,48,0.1291
COMP_004219,2023-10-25,81,75.26,0,1.0,3,0.4306
COMP_004219,2022-07-23,83,70.44,0,1.0,45,0.2106
COMP_004220,2024-04-24,60,48.97,5,11.514293853758359,34,0.8398
COMP_004220,2023-11-10,62,70.09,1,6.947560401365469,21,0.189
COMP_004221,2023-04-21,47,78.19,5,4.633726562090372,38,0.3682
COMP_004221,2020-05-02,47,79.94,4,16.961919527344605,18,0.5703
COMP_004222,2023-07-24,71,74.73,1,5.641237012223129,41,0.8816
COMP_004223,2023-02-18,53,60.3,3,7.882601946109044,22,0.6209
COMP_004224,2024-10-31,63,62.54,3,5.175895273809821,27,0.8573
COMP_004224,2021-09-09,56,57.95,1,7.141545023477114,29,0.8423
COMP_004224,2024-11-19,55,75.83,1,15.616199207381973,41,0.5932
COMP_004225,2023-12-21,84,73.77,2,9.073049960102944,18,0.2116
COMP_004226,2024-11-18,45,50.44,3,13.630464584239007,46,0.2199
COMP_004227,2022-05-03,50,73.16,5,9.114335145225125,8,0.8275
COMP_004227,2021-11-14,48,52.66,4,13.618103175888896,8,0.4695
COMP_004227,2022-09-09,47,34.94,3,6.5962197069521515,3,0.3709
COMP_004228,2020-04-15,60,74.92,3,4.0452900769923925,48,0.7856
COMP_004228,2021-05-08,59,68.75,5,16.83885555082508,25,0.7273
COMP_004229,2021-05-23,67,96.08,0,9.99820665392967,24,0.1856
COMP_004229,2020-12-26,61,77.46,2,14.007860508225615,33,0.8521
COMP_004229,2021-03-16,64,95.28,2,16.116710610953362,15,0.5537
COMP_004230,2023-07-21,45,72.14,5,7.791789150952039,21,0.4029
COMP_004230,2023-04-21,44,35.1,2,7.115302228960053,6,0.6238
COMP_004231,2021-03-23,44,34.29,2,5.833269070092216,10,0.7217
COMP_004232,2023-11-09,66,89.17,0,15.217636485824375,42,0.727
COMP_004232,2022-02-19,67,86.19,0,2.4917477654416262,24,0.1849
COMP_004232,2023-06-13,69,89.96,2,10.424765665512917,18,0.4686
COMP_004233,2020-03-07,68,92.77,0,6.533083042154065,46,0.7419
COMP_004233,2024-09-13,64,82.77,0,17.957095439694083,6,0.4623
COMP_004234,2024-02-21,76,98.79,2,12.097294736081446,5,0.7629
COMP_004235,2020-01-28,79,94.15,2,13.542809452772469,33,0.6948
COMP_004236,2024-04-13,80,78.76,3,19.48593978121464,4,0.7363
COMP_004237,2020-01-22,45,37.06,2,6.812598431831268,40,0.529
COMP_004237,2024-03-09,49,57.6,2,14.297745429808623,43,0.2162
COMP_004238,2022-05-01,70,70.65,2,15.104414710583312,24,0.8891
COMP_004238,2023-08-31,65,87.52,3,5.725511109524331,35,0.1656
COMP_004239,2020-10-09,95,94.99,0,9.935697025549281,18,0.2899
COMP_004239,2020-08-28,96,84.77,0,14.294742907038124,46,0.1637
COMP_004239,2023-07-23,94,73.84,0,19.757893261259447,39,0.6863
COMP_004240,2020-04-22,56,37.03,2,10.581716144045577,28,0.1619
COMP_004241,2022-01-11,66,73.74,1,4.728918289185125,46,0.5513
COMP_004241,2021-05-19,61,75.19,0,5.123147779856252,40,0.704
COMP_004242,2021-01-03,69,80.26,2,13.347384574202971,13,0.3681
COMP_004242,2022-06-04,66,76.84,2,3.6075890102473798,47,0.8516
COMP_004243,2024-02-28,92,89.58,0,4.113979180994589,32,0.5174
COMP_004243,2020-07-10,85,95.4,2,7.8302575521079625,36,0.8215
COMP_004244,2023-01-12,72,83.98,2,15.195024486441547,47,0.3468
COMP_004244,2020-11-18,68,62.73,3,5.134028536662463,49,0.2216
COMP_004244,2022-05-04,73,89.48,1,6.953595292522075,37,0.8611
COMP_004245,2024-02-23,58,74.03,5,10.363687619254469,20,0.4188
COMP_004246,2021-06-05,84,62.67,0,11.488217987982045,41,0.1467
COMP_004246,2020-08-15,84,80.65,0,17.677870613050445,7,0.633
COMP_004247,2022-08-12,83,71.75,0,1.6824715089135256,25,0.848
COMP_004247,2021-01-19,82,62.43,0,9.881656018137306,10,0.5158
COMP_004248,2024-01-04,64,79.44,0,6.5149080379106294,25,0.4357
COMP_004248,2020-09-29,59,53.9,1,6.6774516294745245,13,0.5723
COMP_004248,2022-03-14,66,96.9,2,2.8884042222119604,48,0.3982
COMP_004249,2020-04-02,60,36.08,1,14.977046558895607,10,0.1055
COMP_004249,2021-11-07,58,76.01,2,5.456963893472122,42,0.2076
COMP_004250,2021-05-11,78,80.02,2,15.54089688273838,38,0.3056
COMP_004250,2024-05-16,76,77.19,2,10.509050326395908,43,0.2189
COMP_004251,2020-05-19,59,55.76,1,1.3728165179489196,9,0.3364
COMP_004251,2020-10-28,64,79.85,0,1.1135028523210133,32,0.5973
COMP_004252,2023-05-13,91,91.41,0,6.357065101210663,26,0.3465
COMP_004253,2020-06-03,49,41.52,2,1.4515027818640638,43,0.4009
COMP_004254,2024-01-21,70,71.73,0,11.49791116583533,37,0.5256
COMP_004254,2024-12-13,75,88.62,0,7.0610982324232605,27,0.4037
COMP_004254,2022-10-19,66,95.61,2,13.82224443100171,20,0.6412
COMP_004255,2024-08-05,80,78.26,2,4.313825501344711,7,0.3204
COMP_004255,2020-04-17,85,80.65,0,3.2764208049006913,40,0.1593
COMP_004255,2023-01-06,79,81.63,3,5.1957670263160125,16,0.6618
COMP_004256,2022-05-26,43,62.81,5,6.156057370849564,17,0.8399
COMP_004257,2024-03-30,50,39.92,5,15.208512727616826,48,0.1934
COMP_004257,2020-06-07,50,75.77,3,16.528938720559964,17,0.5167
COMP_004258,2021-01-30,41,50.78,1,13.908394842941899,19,0.7297
COMP_004258,2023-11-17,45,66.13,5,7.095788288095992,5,0.2794
COMP_004258,2024-04-30,43,55.68,4,12.099995240446784,45,0.5203
COMP_004259,2022-12-04,80,61.65,2,1.1709930966249242,28,0.2735
COMP_004260,2022-05-08,61,75.72,0,4.6519824417717155,21,0.8606
COMP_004260,2024-11-13,57,54.92,3,19.4826829953067,19,0.2297
COMP_004260,2020-04-08,61,80.92,2,12.854212158850586,35,0.7348
COMP_004261,2023-07-06,55,45.47,1,5.1995483730393435,5,0.508
COMP_004262,2021-11-20,85,99.55,2,5.731311895341495,8,0.368
COMP_004262,2021-01-05,81,62.36,0,6.130325242134511,15,0.2225
COMP_004263,2020-08-12,80,70.91,3,17.03584342295177,9,0.5241
COMP_004263,2022-01-23,77,60.71,1,12.722466899323049,27,0.217
COMP_004263,2022-01-03,70,63.28,1,11.31426040719155,47,0.8272
COMP_004264,2021-02-23,79,72.02,0,6.708711790124988,47,0.2064
COMP_004264,2020-04-29,79,84.4,0,2.03316095746777,47,0.6569
COMP_004264,2024-10-20,78,91.64,1,8.536216168919331,20,0.6171
COMP_004265,2024-06-06,56,68.08,2,2.52785344235729,29,0.4216
COMP_004265,2021-10-13,63,68.15,0,2.0360627866041785,38,0.3231
COMP_004265,2021-04-24,57,42.74,3,9.804106435324421,47,0.6231
COMP_004266,2022-02-08,47,64.49,3,17.454774846549334,49,0.374
COMP_004267,2021-06-09,70,75.16,2,3.6273487908000814,35,0.5852
COMP_004267,2021-11-12,75,61.78,3,11.976582352678518,50,0.3426
COMP_004268,2023-02-17,51,65.72,5,19.57087960147362,18,0.1724
COMP_004268,2023-12-29,55,36.02,5,4.211206228157616,13,0.1296
COMP_004268,2021-11-27,48,44.78,3,14.590865557405104,30,0.775
COMP_004269,2020-01-05,40,71.45,1,18.628399390524887,17,0.5611
COMP_004269,2021-04-15,40,48.86,2,11.645316131784826,5,0.5224
COMP_004270,2020-11-26,69,91.26,2,9.314321997102057,16,0.4151
COMP_004271,2023-07-26,85,84.17,0,7.042200075659358,17,0.6687
COMP_004271,2022-01-13,89,94.64,0,3.9254170885557986,46,0.7906
COMP_004272,2021-08-08,85,70.95,1,1.977702447899388,41,0.5557
COMP_004272,2024-07-29,94,97.52,0,3.9137059239144856,25,0.2498
COMP_004273,2023-05-06,79,92.01,3,3.011916831984385,31,0.4841
COMP_004273,2021-07-03,89,98.32,0,4.72907690358379,47,0.4277
COMP_004274,2020-09-02,77,65.87,0,11.470491175735589,15,0.5428
COMP_004274,2022-08-15,71,90.53,0,15.265370762904153,8,0.6933
COMP_004275,2022-06-23,84,73.36,0,13.365246401775888,50,0.2934
COMP_004276,2024-12-16,85,95.91,0,5.923485300555466,48,0.4722
COMP_004277,2024-12-25,79,66.07,2,13.110816955941585,19,0.3571
COMP_004277,2023-07-24,71,95.84,1,2.099099246315358,18,0.7627
COMP_004277,2022-12-17,73,67.9,3,11.361744794142892,8,0.7211
COMP_004278,2020-05-19,80,84.96,0,14.797576566084178,26,0.3229
COMP_004279,2024-10-04,66,93.99,3,14.303857396188373,18,0.1706
COMP_004279,2021-08-26,62,86.55,0,9.818779827459055,13,0.3256
COMP_004280,2023-05-03,63,77.36,1,16.209560197770102,14,0.178
COMP_004280,2023-08-01,56,56.67,1,7.915540412771227,25,0.5903
COMP_004281,2023-01-04,56,37.79,3,4.868724796080327,46,0.7973
COMP_004282,2023-04-16,96,79.46,0,18.367072045073513,23,0.8062
COMP_004282,2021-05-30,87,88.84,0,11.097451848726736,23,0.5127
COMP_004283,2021-07-01,70,79.03,3,15.26864036648729,14,0.3732
COMP_004283,2021-08-07,69,86.45,0,2.0837338888388706,14,0.2014
COMP_004283,2023-09-29,69,81.25,1,8.048402873785932,5,0.1521
COMP_004284,2022-11-10,59,69.95,3,6.822333899043616,5,0.5753
COMP_004285,2023-08-04,62,74.32,0,13.685296781277847,32,0.6238
COMP_004285,2022-10-01,62,62.73,2,1.866170382796446,47,0.7961
COMP_004285,2020-01-28,54,36.73,3,7.364059240052044,46,0.3902
COMP_004286,2020-08-03,81,70.05,0,17.42652601842105,35,0.3098
COMP_004287,2022-05-10,46,54.04,2,12.412704067187262,15,0.4509
COMP_004287,2022-04-16,50,34.07,5,6.432352494627644,10,0.1747
COMP_004287,2023-10-05,54,64.06,4,11.258584323987282,41,0.193
COMP_004288,2020-01-18,56,71.11,2,1.5631568615442966,12,0.8502
COMP_004288,2020-09-06,55,68.28,4,3.558562079631721,21,0.6516
COMP_004288,2022-05-23,53,38.34,3,2.263451818300269,36,0.3755
COMP_004289,2022-08-27,73,90.52,0,13.43018152045146,29,0.882
COMP_004289,2021-07-22,73,93.91,3,1.2101346449025132,9,0.3299
COMP_004289,2024-02-16,69,78.49,2,6.1499703235902174,10,0.1821
COMP_004290,2021-10-14,88,88.09,0,2.6913806280158235,26,0.561
COMP_004290,2024-02-05,82,77.31,1,12.819742877996228,41,0.152
COMP_004290,2024-10-06,84,67.87,0,7.114559597117866,12,0.311
COMP_004291,2020-02-07,69,89.83,0,3.216286501766578,32,0.841
COMP_004291,2022-03-09,72,75.61,1,1.9690032081924005,29,0.1581
COMP_004291,2024-08-22,73,91.78,2,3.59614513303645,39,0.3557
COMP_004292,2023-11-16,68,76.32,1,5.329494125894371,44,0.1509
COMP_004293,2023-07-07,52,42.83,4,4.969996768696533,40,0.2301
COMP_004293,2021-03-09,46,58.38,1,2.5361751479979273,23,0.6666
COMP_004294,2024-08-09,93,65.64,0,1.4795050236254113,32,0.4875
COMP_004294,2023-08-13,93,77.23,0,6.3301453336127445,44,0.1211
COMP_004294,2021-01-15,90,86.12,0,12.078705151706778,40,0.476
COMP_004295,2024-08-08,50,32.71,4,2.043971951542579,39,0.2963
COMP_004295,2020-12-16,55,49.09,4,5.573831256653227,3,0.7987
COMP_004296,2021-04-09,57,34.65,5,5.879145520196675,41,0.7627
COMP_004297,2024-06-14,84,90.91,0,2.9102234958378435,39,0.8456
COMP_004297,2021-05-18,91,81.28,0,10.482335138228512,50,0.3024
COMP_004298,2020-03-06,65,97.06,3,2.46099313458596,45,0.2009
COMP_004298,2020-02-04,62,96.37,2,2.1639414146883897,26,0.658
COMP_004298,2023-07-17,65,83.1,0,2.906801998023874,5,0.5443
COMP_004299,2023-06-17,76,82.3,2,18.420018288225492,4,0.6794
COMP_004299,2024-05-30,67,88.51,3,16.552935080202225,37,0.1192
COMP_004300,2023-03-17,78,86.35,3,18.783434686716426,48,0.1069
COMP_004300,2021-06-13,74,73.15,2,12.115818303128115,32,0.8803
COMP_004300,2022-10-26,75,91.36,1,1.116133192375956,28,0.6739
COMP_004301,2021-06-24,45,76.8,4,6.971337581673874,11,0.4341
COMP_004301,2024-01-15,41,34.9,5,9.707712955913493,23,0.861
COMP_004302,2020-01-22,66,98.44,2,11.713839960039051,50,0.482
COMP_004303,2021-01-10,73,60.72,2,14.057871564915118,10,0.2489
COMP_004303,2023-10-31,70,89.64,3,2.7939692945484884,10,0.882
COMP_004303,2024-09-13,73,77.14,2,16.73017778900936,18,0.7871
COMP_004304,2022-03-17,68,83.11,2,1.719998624447146,27,0.3799
COMP_004304,2023-06-09,68,68.87,2,1.9467008503922258,13,0.5909
COMP_004304,2022-11-24,64,79.99,1,1.261834796808724,25,0.8548
COMP_004305,2024-10-25,89,74.61,0,2.650680982458027,38,0.3203
COMP_004305,2023-01-12,83,61.96,0,1.3383894106795629,24,0.3201
COMP_004305,2022-11-25,87,66.29,0,1.7062487481824733,34,0.666
COMP_004306,2020-08-21,62,74.32,0,13.192964671560226,34,0.3115
COMP_004306,2021-09-03,68,72.59,0,9.680833866210069,36,0.2498
COMP_004307,2024-12-29,74,62.82,2,2.0816983001338745,28,0.7888
COMP_004307,2023-07-20,77,76.92,0,2.951757028619838,19,0.6133
COMP_004308,2022-05-08,83,66.46,0,8.020615631165455,46,0.2447
COMP_004308,2023-02-10,81,85.65,2,5.929472360565697,21,0.7582
COMP_004309,2020-01-06,58,54.05,4,4.495235894395975,19,0.6046
COMP_004309,2021-04-08,60,31.2,1,16.564442488507026,9,0.3764
COMP_004310,2023-05-21,74,81.7,1,3.3411241196108357,40,0.3537
COMP_004310,2022-12-08,71,65.97,1,3.1158334899315943,42,0.1214
COMP_004311,2023-05-04,61,91.98,1,2.6031838614432505,45,0.2587
COMP_004311,2023-05-14,60,43.75,2,12.469866630350063,39,0.83
COMP_004312,2022-09-15,52,47.21,2,18.210067801568226,30,0.3061
COMP_004312,2022-06-12,50,43.36,5,5.30939491310588,45,0.8113
COMP_004313,2021-08-11,56,38.59,5,6.908235335399191,17,0.6906
COMP_004313,2021-11-12,57,39.2,2,5.176168006766293,45,0.1163
COMP_004314,2024-12-02,78,80.62,2,6.8735132348064525,17,0.4741
COMP_004315,2023-12-19,70,82.01,3,18.18284481705875,24,0.8039
COMP_004315,2024-07-02,66,67.93,0,3.6408023185612866,29,0.5618
COMP_004315,2021-03-22,69,77.28,3,8.733569575523745,15,0.5737
COMP_004316,2020-02-11,46,77.63,2,3.045725444360442,11,0.2466
COMP_004316,2021-02-23,42,66.42,5,9.698754795154953,3,0.8953
COMP_004316,2023-07-24,45,38.47,5,10.95544154087166,35,0.2575
COMP_004317,2020-07-31,87,84.77,0,17.51787538120877,48,0.2405
COMP_004318,2020-01-20,54,41.98,3,4.552166739851393,45,0.804
COMP_004318,2023-12-05,56,72.04,4,1.1102699168545134,47,0.6359
COMP_004318,2020-01-04,50,72.64,5,5.186687771797299,20,0.2859
COMP_004319,2021-03-09,68,68.7,2,2.3203881367375394,34,0.7631
COMP_004319,2023-06-14,65,92.08,3,1.2618723035015118,12,0.6786
COMP_004319,2024-04-27,69,71.18,3,2.276126109283241,38,0.4534
COMP_004320,2024-09-01,90,98.35,0,10.664674706240275,46,0.1346
COMP_004320,2022-09-18,87,84.41,0,10.364179986411324,24,0.3831
COMP_004321,2023-07-26,73,68.82,1,13.433680551099627,3,0.7567
COMP_004321,2021-12-23,67,83.07,0,7.777321934243416,29,0.493
COMP_004322,2022-07-02,49,35.39,2,2.5616362599763125,27,0.671
COMP_004322,2020-07-19,42,76.58,4,2.4349235670619374,21,0.356
COMP_004323,2023-02-17,83,89.76,0,2.276449427020546,20,0.4227
COMP_004324,2022-10-11,55,69.34,2,2.2088734276558686,47,0.6159
COMP_004325,2021-06-05,48,46.42,2,5.382008752138547,24,0.6857
COMP_004326,2021-12-10,76,70.53,3,10.692102409652513,31,0.3741
COMP_004326,2020-04-11,76,99.29,2,11.72427402249642,44,0.1093
COMP_004326,2024-12-31,75,98.42,0,10.345585787230565,49,0.5443
COMP_004327,2022-12-14,83,60.76,0,2.9479210903947317,20,0.5284
COMP_004327,2022-11-15,90,61.12,0,1.7447203321320617,24,0.2476
COMP_004327,2022-12-03,83,86.38,0,5.535565997054832,22,0.5846
COMP_004328,2024-11-21,48,53.75,1,4.413244360433069,14,0.737
COMP_004329,2024-08-12,82,65.39,0,13.833613383071194,21,0.7463
COMP_004330,2020-07-18,73,83.0,1,10.987523559763588,20,0.1392
COMP_004330,2022-01-09,73,85.95,1,18.788475412381775,33,0.7274
COMP_004330,2021-01-05,79,93.46,1,19.021758361651603,24,0.2205
COMP_004331,2022-12-16,91,87.39,0,12.9677628194101,5,0.3173
COMP_004331,2021-10-27,91,89.8,0,4.553302585637594,34,0.2369
COMP_004331,2021-05-20,88,85.3,0,6.523683090718329,32,0.8535
COMP_004332,2024-06-06,98,74.74,0,2.0523913877169555,38,0.5363
COMP_004332,2020-12-08,98,93.57,0,6.0556759088952,39,0.509
COMP_004332,2022-01-26,94,87.83,0,12.69721611400221,18,0.3468
COMP_004333,2020-12-27,88,62.3,0,12.10618329252312,28,0.6918
COMP_004334,2024-05-14,84,85.65,0,7.288749550981039,36,0.1922
COMP_004335,2022-10-01,75,65.07,1,7.840428048592313,13,0.5257
COMP_004336,2022-05-11,54,59.38,2,5.704224335886195,33,0.8739
COMP_004336,2021-10-12,45,49.16,3,1.7238909088645475,16,0.1011
COMP_004336,2021-11-02,53,59.37,5,4.205689085212956,24,0.3491
COMP_004337,2024-11-28,49,35.55,2,2.0809747758214465,37,0.2198
COMP_004337,2022-02-27,42,37.09,4,2.5150725047449827,27,0.3128
COMP_004338,2024-03-04,64,91.48,1,1.0,29,0.2844
COMP_004339,2021-04-18,94,89.12,0,9.982114450806282,41,0.3868
COMP_004340,2024-05-25,51,47.83,1,17.9321013869499,23,0.8684
COMP_004341,2021-11-11,51,53.59,2,1.4495265179682026,13,0.5677
COMP_004341,2020-08-31,50,55.67,5,2.504090743445043,28,0.8794
COMP_004342,2022-11-02,84,63.79,0,4.716785339611739,14,0.8371
COMP_004342,2023-07-03,84,78.47,0,4.675280784219757,5,0.2351
COMP_004343,2021-10-22,65,86.47,1,8.147142747820112,28,0.8411
COMP_004344,2022-06-11,53,57.12,5,2.9696882171563943,45,0.7495
COMP_004344,2020-01-12,52,39.02,3,5.917420622979667,29,0.8063
COMP_004344,2024-11-04,53,41.56,3,5.101858816860021,10,0.4249
COMP_004345,2021-03-05,78,66.93,0,9.575511604881468,40,0.849
COMP_004345,2022-11-10,77,98.67,3,5.874411404881954,18,0.2052
COMP_004345,2022-10-10,80,63.56,2,10.441280171171393,26,0.6762
COMP_004346,2023-01-10,42,45.25,5,1.2644679366871294,31,0.6739
COMP_004347,2023-03-19,64,98.56,0,8.543183660799707,31,0.656
COMP_004347,2020-01-18,59,30.67,2,1.4655741286840875,34,0.3444
COMP_004347,2022-08-22,55,73.04,4,6.466643660632772,24,0.8223
COMP_004348,2023-05-07,42,57.28,2,7.132912660758417,18,0.7406
COMP_004349,2021-10-03,79,70.58,3,15.341601963027422,22,0.469
COMP_004349,2023-03-01,85,77.6,0,12.16273386357665,33,0.3443
COMP_004349,2022-07-27,79,61.11,3,18.664216203222896,27,0.5167
COMP_004350,2022-06-22,88,70.21,0,1.782203156611769,13,0.7126
COMP_004351,2020-02-16,43,78.21,3,9.068429625312202,34,0.7959
COMP_004351,2023-12-13,46,54.64,2,19.993218504421975,26,0.1269
COMP_004352,2020-02-04,50,47.69,5,16.246939983993343,39,0.2353
COMP_004353,2023-01-02,93,70.52,0,2.4120040794713256,13,0.4657
COMP_004353,2020-02-27,92,92.82,0,14.678008876290239,30,0.7611
COMP_004353,2021-01-15,96,74.1,0,11.633554528261373,25,0.4058
COMP_004354,2023-01-25,96,95.25,0,3.8139027053219188,4,0.8888
COMP_004354,2020-08-28,90,90.82,1,8.793204265298082,49,0.5122
COMP_004354,2020-05-20,97,79.65,0,9.496910667163185,6,0.2787
COMP_004355,2021-12-24,60,41.22,5,14.661661936089391,24,0.81
COMP_004355,2021-02-15,53,40.95,2,13.82089552983924,18,0.7036
COMP_004355,2021-05-26,60,57.26,2,6.790222683895991,31,0.4259
COMP_004356,2020-08-12,83,86.63,0,2.179535016885904,21,0.1724
COMP_004356,2020-01-27,80,97.36,0,3.381367563728242,33,0.6457
COMP_004356,2023-09-25,83,66.54,0,2.2042462250086525,32,0.1926
COMP_004357,2021-01-03,66,96.1,3,19.856308332893963,11,0.2492
COMP_004357,2021-06-04,61,74.24,2,13.105082341340797,42,0.2845
COMP_004358,2022-02-01,88,88.47,0,3.9174561080028285,27,0.5258
COMP_004358,2020-11-18,98,85.86,0,16.40301420217491,42,0.8278
COMP_004358,2023-05-30,95,94.34,0,16.788766821089816,42,0.8021
COMP_004359,2024-10-31,92,89.94,0,3.2769990296226665,28,0.1851
COMP_004359,2021-01-11,90,74.63,0,6.954521809109945,21,0.7269
COMP_004360,2022-09-01,35,34.57,3,18.131504369283903,17,0.6488
COMP_004360,2021-03-13,37,77.62,4,9.931118924031486,43,0.4275
COMP_004361,2023-10-10,87,65.07,0,19.750183671165555,4,0.1518
COMP_004361,2022-08-30,83,74.17,0,5.676953608789276,37,0.2218
COMP_004362,2023-03-01,45,46.33,1,11.821529662677756,43,0.4926
COMP_004362,2023-10-23,41,36.74,1,5.140873023249565,8,0.3185
COMP_004363,2024-01-19,80,92.92,0,16.430809186488723,35,0.1115
COMP_004364,2020-02-02,52,30.39,5,10.626804908686095,35,0.3529
COMP_004364,2024-10-16,42,48.84,4,12.78825845472769,5,0.8662
COMP_004364,2022-03-04,51,65.51,4,11.127147359049998,25,0.2698
COMP_004365,2021-01-30,68,98.59,1,19.72013563475348,47,0.8856
COMP_004366,2021-03-04,68,91.92,2,5.998938552013062,42,0.3425
COMP_004366,2021-11-28,63,72.95,1,4.068705188455834,12,0.4857
COMP_004367,2024-11-22,89,72.51,0,3.608917005102918,6,0.5561
COMP_004367,2022-02-10,91,90.14,0,13.30268508387827,29,0.5324
COMP_004367,2020-11-14,91,87.95,0,12.119215603245031,16,0.7907
COMP_004368,2024-06-21,78,89.38,0,16.57081548827652,19,0.307
COMP_004368,2024-09-18,78,67.82,0,16.714001413438012,50,0.6428
COMP_004369,2023-08-07,77,95.37,3,10.257348013302119,39,0.6694
COMP_004369,2024-05-13,75,89.71,2,5.298449629784996,11,0.857
COMP_004369,2020-01-24,78,89.45,0,13.786302571740507,17,0.7686
COMP_004370,2022-07-03,50,71.48,5,12.464740003880486,11,0.8396
COMP_004371,2021-06-25,73,67.13,2,4.149112971313514,27,0.2754
COMP_004371,2022-04-10,67,68.25,1,2.879625446021505,9,0.4943
COMP_004372,2020-03-29,51,78.26,4,1.42242241538178,46,0.1054
COMP_004372,2020-02-21,50,77.77,2,1.719906107820401,42,0.3555
COMP_004372,2023-06-30,43,37.11,4,1.2804249542352126,24,0.5708
COMP_004373,2023-09-29,81,61.94,0,6.576274106006886,17,0.5852
COMP_004373,2023-09-18,78,96.48,1,5.336375117103469,22,0.6381
COMP_004374,2024-04-27,45,50.53,4,16.227154423062842,14,0.8815
COMP_004374,2023-02-15,52,42.02,4,17.739333616889315,9,0.6504
COMP_004374,2024-07-04,42,51.69,4,2.2610684756514376,44,0.4482
COMP_004375,2020-12-12,50,56.55,2,14.632982819150772,13,0.8381
COMP_004376,2023-04-05,69,92.67,3,5.828431461252562,40,0.8974
COMP_004376,2020-04-13,72,82.66,0,8.447498729169585,24,0.6157
COMP_004377,2021-04-08,74,73.53,2,3.0583409520273044,11,0.1146
COMP_004378,2021-04-03,73,68.83,1,17.12514471468464,29,0.3137
COMP_004378,2020-06-18,70,93.73,3,19.997558778116836,4,0.1392
COMP_004379,2022-12-15,45,61.86,3,4.013499517973624,8,0.5906
COMP_004379,2021-10-03,50,41.63,5,4.089617858148617,42,0.6475
COMP_004379,2020-12-18,40,58.65,4,1.681277420020305,6,0.8304
COMP_004380,2024-10-31,46,36.81,3,14.439767768698664,38,0.4368
COMP_004381,2024-04-08,67,84.16,2,19.969475782311356,41,0.2155
COMP_004381,2021-10-05,66,87.34,3,12.875651260347196,31,0.7663
COMP_004382,2023-04-11,79,95.87,0,9.286964097627617,27,0.8647
COMP_004383,2024-02-15,37,72.2,3,14.015327757470502,9,0.8748
COMP_004383,2022-01-08,41,54.18,3,1.836700516608178,20,0.3222
COMP_004384,2022-01-14,41,49.45,1,10.301458405805894,10,0.706
COMP_004384,2023-09-14,39,52.31,1,3.531987133803098,36,0.1415
COMP_004385,2022-05-26,60,41.55,2,2.632946703452594,6,0.2141
COMP_004385,2022-03-16,56,57.66,3,19.7346323376544,8,0.6003
COMP_004386,2020-02-12,53,31.01,4,19.187354425619006,12,0.8391
COMP_004387,2020-07-27,73,63.12,3,6.864470226255791,35,0.5967
COMP_004387,2023-04-09,69,86.23,2,6.296363201233579,15,0.689
COMP_004388,2020-10-27,45,46.04,1,6.463307181946056,41,0.7512
COMP_004388,2022-03-10,35,63.81,4,7.399353377960618,40,0.8746
COMP_004388,2024-10-05,38,60.01,1,4.19759849954192,23,0.8578
COMP_004389,2021-08-01,73,91.76,2,14.783041562077612,15,0.6334
COMP_004389,2023-11-06,68,72.32,3,2.168183909126238,49,0.1486
COMP_004389,2024-11-12,71,73.24,3,12.905779962466985,42,0.582
COMP_004390,2021-08-07,85,95.92,0,15.957661289911702,32,0.4469
COMP_004390,2023-05-28,83,60.72,2,14.972767589075053,15,0.8527
COMP_004390,2021-10-02,83,67.86,0,2.216174325290875,6,0.2428
COMP_004391,2024-01-11,53,79.95,4,13.942916865413013,15,0.7807
COMP_004391,2024-08-19,47,42.73,5,4.1858472506121664,46,0.4684
COMP_004391,2021-06-26,46,40.33,1,9.49933852615852,21,0.699
COMP_004392,2023-05-04,91,67.87,2,17.905445794146267,8,0.1666
COMP_004393,2022-07-09,43,60.48,1,19.05416667330236,43,0.7552
COMP_004393,2022-07-31,40,48.86,2,1.197299813659661,48,0.5109
COMP_004393,2022-07-14,46,44.02,1,10.630984217927356,31,0.7435
COMP_004394,2020-01-26,57,68.5,5,14.0836607850734,35,0.6873
COMP_004395,2024-01-09,66,67.62,2,6.514649693003389,5,0.1306
COMP_004395,2021-05-12,69,99.73,3,10.310676915221404,16,0.1652
COMP_004396,2022-09-30,47,38.76,2,1.594013412967299,17,0.7413
COMP_004396,2020-02-14,50,53.44,5,1.3481130738982618,12,0.4963
COMP_004397,2021-08-21,49,35.09,3,17.861243115492442,28,0.6783
COMP_004398,2022-09-26,92,73.23,0,2.461846749293405,18,0.4976
COMP_004399,2020-04-19,93,92.39,0,1.5103857884397685,42,0.8821
COMP_004399,2020-01-09,89,86.21,0,1.9855010993520237,39,0.7
COMP_004400,2020-11-12,87,77.77,0,10.658158001354904,50,0.3188
COMP_004400,2023-02-23,80,74.27,3,9.558123135614121,27,0.1626
COMP_004401,2022-11-16,87,99.07,0,1.950369424213711,9,0.1841
COMP_004402,2020-03-31,70,77.58,3,4.88468215473766,13,0.4967
COMP_004402,2022-02-02,69,62.82,2,4.6663787491518445,20,0.8849
COMP_004402,2022-07-07,74,73.2,3,7.9128358127023555,27,0.1616
COMP_004403,2023-11-07,78,96.2,1,8.052810378410058,50,0.8816
COMP_004404,2020-03-16,54,66.18,3,1.9003539794886135,17,0.5396
COMP_004404,2020-02-24,59,37.38,3,1.0438831096522538,15,0.6096
COMP_004404,2024-01-28,59,52.71,2,1.8915761533534268,32,0.3868
COMP_004405,2021-07-19,64,86.11,0,3.5392128425159104,36,0.6394
COMP_004406,2021-04-24,77,98.19,3,2.1743054093225993,47,0.7901
COMP_004406,2020-01-08,75,77.12,0,7.0162136271481845,8,0.5574
COMP_004406,2020-09-26,82,90.66,0,13.22760702711283,49,0.729
COMP_004407,2021-04-09,65,80.47,0,18.988318456188253,19,0.3666
COMP_004407,2020-06-21,67,77.33,0,19.590639131278152,12,0.5184
COMP_004407,2023-03-04,68,76.64,2,2.9090454985577283,42,0.363
COMP_004408,2022-01-20,85,91.42,0,3.6297336121533044,10,0.82
COMP_004408,2021-02-10,79,76.63,0,17.61157803779038,9,0.8876
COMP_004408,2021-12-22,76,75.85,0,14.260005415892532,19,0.4606
COMP_004409,2023-04-07,55,39.18,5,10.372993806958904,37,0.5686
COMP_004409,2022-09-25,46,35.15,4,4.953818047499733,6,0.209
COMP_004409,2022-01-26,48,63.12,3,13.490546255460725,19,0.7037
COMP_004410,2021-11-27,72,65.97,2,6.297879633090161,21,0.2947
COMP_004410,2022-02-22,72,63.99,2,13.686251004538551,37,0.7098
COMP_004411,2020-06-23,72,89.51,0,11.78293871627584,15,0.5341
COMP_004411,2020-10-02,77,94.51,0,12.875387187351219,38,0.6987
COMP_004412,2022-03-09,91,76.44,0,15.42923610087194,19,0.5036
COMP_004413,2023-10-01,98,73.29,0,1.0,12,0.7714
COMP_004414,2021-04-29,76,75.99,3,4.050206530506069,17,0.16
COMP_004414,2022-03-22,74,96.27,3,2.3854492662797284,34,0.5394
COMP_004414,2024-11-11,75,75.68,0,10.352254149460887,44,0.7216
COMP_004415,2023-04-30,56,43.96,3,11.865051304820465,42,0.7826
COMP_004416,2021-10-16,37,57.12,1,14.845106703922033,44,0.1043
COMP_004417,2024-09-22,65,75.53,1,14.91560989451916,20,0.742
COMP_004417,2024-07-07,65,81.79,2,3.1124652303707077,12,0.2503
COMP_004418,2021-10-16,47,41.01,1,6.829904522824404,36,0.8627
COMP_004418,2024-06-09,49,47.15,4,5.026629805192296,47,0.643
COMP_004419,2020-10-03,39,31.97,1,3.6724515817092325,6,0.8233
COMP_004420,2023-04-28,68,97.75,1,2.6037750691314994,41,0.7772
COMP_004420,2021-05-13,64,76.81,0,5.764745149385362,15,0.7922
COMP_004420,2022-03-18,71,66.03,3,6.790641480262932,29,0.4392
COMP_004421,2020-12-07,76,92.4,0,1.0,30,0.733
COMP_004421,2021-03-13,77,71.38,1,1.0,44,0.2096
COMP_004421,2021-06-09,76,65.95,3,1.0,29,0.6177
COMP_004422,2024-01-24,78,95.31,0,2.7906974205909125,22,0.1938
COMP_004422,2023-03-24,75,88.96,2,2.7987138018675703,31,0.58
COMP_004423,2021-01-20,78,88.32,3,2.037273889017433,45,0.8696
COMP_004423,2021-08-24,79,90.15,0,3.880126094021436,7,0.6111
COMP_004424,2022-09-27,96,94.88,0,8.893806410705839,29,0.5773
COMP_004424,2024-02-02,94,89.78,0,8.364095870662265,27,0.1284
COMP_004425,2022-11-10,64,65.98,0,16.80972905388193,10,0.5928
COMP_004425,2023-07-08,59,64.64,3,19.78834533119571,11,0.141
COMP_004425,2020-04-28,64,68.83,3,6.732985414938257,4,0.4492
COMP_004426,2022-11-27,90,80.35,0,5.231081099077624,13,0.2996
COMP_004426,2024-03-11,86,83.82,0,11.227248104029307,13,0.4007
COMP_004427,2020-11-18,77,82.76,1,17.153401923357404,34,0.7037
COMP_004427,2021-05-31,78,76.66,1,11.033130956965326,28,0.6488
COMP_004428,2022-08-25,45,32.22,3,18.36335354582377,33,0.1553
COMP_004428,2023-06-08,42,77.14,4,16.87707955301706,32,0.1924
COMP_004429,2021-03-07,59,35.06,4,13.218024756102247,33,0.3059
COMP_004430,2021-09-17,56,35.88,4,8.259049971791093,47,0.3507
COMP_004430,2021-04-28,49,69.54,3,4.462506414192481,45,0.5679
COMP_004431,2022-11-08,70,83.39,3,15.258228228609521,12,0.7675
COMP_004432,2021-03-11,76,79.03,1,1.107132143641323,42,0.8279
COMP_004433,2024-09-19,75,80.61,2,1.2865883859403549,30,0.5414
COMP_004433,2022-08-29,80,95.18,1,14.966423298395522,45,0.3421
COMP_004434,2022-01-07,77,78.26,1,18.235598219225704,11,0.6848
COMP_004434,2023-10-05,72,90.04,1,3.876794161485295,39,0.8182
COMP_004434,2020-09-15,74,99.09,1,10.278292008003556,47,0.1444
COMP_004435,2023-02-11,84,74.75,0,2.7271746668711687,21,0.5415
COMP_004435,2023-09-12,83,85.49,0,2.2466527337495164,25,0.5668
COMP_004435,2023-11-25,81,62.39,0,1.1261784851171417,7,0.6345
COMP_004436,2021-06-26,42,57.5,1,7.453776893739978,26,0.8937
COMP_004437,2023-12-20,91,94.79,0,2.5724792079535845,29,0.4452
COMP_004438,2022-05-07,54,56.63,1,7.701833754100252,13,0.6015
COMP_004438,2020-04-22,54,54.25,1,1.5530454427797458,8,0.4712
COMP_004439,2021-09-29,81,91.57,0,3.1241333172088215,21,0.6117
COMP_004439,2021-11-27,79,68.85,0,1.838005421369144,39,0.3752
COMP_004439,2021-02-24,76,78.56,3,3.4882555430274995,6,0.49
COMP_004440,2023-11-10,59,38.74,3,18.01160983269854,49,0.7761
COMP_004441,2024-08-02,83,78.22,0,6.032271653418425,40,0.3344
COMP_004441,2021-05-10,84,72.7,0,15.376310143303947,25,0.1012
COMP_004442,2022-10-06,99,63.51,0,9.94593807143971,47,0.7088
COMP_004442,2022-03-19,92,81.12,0,4.9728986757779445,8,0.5761
COMP_004443,2020-12-27,79,99.48,3,15.482413993593806,38,0.6004
COMP_004443,2021-04-20,82,79.51,0,12.95023882154763,23,0.5408
COMP_004443,2023-07-17,78,84.35,2,11.335124638217549,49,0.3709
COMP_004444,2020-11-13,77,94.89,0,16.54235086221114,20,0.5888
COMP_004444,2020-01-15,76,67.56,0,1.9128516040671093,14,0.7522
COMP_004445,2021-05-25,65,89.22,2,5.537817530009024,44,0.1366
COMP_004446,2021-04-17,57,41.89,5,1.7963678113701134,35,0.5373
COMP_004446,2021-05-23,48,43.71,3,7.715860633171276,43,0.7041
COMP_004447,2021-07-13,63,91.99,3,13.253708456388871,47,0.7629
COMP_004448,2023-02-01,51,61.43,3,8.284475987573794,20,0.3362
COMP_004448,2021-11-01,49,37.7,5,11.95615179570788,37,0.1545
COMP_004449,2021-05-22,63,71.7,0,11.235228509045212,25,0.3066
COMP_004450,2023-02-14,84,74.85,0,7.25866071713116,30,0.1486
COMP_004450,2023-04-02,81,77.17,0,10.088587272085206,12,0.4696
COMP_004451,2024-04-18,54,50.02,2,4.180724877685857,13,0.1624
COMP_004451,2020-10-30,51,51.21,5,1.1396861765519442,11,0.608
COMP_004452,2021-03-18,42,61.6,1,9.005819134610597,45,0.6632
COMP_004453,2022-07-21,50,67.87,3,15.470050856842818,22,0.1623
COMP_004453,2022-10-16,51,58.5,4,18.421241029294862,36,0.769
COMP_004453,2024-03-04,52,63.23,3,12.432271777429838,42,0.294
COMP_004454,2022-07-31,47,44.52,1,4.821757543491497,17,0.5268
COMP_004455,2020-08-01,82,97.45,0,19.12219467153183,31,0.5355
COMP_004456,2021-03-16,68,97.17,2,2.6641322714532985,45,0.3271
COMP_004456,2024-12-12,70,67.92,2,7.35328871191698,32,0.6502
COMP_004456,2022-10-31,72,73.92,3,3.750273826015465,48,0.5895
COMP_004457,2020-10-31,66,71.46,0,13.322694222358,34,0.7315
COMP_004457,2023-12-25,68,88.72,0,1.9125559798170677,33,0.3095
COMP_004458,2024-07-17,83,70.41,0,19.683914329407042,17,0.2846
COMP_004458,2022-03-15,79,60.11,0,14.847979387300176,18,0.3111
COMP_004458,2024-12-13,81,85.51,0,5.04628847175494,23,0.296
COMP_004459,2023-08-09,50,53.0,1,9.074065339032094,32,0.4674
COMP_004459,2022-09-17,45,43.65,3,14.785411979592144,19,0.6022
COMP_004460,2023-02-14,78,74.51,1,7.547822209409402,38,0.5878
COMP_004461,2021-08-22,75,96.04,1,3.9767497842893764,33,0.1057
COMP_004462,2023-08-30,60,32.72,5,10.975421294947482,18,0.7488
COMP_004462,2022-05-19,59,50.34,4,4.537706599697781,10,0.2761
COMP_004463,2020-07-21,59,35.08,4,1.0629531825827634,40,0.3817
COMP_004464,2020-07-21,76,79.69,2,2.1565346557515674,40,0.272
COMP_004464,2023-06-23,72,89.49,2,4.141882632391027,20,0.1594
COMP_004465,2020-12-06,80,82.81,3,1.2823133038529964,8,0.3025
COMP_004466,2022-02-16,45,36.36,1,13.416860841749674,47,0.4757
COMP_004467,2023-04-20,67,64.14,2,3.801359755102859,3,0.4095
COMP_004467,2021-07-01,60,69.13,2,2.9748855752773014,43,0.6756
COMP_004468,2021-03-15,68,88.29,3,4.851054603074685,14,0.8147
COMP_004468,2020-05-05,76,70.3,2,7.089692235084119,39,0.7256
COMP_004469,2020-09-24,79,84.6,3,4.924702301769835,42,0.4497
COMP_004470,2022-07-28,69,88.58,2,12.257502821306836,18,0.1126
COMP_004470,2022-03-17,69,88.75,0,12.371400086866016,24,0.2747
COMP_004471,2022-12-23,62,83.78,2,16.727814754148802,3,0.5531
COMP_004472,2024-07-29,61,73.92,2,7.84214576059401,47,0.6937
COMP_004472,2020-11-15,57,37.6,5,12.322889254419279,49,0.5983
COMP_004472,2022-11-30,57,62.99,2,2.5289686225408436,10,0.8054
COMP_004473,2022-04-08,45,55.36,4,3.112582574398535,12,0.3787
COMP_004473,2021-10-11,37,65.59,3,6.901712038200353,31,0.3111
COMP_004473,2023-08-14,40,50.58,4,1.9449226335693304,13,0.1088
COMP_004474,2021-06-19,45,78.35,1,15.569885261564593,13,0.8327
COMP_004475,2023-08-25,83,75.16,0,17.18964023320678,13,0.3783
COMP_004475,2024-09-11,93,81.08,0,4.120305957302676,27,0.3352
COMP_004476,2020-04-01,68,93.66,2,13.70621540855439,46,0.8278
COMP_004476,2022-06-14,62,77.8,2,2.8679981803454924,31,0.5408
COMP_004476,2021-02-14,63,69.8,1,13.810183288486963,26,0.2144
COMP_004477,2022-04-03,69,63.98,3,12.75844836217166,35,0.274
COMP_004477,2023-12-07,75,93.76,2,13.262677639155235,27,0.7213
COMP_004478,2024-05-25,84,83.97,0,11.542886168489785,15,0.642
COMP_004478,2020-10-02,84,86.05,0,6.1515298415977675,38,0.7826
COMP_004478,2022-10-07,84,60.62,0,11.523873333677138,44,0.3764
COMP_004479,2023-01-08,56,44.91,3,11.462984561852108,21,0.724
COMP_004479,2021-01-23,46,45.63,5,14.31651637084349,24,0.6904
COMP_004480,2024-04-25,80,66.66,1,16.560873906179324,43,0.4532
COMP_004480,2022-01-13,78,78.88,2,10.983124558733548,27,0.4277
COMP_004480,2022-01-15,73,65.77,1,15.512570317217573,6,0.8688
COMP_004481,2024-07-13,51,62.56,2,12.914519947749644,16,0.2131
COMP_004482,2024-10-19,57,57.84,4,12.90019280064966,3,0.7262
COMP_004482,2023-07-17,52,66.1,4,8.619875760343746,5,0.8
COMP_004483,2021-06-04,64,70.59,2,11.721301400845201,14,0.2184
COMP_004483,2020-12-12,61,80.26,2,16.370682288725092,20,0.4888
COMP_004483,2024-04-08,62,95.48,1,1.894140415866715,27,0.5138
COMP_004484,2024-01-15,53,70.34,4,1.6428776367364337,44,0.4998
COMP_004485,2022-04-20,61,97.15,1,10.434627033851147,28,0.7532
COMP_004485,2022-04-13,66,98.99,1,10.582699317183163,30,0.21
COMP_004485,2023-01-06,58,40.94,2,5.6071507010110935,44,0.5227
COMP_004486,2020-03-15,75,77.1,1,1.0165345705437114,29,0.4073
COMP_004487,2024-05-25,93,71.0,0,13.681141251078117,29,0.8312
COMP_004487,2023-11-16,97,65.79,0,12.844480966711807,21,0.1256
COMP_004488,2024-02-10,45,54.87,4,3.7078588770777694,12,0.7698
COMP_004488,2020-04-03,48,60.72,4,14.711134354749618,40,0.2891
COMP_004489,2021-08-08,77,79.31,1,8.687765192325855,29,0.4294
COMP_004490,2022-04-18,58,31.16,4,2.319469545951337,6,0.6768
COMP_004490,2020-11-06,59,66.91,3,13.839043942535751,5,0.7935
COMP_004490,2021-08-08,59,64.95,5,14.566677838098858,32,0.5478
COMP_004491,2023-11-08,43,62.49,2,5.541410668191748,19,0.2773
COMP_004491,2020-02-15,44,69.21,5,4.812823778190952,45,0.511
COMP_004492,2024-02-25,74,97.55,0,12.888464903660688,44,0.3182
COMP_004492,2020-07-11,72,81.29,3,2.876235312545054,11,0.6433
COMP_004492,2021-05-07,71,61.24,2,18.050981385721457,22,0.4417
COMP_004493,2024-03-28,59,30.23,5,4.984826844027897,49,0.5891
COMP_004493,2021-01-24,64,65.9,2,19.159653934810972,10,0.1501
COMP_004493,2024-07-05,63,62.9,3,7.070941127467091,23,0.2217
COMP_004494,2022-06-21,70,69.5,1,1.6936905168881449,30,0.5059
COMP_004494,2024-07-17,73,88.39,1,7.749124932405464,40,0.5576
COMP_004494,2020-09-13,63,66.39,3,7.026578796220214,41,0.6736
COMP_004495,2021-08-04,38,62.28,5,6.840189241320601,43,0.1251
COMP_004495,2021-11-12,38,32.57,2,4.5831196879533405,48,0.5071
COMP_004495,2022-02-07,43,48.73,2,13.877757974632079,8,0.291
COMP_004496,2022-06-07,68,80.57,1,10.0421003185168,42,0.1298
COMP_004497,2024-04-02,67,85.65,1,7.9049913713371245,30,0.2951
COMP_004498,2022-01-01,46,72.55,2,14.752051979761315,30,0.5506
COMP_004499,2022-12-16,40,34.4,1,15.818907022689855,7,0.5414
COMP_004499,2022-11-20,47,77.21,5,6.676440130998748,32,0.5475
COMP_004499,2022-01-05,42,66.94,1,11.432495617876098,33,0.4433
COMP_004500,2023-04-16,100,98.7,0,3.3053695271154737,41,0.2813
COMP_004500,2023-08-30,95,98.45,0,8.060067777043548,49,0.6509
COMP_004501,2024-03-13,80,74.94,1,4.017628338018979,10,0.8433
COMP_004501,2024-02-11,84,72.44,0,18.152372848395576,12,0.2624
COMP_004501,2022-06-21,81,65.81,0,2.4125135382962144,31,0.2011
COMP_004502,2020-11-22,83,86.09,0,6.945597318403684,5,0.6505
COMP_004503,2020-03-26,61,85.87,0,19.832802227959135,22,0.2728
COMP_004503,2020-10-03,60,54.73,1,1.679872994934366,33,0.6095
COMP_004503,2020-10-19,54,35.58,1,13.577703198980256,40,0.6576
COMP_004504,2024-04-22,83,90.62,0,17.05132533256379,35,0.3623
COMP_004504,2022-11-20,87,92.2,0,5.371043055251304,45,0.6785
COMP_004504,2021-07-22,81,61.4,2,8.394637611722652,13,0.2762
COMP_004505,2024-12-10,90,63.31,0,3.58253575429506,41,0.4559
COMP_004505,2023-05-20,94,69.65,0,4.108946061289361,25,0.7034
COMP_004506,2024-08-30,47,74.67,1,7.849884653117296,43,0.6109
COMP_004506,2023-10-02,45,60.82,3,2.435306706937231,26,0.2158
COMP_004506,2021-03-25,45,45.91,3,5.707808082889087,48,0.5187
COMP_004507,2023-09-06,94,62.36,0,14.209279208211475,38,0.7412
COMP_004508,2023-03-26,97,73.14,0,18.304933953366252,17,0.1384
COMP_004509,2022-04-05,64,65.31,1,8.015647046259279,9,0.8355
COMP_004510,2023-03-28,54,74.33,5,7.805378637288533,33,0.3607
COMP_004510,2023-04-26,53,42.87,5,11.855658195681452,21,0.7305
COMP_004510,2023-11-01,49,67.0,2,17.980972868370603,15,0.8654
COMP_004511,2020-03-12,63,73.84,3,18.442899021762994,20,0.5505
COMP_004511,2022-12-15,62,96.35,1,5.97631125662262,18,0.1335
COMP_004511,2023-02-08,68,61.16,3,15.983364208990748,7,0.1785
COMP_004512,2023-01-28,60,61.81,1,7.385294705632773,3,0.5395
COMP_004513,2020-10-15,76,63.09,2,12.775015280226146,47,0.1274
COMP_004513,2021-07-21,77,79.83,1,3.638644820995816,34,0.2178
COMP_004514,2022-06-24,80,92.13,0,2.0735258562280467,35,0.1682
COMP_004515,2021-07-28,88,74.76,0,9.167045541501732,28,0.8305
COMP_004516,2024-05-21,52,35.26,4,10.781651296617017,5,0.3953
COMP_004517,2020-09-01,44,52.37,3,17.989430888394033,13,0.3799
COMP_004517,2021-10-06,43,44.87,4,9.93193271642349,48,0.2146
COMP_004518,2020-08-24,67,99.84,1,13.094880173253522,26,0.7191
COMP_004518,2021-01-20,66,65.23,3,9.278698418727075,32,0.348
COMP_004518,2021-09-11,67,67.53,0,5.863351532056077,34,0.8293
COMP_004519,2024-12-11,89,69.04,0,5.385592194102534,9,0.1847
COMP_004520,2023-09-14,60,79.36,2,17.916519461202018,18,0.7274
COMP_004521,2022-03-28,52,59.67,3,9.249897467109886,35,0.6142
COMP_004522,2024-03-21,79,91.5,1,7.145828700515552,41,0.6662
COMP_004522,2022-10-06,84,65.22,0,4.14938506820859,35,0.8934
COMP_004523,2023-09-08,94,76.59,0,1.0,20,0.8602
COMP_004523,2023-09-04,99,80.93,0,1.0,13,0.6298
COMP_004524,2022-07-28,54,70.85,1,7.245017303643189,22,0.3512
COMP_004525,2023-10-28,88,77.08,0,19.738053878866022,45,0.7609
COMP_004525,2020-11-16,83,91.84,0,12.344777485204617,10,0.3171
COMP_004526,2023-08-25,59,58.33,5,4.011823842583069,39,0.6161
COMP_004527,2024-01-31,56,61.74,3,5.226386530287458,5,0.1116
COMP_004527,2021-05-11,59,56.39,4,15.246531771588238,34,0.5438
COMP_004528,2021-12-27,83,67.13,1,4.548977702227809,20,0.4053
COMP_004529,2024-08-15,75,90.0,3,3.050701717882161,19,0.7601
COMP_004530,2023-06-19,51,37.14,4,5.052137733832545,4,0.5101
COMP_004531,2024-06-05,67,62.5,3,2.698380254065997,19,0.3973
COMP_004532,2020-02-04,90,66.85,0,11.245977718052435,12,0.753
COMP_004533,2020-03-05,64,73.97,2,18.546111253739408,39,0.223
COMP_004533,2024-10-28,54,52.39,5,3.279009499309088,29,0.2656
COMP_004533,2022-07-17,61,67.22,3,14.586317688914184,23,0.3348
COMP_004534,2023-12-28,87,71.42,0,6.487157278473805,30,0.5543
COMP_004534,2020-10-15,93,98.65,0,5.327677522117973,22,0.2233
COMP_004535,2020-08-11,92,67.53,0,11.083350915374455,37,0.3287
COMP_004535,2024-12-28,91,92.02,0,19.120439874906875,30,0.4232
COMP_004535,2024-02-02,88,62.92,0,9.815307797515745,10,0.8659
COMP_004536,2021-09-06,73,97.96,2,13.964581659180187,37,0.3758
COMP_004536,2023-04-17,76,68.61,3,14.78357776871006,12,0.5752
COMP_004537,2021-06-12,73,79.08,2,7.0698139497679415,14,0.1707
COMP_004537,2021-05-22,74,83.17,3,7.116061026410469,22,0.4547
COMP_004537,2021-01-26,76,70.37,3,10.653343921279472,29,0.3695
COMP_004538,2020-08-12,85,96.82,0,16.9784414821502,29,0.8232
COMP_004538,2020-05-12,78,94.56,2,3.279747143163963,50,0.384
COMP_004539,2022-05-07,52,48.58,4,4.106832687632597,39,0.7459
COMP_004539,2023-05-15,46,43.47,3,6.605178480536349,9,0.4887
COMP_004540,2022-04-15,89,66.9,0,4.205808916465584,40,0.1156
COMP_004540,2021-09-03,94,60.77,0,1.2890438491887624,31,0.3882
COMP_004540,2024-08-13,89,84.12,0,6.806353185966887,38,0.2703
COMP_004541,2020-07-09,66,92.14,0,5.213716813583876,49,0.8808
COMP_004541,2022-03-29,60,79.74,2,8.504192632082304,19,0.8745
COMP_004541,2020-07-29,64,97.25,3,8.456676460386436,45,0.496
COMP_004542,2023-05-22,76,81.71,0,1.8751999775710448,34,0.4779
COMP_004543,2023-04-27,93,67.89,0,8.739711098246175,8,0.6128
COMP_004543,2020-06-26,95,76.78,0,4.46162558223901,48,0.2575
COMP_004544,2023-06-04,57,54.69,1,15.169081459448782,30,0.4651
COMP_004545,2022-10-30,57,57.27,1,13.414156583655666,13,0.3655
COMP_004545,2022-09-09,56,53.0,2,19.26631250526641,12,0.8882
COMP_004546,2022-03-17,74,84.68,1,3.905992419659812,20,0.1233
COMP_004547,2023-12-11,81,86.81,0,1.1579535494289956,49,0.88
COMP_004547,2023-07-02,79,60.95,0,1.5445730286937425,32,0.4489
COMP_004547,2023-09-02,81,71.09,0,12.865018069166025,23,0.3075
COMP_004548,2022-01-01,78,77.46,2,7.792464092114716,46,0.4235
COMP_004548,2020-12-19,78,95.89,1,14.223231858726777,20,0.399
COMP_004548,2024-04-08,83,95.32,0,13.85882532994729,28,0.4952
COMP_004549,2022-07-23,69,89.81,0,17.50308900244373,22,0.7623
COMP_004550,2024-02-11,53,74.13,5,12.358423400757765,40,0.5843
COMP_004551,2023-10-26,86,99.67,2,3.9487019209287935,39,0.4329
COMP_004552,2022-03-02,90,95.27,0,7.0525342122533425,19,0.7099
COMP_004552,2023-11-11,95,99.75,0,6.768739548293736,45,0.5967
COMP_004552,2022-09-29,96,88.71,0,10.525315489075737,18,0.4475
COMP_004553,2022-04-11,65,76.77,3,2.8476031198837775,49,0.7641
COMP_004554,2021-08-14,90,84.95,0,11.391051528060668,40,0.2562
COMP_004554,2024-03-01,96,92.72,0,6.113551888725807,21,0.3851
COMP_004555,2021-04-08,52,70.53,5,2.7895306067080723,38,0.6074
COMP_004556,2024-10-21,70,86.73,3,5.939464813364614,43,0.259
COMP_004556,2024-05-09,79,95.33,0,15.205365337961782,13,0.1827
COMP_004557,2024-09-20,44,60.27,3,3.5896798170828137,35,0.7832
COMP_004557,2021-01-28,38,58.53,4,5.808381778866097,25,0.8989
COMP_004557,2021-01-23,41,56.94,2,17.090130898860792,12,0.7629
COMP_004558,2021-06-27,75,80.53,0,15.149894584120174,38,0.3113
COMP_004558,2022-01-14,81,95.25,0,3.6454847844505367,17,0.1309
COMP_004559,2024-03-28,89,65.67,0,6.317998969685188,9,0.8359
COMP_004559,2023-09-05,82,65.14,0,14.101675251260493,20,0.7771
COMP_004560,2024-07-05,77,65.99,0,3.905298545226725,13,0.6926
COMP_004561,2021-11-10,91,70.22,0,11.448307576976639,5,0.6196
COMP_004562,2020-09-02,42,36.69,4,6.428325494650924,18,0.5774
COMP_004563,2021-01-13,74,82.09,0,18.213702650079618,30,0.462
COMP_004563,2021-02-16,72,95.95,2,13.293422474827794,7,0.4842
COMP_004563,2020-04-25,65,67.94,3,15.943437401482948,8,0.7607
COMP_004564,2020-07-23,56,30.71,1,19.73913837927211,48,0.2365
COMP_004564,2022-05-24,48,53.84,2,5.171952487408228,45,0.5305
COMP_004564,2024-07-16,54,61.58,5,5.57287271097182,47,0.5572
COMP_004565,2023-01-27,45,41.11,1,8.58526508710597,31,0.5088
COMP_004566,2021-04-09,62,81.8,1,18.515816292207575,36,0.2036
COMP_004566,2022-05-03,64,68.81,2,17.976381876833205,13,0.19
COMP_004566,2024-08-03,58,47.51,1,18.099921151927596,48,0.8439
COMP_004567,2022-06-13,71,73.75,1,12.074024483153199,43,0.3894
COMP_004567,2020-10-06,61,93.67,3,8.729189787321406,25,0.3956
COMP_004567,2024-08-20,69,77.06,1,18.773650292733787,49,0.8378
COMP_004568,2023-01-29,77,94.78,3,1.3703222963408168,28,0.1306
COMP_004569,2020-01-11,42,47.55,1,8.704427725062565,14,0.2274
COMP_004569,2021-08-25,42,75.64,4,10.342866854319839,24,0.8012
COMP_004570,2021-12-07,59,77.49,2,7.4944342840205485,18,0.232
COMP_004571,2023-11-20,69,73.5,1,13.017175163088273,17,0.2645
COMP_004571,2024-11-13,74,67.22,3,5.338919698554104,13,0.8953
COMP_004572,2021-02-15,80,76.4,2,17.032915500742657,9,0.1101
COMP_004572,2020-10-16,80,65.13,0,17.65105561730569,14,0.89
COMP_004573,2022-07-12,90,80.59,1,9.41939337546401,9,0.1136
COMP_004573,2020-12-13,90,78.92,0,4.440239498170547,41,0.3986
COMP_004573,2020-12-16,83,77.47,1,6.322953200824671,34,0.5289
COMP_004574,2024-07-12,83,68.98,0,12.840070017817567,30,0.17
COMP_004574,2023-06-10,88,94.66,0,14.180779015412407,42,0.7467
COMP_004574,2021-12-31,79,89.87,1,9.125743553521078,8,0.437
COMP_004575,2020-04-24,52,59.97,2,1.5833959721165005,24,0.6352
COMP_004576,2022-08-20,41,59.04,4,1.5036342626323265,14,0.5455
COMP_004576,2020-05-01,49,73.62,5,1.4645759066279236,41,0.1627
COMP_004576,2020-03-11,45,72.03,4,1.357559462486983,37,0.708
COMP_004577,2023-02-02,72,82.71,3,10.144770899793064,50,0.2032
COMP_004577,2022-04-30,77,63.82,1,11.283318914198054,28,0.6875
COMP_004578,2022-06-24,44,41.14,1,14.178819952041453,11,0.3118
COMP_004578,2024-11-12,43,76.76,2,9.437786669179195,3,0.7343
COMP_004578,2021-07-25,39,68.51,3,10.837376532796132,30,0.3647
COMP_004579,2021-11-11,54,32.14,1,3.8113091209725525,28,0.7212
COMP_004579,2023-01-29,61,92.33,2,1.9786648487616023,7,0.48
COMP_004579,2021-07-29,60,77.47,1,4.765642033396863,35,0.2131
COMP_004580,2021-09-12,85,83.12,0,9.482022877641741,26,0.251
COMP_004580,2023-01-29,86,85.18,1,17.855908468936182,16,0.7152
COMP_004581,2021-09-11,66,60.38,0,14.440286456913732,25,0.4943
COMP_004581,2022-03-27,61,92.81,2,14.512610792026944,23,0.7267
COMP_004581,2021-12-05,71,69.81,0,8.041422142067933,44,0.6767
COMP_004582,2023-11-21,68,89.95,1,18.776488031080056,6,0.1023
COMP_004582,2023-09-04,69,73.18,1,8.265757208454485,37,0.5803
COMP_004583,2020-07-28,87,80.2,2,19.350017339821072,45,0.3597
COMP_004584,2021-08-12,46,64.99,5,12.536163807737122,19,0.4311
COMP_004584,2024-01-10,46,79.33,1,14.42337019095212,34,0.4284
COMP_004585,2023-03-23,40,55.24,3,10.042174542874715,26,0.8158
COMP_004585,2022-01-17,48,48.32,2,7.874251936237304,46,0.3522
COMP_004585,2021-05-04,39,54.06,3,18.89817964344621,44,0.256
COMP_004586,2020-04-30,43,62.21,1,13.797470051263538,17,0.5398
COMP_004587,2021-02-01,61,89.79,0,9.987118095266318,31,0.8133
COMP_004587,2022-10-09,59,72.86,1,3.6025463546910714,18,0.8189
COMP_004588,2023-07-29,58,46.31,2,1.2217721239404389,19,0.2401
COMP_004588,2021-06-21,54,78.25,5,1.6905493752419483,10,0.4593
COMP_004589,2024-01-31,58,64.58,3,6.4437941447653175,13,0.2487
COMP_004589,2023-05-21,64,62.35,1,4.682199842166634,31,0.6849
COMP_004590,2021-03-17,87,78.17,2,6.821908251324445,27,0.1261
COMP_004591,2020-08-29,88,70.59,0,2.9693785778125,6,0.1686
COMP_004591,2022-11-21,89,81.58,2,5.979599043395061,9,0.2793
COMP_004592,2020-04-02,60,38.98,4,1.4802683147334774,13,0.7885
COMP_004592,2024-12-31,61,71.3,3,3.712186355187578,6,0.336
COMP_004593,2021-08-02,77,82.42,3,17.472344886290827,36,0.3951
COMP_004593,2023-12-12,84,64.32,0,17.64711340437843,47,0.5077
COMP_004593,2023-04-09,78,99.68,2,3.152437699796776,14,0.5359
COMP_004594,2020-06-01,72,85.97,3,7.210336665279749,9,0.5776
COMP_004594,2021-06-02,70,72.49,1,14.170029197658259,18,0.1556
COMP_004594,2020-05-06,66,91.35,2,13.627848363819647,39,0.1605
COMP_004595,2022-02-28,84,86.91,0,10.382447448007012,37,0.4408
COMP_004596,2023-04-01,70,95.79,0,12.314394435519329,17,0.3836
COMP_004597,2024-12-19,60,79.77,1,14.274667626974466,44,0.1339
COMP_004598,2021-08-13,74,98.72,2,2.1405826571388973,36,0.8321
COMP_004599,2020-07-05,80,99.96,3,4.678402208579397,43,0.3428
COMP_004599,2024-12-04,74,77.4,2,4.809233383892066,7,0.3019
COMP_004600,2023-01-15,53,77.21,1,2.4769390610323576,7,0.1179
COMP_004600,2023-07-07,49,31.81,2,5.778350800854898,34,0.8254
COMP_004601,2021-11-23,91,90.57,0,9.972791503824268,28,0.831
COMP_004601,2023-11-29,86,72.43,1,9.161359717557545,10,0.3569
COMP_004601,2023-10-28,87,88.38,0,7.358960549776323,46,0.8734
COMP_004602,2023-08-20,54,31.83,5,9.146985466491017,39,0.2202
COMP_004603,2022-05-23,46,50.48,1,17.321879962773487,26,0.8356
COMP_004604,2021-07-02,81,68.86,0,14.215646328531253,50,0.7248
COMP_004604,2020-05-01,80,67.98,1,6.271187374195202,41,0.4359
COMP_004605,2022-07-06,79,85.5,1,11.52736079705665,6,0.1501
COMP_004605,2020-11-21,72,87.87,0,12.422924430124247,27,0.2007
COMP_004606,2020-08-10,82,93.29,0,16.182124115408826,47,0.7283
COMP_004606,2020-03-16,83,87.37,2,15.96901980522425,47,0.4077
COMP_004607,2021-06-10,85,67.05,0,8.770581069803956,25,0.1342
COMP_004608,2020-05-31,63,81.84,3,5.25510396083127,49,0.31
COMP_004608,2020-05-04,62,96.59,1,19.26883714990326,14,0.7994
COMP_004608,2021-11-11,71,85.97,0,3.688252908121615,20,0.8124
COMP_004609,2022-02-13,43,50.37,5,1.1416397378521652,16,0.3977
COMP_004610,2023-06-02,86,76.36,0,2.012964481750945,19,0.451
COMP_004610,2020-04-29,83,80.9,0,4.900331598487532,23,0.4691
COMP_004610,2022-07-25,83,60.27,0,1.535710854100134,12,0.2086
COMP_004611,2024-11-22,64,64.41,1,17.34047420097021,38,0.7294
COMP_004611,2021-07-16,60,66.46,2,7.9000347586287125,24,0.2977
COMP_004611,2022-08-15,62,74.56,2,9.571323231845684,11,0.8602
COMP_004612,2021-09-27,39,68.0,3,12.068668178649457,42,0.5978
COMP_004613,2023-12-25,47,40.62,2,9.281194267710664,24,0.4859
COMP_004613,2021-02-11,43,42.53,1,10.836943058429839,8,0.4007
COMP_004614,2024-06-27,66,73.9,1,6.3451018103783845,26,0.7937
COMP_004615,2023-10-03,68,99.36,2,11.549681977066617,39,0.7407
COMP_004615,2020-05-29,65,62.55,3,6.654502326240006,27,0.6089
COMP_004615,2022-03-13,69,60.46,0,15.191961124377578,47,0.1223
COMP_004616,2022-10-25,74,77.5,3,1.1761530131852411,37,0.5972
COMP_004617,2022-08-08,83,85.55,0,1.0,50,0.7029
COMP_004617,2021-02-04,85,96.39,2,1.0,39,0.8124
COMP_004618,2024-08-02,85,85.08,0,6.894010736036792,14,0.6402
COMP_004618,2023-02-21,89,61.67,0,4.94259205356455,20,0.5058
COMP_004618,2021-04-25,84,91.11,0,2.311231928077227,44,0.4077
COMP_004619,2022-11-23,87,70.81,1,15.45354021545008,32,0.8571
COMP_004620,2022-10-07,61,80.68,3,13.711967381078118,37,0.3437
COMP_004621,2022-11-08,54,51.73,3,7.4262031070823955,34,0.8585
COMP_004622,2022-07-05,87,99.13,0,2.667319261429305,14,0.1232
COMP_004622,2023-11-30,84,97.75,2,2.612489361094024,6,0.7598
COMP_004623,2024-03-21,83,83.9,0,19.71302200369351,31,0.6041
COMP_004623,2022-03-16,75,81.35,1,3.9261006673194996,43,0.2823
COMP_004624,2020-11-12,50,74.34,2,13.793289872337922,33,0.7427
COMP_004625,2021-11-28,72,76.73,1,1.3921657769214013,47,0.5939
COMP_004625,2024-07-05,71,86.86,2,1.574709727153857,39,0.1692
COMP_004626,2023-02-25,75,74.63,1,3.5479987480667514,24,0.2247
COMP_004627,2024-03-24,45,47.9,5,14.446526795430456,43,0.6379
COMP_004627,2021-12-27,43,50.9,4,11.312313755151676,14,0.4939
COMP_004628,2023-02-16,60,52.66,5,1.9399999850481777,8,0.1055
COMP_004629,2024-10-18,43,64.51,3,7.137573855604035,30,0.8767
COMP_004629,2021-12-10,45,63.36,5,7.935764486243561,10,0.6316
COMP_004629,2024-10-31,46,70.73,2,8.383121062791584,15,0.8271
COMP_004630,2023-12-15,50,62.53,5,10.563486547077586,28,0.4589
COMP_004630,2021-02-04,54,43.37,3,9.747894817632957,48,0.7384
COMP_004630,2021-09-29,55,57.41,1,15.679888350521715,5,0.7392
COMP_004631,2020-03-26,47,45.77,1,8.692501949444264,48,0.2149
COMP_004631,2020-10-02,41,75.93,4,8.801193412453648,3,0.1735
COMP_004631,2024-01-02,44,52.5,5,10.785401324928461,50,0.2331
COMP_004632,2024-05-09,42,61.74,5,17.477188535226063,26,0.3046
COMP_004633,2021-02-27,79,82.09,3,4.6365554211991284,45,0.7643
COMP_004633,2021-03-30,82,86.83,0,6.356774894543829,48,0.5788
COMP_004633,2023-01-13,80,71.0,1,5.691767086767847,33,0.2189
COMP_004634,2022-01-11,56,68.76,5,19.217951964669222,20,0.5107
COMP_004635,2021-01-23,76,74.73,2,1.6383723753577442,19,0.1631
COMP_004636,2020-11-06,84,94.25,0,3.489948163299152,11,0.2882
COMP_004636,2024-11-08,87,63.26,0,19.26895120718191,34,0.1267
COMP_004636,2021-12-27,90,89.69,0,6.478026658106065,23,0.6574
COMP_004637,2020-05-03,90,79.56,0,7.7182116939246175,31,0.1976
COMP_004637,2022-03-31,97,92.89,0,8.345470342564555,47,0.7894
COMP_004638,2020-07-11,87,93.23,2,6.210266215974889,44,0.8419
COMP_004639,2021-04-02,56,63.85,2,9.516520500909445,4,0.752
COMP_004640,2022-04-25,89,85.22,1,9.78826951429831,46,0.8618
COMP_004640,2024-09-07,89,90.25,0,9.39662620367338,10,0.7064
COMP_004641,2020-06-20,90,74.29,0,11.014955084993934,39,0.1479
COMP_004641,2021-02-17,98,73.43,0,9.739364047604084,8,0.6657
COMP_004642,2022-12-30,49,31.5,1,15.811648908113236,33,0.4182
COMP_004643,2020-08-09,89,94.29,0,12.825388011456912,31,0.1714
COMP_004644,2023-05-31,80,66.4,1,5.441419069345632,31,0.2015
COMP_004644,2022-12-12,81,78.61,0,19.194881391826232,35,0.1793
COMP_004645,2020-05-05,42,34.67,4,6.15974098186383,16,0.1565
COMP_004645,2020-02-29,41,36.34,4,14.351126818669364,46,0.4172
COMP_004645,2021-08-13,51,50.19,2,3.857264997627456,48,0.3578
COMP_004646,2023-05-31,45,75.65,5,15.92963802743756,26,0.679
COMP_004646,2020-09-28,47,53.9,5,4.192160666466585,7,0.8429
COMP_004646,2024-05-31,49,32.82,2,10.145866840682501,26,0.4431
COMP_004647,2023-01-03,90,97.57,0,7.637768678714677,41,0.4379
COMP_004648,2022-05-11,69,63.33,0,6.604890978650059,44,0.7891
COMP_004648,2020-08-10,73,97.39,1,2.3765092452307806,37,0.5119
COMP_004649,2020-11-20,45,46.7,1,2.2904107094750357,37,0.1813
COMP_004650,2020-02-12,60,48.48,1,11.429784387253385,25,0.589
COMP_004650,2021-12-05,56,78.58,3,13.126409776060642,47,0.4077
COMP_004651,2020-10-21,50,78.22,1,16.250389351505866,7,0.3351
COMP_004651,2021-05-28,49,57.3,4,9.41321273937944,32,0.5764
COMP_004651,2023-11-13,42,57.51,2,14.831424736046042,5,0.4266
COMP_004652,2022-03-31,55,32.32,2,2.1045417816384426,10,0.5378
COMP_004652,2021-12-28,58,65.47,2,4.621757118405905,32,0.7565
COMP_004652,2023-08-05,58,51.73,1,5.458628635010987,23,0.3534
COMP_004653,2020-12-28,65,76.84,1,14.262189896864554,10,0.3351
COMP_004653,2020-05-12,66,82.79,1,16.86791155175643,25,0.2372
COMP_004654,2020-10-07,90,95.09,0,17.476079970372528,30,0.8984
COMP_004654,2021-07-08,87,95.21,0,19.447260489732074,10,0.1602
COMP_004655,2021-12-23,88,76.34,0,17.64075688014015,6,0.3926
COMP_004655,2023-09-01,98,97.36,0,5.909142197899525,27,0.5749
COMP_004655,2020-05-22,96,85.25,0,2.782322164445131,29,0.1708
COMP_004656,2024-07-28,77,86.43,3,3.843258559231099,10,0.3279
COMP_004656,2024-04-13,72,68.09,0,1.3288463314683308,45,0.5794
COMP_004656,2021-07-25,74,81.74,3,5.418355529105955,11,0.2323
COMP_004657,2022-11-15,67,75.75,1,10.43621165910285,34,0.8436
COMP_004658,2020-07-24,67,67.33,0,15.698837364373729,30,0.7957
COMP_004658,2023-03-28,60,33.09,2,10.644435333930112,33,0.3012
COMP_004658,2021-06-24,58,54.73,2,2.5507641944573125,25,0.7575
COMP_004659,2021-04-08,84,87.44,0,5.51299824424037,46,0.3291
COMP_004659,2024-03-17,87,68.33,0,5.626701678535069,24,0.7352
COMP_004659,2024-03-04,89,62.65,0,12.253585738174072,7,0.7076
COMP_004660,2020-10-24,46,37.65,1,10.694048649687618,48,0.5859
COMP_004660,2020-12-21,47,60.53,2,16.496643980161824,26,0.6411
COMP_004660,2021-05-31,41,46.55,1,12.655555951928605,23,0.3793
COMP_004661,2023-10-22,92,73.86,0,6.9327714459529535,25,0.6183
COMP_004661,2022-07-18,90,97.56,2,3.1206437161424816,7,0.861
COMP_004661,2021-04-03,88,88.49,0,1.7408187984911851,7,0.3109
COMP_004662,2021-09-06,87,99.41,0,5.406053528405927,34,0.1297
COMP_004662,2022-10-25,80,66.78,1,19.568049859951206,30,0.5847
COMP_004663,2024-06-04,75,73.76,3,2.866878143794974,37,0.5472
COMP_004664,2022-01-01,99,91.61,2,4.337708023901365,7,0.8712
COMP_004664,2020-10-21,97,80.83,0,3.9999284414513245,37,0.3979
COMP_004665,2023-08-12,53,73.36,1,11.896007801195266,46,0.7213
COMP_004665,2022-11-01,50,42.36,3,1.8321288290643594,12,0.284
COMP_004666,2020-01-27,95,72.44,0,1.956403104369115,29,0.5962
COMP_004667,2021-09-05,76,96.81,2,19.050451607732438,32,0.7369
COMP_004668,2023-07-09,55,50.4,1,10.175681265581753,7,0.2822
COMP_004668,2022-09-22,58,65.36,2,19.126101072278022,37,0.4263
COMP_004669,2020-06-13,58,32.18,1,5.051137699449424,40,0.504
COMP_004669,2022-05-02,57,38.95,1,9.080462289117177,14,0.5016
COMP_004669,2022-02-21,57,64.61,4,14.281632390238821,20,0.2024
COMP_004670,2023-03-10,40,42.6,3,5.0783074259773695,50,0.5666
COMP_004670,2023-01-18,47,32.51,2,3.388179208585562,27,0.4998
COMP_004671,2024-02-22,71,83.05,3,4.448167899015662,20,0.6839
COMP_004671,2021-01-25,76,93.99,3,2.390989712943378,19,0.7082
COMP_004672,2020-03-07,40,74.35,1,1.0705266745364086,21,0.8046
COMP_004672,2022-11-07,38,56.18,3,3.819262011371615,50,0.6013
COMP_004672,2023-07-08,47,62.45,5,2.178950096411943,20,0.2715
COMP_004673,2024-11-14,75,80.01,1,2.149025740315949,43,0.628
COMP_004674,2023-01-14,95,94.05,0,14.625517196129593,25,0.7504
COMP_004674,2024-01-10,96,68.44,0,15.58472413326836,26,0.8234
COMP_004674,2022-09-26,90,95.05,0,9.927401295608028,25,0.1295
COMP_004675,2023-01-01,58,31.61,2,8.913850823485635,32,0.5529
COMP_004675,2021-02-08,61,91.64,2,2.400132922550253,40,0.6658
COMP_004676,2020-03-16,59,45.23,3,19.661119738953502,15,0.4082
COMP_004676,2023-12-14,56,30.8,1,13.226813291334059,28,0.7816
COMP_004677,2021-08-22,83,78.87,0,13.073979759241457,45,0.717
COMP_004677,2023-07-27,83,77.9,0,5.49344405459595,10,0.6741
COMP_004678,2024-01-14,46,77.02,2,15.247053821590109,6,0.84
COMP_004678,2021-09-19,47,77.46,5,15.004115499932219,17,0.239
COMP_004678,2024-09-22,44,43.9,3,12.710556139342806,28,0.7003
COMP_004679,2021-01-22,54,54.87,5,6.30133636890655,46,0.6079
COMP_004679,2022-07-16,50,67.99,1,2.1391534618604533,26,0.2217
COMP_004679,2024-12-05,56,58.35,4,6.274542334571506,46,0.624
COMP_004680,2021-07-19,84,99.87,0,7.537717911058253,39,0.4094
COMP_004680,2021-06-20,83,72.93,0,18.822841891939987,33,0.118
COMP_004680,2024-03-04,78,66.12,2,10.024938545705302,25,0.4808
COMP_004681,2020-02-21,51,62.22,1,6.938110422601953,44,0.4569
COMP_004681,2020-07-28,52,74.02,4,9.758444067237143,29,0.4548
COMP_004682,2024-02-02,53,50.43,5,8.538510728138966,15,0.3602
COMP_004682,2021-01-26,54,47.36,3,17.243801476867972,43,0.4427
COMP_004683,2021-08-15,88,74.73,0,7.363734124858951,36,0.5713
COMP_004683,2024-06-04,94,64.81,0,11.497236481806905,18,0.7604
COMP_004683,2020-06-19,90,70.35,0,8.648247568674304,18,0.4509
COMP_004684,2020-09-11,82,78.46,0,13.842956785975451,39,0.4964
COMP_004685,2023-03-25,49,49.04,3,9.369022680423452,49,0.582
COMP_004686,2021-10-29,56,66.69,2,4.8696534544081445,43,0.8686
COMP_004687,2022-07-28,54,37.78,4,13.333160579420447,8,0.5087
COMP_004687,2022-03-03,53,62.65,1,6.237777619808732,23,0.574
COMP_004688,2024-04-28,47,60.18,2,10.435595175848272,31,0.7807
COMP_004688,2020-04-24,53,77.64,4,8.449535296997091,4,0.33
COMP_004688,2022-02-18,48,66.05,3,11.481145735956048,36,0.1457
COMP_004689,2021-09-14,91,79.13,0,19.70795372954772,23,0.288
COMP_004690,2024-06-15,55,59.94,2,1.415289347107021,31,0.7549
COMP_004691,2023-08-04,73,93.58,3,2.3007544363815793,15,0.1469
COMP_004691,2023-04-07,79,78.45,0,5.062691611840341,45,0.3499
COMP_004691,2024-04-17,73,71.37,3,6.439642538356901,22,0.423
COMP_004692,2020-07-17,51,59.44,2,12.00859869676692,42,0.2498
COMP_004692,2023-06-01,58,39.48,4,10.011812293993557,10,0.2879
COMP_004692,2024-05-14,51,38.98,1,9.250397116813074,45,0.5667
COMP_004693,2021-06-27,65,73.67,3,1.0,41,0.5275
COMP_004693,2022-07-18,65,71.62,2,1.0,20,0.5054
COMP_004693,2021-07-03,69,65.27,2,1.0,20,0.7253
COMP_004694,2022-01-29,83,68.69,0,2.6423068123495574,45,0.7942
COMP_004694,2020-06-26,88,81.11,0,2.882001926873108,46,0.7002
COMP_004694,2020-10-29,84,95.41,0,1.7705101214848282,4,0.2409
COMP_004695,2020-07-23,87,61.3,0,15.491816890744232,39,0.7257
COMP_004695,2024-10-10,91,68.25,0,17.582494273351312,29,0.35
COMP_004695,2021-07-15,95,70.83,0,12.14602219679599,35,0.8038
COMP_004696,2020-04-26,51,79.75,1,6.970090565442249,45,0.394
COMP_004697,2020-11-04,93,71.67,0,7.655539567682526,35,0.6442
COMP_004697,2024-05-04,88,80.31,0,3.873762706618458,18,0.3754
COMP_004697,2020-06-19,95,79.25,2,10.31426634976996,34,0.7149
COMP_004698,2022-07-13,44,33.03,2,11.415166355003766,23,0.5226
COMP_004699,2023-09-04,39,51.23,3,3.0148713697198346,29,0.3224
COMP_004699,2021-01-31,41,55.51,2,2.3980183743461074,43,0.7084
COMP_004700,2024-08-07,74,90.99,2,11.409691409707488,35,0.8905
COMP_004701,2022-02-12,73,77.91,0,1.7363809366878205,5,0.4081
COMP_004701,2023-09-09,74,72.69,2,4.686110022114111,18,0.2516
COMP_004701,2024-07-25,69,77.26,1,2.2427541728497453,12,0.7946
COMP_004702,2021-11-12,56,35.17,4,2.775019142096258,45,0.6414
COMP_004702,2024-05-24,66,83.71,3,12.493858030531229,37,0.887
COMP_004702,2023-11-10,58,54.21,1,17.732442293806475,30,0.1073
COMP_004703,2023-02-10,66,78.47,2,13.859089447504502,39,0.2419
COMP_004703,2021-11-10,75,71.05,0,8.669709128888304,35,0.3022
COMP_004703,2020-06-20,69,86.66,2,17.904126109518753,49,0.6162
COMP_004704,2024-02-08,85,87.39,0,12.106791074787402,4,0.4059
COMP_004704,2023-06-23,89,61.79,0,1.5794391495485578,7,0.7316
COMP_004704,2023-10-19,91,61.2,0,12.271838865343625,22,0.7786
COMP_004705,2024-01-29,96,87.67,0,9.168298402376587,21,0.3881
COMP_004706,2022-05-02,80,75.29,1,10.802225976141493,42,0.857
COMP_004707,2023-12-14,82,63.06,0,7.037277140271302,21,0.8262
COMP_004707,2023-07-03,79,65.18,2,3.8808581155606423,24,0.7424
COMP_004707,2020-07-27,75,76.97,3,12.039778621872767,11,0.6728
COMP_004708,2022-01-19,57,67.54,2,9.879713523087997,3,0.8466
COMP_004708,2024-06-29,60,42.08,3,14.604924678554879,15,0.4724
COMP_004708,2023-01-01,63,69.77,3,12.285341517731379,49,0.4829
COMP_004709,2021-09-06,96,72.14,0,1.3734515181893172,44,0.5848
COMP_004710,2021-02-18,55,48.84,1,7.582910247188223,18,0.8555
COMP_004710,2023-03-07,60,44.62,5,8.630921830718911,47,0.4149
COMP_004711,2023-11-07,74,61.84,1,1.7065205418589988,9,0.3305
COMP_004711,2020-05-07,78,73.2,2,13.815527510258704,19,0.2498
COMP_004711,2023-01-03,77,81.69,2,12.970747477629475,41,0.8418
COMP_004712,2023-09-19,38,73.82,5,7.741515805217573,4,0.1852
COMP_004712,2021-11-14,36,58.3,4,3.3649003638205173,26,0.5599
COMP_004712,2020-03-02,36,54.87,5,3.250626206666034,40,0.6984
COMP_004713,2021-04-30,89,85.54,1,18.150176176103145,46,0.2851
COMP_004714,2022-04-09,91,80.33,0,18.69230905508573,43,0.3722
COMP_004714,2022-08-22,99,82.59,0,18.217404771417925,10,0.7161
COMP_004714,2020-07-30,100,92.87,0,3.3923037958991875,12,0.6689
COMP_004715,2020-03-01,79,74.69,0,2.9873547454953013,42,0.4647
COMP_004716,2020-01-12,90,75.79,0,12.672649620122412,50,0.8993
COMP_004716,2024-02-23,85,75.36,0,6.569485184910603,49,0.6223
COMP_004717,2023-02-24,76,89.5,2,11.945814347099116,25,0.5102
COMP_004717,2024-05-24,78,99.75,2,7.784550751649434,29,0.2519
COMP_004717,2020-12-31,78,98.15,1,19.906989619532276,50,0.1925
COMP_004718,2020-02-18,54,52.92,5,1.8674100103255133,8,0.1487
COMP_004719,2021-03-17,55,55.09,1,9.536443366323219,44,0.2763
COMP_004719,2024-02-22,55,66.64,3,1.6908569487646083,7,0.1167
COMP_004720,2024-09-23,67,62.43,2,19.897583380337004,17,0.2531
COMP_004721,2021-03-23,85,84.57,0,2.585831678054376,18,0.1143
COMP_004722,2020-12-02,42,48.75,5,8.025141379557889,28,0.4406
COMP_004722,2024-03-08,38,50.1,2,4.320483816346644,33,0.2067
COMP_004723,2023-12-22,81,71.69,0,9.843649025488059,48,0.6408
COMP_004723,2023-05-23,78,63.77,1,13.647075948701383,44,0.6949
COMP_004723,2022-03-05,84,95.75,0,2.2982206627214166,15,0.5875
COMP_004724,2024-10-15,78,79.78,0,14.555170899979936,39,0.2697
COMP_004724,2023-05-24,69,98.71,2,14.797064652973313,25,0.3638
COMP_004725,2023-11-29,61,77.34,0,3.5068522453555304,25,0.6325
COMP_004725,2020-03-20,63,89.82,1,9.252991734297419,46,0.1753
COMP_004725,2022-03-18,63,70.24,3,17.40587248006557,17,0.243
COMP_004726,2023-11-06,61,71.18,0,1.05627548311459,48,0.4628
COMP_004727,2020-09-23,96,86.31,0,1.0,15,0.8857
COMP_004727,2021-02-19,95,93.85,0,1.0,25,0.1423
COMP_004727,2021-01-09,93,81.9,0,1.0,11,0.2306
COMP_004728,2023-01-22,43,33.09,3,11.947223852096206,7,0.7814
COMP_004729,2021-11-08,79,99.34,2,10.049486315053667,45,0.8628
COMP_004729,2024-06-11,85,66.4,0,18.07811005183057,21,0.2347
COMP_004729,2023-05-23,80,63.18,0,17.594304180349624,15,0.1126
COMP_004730,2021-11-05,43,38.23,3,19.797888715055308,11,0.3708
COMP_004730,2022-12-09,47,52.31,5,4.404305747719279,50,0.6816
COMP_004730,2024-08-29,43,51.07,2,8.000933622956392,23,0.3517
COMP_004731,2021-08-26,66,60.25,3,1.0,29,0.2852
COMP_004731,2020-10-16,61,80.28,0,1.0,40,0.5068
COMP_004732,2024-08-06,98,60.07,0,16.4737855768495,22,0.7319
COMP_004732,2024-04-13,90,90.07,0,4.366936107313102,8,0.2491
COMP_004732,2023-10-24,93,86.08,0,5.594554595432295,37,0.7886
COMP_004733,2023-03-29,89,60.0,0,13.038710303919244,49,0.7938
COMP_004733,2024-06-29,88,70.49,0,18.236770867995443,36,0.4159
COMP_004733,2020-04-06,84,67.0,0,13.008931195657397,26,0.5213
COMP_004734,2022-03-11,92,99.01,0,18.98103997409544,9,0.7557
COMP_004735,2023-09-13,68,94.82,0,1.5396737865484251,18,0.1143
COMP_004736,2021-02-23,77,94.97,1,2.426476612882518,39,0.4307
COMP_004737,2022-11-09,87,83.26,0,8.431342434188448,29,0.6009
COMP_004738,2023-05-19,76,70.45,0,19.039569520429705,24,0.5007
COMP_004739,2021-11-08,80,88.25,2,9.18147813594489,25,0.5543
COMP_004739,2024-12-27,81,74.8,1,6.317504477277726,10,0.4322
COMP_004740,2020-06-24,81,98.33,0,3.057013061829716,45,0.7787
COMP_004741,2023-11-08,92,86.05,0,1.3123638047672754,48,0.6518
COMP_004741,2021-07-31,96,66.05,0,5.741921277665335,29,0.5295
COMP_004742,2020-07-18,46,68.84,2,10.57019528125837,35,0.6938
COMP_004742,2022-08-04,45,41.08,4,4.205286103769774,28,0.786
COMP_004742,2024-02-02,49,50.61,4,1.5941035989485686,45,0.3334
COMP_004743,2024-08-01,77,84.15,1,14.072691294720258,22,0.3938
COMP_004743,2021-05-04,81,65.83,0,18.077637602650775,22,0.3567
COMP_004743,2022-08-20,84,95.52,0,10.033786920186268,37,0.6722
COMP_004744,2021-02-17,50,74.45,4,1.685684954986009,34,0.2914
COMP_004744,2020-02-27,48,32.29,3,1.2051694944467257,46,0.5449
COMP_004744,2022-05-27,41,45.86,2,1.5257428646054338,39,0.7636
COMP_004745,2022-01-08,82,60.15,0,6.988831808659183,13,0.3475
COMP_004745,2024-02-16,73,93.88,0,10.633869650792532,46,0.8193
COMP_004745,2021-11-30,77,79.3,2,18.957544092090423,25,0.2328
COMP_004746,2023-11-19,56,34.53,3,1.9761098561782422,33,0.2145
COMP_004746,2020-11-18,56,70.54,1,1.8721313187897413,42,0.3661
COMP_004747,2022-05-26,49,47.74,1,15.527700585180641,33,0.3692
COMP_004748,2021-09-18,88,79.64,0,11.990938684419001,40,0.8399
COMP_004748,2021-05-19,87,79.11,0,19.07178864650275,47,0.2993
COMP_004748,2021-01-10,95,85.03,0,15.746558301662594,16,0.4591
COMP_004749,2020-07-28,92,87.32,0,2.554095484068055,36,0.4026
COMP_004749,2021-03-07,91,72.77,0,1.811113303297474,22,0.2758
COMP_004750,2023-02-20,87,98.74,0,2.9993491097825706,12,0.2785
COMP_004750,2020-08-03,91,67.11,0,2.149303935612523,14,0.8388
COMP_004750,2022-03-15,93,83.77,0,1.3609752262901238,25,0.3144
COMP_004751,2020-04-05,49,74.81,1,15.71615064775424,20,0.7582
COMP_004751,2020-08-01,46,70.14,2,13.630530080287715,35,0.3889
COMP_004752,2023-01-28,52,45.18,4,6.103548438386289,31,0.4576
COMP_004752,2021-02-22,52,74.36,1,4.543867546575583,37,0.873
COMP_004753,2020-04-17,69,80.2,2,3.9530552933354413,40,0.484
COMP_004753,2020-06-06,75,78.05,1,2.161369863442257,29,0.4017
COMP_004753,2021-05-25,76,75.82,2,2.6909107811364366,22,0.7506
COMP_004754,2020-06-17,49,65.83,4,8.625192333635798,34,0.7839
COMP_004755,2023-09-08,40,79.42,5,10.567567557288836,7,0.7756
COMP_004755,2020-06-08,48,57.11,1,1.8595951153588195,25,0.4272
COMP_004755,2020-03-31,49,45.79,2,12.847491956591089,26,0.3714
COMP_004756,2022-06-05,85,62.07,0,11.97112794746694,28,0.2339
COMP_004757,2023-12-15,77,84.66,1,4.707125218176254,29,0.7461
COMP_004757,2021-03-08,73,99.8,2,14.555165137832189,37,0.4879
COMP_004757,2024-04-01,79,99.07,2,15.079330371361785,31,0.1739
COMP_004758,2022-09-22,54,51.18,5,9.872023502909611,40,0.2667
COMP_004758,2022-12-05,52,50.77,2,9.193565100198702,23,0.1815
COMP_004759,2023-11-04,74,85.0,3,1.0714131307503654,27,0.318
COMP_004759,2024-12-03,78,63.85,0,13.358243165520037,28,0.7716
COMP_004760,2022-05-13,59,38.68,5,5.413658225630745,20,0.3031
COMP_004760,2021-02-06,59,41.6,1,9.678968067240119,36,0.1497
COMP_004760,2024-01-21,55,32.5,3,2.397905875053601,41,0.5899
COMP_004761,2020-06-26,56,32.23,2,3.3486615140393026,46,0.8621
COMP_004762,2023-04-09,66,87.3,3,6.280727119418534,22,0.7696
COMP_004762,2021-04-22,66,76.43,2,3.0155349754702083,31,0.7989
COMP_004762,2024-11-28,64,82.91,2,19.12059648735819,7,0.6384
COMP_004763,2022-04-21,48,30.6,3,1.413625945783541,12,0.7371
COMP_004763,2021-11-28,40,47.16,2,5.9417852717898825,8,0.1901
COMP_004764,2022-07-01,92,87.5,0,3.308958775619132,17,0.1058
COMP_004764,2023-03-08,94,72.75,0,2.6507495688612224,38,0.1257
COMP_004765,2023-05-13,38,33.23,4,3.3067751113067207,34,0.852
COMP_004765,2023-02-20,42,74.05,3,12.096373780641777,38,0.1103
COMP_004765,2020-01-23,37,75.62,3,11.597721113660414,43,0.2646
COMP_004766,2023-05-13,70,86.92,3,3.5614528064603572,3,0.5172
COMP_004767,2024-07-08,74,98.73,0,5.241110808196316,6,0.318
COMP_004768,2023-11-16,88,69.77,0,2.1802619308557993,49,0.1041
COMP_004768,2021-01-13,84,86.71,0,10.710011254938085,22,0.5087
COMP_004769,2024-05-02,48,68.52,3,1.2291102605431976,37,0.5821
COMP_004770,2020-06-07,54,68.31,2,17.261984966061913,16,0.5523
COMP_004770,2023-03-01,53,76.46,2,17.52393281106587,45,0.1145
COMP_004770,2021-12-13,53,31.17,5,6.578439073131331,46,0.7719
COMP_004771,2024-12-03,78,72.28,1,15.081222822318889,15,0.6567
COMP_004771,2024-08-16,77,81.76,2,19.3767362157424,49,0.6607
COMP_004771,2022-04-23,74,83.62,2,15.666034544698192,39,0.6403
COMP_004772,2023-08-16,59,73.9,5,4.0101766918737685,49,0.4591
COMP_004772,2022-04-10,59,76.08,1,10.045391804547549,39,0.3955
COMP_004773,2023-03-31,74,83.26,0,8.718364677611419,44,0.3249
COMP_004773,2021-04-11,74,94.52,0,14.269144252399533,42,0.6712
COMP_004774,2024-03-28,55,69.57,1,5.97233863100055,29,0.7951
COMP_004774,2021-02-10,55,59.69,1,1.5259909638416695,3,0.4122
COMP_004774,2024-05-29,64,77.11,3,2.0751449271467206,34,0.6381
COMP_004775,2023-10-25,48,58.57,3,4.371237737008556,16,0.1026
COMP_004776,2023-08-05,69,81.14,1,3.6792552834214343,16,0.575
COMP_004777,2021-09-21,43,54.25,3,6.0749851154311125,21,0.414
COMP_004777,2022-05-23,45,32.81,3,1.4732253685892291,6,0.5103
COMP_004777,2020-05-31,43,77.95,1,19.75430362864997,18,0.2619
COMP_004778,2020-05-11,87,62.99,0,7.497169640509459,49,0.2545
COMP_004778,2020-03-09,88,65.25,0,3.785426682283286,9,0.7806
COMP_004778,2024-07-09,92,66.21,0,10.891619980290967,34,0.7043
COMP_004779,2021-07-13,62,79.04,0,4.076084611654538,20,0.8128
COMP_004779,2021-04-04,62,70.8,1,10.94985276575511,41,0.292
COMP_004779,2023-12-28,61,72.14,3,2.281435287848826,18,0.1698
COMP_004780,2021-02-21,42,79.36,1,13.323496393838154,9,0.6431
COMP_004781,2020-08-27,57,41.42,3,1.6794830656543676,32,0.8217
COMP_004782,2020-07-12,82,61.37,0,14.362323006884683,23,0.2653
COMP_004782,2023-01-06,78,91.43,1,1.296295665549971,27,0.8896
COMP_004783,2021-12-23,67,76.94,3,18.007625514606737,34,0.3987
COMP_004783,2024-08-23,60,70.35,1,5.7481479367949095,50,0.6062
COMP_004783,2021-07-24,66,79.82,1,13.168212063270795,28,0.2831
COMP_004784,2021-10-13,43,46.27,2,5.697767680805571,23,0.6594
COMP_004785,2020-01-01,48,57.12,5,7.148948240905481,37,0.4764
COMP_004786,2023-08-25,95,99.32,0,17.44024717662346,49,0.7147
COMP_004786,2024-03-04,92,82.28,0,19.099917637660447,31,0.7058
COMP_004786,2023-12-10,93,79.51,0,19.607992405302035,41,0.8321
COMP_004787,2021-05-16,53,61.45,2,16.767166682488895,9,0.2872
COMP_004787,2020-12-16,51,78.44,1,10.582545420847698,28,0.2616
COMP_004788,2020-08-13,55,56.88,1,8.258003185654498,48,0.4966
COMP_004788,2022-07-25,56,64.32,2,15.649549147407795,43,0.8923
COMP_004788,2022-08-10,60,63.98,1,17.85377014560268,30,0.1878
COMP_004789,2021-12-04,80,84.5,0,5.266436582088611,7,0.5539
COMP_004790,2020-08-21,46,69.8,3,2.046840312258494,26,0.1418
COMP_004790,2024-08-21,51,30.34,1,16.462578340958032,35,0.7735
COMP_004791,2021-03-15,86,94.5,0,1.3992475051324045,38,0.4814
COMP_004791,2023-10-11,86,67.59,0,5.650992038278185,41,0.3932
COMP_004792,2023-01-29,94,89.01,0,11.402944235357712,16,0.2571
COMP_004792,2024-03-29,96,63.8,0,10.013652318723677,10,0.2859
COMP_004792,2020-10-19,93,86.76,0,9.140396408203555,27,0.4504
COMP_004793,2023-02-18,58,34.64,4,3.681310093285222,28,0.408
COMP_004793,2022-08-30,57,70.47,5,1.535673310257724,7,0.6459
COMP_004794,2022-09-11,68,69.26,0,1.2738518516102266,5,0.7392
COMP_004794,2020-07-15,71,68.8,3,7.212689306483785,50,0.2923
COMP_004795,2021-09-07,56,64.99,5,4.02398018688962,17,0.5856
COMP_004795,2023-06-14,59,42.2,2,1.8475790054181873,37,0.4512
COMP_004795,2020-08-15,58,78.26,5,10.228222686223527,32,0.6133
COMP_004796,2024-05-05,80,75.86,0,10.3148365883596,6,0.7374
COMP_004797,2023-01-18,79,88.19,2,11.319179382825016,10,0.5895
COMP_004798,2023-10-20,72,91.1,1,5.607368684470325,20,0.6325
COMP_004798,2020-05-03,78,64.77,3,3.967277381423063,24,0.8196
COMP_004798,2022-04-20,74,70.99,2,3.6380902791095933,26,0.8489
COMP_004799,2022-08-31,81,82.6,0,5.481967109295972,21,0.6106
COMP_004799,2021-05-02,73,63.49,0,5.444805949294909,41,0.587
COMP_004800,2024-07-20,96,96.44,0,15.878245449659971,14,0.5193
COMP_004801,2022-12-24,78,87.91,1,11.796615928573361,10,0.3978
COMP_004802,2020-05-24,76,62.67,3,8.85549331844284,5,0.3442
COMP_004802,2023-07-21,81,79.47,2,17.599852658459675,25,0.816
COMP_004802,2022-05-24,86,81.56,0,6.4992493841965056,24,0.3109
COMP_004803,2022-01-29,39,44.53,4,15.467991612298746,36,0.1644
COMP_004803,2023-05-29,39,76.58,1,15.078955052777518,13,0.5796
COMP_004803,2020-08-05,46,42.54,4,14.827959853835276,20,0.2631
COMP_004804,2021-11-17,53,30.5,2,4.309377783199809,39,0.2445
COMP_004804,2024-03-31,58,62.27,5,3.770940964913973,36,0.2264
COMP_004805,2021-07-22,50,66.16,2,6.717101692406972,21,0.4278
COMP_004805,2022-09-14,52,45.75,2,7.235506051396349,10,0.3651
COMP_004806,2023-04-03,78,78.01,3,15.43609505876927,47,0.3979
COMP_004806,2022-11-02,73,80.73,2,16.16875246445813,8,0.6953
COMP_004806,2024-04-03,77,66.11,0,16.498985321607602,8,0.1983
COMP_004807,2021-12-12,88,77.39,0,12.249625394800056,12,0.4433
COMP_004807,2023-12-26,90,61.89,0,6.244168567388465,30,0.5884
COMP_004807,2023-04-24,96,69.36,0,9.142823680454246,46,0.1509
COMP_004808,2021-01-31,76,91.45,1,14.754050005833701,12,0.8318
COMP_004809,2020-06-08,71,98.93,3,3.4425306694267435,31,0.7901
COMP_004809,2023-08-01,69,74.75,0,2.0191366521880467,12,0.6382
COMP_004809,2024-02-03,63,76.97,1,3.3272859285391974,45,0.1181
COMP_004810,2020-11-09,54,33.78,1,1.0,46,0.3281
COMP_004810,2022-07-11,46,47.91,3,1.0,47,0.5542
COMP_004811,2023-11-07,43,62.29,4,2.4242158386464636,43,0.2115
COMP_004812,2021-08-20,80,99.38,3,6.053033137354226,37,0.6602
COMP_004813,2022-07-08,65,75.51,1,2.1666127820681327,11,0.5296
COMP_004814,2024-07-10,49,61.68,2,6.702710927539747,31,0.1425
COMP_004815,2022-01-19,54,31.27,3,2.040101437610764,21,0.416
COMP_004815,2023-10-07,52,37.31,3,10.069572591615616,48,0.4829
COMP_004816,2020-02-20,57,49.15,4,1.6021913781289738,8,0.6529
COMP_004816,2020-02-15,54,34.71,1,4.487463133267244,39,0.5227
COMP_004816,2021-12-11,60,72.59,2,3.088196927071576,31,0.8944
COMP_004817,2021-11-15,63,92.18,2,11.846915115773799,37,0.7495
COMP_004817,2020-01-15,66,93.0,1,11.133924837140608,44,0.3069
COMP_004817,2021-11-22,66,86.95,3,2.9984400459274414,19,0.1475
COMP_004818,2023-12-08,59,65.29,2,4.075087139214111,22,0.1731
COMP_004818,2020-08-20,51,47.47,3,6.757959565353042,45,0.5841
COMP_004818,2024-02-23,52,49.35,4,9.880474636265406,26,0.1226
COMP_004819,2024-08-05,68,71.66,2,14.867380180630915,8,0.3318
COMP_004819,2021-08-21,65,71.57,0,11.413064051009927,8,0.4254
COMP_004820,2021-11-17,51,35.21,4,12.13298873386806,4,0.6104
COMP_004821,2023-01-11,81,92.54,0,18.549424755508653,38,0.3208
COMP_004821,2020-10-03,77,70.58,2,1.0184395559969819,5,0.5462
COMP_004822,2020-05-08,62,86.43,3,7.997417470480524,36,0.2415
COMP_004822,2022-04-10,62,64.65,1,11.041553665611634,21,0.4679
COMP_004822,2023-06-01,62,78.66,3,15.505915761958146,44,0.7834
COMP_004823,2020-02-17,73,60.18,3,16.308978972856757,32,0.2906
COMP_004824,2024-08-23,78,94.74,3,11.47886617869947,25,0.3571
COMP_004824,2024-03-20,75,73.54,1,6.960212705036656,37,0.4047
COMP_004825,2020-01-11,58,40.24,5,1.8883297163438564,33,0.4445
COMP_004825,2024-08-25,60,42.84,4,3.75688891090284,48,0.623
COMP_004825,2023-09-16,55,59.07,3,13.851847605143838,21,0.6855
COMP_004826,2020-06-01,89,82.19,0,13.339220965775999,9,0.5492
COMP_004827,2021-10-26,59,65.6,2,6.837387919777901,11,0.7532
COMP_004827,2021-12-28,63,87.28,0,8.748974079103537,13,0.7532
COMP_004828,2024-06-04,96,75.23,0,11.047337586581952,6,0.1474
COMP_004829,2023-03-21,77,60.19,3,11.050944096683148,23,0.1504
COMP_004829,2021-02-19,69,85.17,1,10.604607893212076,33,0.1825
COMP_004830,2021-10-07,62,96.82,0,8.36258836090916,40,0.3703
COMP_004830,2022-09-13,55,54.71,1,13.547843434584067,36,0.1836
COMP_004830,2024-03-24,56,69.01,1,13.395692074982563,14,0.4849
COMP_004831,2023-06-29,73,71.16,0,3.730274492504388,41,0.5665
COMP_004831,2022-02-13,73,90.68,0,4.7578865766945455,17,0.6834
COMP_004831,2023-02-01,65,81.37,2,4.79763451311417,42,0.3402
COMP_004832,2022-09-11,59,43.08,4,18.322124733373165,14,0.1983
COMP_004832,2023-10-25,60,50.62,3,13.88521974832846,46,0.593
COMP_004833,2024-08-14,95,84.91,0,14.943507609328519,9,0.1625
COMP_004833,2024-01-15,90,68.99,0,11.970385126646828,16,0.1156
COMP_004833,2021-02-07,97,74.09,0,6.961195103228857,29,0.5282
COMP_004834,2023-02-11,94,89.66,0,2.4069113344148523,34,0.8533
COMP_004834,2020-03-13,90,75.67,0,5.234902432013856,8,0.7964
COMP_004834,2023-04-23,98,61.05,1,13.931135712796284,20,0.6966
COMP_004835,2021-09-11,50,43.49,4,5.547125893393353,23,0.1412
COMP_004836,2020-03-08,53,47.44,3,4.6161810337770675,14,0.4593
COMP_004836,2022-02-25,53,65.33,5,12.199909362516763,35,0.2261
COMP_004837,2022-07-12,56,76.97,3,3.7143260475516113,11,0.7097
COMP_004837,2020-07-12,61,89.74,0,3.5750080164453797,29,0.2156
COMP_004837,2023-11-15,65,68.04,1,2.1212345754534594,28,0.7546
COMP_004838,2021-09-25,58,63.21,2,1.9769623064701398,16,0.5682
COMP_004839,2022-11-21,53,75.21,2,9.704540423782449,8,0.7523
COMP_004840,2021-05-23,82,68.86,0,6.694187860617475,43,0.5986
COMP_004841,2024-04-12,89,87.73,0,1.9820389737948096,7,0.128
COMP_004842,2022-08-22,67,80.37,3,14.11879011273257,19,0.427
COMP_004842,2020-02-13,69,96.0,1,10.58661785455134,11,0.1325
COMP_004842,2020-04-29,67,70.05,3,5.779684761477701,29,0.1916
COMP_004843,2022-06-30,72,65.21,2,18.30238139396143,13,0.4734
COMP_004843,2020-07-05,77,75.78,1,17.358850077124128,48,0.5303
COMP_004843,2020-05-03,68,69.13,3,12.174201524667012,12,0.599
COMP_004844,2021-11-06,72,73.73,2,5.948468546874573,23,0.8509
COMP_004844,2023-04-13,69,77.16,1,2.9263208755826815,41,0.3998
COMP_004845,2021-12-04,70,67.57,1,4.986663368918444,48,0.403
COMP_004845,2021-04-26,65,75.48,1,12.935261462757003,43,0.3407
COMP_004846,2021-06-18,74,96.62,1,16.95241412964286,8,0.5891
COMP_004846,2020-04-25,74,89.07,0,10.008814295955714,33,0.8263
COMP_004846,2021-01-13,77,91.18,2,12.17291182010814,46,0.4232
COMP_004847,2023-11-28,51,56.8,1,1.0,21,0.5071
COMP_004847,2021-12-22,43,58.05,1,1.0,50,0.7617
COMP_004847,2021-04-13,46,78.87,1,1.0,20,0.3095
COMP_004848,2021-11-24,90,73.16,0,18.337865853560285,8,0.2476
COMP_004849,2024-12-09,70,98.68,3,1.1014307320193883,16,0.5031
COMP_004850,2023-03-09,46,67.47,3,5.856984301319468,44,0.3008
COMP_004850,2024-12-22,54,47.83,3,4.6295707269961275,40,0.8479
COMP_004850,2022-12-06,49,33.86,1,8.971472113461225,42,0.2173
COMP_004851,2022-03-24,63,78.27,3,4.159138353059398,19,0.6602
COMP_004852,2023-10-13,46,44.42,1,6.9648419366216565,47,0.1053
COMP_004852,2024-04-03,49,42.95,3,13.310024998985256,12,0.7396
COMP_004852,2020-12-12,47,68.32,4,10.194645488997256,19,0.1887
COMP_004853,2022-04-24,99,63.41,2,7.869744634633108,37,0.2364
COMP_004853,2021-01-08,99,64.97,0,4.243530114869987,35,0.2299
COMP_004853,2020-04-19,95,89.52,0,10.051121374714667,30,0.7039
COMP_004854,2021-09-12,78,69.31,2,1.710169238143068,47,0.8986
COMP_004854,2023-03-08,79,76.41,0,2.073350364351257,13,0.4425
COMP_004854,2020-02-05,78,85.36,0,2.0266479407945672,40,0.5275
COMP_004855,2021-01-14,72,73.94,2,2.0851202294541684,41,0.1559
COMP_004855,2024-01-14,77,60.4,2,5.1230163161653905,31,0.6249
COMP_004855,2020-10-09,82,94.05,0,6.231488688336176,20,0.1486
COMP_004856,2024-11-20,44,45.38,5,4.672823746313421,3,0.1532
COMP_004857,2020-04-30,82,90.79,0,4.459642540964895,28,0.2309
COMP_004857,2022-04-18,81,70.43,0,2.5627139663925607,17,0.1405
COMP_004858,2024-11-18,88,83.06,0,17.967373375945364,22,0.5327
COMP_004859,2024-01-17,57,78.52,3,13.959271238818834,24,0.2755
COMP_004859,2024-08-22,57,58.88,3,13.827765960591874,41,0.8118
COMP_004860,2022-12-05,82,77.02,0,3.1163480962106513,47,0.429
COMP_004860,2024-02-26,79,75.31,2,7.914754452479461,7,0.3933
COMP_004860,2024-06-19,75,72.88,3,17.242965557430832,46,0.5734
COMP_004861,2023-06-04,53,73.14,5,2.9518715667078217,31,0.8376
COMP_004861,2024-08-07,59,77.85,2,3.578537093572523,6,0.7086
COMP_004862,2024-04-22,90,94.42,0,7.540491864530166,3,0.5939
COMP_004862,2024-08-21,91,90.38,0,3.1021451303888763,44,0.5445
COMP_004862,2020-05-24,85,98.88,0,7.636785694855503,35,0.4316
COMP_004863,2021-09-09,61,90.56,3,17.447524263239906,5,0.1365
COMP_004863,2024-01-20,58,48.63,1,19.183231264806793,9,0.8624
COMP_004863,2021-11-13,61,91.24,0,14.71220807851917,29,0.7894
COMP_004864,2021-11-04,60,77.4,1,3.84512807635678,22,0.3571
COMP_004864,2020-05-03,56,49.0,3,19.28949154168762,3,0.8515
COMP_004865,2020-10-05,86,74.05,0,19.909563616087993,47,0.7784
COMP_004865,2020-06-12,82,74.28,0,9.567783074963952,7,0.6912
COMP_004865,2020-07-10,85,73.51,0,8.221068371639573,42,0.8794
COMP_004866,2021-08-31,84,94.04,0,11.439672957826163,16,0.3611
COMP_004866,2021-12-18,89,80.46,0,1.257738304295472,16,0.8569
COMP_004867,2022-04-02,82,71.74,0,17.992498152618687,10,0.5692
COMP_004867,2023-11-19,78,70.75,3,15.018449361373406,31,0.4767
COMP_004868,2022-08-12,44,53.66,5,18.94646557581644,32,0.5467
COMP_004868,2022-03-30,50,77.87,1,16.052639726601072,42,0.1687
COMP_004869,2023-11-11,82,88.95,0,15.945857615094617,48,0.3585
COMP_004869,2023-08-19,79,70.89,2,6.766100166556541,40,0.4724
COMP_004869,2020-05-22,80,60.42,1,7.4850242285554645,18,0.1322
COMP_004870,2023-01-05,93,85.66,0,15.270945504486392,42,0.5397
COMP_004871,2022-07-08,35,67.01,2,1.5070410806517016,13,0.1316
COMP_004871,2023-06-01,36,79.23,3,7.5535126107759645,42,0.8483
COMP_004871,2020-01-15,36,57.76,5,6.9198344290843234,21,0.253
COMP_004872,2021-12-30,45,35.4,5,10.72185102918738,19,0.3433
COMP_004872,2021-09-15,47,41.91,2,16.04845676506384,22,0.5393
COMP_004873,2022-05-18,56,69.1,5,12.929296885406215,20,0.4538
COMP_004873,2021-10-23,59,39.97,2,2.9690965445209665,3,0.4072
COMP_004873,2021-04-14,54,67.55,5,3.0607784518450543,4,0.7124
COMP_004874,2023-12-19,84,74.46,2,12.357864658787047,12,0.8951
COMP_004874,2024-09-15,84,87.16,0,14.633396240049725,13,0.2585
COMP_004874,2024-05-20,82,74.56,0,17.473953996044326,12,0.8751
COMP_004875,2023-10-22,75,73.01,2,7.310161145434791,28,0.4184
COMP_004876,2020-08-08,90,70.13,0,1.0,4,0.5894
COMP_004877,2022-03-12,85,97.67,0,2.392368864000112,29,0.8672
COMP_004877,2020-12-07,83,76.19,0,1.04118072198307,14,0.3649
COMP_004878,2023-04-24,77,68.23,3,1.7386712823432395,9,0.4405
COMP_004879,2022-03-07,83,77.13,0,5.567202030393019,35,0.3601
COMP_004879,2022-01-10,79,74.17,1,6.41036769655645,39,0.2938
COMP_004880,2024-12-21,78,97.03,0,3.700062861911527,28,0.4436
COMP_004880,2024-02-01,76,63.9,0,18.451452880277568,39,0.8071
COMP_004881,2024-04-12,69,62.23,0,9.693878527260049,18,0.1674
COMP_004881,2023-02-06,70,71.42,2,17.280721476139664,50,0.142
COMP_004882,2020-07-01,81,81.41,0,9.015728216552226,37,0.8158
COMP_004882,2020-05-26,81,85.85,0,3.801089237012169,36,0.1376
COMP_004883,2020-09-08,54,57.72,2,1.0,29,0.8962
COMP_004883,2023-03-06,54,58.81,3,1.0,26,0.5405
COMP_004883,2023-10-02,56,38.9,5,1.0,43,0.8835
COMP_004884,2022-11-02,63,60.54,2,11.761799168343588,35,0.2791
COMP_004884,2020-12-26,58,74.13,1,2.9512504428789716,16,0.4506
COMP_004884,2022-01-21,62,85.87,0,3.115838116968159,7,0.8072
COMP_004885,2021-06-06,96,68.16,0,10.091556607604925,3,0.5092
COMP_004885,2020-07-16,92,67.81,0,3.9318091591733273,10,0.5264
COMP_004885,2020-06-01,97,74.17,0,1.1029773107460272,38,0.2628
COMP_004886,2020-01-04,79,91.52,0,1.8358993041091838,27,0.4234
COMP_004887,2022-08-30,96,83.86,0,10.481203492343779,32,0.3565
COMP_004888,2020-12-08,84,71.56,0,1.5348749491652864,29,0.2228
COMP_004888,2022-08-11,85,62.07,2,6.096803055912642,34,0.1843
COMP_004888,2024-03-08,88,81.45,0,1.481620960593132,23,0.8754
COMP_004889,2020-12-13,62,63.21,1,1.1028807043574418,28,0.7327
COMP_004889,2023-04-21,67,80.32,3,1.7448124820837556,19,0.7051
COMP_004889,2022-09-14,67,82.41,0,1.8821996359841173,13,0.1989
COMP_004890,2023-09-14,99,74.57,1,4.491131879261964,26,0.56
COMP_004890,2022-02-21,92,72.21,0,4.634568354917846,41,0.2343
COMP_004890,2021-12-10,93,75.74,0,6.100960872110585,28,0.6171
COMP_004891,2021-11-21,55,36.13,3,10.129256570198802,13,0.6459
COMP_004892,2023-11-13,41,73.11,3,9.122584360090057,47,0.5334
COMP_004893,2020-04-03,49,77.42,2,12.33919266177843,30,0.311
COMP_004893,2020-08-27,48,79.78,2,9.856901264187618,20,0.8689
COMP_004894,2020-07-26,75,87.83,0,1.3142074222644438,44,0.6389
COMP_004894,2020-08-30,76,87.37,2,4.986648532312644,20,0.109
COMP_004895,2020-08-19,52,40.3,2,1.0,19,0.4154
COMP_004896,2021-10-30,60,42.64,3,12.26137146337824,10,0.7282
COMP_004897,2022-06-06,82,82.59,0,1.899292078161014,4,0.6313
COMP_004897,2022-09-27,77,85.32,1,1.1383107635280214,38,0.4684
COMP_004897,2023-01-07,76,74.22,2,2.9061618995398,45,0.2663
COMP_004898,2024-01-05,53,62.62,2,5.46547528238308,33,0.8534
COMP_004898,2024-07-26,53,34.77,2,1.6538282218645972,47,0.464
COMP_004899,2024-10-07,90,98.23,0,1.5584299878920085,13,0.5356
COMP_004899,2023-12-16,94,63.02,2,2.5706984338544396,27,0.4806
COMP_004900,2022-12-04,94,96.64,0,9.485920955617686,12,0.6932
COMP_004901,2022-11-12,63,97.52,0,1.9755945317848567,22,0.1718
COMP_004901,2024-11-13,68,92.83,0,5.754119545871568,44,0.3247
COMP_004902,2024-06-08,52,69.8,3,16.36439327919648,8,0.5037
COMP_004903,2020-11-20,71,65.08,0,19.603663963484507,39,0.6748
COMP_004903,2021-10-01,71,97.4,3,17.153518699285403,19,0.1318
COMP_004904,2021-01-13,42,77.4,4,2.501391196020875,24,0.5168
COMP_004904,2024-12-08,37,63.23,4,4.744404037727671,44,0.5005
COMP_004905,2022-04-10,80,84.85,2,18.447919514123285,46,0.8543
COMP_004905,2020-02-01,79,62.77,0,2.814622626837471,11,0.8127
COMP_004905,2023-10-15,80,97.41,2,11.348587248087323,33,0.1837
COMP_004906,2023-07-21,42,76.05,1,1.8202446347020298,3,0.4812
COMP_004906,2020-03-16,43,56.74,2,7.268850817932154,36,0.8699
COMP_004906,2023-05-20,41,72.7,2,17.321132923018855,31,0.6355
COMP_004907,2022-07-09,72,93.51,1,14.851749744600369,16,0.6492
COMP_004907,2020-06-29,69,86.45,1,4.576396790929278,39,0.8036
COMP_004908,2024-02-26,53,49.9,1,11.06055703106142,26,0.5174
COMP_004908,2023-02-10,51,47.92,3,8.051063835968638,22,0.3859
COMP_004909,2021-05-11,86,81.91,0,6.6157177592562935,15,0.396
COMP_004910,2022-06-14,61,91.68,3,7.732145456981931,15,0.3229
COMP_004911,2024-08-05,68,88.58,0,19.57227132958626,28,0.8755
COMP_004912,2020-01-22,83,92.37,0,10.890254714495471,45,0.882
COMP_004912,2020-04-27,85,70.04,0,2.876424424505932,24,0.2718
COMP_004913,2021-01-08,53,45.15,3,19.1808044086508,29,0.8756
COMP_004913,2023-09-06,49,42.67,3,16.0919843406088,41,0.7942
COMP_004913,2023-10-25,55,38.68,1,14.469309996459206,40,0.2185
COMP_004914,2024-11-01,78,71.3,2,14.966264900147554,5,0.863
COMP_004915,2021-04-12,82,98.58,0,18.582370989966684,10,0.835
COMP_004915,2021-04-01,83,81.21,0,16.59214896062114,7,0.8548
COMP_004915,2024-11-21,92,69.93,0,16.89023867504143,19,0.1279
COMP_004916,2022-06-10,66,83.39,0,1.8083354965837897,26,0.1214
COMP_004917,2021-10-04,54,69.05,5,11.901947839693477,38,0.4403
COMP_004917,2023-10-03,50,30.65,3,5.4096042126938775,27,0.1639
COMP_004918,2020-01-21,42,47.35,2,7.734185655385418,50,0.3459
COMP_004918,2024-10-14,48,70.41,3,3.21311446032218,44,0.1903
COMP_004918,2022-02-24,43,42.88,3,5.9994722387684085,9,0.3565
COMP_004919,2024-09-25,95,68.77,0,7.0135231207583235,47,0.3312
COMP_004920,2021-07-07,58,75.12,4,8.073671546780515,30,0.1689
COMP_004920,2024-12-13,51,51.22,4,10.803552036010402,22,0.3473
COMP_004920,2020-04-23,52,45.96,4,19.604220756219753,15,0.3101
COMP_004921,2020-09-20,46,41.93,1,2.111198025851733,46,0.7566
COMP_004921,2020-03-09,49,65.44,4,1.6618312794609047,14,0.7125
COMP_004922,2022-07-04,59,33.36,3,3.733982385501732,9,0.2619
COMP_004923,2022-03-07,82,67.19,0,5.115684297471043,25,0.8999
COMP_004924,2024-02-13,71,69.8,3,8.82178662323841,47,0.3175
COMP_004924,2021-08-12,62,82.66,1,9.738591235429237,42,0.6315
COMP_004924,2023-05-08,69,75.28,2,6.268104146397824,6,0.8535
COMP_004925,2023-04-11,69,72.27,2,17.886415998375185,36,0.552
COMP_004926,2023-03-08,61,68.09,1,1.7986156687492814,23,0.1422
COMP_004927,2022-03-17,51,30.12,1,7.52724603352009,31,0.3454
COMP_004927,2022-11-23,56,73.24,5,4.6254048925871185,46,0.1427
COMP_004928,2022-07-16,44,73.91,2,6.832673723100932,38,0.8687
COMP_004928,2022-04-22,52,52.44,3,9.700750235058889,30,0.6389
COMP_004929,2021-12-03,36,49.73,1,18.831435092053265,16,0.1772
COMP_004930,2021-07-08,52,72.28,4,6.356287420492832,6,0.397
COMP_004931,2022-07-16,56,67.35,1,1.567618928865611,36,0.1569
COMP_004931,2020-07-04,55,56.89,4,1.9000751912177603,11,0.7766
COMP_004932,2022-01-16,75,63.57,1,5.483202942129296,39,0.6294
COMP_004932,2023-12-08,69,98.6,0,10.50349563183624,24,0.8981
COMP_004932,2021-11-09,73,80.1,0,2.657459806407087,13,0.5321
COMP_004933,2021-05-25,93,68.5,0,5.416020660874184,21,0.5791
COMP_004933,2022-09-06,87,86.59,0,14.250077741502976,10,0.4824
COMP_004933,2020-10-26,87,77.5,2,16.554234204279787,17,0.453
COMP_004934,2020-03-10,96,90.65,1,2.1588987307531466,24,0.2514
COMP_004934,2023-11-18,89,78.57,0,6.939276582982579,35,0.3376
COMP_004935,2024-05-25,42,44.93,4,4.994829134842131,32,0.4778
COMP_004935,2021-09-02,45,77.61,5,11.428394605691555,33,0.7788
COMP_004935,2024-05-01,39,42.05,2,10.158971792187472,19,0.3872
COMP_004936,2020-05-17,90,75.11,0,8.571534815041964,49,0.6245
COMP_004937,2022-10-14,55,30.05,5,6.054644564657907,7,0.1784
COMP_004938,2020-07-19,46,50.22,3,12.529842147329482,42,0.1561
COMP_004939,2024-12-18,45,31.57,4,10.703689914653332,24,0.3204
COMP_004939,2024-12-19,38,52.55,3,10.021472014277462,47,0.4984
COMP_004940,2024-10-13,70,84.17,3,1.761181866214476,16,0.8098
COMP_004941,2024-06-13,50,39.19,5,12.214533907703462,16,0.5215
COMP_004941,2022-12-30,45,56.33,1,15.769103751051468,9,0.4605
COMP_004942,2021-08-08,77,86.75,1,1.3012149907126265,14,0.6675
COMP_004942,2022-07-27,74,70.7,0,2.0084294279625237,35,0.2375
COMP_004942,2020-05-26,73,92.14,2,1.2430390359528862,46,0.36
COMP_004943,2023-01-18,87,75.59,0,3.9290018109992855,8,0.1776
COMP_004943,2020-06-16,88,76.31,0,4.330458805948114,18,0.3877
COMP_004944,2020-07-03,41,54.78,3,6.916230596811189,11,0.1041
COMP_004944,2022-12-04,46,59.76,1,12.437522311158352,39,0.7387
COMP_004945,2020-12-02,60,63.76,4,6.91715423961275,50,0.414
COMP_004945,2022-12-22,55,68.24,4,10.662739124383625,18,0.1088
COMP_004945,2024-01-30,61,66.33,1,17.541019235703946,15,0.2795
COMP_004946,2024-02-07,83,86.1,0,11.513626091001365,37,0.1143
COMP_004946,2024-03-13,82,96.81,0,1.3925877942892892,43,0.132
COMP_004946,2023-07-03,82,81.8,0,14.9272837369288,40,0.2131
COMP_004947,2020-06-26,83,73.5,0,12.855852840575144,16,0.3663
COMP_004947,2021-04-17,83,73.92,0,14.36251316036498,34,0.1083
COMP_004948,2022-01-20,76,96.29,2,9.865801372445102,34,0.1591
COMP_004948,2021-02-24,79,73.49,3,15.784436147943392,36,0.5675
COMP_004949,2021-06-09,49,62.18,3,4.338934215231273,6,0.3024
COMP_004950,2022-11-23,96,66.16,0,2.553462884456536,24,0.7028
COMP_004951,2021-09-21,41,67.95,5,3.6954848983426842,8,0.7151
COMP_004951,2023-10-23,36,36.48,1,8.994887727963434,10,0.1199
COMP_004951,2024-07-28,37,58.31,4,3.951130639532094,39,0.1529
COMP_004952,2023-03-20,85,81.09,0,16.286981224603124,14,0.665
COMP_004952,2020-04-16,89,86.45,0,10.84788231602579,16,0.2841
COMP_004952,2022-04-20,81,64.17,0,10.300285263652672,16,0.4225
COMP_004953,2022-09-28,95,63.17,0,3.16555384923402,44,0.8764
COMP_004954,2022-08-23,72,79.75,1,4.81207112838024,28,0.7681
COMP_004955,2023-11-23,55,72.6,3,5.401195741232278,46,0.5597
COMP_004955,2023-08-03,62,82.84,1,7.755873667199105,9,0.742
COMP_004956,2020-11-15,55,44.57,3,8.548433544131251,48,0.3124
COMP_004956,2021-01-30,62,73.47,1,19.718158845996335,33,0.7236
COMP_004957,2020-03-15,48,74.92,1,12.213927141498182,35,0.4549
COMP_004958,2022-04-18,37,66.51,3,3.5608107118117034,4,0.4017
COMP_004958,2022-01-05,37,66.24,4,6.8934774059394215,13,0.3402
COMP_004959,2023-03-05,85,60.54,0,2.7569557074990536,15,0.5054
COMP_004959,2021-05-07,92,66.74,0,1.5420501930917874,43,0.7956
COMP_004959,2021-11-04,92,95.9,0,1.594624565741994,19,0.2199
COMP_004960,2022-05-11,46,60.14,1,8.22684120949678,50,0.2128
COMP_004961,2024-04-23,67,97.31,1,17.234279966543216,24,0.6921
COMP_004961,2021-11-03,73,88.3,3,17.7363102068201,12,0.722
COMP_004961,2021-06-26,68,62.37,3,7.752154135141413,36,0.5969
COMP_004962,2021-10-04,67,86.02,0,3.2222876549810477,40,0.3987
COMP_004962,2021-09-29,69,80.65,2,3.76444953872675,25,0.5747
COMP_004962,2021-02-12,68,72.72,3,3.848569197320325,20,0.3983
COMP_004963,2023-11-26,87,87.58,0,11.681458565657675,3,0.2735
COMP_004963,2021-10-05,96,68.19,1,6.401219100950586,47,0.4227
COMP_004964,2023-06-27,59,66.12,5,8.81335448076882,13,0.325
COMP_004965,2021-12-03,83,89.91,2,9.056816244447976,14,0.8151
COMP_004965,2020-02-08,85,61.68,0,2.5111778408286307,38,0.6591
COMP_004965,2020-06-01,93,64.13,0,10.594285424655922,38,0.6756
COMP_004966,2024-02-01,90,75.27,0,12.706695410892754,12,0.6045
COMP_004966,2020-09-19,84,71.63,0,6.604255523692705,42,0.3261
COMP_004967,2024-12-24,94,72.07,0,16.221696220613588,25,0.1933
COMP_004967,2023-09-22,89,72.77,1,15.511161013853282,41,0.6187
COMP_004968,2021-10-18,74,76.11,0,16.79858591438112,36,0.135
COMP_004968,2020-05-31,83,65.25,0,2.272731527193758,11,0.1865
COMP_004968,2022-09-10,76,97.38,0,2.0021803269021943,6,0.6203
COMP_004969,2024-03-11,40,49.0,1,8.198109942855659,44,0.1987
COMP_004970,2023-08-12,57,78.53,4,1.3952454696114187,37,0.6704
COMP_004971,2021-09-01,81,96.82,0,18.956751023496093,43,0.505
COMP_004971,2020-05-30,81,62.64,0,2.853919035141647,44,0.1915
COMP_004972,2023-12-02,51,45.71,4,2.917261272928945,6,0.4841
COMP_004972,2021-07-06,52,67.39,1,10.239578221443047,49,0.5243
COMP_004972,2021-08-12,52,44.97,4,17.45796355679919,17,0.6172
COMP_004973,2021-12-04,76,83.74,3,16.92785988180346,44,0.5625
COMP_004973,2022-07-16,71,99.28,1,7.96195888585667,46,0.8452
COMP_004974,2020-08-08,64,73.43,1,9.494150177847825,13,0.1834
COMP_004974,2023-03-23,65,77.4,3,3.5971582632802104,26,0.629
COMP_004974,2021-08-05,70,74.43,2,2.5768620143159975,5,0.7491
COMP_004975,2024-12-10,56,68.83,4,12.999853097445628,28,0.4525
COMP_004975,2020-11-25,50,77.39,4,1.9404847799787857,20,0.576
COMP_004975,2022-11-02,46,39.86,5,9.133703827227938,47,0.5832
COMP_004976,2024-03-12,48,42.47,4,3.120088819333564,36,0.5488
COMP_004976,2020-03-21,53,62.71,3,1.684633301956568,12,0.6624
COMP_004976,2020-07-31,49,76.74,5,1.0661545196080129,47,0.578
COMP_004977,2023-09-09,83,80.9,0,8.29999821298673,46,0.774
COMP_004977,2020-07-08,81,77.88,0,13.119694243825377,43,0.7647
COMP_004978,2021-09-17,67,66.16,0,2.69641508964126,39,0.4382
COMP_004979,2020-06-03,68,75.06,3,3.343449315468199,30,0.2162
COMP_004979,2024-01-03,65,69.17,3,7.367613758101318,10,0.6677
COMP_004980,2024-04-27,66,60.4,0,14.202206452860095,17,0.8877
COMP_004981,2022-12-01,51,55.57,1,8.26802512938994,22,0.1768
COMP_004981,2024-10-06,57,62.14,5,1.8830837631063422,15,0.8962
COMP_004982,2024-07-15,41,42.04,3,3.4572892831235222,15,0.1603
COMP_004982,2020-03-13,43,58.86,5,2.1713511771668963,35,0.5721
COMP_004982,2023-02-19,47,41.42,1,2.3153150577306905,23,0.5508
COMP_004983,2024-06-03,52,63.02,2,5.5076163622230006,37,0.2025
COMP_004983,2023-02-05,51,61.44,5,19.96716454665523,45,0.5541
COMP_004984,2022-10-18,57,69.92,1,10.12839334019643,32,0.545
COMP_004984,2023-11-18,62,63.24,0,15.668158427920845,23,0.6732
COMP_004984,2020-01-02,62,93.95,1,19.21965283198311,10,0.7493
COMP_004985,2022-01-23,65,85.57,3,11.17800243673417,26,0.6388
COMP_004986,2022-09-17,51,74.71,5,14.397542861864592,37,0.7524
COMP_004986,2020-07-24,60,77.74,2,4.874686330154171,13,0.4216
COMP_004987,2022-03-09,56,78.34,5,10.132859106441972,26,0.8332
COMP_004987,2020-04-30,55,79.35,2,10.873525369591365,37,0.4876
COMP_004987,2021-04-15,60,74.8,3,14.237657881537846,31,0.3006
COMP_004988,2021-05-19,68,97.84,1,7.682179308106052,38,0.8559
COMP_004988,2024-10-12,74,90.04,2,11.30573143942192,16,0.6823
COMP_004989,2022-03-19,77,79.21,2,2.7248171819492577,32,0.2019
COMP_004990,2023-03-18,57,40.57,3,18.572929200165802,44,0.1116
COMP_004990,2024-07-27,61,72.33,1,19.81272718548939,21,0.2888
COMP_004990,2021-06-23,62,91.67,1,13.934228193078145,34,0.631
COMP_004991,2022-01-17,73,73.87,3,13.572069632370388,3,0.7919
COMP_004991,2020-09-21,72,72.42,3,8.069451962419656,19,0.6913
COMP_004992,2022-11-04,57,31.74,5,8.709216434774563,10,0.1971
COMP_004992,2021-01-19,54,74.51,1,7.26636852672488,3,0.2374
COMP_004992,2024-03-28,56,41.87,1,6.717204173578554,6,0.7471
COMP_004993,2023-10-12,50,45.76,5,18.48936126656697,29,0.4799
COMP_004993,2024-06-02,48,64.05,5,15.263559309443915,20,0.6054
COMP_004994,2022-03-07,70,96.97,0,15.126087424762892,5,0.5397
COMP_004995,2024-02-24,54,42.44,5,3.4286363568360763,16,0.2537
COMP_004995,2023-08-18,44,72.64,2,3.881063527441012,45,0.75
COMP_004996,2024-11-17,50,71.74,2,14.63475498260253,39,0.5866
COMP_004996,2024-05-06,47,70.11,3,2.716952900673094,40,0.4038
COMP_004997,2021-02-22,83,93.38,0,14.812354107038873,39,0.6893
COMP_004998,2020-12-30,70,72.49,2,2.6373580892059754,7,0.3567
COMP_004999,2022-10-20,85,72.88,0,16.353519421320378,38,0.3677
COMP_005000,2020-03-22,68,71.24,0,4.575524265572318,11,0.4974
COMP_005000,2023-01-16,69,88.85,2,10.828866241850418,22,0.4164
