company_id,company_name,industry,years_in_business,employee_count,annual_revenue,net_income,total_assets,total_liabilities,current_ratio,quick_ratio,debt_to_equity,interest_coverage_ratio,region,country
COMP_000001,Fowler & Johnson LLC,healthcare,2,696,377667418.25,36927305.96,435432915.13,179723019.31,1.0563,0.8411,0.7028,4.624,North America,United States
COMP_000002,ElectionDog and Sons,hospitality,39,1385,190192146.98,5351933.08,238259447.54,106731421.69,2.5985,1.5284,0.8115,1.967,North America,United States
COMP_000003,"Garcia, Yang and Gardner",financial_services,10,21338,3662649769.64,175773452.55,2226208402.81,758879071.42,1.8812,1.2107,0.5172,5.8133,North America,Canada
COMP_000004,Garza Inc,healthcare,36,5224,600665191.78,41887874.83,416273020.02,217854220.23,2.0743,1.1967,1.098,6.8079,Asia Pacific,Japan
COMP_000005,Johnson & Robinson PLC,construction,18,477,82229227.02,7530081.73,46956852.71,14399402.31,2.0086,1.5428,0.4423,9.1075,North America,United States
COMP_000006,"Johnson, Gonzalez and Santos",manufacturing,30,2642,320429095.47,26658114.27,161483401.47,71827804.56,2.6329,2.0374,0.8012,6.2549,Europe,United Kingdom
COMP_000007,Gardner & Robinson PLC,financial_services,5,1014,299837224.72,12798549.75,156624934.03,112081077.77,1.6042,1.2227,2.5162,3.4596,Latin America,Brazil
COMP_000008,Ramirez & Booth and Sons,hospitality,35,1516,173369053.01,11266854.43,125914517.44,66395143.43,2.1823,1.2826,1.1155,3.1283,North America,United States
COMP_000009,SaveKnowledge LLC,manufacturing,44,8606,1206218873.37,108387154.81,2026265709.08,733747633.91,3.8889,2.7675,0.5677,3.0248,North America,United States
COMP_000010,Ramirez & Lewis LLC,energy,8,60842,7095322149.07,396123435.11,9624212696.09,3015747543.95,2.6752,2.1077,0.4563,2.776,North America,Canada
COMP_000011,Garcia & James LLC,manufacturing,24,160,50963143.65,7285267.25,38930844.25,19043430.2,2.5568,1.279,0.9576,9.0869,Asia Pacific,Singapore
COMP_000012,Munoz-Roman,professional_services,6,557,97006030.29,2778655.56,78931781.46,27933942.3,2.6959,2.1738,0.5477,3.7214,Europe,France
COMP_000013,Blair PLC,retail,35,1345,416556435.12,59076604.59,271407376.91,127057645.84,2.1811,1.6766,0.8802,10.7129,Latin America,Brazil
COMP_000014,CapitalWin Group,energy,2,12170,2162774151.25,175278380.45,2558974857.4,1152001518.36,0.9849,0.7411,0.8188,4.8331,Asia Pacific,Japan
COMP_000015,BarOld LLC,transportation,14,1316,190006717.54,18489258.03,119875873.35,72011471.61,2.5019,1.4941,1.5045,5.7487,North America,United States
COMP_000016,"Montgomery, Hensley and Ray",construction,27,260,95785232.38,9277359.93,60105675.5,27376732.03,3.8547,2.0791,0.8365,7.6956,North America,United States
COMP_000017,Bush & Williams and Sons,manufacturing,28,5746,615442063.49,32387105.36,515470609.63,267959924.83,1.2556,1.0336,1.0826,2.4994,North America,United States
COMP_000018,Galloway-Wyatt,manufacturing,27,5067,1054265298.95,105173522.64,1284716531.42,473203357.49,1.2077,0.7869,0.5831,3.7101,Latin America,Mexico
COMP_000019,Delacruz Group,manufacturing,13,8388,869570587.1,53988453.69,445234035.33,222515410.51,2.3814,1.9032,0.9991,8.4177,Europe,United Kingdom
COMP_000020,FallLong Ltd,manufacturing,5,4077,589545988.99,51655493.36,389700324.42,168931082.1,1.1435,0.979,0.7652,8.2648,North America,Canada
COMP_000021,Flowers and Sons,financial_services,14,15697,3063145944.66,354190116.28,3153734462.42,1178696083.84,1.3164,0.9981,0.5968,6.8562,North America,United States
COMP_000022,HospitalHear and Sons,healthcare,35,1008,143796391.35,8232641.45,160165172.32,86271849.07,3.5593,3.0315,1.1675,2.8316,Asia Pacific,Japan
COMP_000023,Santiago Ltd,healthcare,9,963,295683925.29,15757871.13,161173504.81,98139515.26,1.2962,0.7942,1.5569,4.8987,Asia Pacific,Hong Kong
COMP_000024,Zuniga Ltd,healthcare,41,401,369530034.08,33286460.09,403848985.16,97381971.78,3.2454,2.4498,0.3178,9.0276,Latin America,Chile
COMP_000025,Jones & Reid PLC,manufacturing,35,2652,917579268.59,27179055.37,870713979.58,362920579.36,2.2692,1.1726,0.7147,2.7259,North America,Canada
COMP_000026,ShoulderElection and Sons,healthcare,23,961,786250081.59,114555169.53,430538384.65,159316753.11,2.8151,1.5816,0.5874,10.5458,Europe,Netherlands
COMP_000027,Gray-Mayo,construction,43,866,103838522.17,16488933.09,60507587.85,19687827.46,3.2919,1.7883,0.4823,12.5215,Europe,Germany
COMP_000028,"Watts, Robinson and Nguyen",energy,20,34995,5166632662.22,785347154.26,2859256683.39,890188209.53,2.9277,1.9305,0.4521,20.9102,Asia Pacific,Singapore
COMP_000029,SpecialStand Inc,hospitality,22,898,118890499.2,20273326.09,176654187.9,97253111.29,1.5507,1.3724,1.2248,5.6606,Latin America,Mexico
COMP_000030,DropTerm Inc,construction,39,136,27992954.3,4969891.29,41565339.7,21939911.86,1.5836,0.8199,1.1179,5.3808,Europe,France
COMP_000031,Morales-Jones,professional_services,21,291,60950712.76,7770511.67,88728116.83,46849775.47,2.4904,1.9095,1.1187,4.6605,Europe,Germany
COMP_000032,Gentry & Bradley Ltd,manufacturing,40,1738,349343006.14,39399050.87,314975195.4,159626926.29,1.9091,1.115,1.0275,4.6049,Asia Pacific,Hong Kong
COMP_000033,Edwards & Rios Group,hospitality,31,98,13945267.0,2061427.33,7189215.8,3418527.2,2.9243,1.7941,0.9066,10.5902,North America,United States
COMP_000034,Wilkerson & Day and Sons,retail,10,2585,474544997.55,10997722.87,547174906.57,268145545.87,3.0698,1.6243,0.961,1.8605,Europe,Netherlands
COMP_000035,Baker and Sons,manufacturing,42,11621,1931607745.82,253560403.47,1050363525.43,541295369.53,3.5724,2.8986,1.0633,12.563,Latin America,Brazil
COMP_000036,Mcgee & Ryan Ltd,transportation,9,4062,810313374.64,98615522.64,539717198.48,382691941.98,2.3948,2.1075,2.4371,4.5007,Latin America,Chile
COMP_000037,PatternLater PLC,transportation,29,969,311567631.48,20075511.86,357770218.35,158868459.27,3.2302,2.2887,0.7987,2.97,North America,Canada
COMP_000038,Cox-Osborn,energy,35,1594,1021837534.36,37368715.73,1407012985.44,510142518.21,1.477,0.8649,0.5688,2.3759,Latin America,Mexico
COMP_000039,Taylor & Snyder Inc,construction,50,2008,343695348.12,39564967.26,222703819.44,114504115.33,3.2296,2.1062,1.0583,12.3464,Latin America,Mexico
COMP_000040,Hernandez and Sons,transportation,15,2588,445750968.8,27204070.0,362852582.6,148765419.87,2.7826,2.2797,0.6949,3.8981,Europe,Switzerland
COMP_000041,"Henderson, Brown and James",professional_services,37,51,12642804.37,1611046.8,20198715.91,7618068.64,3.5192,2.0154,0.6055,5.8481,Latin America,Mexico
COMP_000042,Ferrell PLC,financial_services,49,19924,2480932781.46,427682650.07,2190964655.99,1111194815.19,2.3851,1.9071,1.0291,12.9855,Europe,United Kingdom
COMP_000043,King PLC,technology,16,45,18159872.04,933906.2,34227097.55,10871846.86,1.3363,1.026,0.4655,2.3632,Asia Pacific,Singapore
COMP_000044,TraditionalYes Inc,manufacturing,20,3488,1819547600.14,74352910.4,3378807806.67,1148207816.87,2.9772,2.6297,0.5148,2.3855,North America,United States
COMP_000045,Frazier Inc,professional_services,8,220,26248608.17,3112275.33,19459285.99,6403754.43,2.2087,1.6888,0.4905,15.5893,North America,Canada
COMP_000046,RestValue PLC,construction,24,1638,332948530.76,41003036.59,191013703.57,89077094.81,2.2855,1.8136,0.8738,6.7888,Latin America,Mexico
COMP_000047,Potter & Mack LLC,energy,16,27287,3151525207.09,451785119.71,5002465850.18,2873087105.88,1.6573,1.1367,1.3493,3.55,North America,Canada
COMP_000048,Carter and Sons,transportation,14,1664,524867340.97,37484674.09,591380754.5,224082638.58,2.555,2.1769,0.6101,3.9013,Europe,United Kingdom
COMP_000049,LongAbout Ltd,transportation,36,3845,551243176.55,78427398.58,358902369.05,160317714.46,2.4437,1.997,0.8073,15.0059,Europe,France
COMP_000050,Liu & Baker PLC,transportation,36,741,193005910.97,20617628.94,169562873.91,81169635.79,1.9861,1.5514,0.9183,6.7337,North America,United States
COMP_000051,SoundCould PLC,retail,14,2059,484853144.63,60752144.28,530039290.74,261292399.22,2.9917,2.21,0.9723,4.0752,Asia Pacific,Australia
COMP_000052,WhileBorn Ltd,technology,46,3433,387791278.86,41619727.67,425458390.75,234757038.9,2.6226,2.0429,1.231,6.0295,Latin America,Brazil
COMP_000053,FireThought Ltd,transportation,31,2223,940103952.15,87159982.29,1210623132.05,310452861.22,3.7314,2.5788,0.3449,4.9086,North America,United States
COMP_000054,"Lynch, Hernandez and Farmer",healthcare,16,7826,895353213.68,35497663.68,543737264.31,259593118.13,3.1491,1.8589,0.9136,3.4165,Latin America,Mexico
COMP_000055,Ryan PLC,financial_services,37,7676,2993520894.27,361857590.26,2116390526.51,1009155484.73,3.7501,2.1867,0.9114,9.9067,Europe,Germany
COMP_000056,Sellers & George Group,manufacturing,1,17182,1844529727.7,110575818.77,1202386928.25,692332818.27,0.8849,0.5444,1.3574,4.7625,North America,United States
COMP_000057,AfterBrother LLC,construction,8,103,48803788.52,4253805.79,33167093.25,22881949.81,2.9328,1.5502,2.2248,5.7774,Asia Pacific,Hong Kong
COMP_000058,Koch LLC,construction,18,985,102011516.9,10065599.23,82221412.51,22942114.3,1.1274,0.7585,0.387,10.4139,North America,United States
COMP_000059,Brown PLC,financial_services,37,1232,235684171.66,7135607.22,144201972.37,56319560.32,2.9033,2.5155,0.6409,4.2766,Latin America,Brazil
COMP_000060,YourBar Inc,energy,21,5892,3287036791.09,422518429.1,1839828417.38,635729108.94,3.0239,1.8606,0.528,9.7278,North America,Canada
COMP_000061,"Tucker, Jones and Hodges",energy,8,16672,3917339032.41,549520613.29,3541057144.8,1862851159.35,3.3307,2.5416,1.11,6.1288,Europe,Switzerland
COMP_000062,Cannon and Sons,transportation,49,1057,278635541.46,8930669.48,309394160.76,87225711.55,1.8638,1.5886,0.3926,2.6993,Europe,Germany
COMP_000063,"Alvarez, Pierce and Baker",hospitality,27,786,165918764.32,6394614.6,83443953.33,44403661.82,2.3597,1.2907,1.1374,3.0105,Asia Pacific,Singapore
COMP_000064,TurnPolicy Group,transportation,16,3416,363185793.43,32290162.63,506561450.69,167719887.82,2.6271,2.0978,0.495,6.056,Latin America,Mexico
COMP_000065,DevelopmentWoman PLC,technology,19,719,141186320.33,19056795.94,80392440.59,35068378.02,2.8937,2.4483,0.7737,11.3787,Asia Pacific,Hong Kong
COMP_000066,Campos & Vaughn Ltd,retail,45,2694,272262649.41,16677085.09,253395746.44,130226194.19,2.2148,1.3893,1.0573,3.5524,Latin America,Mexico
COMP_000067,Collins & Carney Ltd,transportation,3,701,149514982.73,4681961.95,76751874.02,37868575.27,1.0667,0.8939,0.9739,4.6981,North America,United States
COMP_000068,Kim-Holmes,healthcare,31,5334,803185995.85,117199250.32,894880689.01,393249061.93,2.1768,1.1583,0.7839,7.4888,Latin America,Mexico
COMP_000069,CameraEnd and Sons,hospitality,3,39,15835578.09,1365533.06,18582970.61,12154864.74,1.4967,0.8845,1.8909,4.4459,North America,Canada
COMP_000070,Morgan PLC,technology,3,1270,493456581.36,26382699.42,844701221.19,426962074.53,1.8261,1.0915,1.0221,2.2938,Europe,Germany
COMP_000071,Spencer & Chapman Inc,professional_services,44,548,77338354.55,4761679.76,41374146.04,11824634.55,2.3589,1.4191,0.4002,10.2198,Latin America,Mexico
COMP_000072,Zimmerman Inc,healthcare,29,397,202722103.13,34758074.79,102308554.47,34347985.49,3.7914,2.9426,0.5054,20.0712,Latin America,Mexico
COMP_000073,DropAuthor Inc,professional_services,23,8,1049450.65,119291.75,527617.18,176474.14,3.8369,2.9287,0.5026,16.4864,North America,Canada
COMP_000074,Heath Inc,retail,39,3726,408099791.37,60848244.27,492572646.64,148186656.69,1.7568,1.4094,0.4303,7.0779,Europe,United Kingdom
COMP_000075,MyEconomy LLC,financial_services,29,29975,3537218145.8,103303985.05,3377490378.97,952627166.75,3.6415,2.2967,0.3929,3.016,Asia Pacific,Singapore
COMP_000076,"Washington, Ryan and Cummings",transportation,19,3140,731717096.36,101066378.35,725857336.67,205980647.72,3.7501,2.0862,0.3962,7.4085,Latin America,Chile
COMP_000077,UsOwn PLC,technology,17,2023,385863903.0,39481600.76,326400561.52,159757722.08,2.8603,2.099,0.9587,4.651,North America,United States
COMP_000078,Kennedy Group,professional_services,15,78,7867442.85,901721.38,5414225.44,2366754.55,2.8694,2.1799,0.7766,11.4504,North America,Canada
COMP_000079,Lee-Davis,healthcare,16,2493,361673399.9,54824246.17,514108626.55,217818880.82,2.8211,2.2491,0.7352,4.2238,Europe,Netherlands
COMP_000080,LawyerHealth Group,professional_services,27,18,12028971.42,2050846.74,13080510.95,6028674.24,1.6614,1.1262,0.8549,9.0823,Asia Pacific,Singapore
COMP_000081,Jenkins & Shields Inc,retail,8,4274,431825506.09,59434971.29,248706348.59,87081081.96,1.4186,1.0722,0.5388,9.5088,Asia Pacific,Australia
COMP_000082,ReportReady Ltd,healthcare,49,6181,625181636.19,69055322.26,453169857.36,226665118.88,1.7064,1.3817,1.0007,5.4262,Asia Pacific,Australia
COMP_000083,Garcia Group,manufacturing,8,5130,668487069.46,67985130.82,1240995025.95,394862150.44,2.8425,1.6918,0.4667,4.5973,North America,United States
COMP_000084,Chandler Inc,healthcare,31,463,68240558.53,6409899.36,65423522.37,28130356.41,2.3327,1.3731,0.7543,4.8414,Asia Pacific,Hong Kong
COMP_000085,EnergyDark and Sons,technology,31,333,156180178.54,24391997.37,137071045.32,37632551.95,3.0775,2.0848,0.3785,9.5752,Europe,United Kingdom
COMP_000086,Herrera & Taylor and Sons,construction,39,840,165965744.4,17719642.5,140580655.87,60974971.95,1.3237,1.0334,0.766,5.061,Europe,Netherlands
COMP_000087,Ramirez and Sons,construction,22,666,366155058.28,56050063.98,333445618.2,157878498.34,1.9339,1.2087,0.8992,9.4871,Latin America,Brazil
COMP_000088,Ramos PLC,healthcare,28,2674,639369684.0,24976370.25,397569997.71,198692035.58,2.6312,1.9329,0.9991,3.0962,North America,Canada
COMP_000089,Garcia & Pearson PLC,technology,19,3489,443719158.55,51339596.98,431856375.48,188098185.68,1.6294,1.2427,0.7717,7.4661,Asia Pacific,Japan
COMP_000090,ThinkAdministration Inc,construction,36,626,238746387.96,42026352.37,138192185.86,60299255.11,2.8781,1.4693,0.7741,10.2479,Asia Pacific,Japan
COMP_000091,WithSome and Sons,energy,23,5925,1239962747.09,30940174.35,687038357.84,289396186.67,2.1862,1.2172,0.7278,2.5462,Europe,Netherlands
COMP_000092,Russell Group,manufacturing,24,4929,1429357126.57,103793381.9,1448808337.44,784168056.92,2.7452,2.3426,1.1798,4.6053,North America,United States
COMP_000093,Lewis Group,transportation,39,5345,763177198.13,70944107.6,838886479.28,403992465.7,1.3655,0.9176,0.9289,5.0478,Latin America,Chile
COMP_000094,Martin Inc,retail,26,1541,281516044.39,49989795.7,483560856.44,147686932.29,3.7436,3.0209,0.4397,5.8783,North America,United States
COMP_000095,Galloway LLC,manufacturing,9,1804,1544224688.11,105066621.16,992746925.78,506407193.19,2.9889,2.4583,1.0413,7.3189,North America,Canada
COMP_000096,House Group,energy,37,46048,4963266183.83,451500128.72,4485010146.37,1995135836.98,1.868,1.2366,0.8013,3.7586,Latin America,Chile
COMP_000097,Mitchell Ltd,construction,7,1475,263752750.54,12800784.31,190668277.85,102991399.5,1.8461,1.1522,1.1747,3.5791,Europe,United Kingdom
COMP_000098,Bernard & Cowan PLC,hospitality,33,220,86080662.65,4669787.99,51720526.71,18223826.64,3.7805,2.8663,0.544,7.6955,Asia Pacific,Australia
COMP_000099,Stanley Group,healthcare,12,71,30292031.11,4526074.66,21008075.87,9793082.18,2.4075,1.7617,0.8732,8.3678,Asia Pacific,Singapore
COMP_000100,Moore LLC,transportation,29,197,116812512.72,14309074.75,68936494.89,29591288.39,2.0466,1.084,0.7521,9.9238,Asia Pacific,Singapore
COMP_000101,Robinson & Brown Ltd,professional_services,39,23,3627203.98,373974.09,3037687.58,1267873.8,3.3046,2.8365,0.7164,6.7437,Europe,France
COMP_000102,Daniels & Adkins Inc,technology,29,1821,318568795.22,12789356.15,172321347.54,60295254.71,3.0829,2.1637,0.5382,6.3903,Latin America,Mexico
COMP_000103,Silva PLC,energy,24,19135,3177842011.71,531329270.72,2939384885.29,1433916402.46,2.9816,1.5533,0.9525,6.9546,Asia Pacific,Japan
COMP_000104,"Moore, Yu and Miller",financial_services,17,24736,2547767748.91,331355864.95,1715846307.64,977658148.38,3.4151,2.163,1.3244,6.5878,Asia Pacific,Singapore
COMP_000105,Lopez PLC,manufacturing,39,10127,1816057283.11,244401549.99,2896060430.98,1213029572.62,2.8804,1.8187,0.7207,6.6179,North America,Canada
COMP_000106,Jones & Hensley Group,energy,20,17605,2530457680.03,131890025.15,3081080722.2,1673808950.97,2.4307,1.4356,1.1894,2.9675,North America,United States
COMP_000107,CallYear PLC,professional_services,25,402,41333100.84,1986610.63,53591034.36,24743548.9,2.8268,2.434,0.8577,2.0329,Asia Pacific,Australia
COMP_000108,Riley Inc,transportation,15,6007,757995627.16,74559174.43,786137914.18,441105594.85,2.244,1.8716,1.2784,4.6717,Latin America,Mexico
COMP_000109,Harvey Group,hospitality,34,344,46530834.93,4155719.54,62618264.97,19029895.74,2.7693,2.3517,0.4366,7.6891,Asia Pacific,Japan
COMP_000110,"Silva, Mills and Donovan",financial_services,6,3694,394129750.05,43223726.05,433496928.56,309990308.0,1.2253,0.8271,2.5099,2.6922,Latin America,Mexico
COMP_000111,DemocraticRelationship Ltd,technology,26,325,145585975.0,14895353.86,170541857.78,95204670.19,2.1123,1.0799,1.2637,3.1797,Asia Pacific,Australia
COMP_000112,Allen-Foster,transportation,45,1604,169609074.38,26060983.1,103529900.66,40388592.11,2.7999,2.4145,0.6397,21.7345,Europe,Switzerland
COMP_000113,Powers & Evans LLC,healthcare,50,5417,930049164.08,64121166.5,977222845.9,249465275.05,2.2407,1.8319,0.3428,5.7073,Latin America,Chile
COMP_000114,Smith PLC,manufacturing,19,7304,1618159555.33,144736679.82,1137774715.77,369668774.05,2.2056,1.689,0.4813,12.6112,North America,United States
COMP_000115,OrderBlack Inc,technology,41,697,317068474.5,26745831.17,299134302.0,143327601.12,2.0613,1.0863,0.9199,5.4999,North America,Canada
COMP_000116,Medina & Wagner and Sons,hospitality,22,232,174420657.45,26321364.96,228708303.35,111912834.6,2.3688,1.8433,0.9582,4.9435,North America,Canada
COMP_000117,Mahoney Inc,technology,13,1693,402032366.37,57595926.75,413021323.18,164625562.89,2.0029,1.6547,0.6628,7.3334,Europe,France
COMP_000118,UntilElection LLC,energy,18,10442,1906372085.92,80012021.1,1812091223.86,998222107.38,3.0928,2.6532,1.2265,2.8143,Latin America,Chile
COMP_000119,Moore-Bass,healthcare,47,4477,893096203.5,80576878.49,779376771.39,435228471.51,1.5561,0.9609,1.2647,6.2012,Asia Pacific,Singapore
COMP_000120,"Turner, Riggs and Roman",manufacturing,45,7627,1083291061.41,101016574.56,925340531.73,437297989.82,3.6472,2.7206,0.896,5.5198,North America,United States
COMP_000121,NewspaperAcross Ltd,energy,33,64725,8084029543.88,1204285740.35,5321535691.58,2899665455.22,1.4483,1.0762,1.1973,6.8273,North America,United States
COMP_000122,TechnologyOnce LLC,energy,25,38577,8966108434.24,1543218514.88,16344273127.17,4725132830.72,2.3268,1.5087,0.4067,7.0878,Europe,Switzerland
COMP_000123,WorkRecord Inc,financial_services,16,15916,1596837340.11,259089604.37,2963307117.92,976376842.4,2.4044,2.0808,0.4914,8.504,Latin America,Brazil
COMP_000124,WrongUnit and Sons,transportation,13,878,118951405.28,4531981.54,66855198.3,30216413.58,3.3186,2.2502,0.8247,5.4341,Asia Pacific,Singapore
COMP_000125,Baker Inc,financial_services,11,9309,1147396461.08,131704920.75,606771306.29,330070489.73,2.9662,2.0868,1.1929,11.9434,Europe,Germany
COMP_000126,"Tran, Nelson and Jacobs",energy,36,20196,4299722496.83,487052250.45,3579794473.1,1985224520.89,1.4111,1.2047,1.245,8.3296,Latin America,Chile
COMP_000127,Robbins and Sons,professional_services,5,400,81892469.21,2674872.85,83945653.5,30441431.32,1.9617,1.3868,0.569,3.5445,Europe,Germany
COMP_000128,RightProtect LLC,healthcare,34,2383,861426930.34,41236862.77,1153204168.15,395838991.76,3.0687,1.9591,0.5227,2.5101,North America,Canada
COMP_000129,Wagner LLC,manufacturing,41,200,23834739.76,1698002.08,18331354.64,7347636.01,1.5223,1.3345,0.669,7.1918,Asia Pacific,Japan
COMP_000130,Davis Group,healthcare,3,2743,513193566.06,63249843.68,309799680.83,143339074.84,1.3206,0.9626,0.8611,8.0571,Asia Pacific,Singapore
COMP_000131,Calderon & Williams LLC,financial_services,30,20464,2092880905.71,74054062.6,3548040253.7,1350645823.92,2.425,1.4104,0.6147,1.8338,Asia Pacific,Singapore
COMP_000132,Wise & Walsh LLC,energy,33,10764,2259972714.18,252252707.05,2309219523.22,898912704.41,1.805,1.0815,0.6374,8.9705,Latin America,Chile
COMP_000133,Martin & Ramos Ltd,energy,37,6895,1242660404.97,169618218.0,1583508864.01,460784566.29,3.8885,2.6703,0.4104,5.9765,North America,Canada
COMP_000134,LateOption Inc,retail,38,375,170132355.36,13449240.66,295465823.85,117703581.26,3.5635,2.7143,0.6621,3.1493,North America,Canada
COMP_000135,Rodriguez Ltd,energy,49,33176,9431951553.93,819708605.34,16609537379.54,4258194737.76,2.6468,1.7072,0.3448,5.2872,Latin America,Chile
COMP_000136,WellChurch PLC,manufacturing,7,881,653173834.72,43720212.64,385957656.11,178224503.3,3.1666,2.5396,0.8579,7.1436,North America,United States
COMP_000137,Davenport PLC,transportation,34,2914,523602715.53,49894215.47,371509961.34,150447355.4,1.978,1.474,0.6806,9.895,Asia Pacific,Singapore
COMP_000138,Tran & Jordan Inc,professional_services,20,238,70450386.41,6910002.55,134202604.54,46433654.27,1.3535,0.9022,0.529,4.4385,North America,Canada
COMP_000139,FootHis Inc,technology,38,213,182451171.59,18053545.3,141836502.11,66773576.74,3.2554,2.1228,0.8896,4.7005,North America,United States
COMP_000140,WayHelp and Sons,construction,10,1393,486032130.95,35813187.3,603139114.82,302008523.17,2.467,1.6989,1.0029,2.7284,Europe,Switzerland
COMP_000141,Fleming & Estrada LLC,transportation,34,2628,962822821.99,79706964.85,497575592.41,192607695.54,2.5647,1.8428,0.6316,7.6341,Asia Pacific,Hong Kong
COMP_000142,StateOpportunity Group,financial_services,36,7654,1266393656.17,89364169.03,662260695.16,367106530.6,3.2456,2.5379,1.2438,4.769,Latin America,Mexico
COMP_000143,Dickson Ltd,financial_services,8,23910,2491270044.4,226132345.57,1894809837.21,1297255694.68,1.8681,1.192,2.1709,3.3977,North America,Canada
COMP_000144,Moore & Spears and Sons,energy,29,9685,3043739182.68,384520562.33,1877683301.31,579219818.31,3.4079,2.0736,0.4461,12.3346,North America,United States
COMP_000145,Keith Inc,retail,4,989,143850566.2,4180678.16,144509466.47,79138723.52,2.4365,1.3522,1.2106,1.8665,Europe,Netherlands
COMP_000146,White & Middleton Group,transportation,42,221,46518077.88,2563850.01,23906043.35,8194362.09,2.8873,2.4922,0.5215,10.1057,North America,United States
COMP_000147,"Shields, Cochran and Adams",technology,26,1086,305172602.66,44836525.87,391514236.4,187801950.01,3.5348,2.1767,0.9219,8.4098,North America,Canada
COMP_000148,Cobb & Rodriguez Inc,manufacturing,33,6173,1010331256.23,98013487.94,1280168992.21,353386763.1,1.5047,1.0286,0.3813,7.3452,Asia Pacific,Singapore
COMP_000149,Garrison & Walker Group,manufacturing,40,439,112442714.99,17716345.39,60925931.74,30745463.83,2.5137,1.3441,1.0187,9.9537,Europe,Netherlands
COMP_000150,Bailey and Sons,technology,17,218,140044585.65,11153952.51,119685661.7,41871555.81,1.9141,1.403,0.5381,5.447,Asia Pacific,Australia
COMP_000151,Walker & Keller Group,transportation,20,5938,909183227.11,44473447.39,594583104.9,318336181.95,3.5791,2.8917,1.1524,3.221,Asia Pacific,Singapore
COMP_000152,Murphy Inc,manufacturing,31,3467,486728162.43,23312793.53,300152618.01,130217150.27,2.2293,1.6044,0.7663,4.3588,Europe,Germany
COMP_000153,Bell-Hicks,hospitality,29,117,29834079.55,3174197.11,28612955.77,15265535.7,1.3609,1.1316,1.1437,3.648,Europe,Germany
COMP_000154,"Zavala, Herrera and Crosby",healthcare,44,747,492005496.48,27573282.86,357894664.6,96309928.89,2.4997,2.0584,0.3682,6.4408,Latin America,Chile
COMP_000155,Wiley LLC,financial_services,47,48669,4928395766.01,135019273.86,5589741386.49,1346931758.79,1.6632,0.8802,0.3175,3.0386,North America,United States
COMP_000156,Carpenter LLC,technology,19,1074,121785580.48,10512554.2,73655075.35,36620675.92,3.7937,2.877,0.9888,6.8239,Latin America,Mexico
COMP_000157,Johnson PLC,construction,6,2875,337707095.97,33789131.64,226240790.67,126011078.41,2.4392,1.5589,1.2572,7.9039,Europe,Germany
COMP_000158,Reed-Hartman,financial_services,30,31570,3810481880.49,491803569.84,2894033921.83,1187186991.53,3.3948,2.0335,0.6955,9.6669,North America,United States
COMP_000159,Obrien-Dixon,professional_services,50,185,24144935.63,4105921.57,13168322.35,4174532.19,1.2325,0.909,0.4642,19.8671,North America,United States
COMP_000160,Cruz & Ray LLC,transportation,15,2289,730934185.13,72498184.21,447992025.42,246119159.77,1.3577,1.2184,1.2192,8.2291,Asia Pacific,Singapore
COMP_000161,Fletcher Inc,hospitality,15,723,74188843.41,6019616.69,81282276.05,38236688.21,2.5745,2.0444,0.8883,5.1335,Latin America,Brazil
COMP_000162,"Frost, Ryan and Ball",hospitality,21,1170,126828860.29,16820564.91,114014869.85,38304928.01,1.5659,1.1199,0.5059,11.3334,Europe,Netherlands
COMP_000163,Harmon Ltd,construction,36,1088,318597206.83,33987543.17,294281173.35,94640415.3,1.9846,1.055,0.4741,7.7903,Europe,United Kingdom
COMP_000164,Gonzalez Group,healthcare,13,5076,538095810.65,71072154.82,389536225.09,208193632.94,1.5265,0.8908,1.1481,5.4517,North America,United States
COMP_000165,Rush LLC,transportation,16,333,99386872.35,12292485.14,63887563.87,25785946.19,1.6449,1.0341,0.6768,11.7833,Asia Pacific,Singapore
COMP_000166,"Edwards, Charles and Cortez",transportation,7,959,836949470.63,97842900.93,528503858.56,338734339.03,1.6625,0.9663,1.785,7.1463,Europe,Germany
COMP_000167,Hunter-Estrada,financial_services,10,10912,1610692524.21,73294453.39,1906081976.54,1006250801.2,1.5417,1.1104,1.1183,1.8789,Latin America,Chile
COMP_000168,Nguyen Ltd,transportation,11,1664,194653325.3,22884534.71,189302822.52,66040891.26,2.3328,1.3381,0.5358,5.8494,North America,United States
COMP_000169,Phillips and Sons,technology,49,148,21346795.64,533581.87,30226095.06,13354630.16,1.2344,0.6918,0.7916,1.9584,North America,Canada
COMP_000170,Lee Ltd,technology,35,580,295855578.65,32560798.58,571396357.25,233937466.5,1.8258,1.6267,0.6932,5.6359,Latin America,Brazil
COMP_000171,Bentley & Byrd and Sons,hospitality,10,433,135835308.01,6971875.98,95011567.67,38096529.72,1.8167,1.486,0.6694,6.574,Latin America,Chile
COMP_000172,Gilbert & Turner PLC,financial_services,44,624,92773266.35,14210794.1,149411297.48,83272280.8,2.8987,1.4861,1.259,4.346,Latin America,Brazil
COMP_000173,Torres and Sons,healthcare,32,4688,514532593.01,80200940.29,350651708.12,121327804.41,3.8352,3.4115,0.5291,10.0121,Europe,Germany
COMP_000174,Floyd-Lawson,financial_services,3,7164,1140213918.24,137419728.49,746876533.81,350920009.82,2.0844,1.5909,0.8863,11.1895,North America,United States
COMP_000175,FundMake Group,healthcare,20,3562,646946926.46,31921809.94,751644817.27,381150201.82,2.153,1.8486,1.0288,2.9,Europe,United Kingdom
COMP_000176,Lowe-Dixon,technology,7,708,88008848.07,6355311.17,50061574.52,23149038.98,2.7535,2.4284,0.8602,6.6184,North America,Canada
COMP_000177,Leon & Moyer Ltd,transportation,15,1206,694028360.72,50581481.84,363039797.6,154460822.11,2.8118,2.149,0.7405,10.599,Europe,United Kingdom
COMP_000178,Jackson & Miller PLC,construction,46,430,196433996.42,28735717.24,268566964.32,97940740.61,2.0716,1.1116,0.574,4.781,Asia Pacific,Japan
COMP_000179,"Schultz, Rogers and Cardenas",construction,29,1699,468681344.42,51971917.29,369429850.62,100874201.18,1.2963,0.9355,0.3756,9.7228,Latin America,Brazil
COMP_000180,Potter Ltd,healthcare,47,771,141833339.43,23342537.13,76344316.96,42219581.49,2.6758,1.5194,1.2372,12.1305,Asia Pacific,Singapore
COMP_000181,ForceDown and Sons,manufacturing,28,1351,688722038.59,46178848.48,725254270.47,355703364.6,2.0728,1.8193,0.9625,2.964,Europe,Netherlands
COMP_000182,Hernandez & Williams Group,technology,26,223,57623287.1,4369336.77,40287883.1,20035344.27,1.9825,1.2567,0.9893,4.2252,Europe,France
COMP_000183,"Atkinson, Jones and Perry",transportation,21,3260,925446682.1,47856156.81,843339660.81,288526782.59,3.1417,2.3662,0.52,3.2287,Asia Pacific,Hong Kong
COMP_000184,Soto and Sons,energy,8,71809,8779526566.14,1189818829.35,10978524151.54,7979874317.49,1.3393,1.0809,2.6612,5.8476,Europe,Netherlands
COMP_000185,"Horton, Snyder and Sanchez",construction,44,611,132681105.72,13519050.56,91503954.66,29047635.18,2.9238,2.2984,0.4651,7.5306,Latin America,Chile
COMP_000186,Douglas Inc,hospitality,3,902,132336825.16,13975112.62,127333357.7,95544418.27,2.0703,1.5637,3.0056,5.3783,Asia Pacific,Australia
COMP_000187,Osborne and Sons,professional_services,42,357,81813608.92,10610048.25,74414797.21,35782986.93,3.8019,2.5556,0.9263,10.6164,Europe,Netherlands
COMP_000188,Brock Ltd,professional_services,45,212,55742480.75,5689783.39,54786398.85,13579359.5,1.339,0.8923,0.3295,6.2123,Europe,France
COMP_000189,Holmes Inc,retail,34,2296,265765988.02,26400251.32,218873663.36,83218634.11,3.0327,1.9032,0.6135,8.1718,North America,United States
COMP_000190,"Wright, Charles and Bryant",manufacturing,48,3323,491286058.89,30484506.13,645003355.92,187852988.18,2.6412,2.3332,0.4109,4.8636,Europe,Germany
COMP_000191,Solis & Contreras PLC,construction,2,418,51085870.06,4971820.42,27997687.41,15583591.35,1.7974,0.9019,1.2553,8.7425,North America,United States
COMP_000192,PhysicalFree Group,energy,21,18206,8977296791.64,491449427.25,13380328691.18,6083024666.14,2.4399,2.1627,0.8336,2.7244,Latin America,Chile
COMP_000193,PositionTeacher Ltd,transportation,40,1850,901413876.59,45894849.35,596811339.54,296135568.1,3.6674,2.6995,0.9849,3.3618,Europe,France
COMP_000194,WaitMother Group,manufacturing,33,3176,1269871899.97,107431505.62,910538246.32,386011703.3,2.2499,1.5629,0.7359,6.0616,Europe,Switzerland
COMP_000195,"Griffin, Moore and Hensley",manufacturing,12,4903,684669284.19,43360939.68,581953622.43,179583162.36,1.8761,0.9452,0.4463,7.6826,Latin America,Mexico
COMP_000196,Green-Wright,transportation,32,2732,355717478.87,17818437.76,263866441.6,130529948.63,1.6707,0.8572,0.979,4.2254,Latin America,Chile
COMP_000197,"Ramirez, Strickland and Washington",hospitality,33,431,145465180.1,6060212.54,216688541.91,105751845.84,3.3946,2.1954,0.9533,1.6223,Latin America,Chile
COMP_000198,Allen & Gonzales Ltd,healthcare,48,7163,897624708.65,137777342.68,551699228.33,184966467.52,3.898,2.6502,0.5044,16.8318,Latin America,Brazil
COMP_000199,FeelingEasy LLC,retail,48,2720,443769039.28,51351234.92,432546085.37,202189890.2,2.8497,1.6141,0.8777,7.7539,Europe,United Kingdom
COMP_000200,Flores-Fernandez,professional_services,35,754,78097616.81,3925722.66,39673663.96,13236844.36,2.678,2.3592,0.5007,6.4826,North America,United States
COMP_000201,CertainlyCity and Sons,technology,18,732,321373791.43,49475744.78,465534950.85,252786630.56,1.7136,1.3444,1.1882,3.8449,Latin America,Mexico
COMP_000202,IdentifyRule and Sons,construction,25,445,46649282.67,4408856.77,32162123.06,16777050.71,1.3063,0.9225,1.0905,7.1591,Asia Pacific,Hong Kong
COMP_000203,Mccarthy & Brown Group,professional_services,1,161,16582057.05,1807868.18,9364420.61,3726691.63,2.9828,2.2488,0.661,8.6189,Latin America,Brazil
COMP_000204,Daniels-Perry,transportation,18,1705,899568646.64,64668248.94,972097193.47,423733608.67,1.3809,1.1613,0.7727,3.3562,North America,United States
COMP_000205,DesignThere Group,technology,8,2692,303608100.77,41045757.62,411965112.15,206770045.74,3.3399,2.2415,1.0077,3.6518,Asia Pacific,Australia
COMP_000206,Price PLC,healthcare,42,97,14151066.36,1135310.62,22691416.86,10271106.91,2.8959,1.5079,0.827,2.8941,Europe,Netherlands
COMP_000207,Shah Inc,technology,14,113,51634299.89,4571889.99,73863561.88,26534615.75,2.7781,1.3994,0.5606,3.7866,Latin America,Chile
COMP_000208,Gates PLC,retail,25,537,332423881.02,12610715.55,194521050.97,53109010.86,2.0912,1.2959,0.3756,5.9578,Europe,Germany
COMP_000209,James & Smith LLC,professional_services,42,9,1003627.59,49782.12,977449.94,301228.32,3.18,2.7601,0.4455,3.6949,Europe,United Kingdom
COMP_000210,FireSome Group,healthcare,38,1424,165004011.16,22750988.56,160618568.41,60618154.0,3.3025,1.9786,0.6062,6.9303,Asia Pacific,Japan
COMP_000211,Castaneda Group,retail,34,872,275269427.1,32669138.48,351570944.9,128450074.72,2.888,2.3495,0.5757,4.5453,Latin America,Brazil
COMP_000212,Medina Ltd,hospitality,1,159,138687144.34,16864589.47,72959188.71,30372612.56,2.7342,1.9887,0.7132,12.5762,Latin America,Brazil
COMP_000213,Payne & Morrison and Sons,technology,17,1507,326328668.49,17874033.93,173222596.7,101221917.45,2.1028,1.2924,1.4058,3.7974,Latin America,Chile
COMP_000214,Freeman & Nelson Group,financial_services,6,8229,1129103854.21,62625591.17,891193475.33,366976823.32,2.8097,2.0077,0.7,4.4987,North America,Canada
COMP_000215,Johnson LLC,technology,16,2626,356377431.45,12456311.91,309429171.87,131070140.12,2.6529,1.6547,0.7349,2.5129,North America,United States
COMP_000216,Caldwell Group,manufacturing,32,3829,482125684.12,83248896.19,375338781.52,184124643.45,3.1014,1.7578,0.9629,13.552,Asia Pacific,Japan
COMP_000217,Ramsey & Pittman and Sons,energy,28,8225,3287726996.68,218400327.31,5518098257.68,2582157877.78,2.6892,1.4275,0.8795,2.5472,Latin America,Chile
COMP_000218,"Ferguson, Meadows and Vargas",financial_services,50,19593,3734992111.54,149598261.83,2744565126.9,1293483572.18,1.6932,1.1912,0.8914,4.7367,Europe,United Kingdom
COMP_000219,Alvarado Inc,manufacturing,12,5053,1302769469.1,191106956.46,729341168.9,364889444.26,3.3166,2.6409,1.0012,11.2045,Latin America,Chile
COMP_000220,QuestionLater and Sons,professional_services,24,676,84997729.34,3623159.54,56290312.89,14458453.25,1.6783,1.1854,0.3456,8.7195,Latin America,Mexico
COMP_000221,Camacho & White LLC,energy,6,50057,6593248278.39,557457367.57,12878601133.94,5289111904.98,2.224,1.3824,0.6969,2.7096,Latin America,Brazil
COMP_000222,Gray and Sons,manufacturing,1,8608,1140934120.64,132112842.91,2129143166.89,1297945548.76,2.2321,1.7352,1.5615,4.2735,Latin America,Chile
COMP_000223,LookGeneral LLC,retail,34,229,48650034.38,8628864.71,43063655.0,23580762.59,3.8215,2.1284,1.2103,9.1358,Europe,Switzerland
COMP_000224,SortUntil Group,transportation,48,1355,374038645.03,13930985.97,581378144.11,164369805.62,3.3851,1.7939,0.3942,2.4255,Europe,Germany
COMP_000225,Walton-Decker,construction,45,265,136275172.0,20955901.85,137738317.5,53013069.74,1.7081,1.4987,0.6257,11.8482,North America,United States
COMP_000226,King Inc,transportation,21,2122,251549746.95,21989462.14,192922991.77,105853587.33,1.6338,1.0184,1.2157,5.651,Europe,France
COMP_000227,Smith-Ryan,retail,21,4655,486559256.27,22935679.53,310555974.98,170771004.38,2.1733,1.1292,1.2217,4.1165,Europe,United Kingdom
COMP_000228,Walker-Jones,hospitality,48,220,79226447.21,8700558.05,123388784.15,33637059.83,3.3103,1.816,0.3748,8.9308,Europe,Germany
COMP_000229,ReachAmount Inc,energy,44,16314,8925863224.01,1091868872.02,6084318856.09,2594010504.75,1.7802,1.4689,0.7432,14.3645,Latin America,Brazil
COMP_000230,Herring & Gonzalez Inc,healthcare,3,2649,632982932.87,77570145.49,1099011603.15,838989927.35,1.8318,1.4467,3.2266,2.6401,Latin America,Brazil
COMP_000231,"Hernandez, Martinez and Caldwell",financial_services,18,7115,3976108404.67,359672896.52,5499860681.17,2520805100.37,2.7398,2.0793,0.8462,3.7499,Latin America,Brazil
COMP_000232,"Gould, Marshall and Scott",manufacturing,27,5961,1010247815.28,55680230.46,552960893.4,225752090.07,2.844,2.3345,0.6899,4.7323,Asia Pacific,Hong Kong
COMP_000233,Wood & Obrien Ltd,energy,37,33379,5790193652.03,592761508.94,5348553374.27,1591414345.19,1.952,1.147,0.4236,6.0918,North America,Canada
COMP_000234,Higgins & Strickland and Sons,manufacturing,7,9323,990110210.7,48602660.72,1148980699.56,625372242.39,2.8075,2.2315,1.1944,2.3186,Latin America,Mexico
COMP_000235,Rodriguez-Johnson,manufacturing,16,3800,398533545.72,43308975.4,233153904.87,118806964.71,3.4853,1.782,1.039,6.7848,Europe,Switzerland
COMP_000236,Collins & Byrd Group,hospitality,20,588,144767970.94,7439170.84,259931971.58,67055626.12,2.7608,1.4024,0.3477,2.991,Europe,Germany
COMP_000237,IndustryYear Ltd,energy,4,17841,2843685006.29,57177506.15,2060770088.16,1539223012.72,2.6538,2.2255,2.9513,1.6929,Asia Pacific,Hong Kong
COMP_000238,Gonzalez & Vargas Ltd,financial_services,21,918,131336672.49,5947773.01,178384560.52,96966623.74,3.3047,2.9222,1.191,1.8517,Asia Pacific,Australia
COMP_000239,Sanchez & Terry LLC,construction,20,2083,324508786.47,44945510.5,344571131.5,102291678.29,1.0451,0.8161,0.4222,8.633,North America,United States
COMP_000240,ToReturn PLC,professional_services,7,90,18122512.6,2415064.9,25490018.88,16161323.78,1.4626,1.306,1.7324,5.0462,North America,Canada
COMP_000241,Hogan PLC,retail,16,2557,470348375.01,58006389.1,458553577.8,248091720.08,2.9573,1.5356,1.1788,5.4719,Europe,Netherlands
COMP_000242,StayAnalysis LLC,energy,35,11265,9541589341.18,787698474.91,5473572770.11,2695152191.46,2.6932,2.1635,0.97,8.0607,North America,Canada
COMP_000243,Patel & Stanley Inc,healthcare,5,1170,915290068.27,53079098.49,499640600.66,200254942.35,1.0374,0.9095,0.6689,4.2945,Latin America,Chile
COMP_000244,Hunter LLC,professional_services,28,137,37330790.68,1810849.06,57265763.72,17510504.9,1.5834,1.2332,0.4405,2.6565,Asia Pacific,Singapore
COMP_000245,Smith & Fisher Group,technology,26,16,8712851.65,986260.74,4951097.83,1431603.89,2.072,1.3904,0.4068,16.4674,Latin America,Brazil
COMP_000246,Hamilton LLC,manufacturing,41,4947,1857353939.55,129128054.02,2981765273.51,1520718489.56,1.9219,1.2665,1.0408,2.6237,North America,Canada
COMP_000247,"Snow, Stevens and Hernandez",energy,12,30230,4310432275.76,349441643.68,4816427079.75,2247259408.7,1.5313,0.9302,0.8747,5.8012,North America,United States
COMP_000248,Gross Ltd,professional_services,15,356,96682154.49,9780857.18,54895745.98,30995558.74,2.1082,1.5057,1.2969,5.2923,Europe,Netherlands
COMP_000249,Nelson & Morton PLC,technology,33,3987,481846368.57,54501792.07,377851716.13,159784169.03,3.8507,2.1524,0.7327,5.383,Europe,Germany
COMP_000250,Marshall-Petersen,technology,28,1916,426651718.28,15455667.32,279828831.33,85239827.08,3.3925,1.8969,0.4381,3.9624,North America,United States
COMP_000251,Vargas LLC,hospitality,21,139,59595329.52,9394212.76,46575870.8,24847845.68,1.0754,0.839,1.1436,7.4798,North America,Canada
COMP_000252,Rivas Inc,healthcare,37,989,388172239.96,56521361.1,231245070.02,119690618.1,3.5572,3.0277,1.0729,11.9914,Latin America,Brazil
COMP_000253,FamilyUpon Group,manufacturing,40,2014,1703761976.32,202662863.95,1105985691.14,279162302.19,3.5842,2.2673,0.3376,18.4332,Asia Pacific,Singapore
COMP_000254,Sanchez Group,financial_services,18,12030,1591440805.73,239195562.37,890390169.39,429266254.87,3.7332,2.207,0.9309,13.4735,Asia Pacific,Singapore
COMP_000255,"Bishop, Gray and Johnson",retail,29,328,86407387.85,4923226.68,49775155.51,23747842.95,3.2122,2.7203,0.9124,3.9239,Europe,United Kingdom
COMP_000256,Rosales & White and Sons,manufacturing,50,10355,1118034512.29,175310129.43,614642768.75,153207953.08,1.5913,1.3258,0.332,16.8258,Latin America,Brazil
COMP_000257,HearSubject LLC,financial_services,24,29408,4681412323.06,713760806.07,3722231990.31,1650181347.53,1.3943,0.7142,0.7964,9.9332,Europe,Netherlands
COMP_000258,Peterson & Beard Ltd,energy,11,47617,6975496476.92,917088680.56,7855378253.26,4867986693.18,1.1637,0.5946,1.6295,6.9413,Europe,Germany
COMP_000259,UpFact PLC,financial_services,42,9338,2854605238.75,250871622.32,5385249625.36,2637141515.09,3.2353,1.6291,0.9596,2.3177,North America,United States
COMP_000260,ActionNation and Sons,financial_services,28,2773,494910703.92,81014577.98,278449690.03,107726439.56,1.6641,1.0332,0.631,14.4711,North America,United States
COMP_000261,BedEffort Ltd,hospitality,42,851,123386438.11,14390377.25,133532892.67,61293227.3,2.4178,1.5341,0.8485,6.2874,Asia Pacific,Singapore
COMP_000262,InvestmentMiddle PLC,retail,10,3415,495046817.35,43191926.96,575332703.02,185665541.66,3.089,2.5454,0.4765,5.5615,Europe,United Kingdom
COMP_000263,SonEffect Ltd,financial_services,27,2996,709019236.03,61767931.93,441729522.18,188427495.4,3.885,3.2106,0.7439,8.0366,Latin America,Chile
COMP_000264,Alvarez & Joseph Group,manufacturing,43,7175,1041476008.2,167399757.31,1349580015.21,366050609.84,1.4059,0.8484,0.3722,7.5995,Europe,France
COMP_000265,Mcguire Inc,energy,15,77241,8779862065.68,1127527620.88,9139711642.48,5060773106.09,1.8729,1.1317,1.2407,6.1245,Latin America,Brazil
COMP_000266,Walker-Holt,transportation,13,3480,743360931.58,67025719.86,412692475.51,175603795.79,1.7404,0.9078,0.7407,6.1042,Europe,France
COMP_000267,Torres & Perkins Group,manufacturing,21,4029,1397061324.58,221480958.86,1813105239.84,482031559.68,1.9913,1.7815,0.3621,10.8838,Latin America,Mexico
COMP_000268,Tran & Cooper Ltd,professional_services,49,73,70397166.36,3429459.79,41957611.15,20539122.79,1.4101,0.9497,0.9589,4.2156,Latin America,Mexico
COMP_000269,"Rivera, Warner and Nelson",energy,1,7835,3626936954.64,404359517.07,2217941618.5,1341073845.72,0.852,0.4274,1.5294,5.4124,Asia Pacific,Singapore
COMP_000270,EnterDuring Inc,hospitality,38,591,59424777.01,4263962.74,99384081.69,25306156.06,3.7526,2.5607,0.3416,4.0177,Latin America,Chile
COMP_000271,Griffith & Stewart Ltd,transportation,23,5116,811267543.92,114403351.52,1085561513.47,575571396.71,3.3623,1.7069,1.1286,6.0165,Europe,United Kingdom
COMP_000272,Herrera Ltd,healthcare,24,5581,811062827.71,109439281.7,480433171.48,172985526.06,2.8713,2.3215,0.5627,11.3823,North America,United States
COMP_000273,Lopez and Sons,technology,45,2076,433669086.97,18241515.14,371778574.72,103930856.77,1.7628,1.3763,0.388,5.4323,North America,Canada
COMP_000274,Rodgers & Hill PLC,hospitality,18,509,182734869.96,21401525.09,117810653.53,46267242.23,3.5267,2.4851,0.6467,8.5104,North America,Canada
COMP_000275,Bray PLC,financial_services,34,7967,2561598570.32,450346131.64,2470480445.73,916849628.59,1.4987,1.0779,0.5901,7.5796,Latin America,Mexico
COMP_000276,PictureFear Inc,healthcare,8,2575,504008713.21,62213310.54,335216286.01,125385677.01,1.118,0.7878,0.5976,8.3381,Asia Pacific,Australia
COMP_000277,Wall LLC,financial_services,30,34588,3993492943.04,127043036.37,2322111949.64,1206859502.37,3.4774,2.2398,1.0821,2.6194,North America,United States
COMP_000278,Ward LLC,technology,9,658,325332001.46,33870780.06,430465199.66,194514818.12,2.001,1.4982,0.8244,3.1927,Asia Pacific,Australia
COMP_000279,Erickson and Sons,transportation,18,1362,704947208.49,105195619.23,459292786.64,189545688.78,2.1943,1.875,0.7027,15.3288,North America,United States
COMP_000280,Hill Inc,professional_services,44,739,79681370.61,7358845.3,56233047.9,27516662.09,2.7885,2.3564,0.9582,4.705,Europe,Netherlands
COMP_000281,Tran Ltd,construction,29,2527,445552644.2,13888625.68,499263792.01,170027351.03,3.0551,2.356,0.5164,2.2253,Europe,France
COMP_000282,Raymond & Little Group,construction,43,1170,172307602.64,23667777.21,140901443.57,63742038.57,2.8744,1.6081,0.8261,6.3629,North America,United States
COMP_000283,Salas PLC,hospitality,31,514,75741007.58,11883150.56,41982164.52,11081481.06,2.4461,1.4588,0.3586,14.4793,Europe,Switzerland
COMP_000284,Mitchell Group,retail,6,226,48803006.04,3577636.79,28675737.36,14841947.68,2.9261,1.9863,1.0729,7.7068,North America,United States
COMP_000285,Alexander and Sons,hospitality,36,495,116077748.06,2788939.18,182413713.39,79048079.45,2.8105,1.7477,0.7647,1.5194,Latin America,Mexico
COMP_000286,ApproachEntire Group,retail,30,81,19899252.35,1508119.16,12051938.63,5206249.1,3.0896,1.9938,0.7605,6.3433,Europe,United Kingdom
COMP_000287,Short Group,hospitality,34,251,93654005.61,7710243.6,142011176.59,74839986.35,2.4483,2.029,1.1142,2.4985,Asia Pacific,Australia
COMP_000288,Vasquez & Ray Ltd,retail,30,1392,272237028.08,41551659.13,346415654.38,120600707.89,3.2054,1.6623,0.5341,6.6564,North America,Canada
COMP_000289,Brown & Hernandez PLC,transportation,1,752,293675839.61,21419787.56,512650853.91,407796072.21,2.6851,1.8612,3.8892,2.1163,Europe,Switzerland
COMP_000290,FlyBed and Sons,healthcare,25,2715,592879094.27,75042724.25,420708045.37,144298654.09,3.5608,2.3767,0.522,9.6801,Europe,France
COMP_000291,ByOpen Group,financial_services,29,455,162196247.2,24256173.94,229327195.07,99254604.26,3.5752,2.5202,0.7631,4.4061,Asia Pacific,Australia
COMP_000292,"Carlson, Montgomery and Rowe",energy,44,2633,421614478.05,18844813.64,269299894.37,148669009.69,1.5485,1.1103,1.2324,3.1338,Asia Pacific,Hong Kong
COMP_000293,HusbandLittle Group,hospitality,19,1622,164697511.57,26055971.11,145289769.06,36349862.65,1.329,0.867,0.3337,22.7748,Asia Pacific,Australia
COMP_000294,FinishTrade PLC,manufacturing,4,3270,726779376.41,70209831.86,770946231.52,519317159.42,0.9233,0.7623,2.0638,4.9963,Europe,Switzerland
COMP_000295,LaughFocus PLC,technology,25,592,64403195.81,5439398.94,33282394.49,18380644.05,1.9342,1.3943,1.2335,10.5562,Latin America,Brazil
COMP_000296,Oliver PLC,professional_services,35,108,52463204.38,7302783.88,66016062.95,31157775.95,1.5934,1.0828,0.8938,3.7902,Europe,Switzerland
COMP_000297,SisterBit and Sons,construction,18,2460,386146808.78,41369866.16,555527150.87,248997999.24,1.7285,1.0928,0.8123,3.3991,Europe,France
COMP_000298,"Clark, Guerrero and Moore",transportation,37,1316,223662817.22,24563766.23,367068829.56,171222228.68,2.5426,2.2446,0.8743,3.6749,Europe,Netherlands
COMP_000299,Arnold and Sons,healthcare,23,4386,624776023.44,36553708.73,761893441.06,263769585.28,2.0719,1.217,0.5295,3.0612,North America,United States
COMP_000300,AbleIssue Group,retail,42,260,44503037.57,5328676.73,31084105.49,16998249.25,2.9921,1.8802,1.2068,5.3139,Latin America,Mexico
COMP_000301,Norris Group,technology,34,67,26789178.86,4078626.07,25214838.4,12529287.39,2.3143,1.1977,0.9877,5.2223,North America,United States
COMP_000302,Carter and Sons,healthcare,14,4456,533697858.41,61756875.28,321432431.13,191027909.34,2.0972,1.1358,1.4649,6.764,Latin America,Chile
COMP_000303,Mann-Warner,manufacturing,2,5069,1085863892.0,72695759.64,1088505626.36,423003841.25,0.947,0.7743,0.6356,3.9979,Europe,France
COMP_000304,Gibson Ltd,construction,28,1352,320527801.24,23513618.96,295620911.46,82140589.02,1.0569,0.8329,0.3848,9.7306,North America,United States
COMP_000305,EastWindow LLC,financial_services,44,28051,3633195755.28,257995812.82,5769195029.83,2797412038.44,2.2918,1.5081,0.9413,2.4527,Europe,Germany
COMP_000306,"Lawrence, Lara and Gonzalez",manufacturing,20,2685,1951945638.13,253083593.42,1043122040.37,515725252.14,3.1259,2.0295,0.9779,7.3556,Europe,United Kingdom
COMP_000307,BuildingOff and Sons,hospitality,36,275,103743769.31,17815791.43,108401032.29,51973406.94,3.6241,2.3105,0.9211,7.8284,Europe,Germany
COMP_000308,RaiseChurch LLC,retail,8,1147,162832323.52,6811842.18,95812458.93,63862498.07,2.9938,2.6134,1.9988,2.3226,North America,Canada
COMP_000309,TheChange Inc,healthcare,13,4277,796210263.79,96489696.0,646912227.41,262905097.08,1.2931,0.9856,0.6846,11.5332,Europe,France
COMP_000310,Martin LLC,professional_services,43,203,27447809.0,1967606.52,19943841.08,8395891.26,2.0825,1.3047,0.727,5.36,Europe,Germany
COMP_000311,PhysicalSmile PLC,financial_services,24,3823,2200467389.32,98914771.62,1375757129.72,716664171.62,2.3637,1.5211,1.0873,4.0693,Europe,Switzerland
COMP_000312,Morse Group,manufacturing,35,484,166128198.87,9077806.46,103809561.85,45729985.06,3.1204,2.6737,0.7874,3.7915,Latin America,Chile
COMP_000313,Martinez Ltd,hospitality,17,31,6044797.94,624682.44,3025284.69,1271841.06,3.1443,2.0323,0.7253,13.0404,Asia Pacific,Australia
COMP_000314,Torres & Powell LLC,construction,24,1257,481510965.27,49276914.46,322292670.49,164805707.08,3.3467,2.4954,1.0465,8.814,Latin America,Brazil
COMP_000315,"Fernandez, Kim and George",transportation,23,4378,837620319.31,25384496.61,510057209.7,160239557.92,1.7961,1.0662,0.4581,3.5047,Asia Pacific,Hong Kong
COMP_000316,VisitLay Ltd,technology,3,2397,348291128.84,44173742.15,353198230.14,234136424.65,2.0346,1.6925,1.9665,3.5351,Europe,Netherlands
COMP_000317,Morris LLC,professional_services,42,335,41190817.97,6760375.13,66786223.68,21405495.69,3.8218,2.2517,0.4717,7.4067,Asia Pacific,Hong Kong
COMP_000318,AgreeBenefit and Sons,hospitality,9,167,35485569.69,2684238.3,41995445.41,21666829.39,1.6092,0.9013,1.0658,4.3124,North America,United States
COMP_000319,Hayden PLC,healthcare,31,1070,160654857.46,20778422.99,131842980.79,56567637.99,2.8912,1.9208,0.7515,9.5588,Europe,Germany
COMP_000320,"Sampson, Key and Chambers",professional_services,10,74,25399168.37,692598.76,28622345.94,10647942.48,3.3443,2.474,0.5924,1.9254,Asia Pacific,Japan
COMP_000321,Adams Inc,transportation,11,5150,553734398.06,27403009.57,496110970.93,173610639.75,2.4253,1.9572,0.5383,3.5851,Europe,France
COMP_000322,Hines and Sons,retail,25,1890,357868769.5,30108234.54,539889836.03,164532256.64,3.4984,2.455,0.4383,4.4486,North America,United States
COMP_000323,Ruiz Ltd,hospitality,33,633,132379277.97,18714693.04,206912147.96,93318544.8,3.6197,2.5907,0.8215,7.8466,Latin America,Chile
COMP_000324,Moon-White,hospitality,28,125,56706845.49,3391061.19,33289404.27,16400284.25,2.1303,1.5671,0.9711,4.1875,North America,Canada
COMP_000325,Richards & Walters Group,retail,6,2089,477522909.77,24964273.84,263076356.92,131679023.34,1.3253,1.0386,1.0021,3.7602,North America,United States
COMP_000326,Harrison Group,energy,27,57619,7392074321.12,595166116.52,10096146820.28,4528165253.53,1.7654,1.4864,0.8133,3.5145,Asia Pacific,Hong Kong
COMP_000327,Morris-Garcia,hospitality,36,860,111316456.45,11049824.72,105481289.2,44045994.29,1.7658,1.0995,0.7169,6.3952,Europe,United Kingdom
COMP_000328,Rivera Ltd,manufacturing,7,10320,1227324285.01,55237920.09,1114896596.37,514522155.69,2.2225,1.7309,0.857,2.5074,North America,United States
COMP_000329,Simpson & Bates Group,professional_services,28,401,42250206.21,1594943.07,47226035.96,16938431.99,2.7818,2.1971,0.5593,2.1906,Asia Pacific,Japan
COMP_000330,Cervantes PLC,transportation,29,644,255253679.61,6552571.77,143735940.84,77307327.88,2.5219,1.4574,1.1638,2.2291,Europe,Switzerland
COMP_000331,Johnson Inc,energy,16,4088,3591928152.58,423024193.82,1829378729.38,538877659.29,1.7448,1.1511,0.4176,13.3278,Europe,Switzerland
COMP_000332,Edwards LLC,healthcare,36,7110,759056879.91,51905091.87,435077578.04,231810582.98,2.0356,1.8021,1.1404,6.1517,Europe,Netherlands
COMP_000333,Cordova Group,financial_services,12,793,81823508.26,6205871.37,124031872.75,39168795.67,1.7079,1.5009,0.4616,3.4414,Asia Pacific,Hong Kong
COMP_000334,Hancock & Bryan Inc,retail,49,484,59804174.97,4604148.75,35953011.55,16470444.74,3.6041,3.0447,0.8454,6.0704,Latin America,Chile
COMP_000335,Sandoval & Daniels Group,retail,21,149,24909315.73,2200450.38,24192153.88,9952860.41,3.0443,1.8429,0.699,5.943,Asia Pacific,Japan
COMP_000336,ArmCup PLC,transportation,21,383,50321514.3,3983044.3,27326752.34,8911370.09,3.7488,2.8987,0.4839,6.9199,Europe,Germany
COMP_000337,Cox Group,retail,15,453,428019370.84,21827112.29,489420528.18,241134990.21,1.4004,0.76,0.9712,2.2612,Latin America,Chile
COMP_000338,Garrett & Wolf and Sons,transportation,24,2119,706621280.79,85376898.72,570541180.57,316830432.49,3.6054,3.0556,1.2488,6.1345,Asia Pacific,Hong Kong
COMP_000339,Adams and Sons,technology,34,912,237612740.71,35329713.43,195167656.38,80613169.56,2.4771,1.6286,0.7037,7.684,North America,Canada
COMP_000340,Pennington & Kim Ltd,technology,44,203,49819246.16,2833587.81,36324315.23,12500634.73,2.7925,1.6864,0.5247,4.842,Latin America,Chile
COMP_000341,Washington & Johnson Ltd,transportation,28,3718,496699716.37,28233935.36,320230586.46,115007318.5,3.4834,2.1313,0.5604,7.1481,Europe,United Kingdom
COMP_000342,PoliticsSuccessful and Sons,hospitality,28,552,95220882.39,15005303.07,119911224.51,59477404.69,3.1522,2.1725,0.9842,9.2438,Europe,Switzerland
COMP_000343,SecurityCold LLC,transportation,20,1397,181469851.21,11460174.83,101507229.4,25911443.62,1.3231,0.748,0.3428,11.7491,North America,Canada
COMP_000344,Pierce & Tran Inc,energy,24,27000,4366823909.92,486527962.91,2301032857.89,742011175.92,1.0967,0.6016,0.4759,10.1222,Europe,Switzerland
COMP_000345,DownThought Inc,financial_services,23,13520,1998538624.64,149318984.12,1579040110.01,770442404.23,2.3182,1.2318,0.9528,4.1793,Europe,Germany
COMP_000346,Valentine-Holland,construction,41,1066,309845798.54,37032888.06,279856620.51,148397716.5,1.2663,0.8072,1.1289,6.5249,Asia Pacific,Hong Kong
COMP_000347,Moore Ltd,energy,48,15936,6369181826.13,736019369.6,3269115447.03,1217668678.11,1.5659,0.7974,0.5936,10.1695,North America,United States
COMP_000348,Hicks-Hill,healthcare,5,345,50077489.72,6390130.99,41393925.96,14640335.9,2.6833,1.904,0.5472,6.3111,Europe,United Kingdom
COMP_000349,TheyMeeting Group,financial_services,15,9781,1879316946.99,107830888.24,2028923868.41,1005398825.56,1.3338,1.1143,0.9823,4.478,Asia Pacific,Hong Kong
COMP_000350,EitherLoss PLC,hospitality,29,848,125546123.23,5659358.81,65295790.66,26939216.38,2.7298,1.8634,0.7023,4.2657,Latin America,Chile
COMP_000351,Thomas and Sons,energy,31,18105,5056205772.87,547021938.18,2961935074.07,1129668109.59,2.0861,1.2599,0.6165,11.5182,Europe,France
COMP_000352,Weeks & Romero and Sons,transportation,49,4232,857924942.78,84439085.93,1670093013.32,630859766.2,1.8778,1.1125,0.607,5.358,Latin America,Chile
COMP_000353,TreatAvailable LLC,manufacturing,46,9029,1320800326.92,183578546.26,1217793389.07,439714235.62,1.7921,1.1987,0.5651,11.0514,Asia Pacific,Singapore
COMP_000354,Barton Group,construction,13,100,85652541.41,11889414.1,110717876.34,43278270.71,2.6304,1.9651,0.6417,7.3491,Europe,France
COMP_000355,GrowWorld PLC,hospitality,2,61,15043180.73,558167.98,23022566.79,10887522.44,2.4446,1.9333,0.8972,2.0914,Latin America,Brazil
COMP_000356,ExampleTend Inc,transportation,24,1701,645995085.42,62231792.42,382894251.08,132358718.94,3.4525,3.0405,0.5283,15.444,North America,Canada
COMP_000357,Campbell & Evans PLC,construction,1,143,18123098.72,532839.07,10968947.9,5171971.19,2.5341,1.7161,0.8922,2.3538,Latin America,Chile
COMP_000358,Carpenter & Keller and Sons,transportation,25,3979,589917825.46,76869243.38,609315979.51,209227055.28,2.8394,1.4676,0.523,5.7878,Asia Pacific,Hong Kong
COMP_000359,Griffin Group,energy,4,76204,9405290902.18,1094798781.35,11377151857.51,4398315319.47,2.3239,1.4636,0.6302,7.398,North America,Canada
COMP_000360,Reed & Arnold PLC,technology,38,443,288161614.76,42135607.25,237579507.77,102346384.57,2.1022,1.1263,0.7568,11.7036,Asia Pacific,Japan
COMP_000361,HugeLose LLC,hospitality,7,563,78245815.32,2674138.01,92161029.84,67667439.15,2.801,2.2483,2.7627,1.5378,Europe,United Kingdom
COMP_000362,TrueCurrent Ltd,manufacturing,17,9794,1290143554.7,201238995.41,1050645541.68,429188705.28,1.8177,1.4157,0.6906,12.7485,Asia Pacific,Singapore
COMP_000363,Allen Group,professional_services,36,123,46096162.6,2259337.58,35548657.47,13643679.39,3.3835,2.4248,0.6229,4.2524,Latin America,Chile
COMP_000364,EastTotal Group,professional_services,24,130,54788870.54,7947596.01,63843110.91,30052301.95,2.9227,2.0914,0.8894,6.3658,Latin America,Chile
COMP_000365,Williams Ltd,energy,27,50556,9417574847.33,1167600470.01,14146955972.32,5763811831.01,1.2307,1.0265,0.6875,6.7011,Europe,United Kingdom
COMP_000366,Kennedy & Mcintyre Group,technology,37,1815,193665216.26,24036421.38,178839720.14,70958429.65,2.8246,2.0792,0.6577,11.3257,North America,United States
COMP_000367,Hughes Ltd,transportation,6,5539,961578658.19,71522099.01,659349350.45,316434975.93,2.6549,2.273,0.9228,4.2966,North America,Canada
COMP_000368,Sparks & Pearson and Sons,financial_services,5,30009,4527699703.36,581893660.58,2332807503.67,869513103.04,2.575,1.8351,0.5942,17.9643,Europe,Switzerland
COMP_000369,Hanna-Martinez,hospitality,48,324,39962435.82,4438631.37,24680928.71,11975450.56,2.689,2.07,0.9425,6.6619,North America,United States
COMP_000370,"Rivera, Garcia and Kirk",hospitality,22,116,14802898.87,1873676.53,11379398.65,4915593.36,3.7099,3.1942,0.7605,7.8273,Asia Pacific,Hong Kong
COMP_000371,BlackNever Group,energy,39,7934,1052741113.71,64799077.7,798475186.76,287467183.62,2.6137,2.0853,0.5625,5.677,Latin America,Brazil
COMP_000372,Bowen Group,professional_services,2,5,2313071.65,169601.22,1162278.64,567255.35,1.5046,0.8858,0.9533,4.9164,Asia Pacific,Australia
COMP_000373,"Booker, Jones and Harrington",energy,10,7434,989707459.52,37602019.99,942018400.18,501966074.92,1.5095,1.2445,1.1407,3.1252,Europe,United Kingdom
COMP_000374,EvidenceGround PLC,manufacturing,32,10982,1369183479.1,209224952.26,892329272.88,378699535.45,3.6359,2.6836,0.7373,13.3643,Latin America,Brazil
COMP_000375,Schwartz Ltd,energy,28,2838,758327052.18,67473959.72,420884397.98,218157718.99,1.6884,1.2851,1.0761,5.9495,Latin America,Brazil
COMP_000376,Christian Ltd,energy,35,15756,3223807521.42,361473968.62,3255557536.81,1508254127.52,1.4781,1.1374,0.8632,4.1892,North America,United States
COMP_000377,Villarreal & James LLC,manufacturing,9,9011,1691301868.83,105584298.58,1393414875.55,850106440.79,2.2767,1.3775,1.5647,3.4615,Europe,Germany
COMP_000378,"Higgins, Malone and Brennan",transportation,26,66,33039216.38,4154706.45,41603299.17,18185592.03,3.144,1.8817,0.7766,7.9138,Asia Pacific,Japan
COMP_000379,Johnson Inc,construction,24,943,408161898.88,31973780.99,416021567.93,178906201.17,1.1092,0.6899,0.7545,3.2978,Latin America,Chile
COMP_000380,Young Ltd,retail,13,159,142363677.84,16463291.83,193959445.65,107824193.09,1.1816,0.9404,1.2518,4.6706,Europe,France
COMP_000381,Mccall and Sons,financial_services,29,2632,599642489.83,58468553.15,600955530.43,286538094.0,1.646,1.1827,0.9113,4.0417,Europe,United Kingdom
COMP_000382,Francis Group,financial_services,11,30608,3486718455.17,98920268.71,4352717307.67,2468158127.14,1.6273,1.1163,1.3097,1.3454,Asia Pacific,Singapore
COMP_000383,Hodges Ltd,financial_services,42,8783,3148424805.43,265404728.16,1598437298.12,643743298.59,3.0697,2.6447,0.6743,8.6409,North America,United States
COMP_000384,Brennan & Wallace Ltd,hospitality,46,1163,175616930.69,4803509.32,201606368.62,82540251.35,1.994,1.3108,0.6932,2.4762,Asia Pacific,Singapore
COMP_000385,Berger-Williams,hospitality,18,348,147279137.72,21448767.95,102370411.0,56020729.62,3.5038,2.8939,1.2087,13.187,Asia Pacific,Australia
COMP_000386,StyleArrive LLC,manufacturing,6,14782,1608927051.47,170055229.04,1255917751.4,774767868.27,2.9647,2.2965,1.6102,5.3442,Latin America,Mexico
COMP_000387,Howard & Jordan and Sons,transportation,35,2880,289214226.85,12886360.0,195585631.04,83305753.45,2.9964,1.7407,0.7419,5.2669,Europe,Netherlands
COMP_000388,NiceIts PLC,professional_services,11,175,18155234.61,1134702.12,13589141.2,9048354.3,1.2354,0.7747,1.9927,2.7859,Asia Pacific,Hong Kong
COMP_000389,Maldonado & White and Sons,transportation,48,4795,753108604.12,127778347.66,409032474.55,220321256.07,1.8231,1.4797,1.1675,17.2855,Asia Pacific,Australia
COMP_000390,Miller & Pitts PLC,technology,23,2124,403610534.89,14690683.7,241720678.7,68384646.28,3.46,2.3787,0.3945,4.312,Latin America,Mexico
COMP_000391,"Allen, Durham and Thomas",retail,15,1284,495271560.72,13178594.84,300746338.46,82827085.57,1.7073,1.1357,0.3801,3.5659,Europe,United Kingdom
COMP_000392,Murray LLC,professional_services,32,270,41555458.85,5456505.26,23084283.86,12096806.79,2.2628,1.834,1.101,8.5982,Asia Pacific,Hong Kong
COMP_000393,Stevens Ltd,hospitality,7,591,75031599.07,5551339.83,43108845.66,14483897.42,3.3049,2.3381,0.506,8.7934,Latin America,Chile
COMP_000394,Nolan Group,retail,19,3291,388653654.45,35378195.55,212774788.18,106337617.58,1.8363,1.0404,0.9991,8.607,Europe,Netherlands
COMP_000395,Santana & Byrd and Sons,healthcare,47,1749,344099522.55,35133461.17,447081600.35,191057313.33,3.5978,2.5852,0.7462,4.6329,North America,United States
COMP_000396,Alexander LLC,transportation,6,3974,931449752.35,44998190.71,605790976.2,433682236.59,2.782,2.1904,2.5198,3.7137,Latin America,Chile
COMP_000397,Huerta & Evans Group,hospitality,40,1515,171824137.62,29581519.6,160881320.47,58205935.55,3.2372,2.7999,0.5669,9.785,Europe,Germany
COMP_000398,"Wright, Bruce and Gonzalez",technology,27,238,215068019.66,15497307.71,134818376.14,73814295.38,1.8659,1.0678,1.21,3.9862,North America,Canada
COMP_000399,IfTonight Group,transportation,35,6734,753362357.11,112976412.82,533551853.8,212305284.57,1.6603,1.2681,0.6609,11.0768,North America,United States
COMP_000400,Rodriguez Group,professional_services,41,701,75577015.97,8387355.03,43488083.2,11117903.12,1.464,1.1146,0.3435,24.838,Asia Pacific,Singapore
COMP_000401,Armstrong PLC,healthcare,27,668,107608249.49,19264318.09,145024039.7,48003214.46,2.9302,2.2854,0.4948,7.8716,Latin America,Chile
COMP_000402,FindScene LLC,healthcare,50,6548,903040142.15,63835852.68,857706788.98,309855662.78,1.2335,0.8276,0.5656,4.4986,Europe,United Kingdom
COMP_000403,AgeThemselves Ltd,energy,34,38164,5077261105.86,449572349.18,6231541702.51,1912437177.14,1.2064,0.8789,0.4428,3.9885,North America,Canada
COMP_000404,Foster & Smith Ltd,construction,39,3425,414096445.72,64705254.35,465543646.68,197411763.14,2.8225,2.4579,0.7362,6.3971,Latin America,Mexico
COMP_000405,Osborne & Beltran PLC,financial_services,13,6434,1607047509.14,34419503.13,2998333744.99,1550657974.91,1.266,1.0625,1.0711,1.5168,Latin America,Brazil
COMP_000406,Mcgee LLC,technology,41,2044,447866091.02,24805150.19,485523247.45,239296231.12,1.9202,1.3493,0.9719,3.0463,Asia Pacific,Singapore
COMP_000407,Lawson LLC,manufacturing,13,7110,784511340.68,52362165.39,779131219.19,416718201.67,3.3646,2.7553,1.1498,3.0101,Latin America,Chile
COMP_000408,Robinson & Lee LLC,construction,48,16,10364637.48,339332.81,8087201.88,3402946.11,2.9796,2.1515,0.7265,4.2543,Asia Pacific,Singapore
COMP_000409,ResourceSomeone Ltd,financial_services,2,33454,4527856062.33,243759141.67,4260063501.5,2538583571.74,1.2001,0.8908,1.4747,3.2858,Asia Pacific,Singapore
COMP_000410,"Becker, Taylor and Davis",construction,6,462,50186905.01,3906935.64,58597841.78,30425378.52,3.1518,1.8484,1.08,3.6911,North America,United States
COMP_000411,Burton Inc,hospitality,2,511,64543413.88,6715972.01,34748704.0,14576806.42,1.5947,1.1057,0.7226,7.1761,Asia Pacific,Australia
COMP_000412,Parker Group,hospitality,44,760,190062331.44,33995379.88,235289528.04,59221624.06,2.1485,1.8175,0.3364,16.9626,North America,United States
COMP_000413,Riley Ltd,healthcare,34,5505,950854111.2,136470488.95,587551911.25,145239121.23,3.2093,2.4247,0.3284,24.0853,Asia Pacific,Singapore
COMP_000414,CatchBelieve LLC,healthcare,18,1308,575570698.68,26313690.83,632178955.41,162549808.61,2.7565,1.9451,0.3461,4.9541,Asia Pacific,Singapore
COMP_000415,Murphy Group,professional_services,16,282,63367802.61,2999682.0,65525807.3,37878475.44,2.4667,1.2834,1.3701,3.6794,North America,United States
COMP_000416,Gonzalez PLC,construction,26,387,226980533.38,11785135.02,162805520.55,69954600.32,3.4315,2.6757,0.7534,3.6951,Europe,Switzerland
COMP_000417,Walter & Diaz PLC,professional_services,9,282,29674471.78,932891.82,17419444.25,10295389.03,1.1509,0.7183,1.4452,2.5629,Latin America,Brazil
COMP_000418,WhiteExplain and Sons,professional_services,17,175,33202122.26,5248793.71,30513420.68,15216049.06,2.8406,2.3165,0.9947,5.6353,North America,United States
COMP_000419,Scott Group,transportation,30,4058,675793271.52,105382889.83,731864282.59,257291968.8,2.6836,1.887,0.5422,9.2311,North America,Canada
COMP_000420,Francis-Morgan,financial_services,35,18371,3764348901.89,361046521.84,2716364708.31,859305930.92,1.737,0.979,0.4627,8.5901,Europe,Switzerland
COMP_000421,Mcdonald Inc,professional_services,22,475,79262114.85,8635305.69,92787630.55,41943342.15,1.2628,1.1016,0.8249,4.5014,Latin America,Mexico
COMP_000422,Taylor & Levy Ltd,manufacturing,20,4678,1581340104.16,273758147.77,2616330478.67,718963122.85,3.3682,2.7233,0.3789,8.7771,North America,United States
COMP_000423,ShakeRepresent Group,professional_services,49,68,9575007.25,1179992.49,19139429.99,5492099.88,1.4668,1.0451,0.4024,5.3717,Europe,Germany
COMP_000424,ThroughoutSummer PLC,financial_services,37,21374,2477157320.47,366416352.02,1630418433.77,870513856.7,3.7189,2.9272,1.1456,6.7524,North America,Canada
COMP_000425,Davis-Foster,technology,24,145,29721821.25,4891254.99,15227518.66,3658713.78,2.6417,2.355,0.3163,38.5874,North America,United States
COMP_000426,Baker & Martinez LLC,energy,46,13178,5517812379.12,461924656.06,5145544733.55,2132509330.8,2.9347,2.0248,0.7078,6.45,Asia Pacific,Hong Kong
COMP_000427,"Curry, Baker and James",manufacturing,1,8035,888645697.73,21370261.25,1697308453.47,1178733396.03,1.8988,1.2811,2.273,1.0619,Latin America,Mexico
COMP_000428,PullYard LLC,professional_services,12,278,88826566.18,7304574.27,78179528.62,47135018.46,1.9427,1.1468,1.5183,3.8275,Latin America,Chile
COMP_000429,BoxRepublican and Sons,construction,35,1353,178702931.21,20356223.72,324800554.72,81887679.82,2.4221,1.5682,0.3371,5.3971,North America,United States
COMP_000430,Ruiz PLC,transportation,34,1149,125896346.26,4558026.59,68613103.66,18409090.04,2.3912,1.905,0.3667,4.0047,Asia Pacific,Japan
COMP_000431,UsuallyYes PLC,transportation,30,1143,151561765.23,15758702.02,125897697.37,59778827.15,2.2441,1.9843,0.9041,4.6864,North America,Canada
COMP_000432,GenerationWhole PLC,technology,41,2114,380993805.23,37266163.45,505552374.98,129683467.71,3.8724,3.1892,0.345,5.609,North America,United States
COMP_000433,DoRaise Inc,financial_services,9,25596,3094908135.95,303463896.73,3390470086.57,1392933725.66,2.7593,2.0461,0.6973,3.9809,Latin America,Mexico
COMP_000434,Reid & Marshall Ltd,retail,32,415,52359092.71,2733471.03,40554388.27,10162482.33,3.8544,3.4187,0.3344,5.6283,Latin America,Mexico
COMP_000435,FiveRange Group,transportation,47,427,93265738.05,11514741.72,114256324.94,54271246.54,2.0269,1.5342,0.9047,3.9769,Europe,Netherlands
COMP_000436,Taylor Inc,transportation,48,2533,703959440.14,121029829.54,373713223.14,117634316.57,2.9948,1.9647,0.4594,24.8665,Latin America,Brazil
COMP_000437,Torres Group,construction,44,140,41017688.15,3004440.06,31664595.64,17285026.38,1.3185,0.9394,1.2021,4.7823,Asia Pacific,Singapore
COMP_000438,Wilson and Sons,financial_services,42,24372,4111081695.86,473315356.16,3449869698.71,1573461966.0,1.7315,1.3311,0.8386,5.3978,Europe,France
COMP_000439,Clay & Taylor Group,healthcare,1,6685,707711016.02,42631887.77,549509275.96,372323190.85,1.5969,1.2617,2.1013,3.5018,North America,United States
COMP_000440,HospitalReligious Ltd,professional_services,41,62,8594203.67,369544.4,4437566.33,1187686.4,2.7694,1.8012,0.3655,5.6219,Europe,United Kingdom
COMP_000441,Horton PLC,financial_services,30,1065,433340193.29,55049173.87,706258945.03,271981735.65,3.8864,3.1392,0.6263,4.1996,Asia Pacific,Singapore
COMP_000442,Matthews-Barber,financial_services,50,22366,4933331496.72,166413265.6,4555727130.56,2545315460.17,1.7786,1.4675,1.2661,2.5086,Europe,Switzerland
COMP_000443,Mcclure Ltd,healthcare,10,3017,377399441.78,34072444.48,329066093.92,179534023.84,1.1888,0.8044,1.2006,5.2327,North America,Canada
COMP_000444,Bass PLC,transportation,10,1998,376935725.6,39530189.34,751914274.06,236953943.15,1.9079,1.0697,0.4601,4.5449,North America,Canada
COMP_000445,Russell LLC,healthcare,35,3747,813735569.42,48199272.6,755813211.05,348100067.55,3.2703,1.7937,0.8538,3.6359,Asia Pacific,Singapore
COMP_000446,Vaughn and Sons,energy,35,25763,9475123344.97,1488744306.12,9380435490.67,4776312394.24,3.2149,1.9803,1.0374,8.7838,Latin America,Chile
COMP_000447,LifeLight and Sons,healthcare,41,4436,986071058.5,129628351.97,801843300.01,419579364.48,2.2926,1.3201,1.0976,10.5301,Europe,Netherlands
COMP_000448,Garcia-Jennings,transportation,35,2195,755844403.41,131919640.07,440041257.19,241716301.62,1.087,0.691,1.2188,12.7286,Latin America,Brazil
COMP_000449,Stephens & Levine LLC,hospitality,10,554,75875657.52,8827123.22,89320281.13,29369704.35,2.7807,1.9341,0.4899,10.8728,North America,United States
COMP_000450,Brown & Hill Inc,technology,12,233,42666857.63,4537015.66,22976309.31,13858479.45,1.1966,0.8908,1.5199,5.3873,North America,United States
COMP_000451,Rush & Holloway Inc,healthcare,13,6636,778261181.35,62207925.84,453193702.45,295167086.47,2.7395,1.7251,1.8678,3.7052,Europe,France
COMP_000452,Bates Ltd,technology,38,382,279643720.62,14278002.44,470121529.64,154033379.64,3.2066,1.8188,0.4873,2.7774,Europe,Switzerland
COMP_000453,"Harper, Smith and Buchanan",professional_services,25,309,42710089.92,6206425.92,81594150.27,32297379.21,1.0582,0.605,0.6552,6.6376,Asia Pacific,Hong Kong
COMP_000454,EitherCar PLC,manufacturing,14,17325,1813645226.34,75610027.44,2000878157.5,883896410.22,1.6049,0.9145,0.7913,2.363,Latin America,Chile
COMP_000455,Harris & Gallegos PLC,energy,27,9173,1156414948.95,28578397.57,1354975003.53,376144452.85,2.5564,1.376,0.3843,2.6842,Europe,Netherlands
COMP_000456,DespitePeace and Sons,financial_services,4,16793,2468199270.41,98139188.79,1456233958.22,936342710.69,3.1067,2.1429,1.801,3.7682,North America,United States
COMP_000457,Li and Sons,retail,28,41,7654115.09,483859.15,5370445.7,2818546.69,2.336,1.2656,1.1045,6.2772,Europe,United Kingdom
COMP_000458,Schroeder-Kramer,healthcare,16,887,471317338.78,60062932.37,339306682.95,128509778.12,1.5342,1.1825,0.6096,11.2096,Asia Pacific,Australia
COMP_000459,"Smith, Garrison and Thomas",retail,25,131,30039031.29,4897953.07,49220544.54,21028469.74,1.1954,0.8061,0.7459,6.7514,Europe,Netherlands
COMP_000460,CaseNow LLC,retail,41,291,61171322.3,4890039.72,67626860.96,23499335.19,1.1318,0.8233,0.5325,5.5706,Latin America,Mexico
COMP_000461,Rodriguez Inc,retail,19,527,60528070.89,7033226.24,35936196.69,16360447.38,2.7568,1.5658,0.8358,6.6179,North America,Canada
COMP_000462,Anderson LLC,retail,38,3095,325306730.45,31835909.89,272418258.01,66644738.87,2.2644,1.9226,0.3239,12.2423,Europe,Switzerland
COMP_000463,Tyler and Sons,construction,3,2042,374292215.24,8114116.4,310363805.76,214922129.26,0.9133,0.6507,2.2519,1.8188,North America,Canada
COMP_000464,"Morris, Thompson and Williams",hospitality,49,438,117090384.25,3037088.83,73287783.74,39867004.07,1.4196,0.8777,1.1929,2.0575,Latin America,Chile
COMP_000465,Harmon PLC,professional_services,48,644,96236168.57,11072065.25,48984343.81,19025685.96,1.4365,1.1222,0.6351,15.9765,Latin America,Chile
COMP_000466,Wilson Inc,construction,45,1452,190560936.86,14469931.76,347060481.34,130594944.62,1.8116,1.5914,0.6033,3.0575,North America,Canada
COMP_000467,MaybeList LLC,hospitality,44,129,57856705.17,4673810.53,100211864.07,36331370.23,2.3709,1.2242,0.5687,3.7215,North America,United States
COMP_000468,MustPersonal Inc,retail,35,1814,434562365.84,18127768.18,356859670.66,192892407.96,2.6991,2.3851,1.1764,3.4191,Europe,France
COMP_000469,Hayes and Sons,hospitality,44,299,45495571.87,4093552.5,78212746.0,28101871.64,2.3339,1.6351,0.5608,3.026,Asia Pacific,Hong Kong
COMP_000470,Dougherty & Williams Ltd,retail,30,1134,481684824.64,18121062.59,443530652.77,131826084.18,3.7806,2.0067,0.4229,4.4397,Europe,Netherlands
COMP_000471,Boyd Group,hospitality,41,9,3418740.46,94151.02,3039407.27,1393170.32,3.7047,2.5546,0.8463,2.42,North America,Canada
COMP_000472,Schneider & Johnson Group,retail,34,1812,484999655.7,60415842.99,433989566.13,151763370.77,2.8877,1.8208,0.5377,7.7506,Latin America,Mexico
COMP_000473,ThrowInterest Group,financial_services,11,2099,225367960.63,28183818.02,268239976.21,117968107.88,1.6705,1.4002,0.785,7.2988,Europe,Switzerland
COMP_000474,Parks & Henry Group,manufacturing,12,5963,1783374796.26,239467363.72,1158570553.1,630124152.92,1.3424,0.799,1.1924,12.7813,Europe,Netherlands
COMP_000475,Lam LLC,retail,36,1228,264795152.32,35565421.62,176726866.61,97724164.16,1.4631,0.994,1.237,5.6335,North America,United States
COMP_000476,"Hernandez, Martinez and Weber",manufacturing,30,16277,1985999944.28,335114773.14,2705427489.7,1489197292.23,2.602,1.8291,1.2244,4.5267,Asia Pacific,Australia
COMP_000477,PayOfficial Ltd,energy,45,3306,784275819.12,32564102.3,643655262.99,162732716.2,2.9791,1.6288,0.3384,7.4526,Europe,Netherlands
COMP_000478,Nguyen PLC,technology,39,1953,277373287.92,34406706.77,201704439.73,62747434.25,3.716,2.2711,0.4516,18.6312,Latin America,Chile
COMP_000479,Schmidt Group,hospitality,26,867,193891204.59,10534924.68,198529505.36,86087337.5,3.7381,3.2274,0.7656,3.4058,Latin America,Mexico
COMP_000480,"Jacobs, Garcia and Miles",financial_services,23,6482,2620258242.41,206506181.7,1332593013.2,692650606.21,1.2905,1.021,1.0824,6.9073,Latin America,Mexico
COMP_000481,TonightReal Ltd,construction,9,335,316552325.88,39899574.93,226610007.18,82623102.56,1.6652,1.4909,0.5738,9.5169,Latin America,Brazil
COMP_000482,UnderstandSpecific PLC,construction,12,2973,349395601.05,33523121.46,223203132.28,129014445.83,1.2995,0.7464,1.3697,6.3148,North America,Canada
COMP_000483,"Glenn, Jordan and Beasley",transportation,36,2187,459995654.12,64131462.32,549720919.99,271117000.8,1.4805,0.918,0.9731,4.8682,North America,Canada
COMP_000484,Gutierrez Group,retail,2,3072,314523923.88,9383358.69,343432134.47,277963835.19,0.9752,0.7784,4.2458,1.5979,Asia Pacific,Hong Kong
COMP_000485,InsideJust Ltd,energy,33,8655,5863927403.63,811223540.71,11141423300.45,3599257953.3,2.7035,1.5098,0.4772,5.3257,Asia Pacific,Australia
COMP_000486,Davis & Simmons Ltd,construction,41,2881,451073215.19,75008207.56,436250941.77,145164238.57,2.5547,2.2341,0.4987,10.3844,Europe,United Kingdom
COMP_000487,EspeciallyHouse and Sons,hospitality,21,11,10043829.69,1608028.47,5771543.07,2650231.91,1.9011,1.4718,0.8491,10.2574,Asia Pacific,Australia
COMP_000488,Mcdaniel Group,energy,50,14638,2845583736.44,283546051.15,2816100189.9,1496622509.32,1.3329,0.7489,1.1343,5.49,North America,Canada
COMP_000489,Jones Inc,healthcare,9,7024,950659426.66,130470783.67,779690880.59,337701253.36,1.8133,1.4993,0.764,6.2259,Asia Pacific,Australia
COMP_000490,Reynolds Ltd,healthcare,15,1041,890812464.97,35994320.27,577936881.75,299196176.39,1.8085,1.0561,1.0734,2.4917,North America,United States
COMP_000491,Rodgers and Sons,construction,3,1796,230550092.63,9026506.67,419800946.06,269874794.72,2.1997,1.5126,1.8001,1.2608,Asia Pacific,Japan
COMP_000492,Hawkins & Willis PLC,professional_services,14,152,62203193.48,6475319.33,77750430.78,40646450.94,1.0459,0.5838,1.0955,3.2777,Asia Pacific,Singapore
COMP_000493,"Rivera, Martinez and Gomez",hospitality,37,523,56198855.41,1947884.82,32496538.24,15736061.63,2.5525,2.0071,0.9389,2.4514,North America,United States
COMP_000494,ReduceYeah Group,energy,45,3873,1921805539.25,222820608.97,1657445124.06,905759410.55,1.5572,0.9996,1.205,5.9082,Europe,Netherlands
COMP_000495,TripWhole Ltd,healthcare,30,1656,466379912.92,19219199.61,662595181.58,320648081.02,3.0555,2.2087,0.9377,2.8025,North America,Canada
COMP_000496,Schmitt PLC,transportation,15,401,359818705.75,36417241.29,384469347.21,222197000.4,1.4888,0.7858,1.3693,3.2649,Asia Pacific,Australia
COMP_000497,Edwards & Garcia PLC,healthcare,26,2503,585737831.29,54085334.26,393688005.56,105194179.64,1.45,0.9574,0.3646,9.4778,Europe,United Kingdom
COMP_000498,Moore Group,energy,13,3462,823459637.8,84969178.75,414633919.44,136065676.17,3.1594,2.4962,0.4884,15.3019,Asia Pacific,Hong Kong
COMP_000499,Boone LLC,transportation,33,8258,974650859.59,65795695.91,589982598.6,161992544.99,1.757,1.228,0.3785,7.4669,North America,United States
COMP_000500,"Richardson, Farmer and Andrews",technology,12,1389,493119161.5,35766908.8,324675426.06,112549020.23,2.5586,1.3779,0.5306,10.4955,Latin America,Mexico
COMP_000501,Bruce-Villegas,transportation,33,3541,701180096.88,45450341.52,690529729.16,355688507.41,2.6033,2.2936,1.0623,5.0184,North America,Canada
COMP_000502,Cardenas PLC,transportation,30,2912,540735402.68,16012826.98,706563107.71,318668107.29,3.269,2.7914,0.8215,2.2874,Asia Pacific,Hong Kong
COMP_000503,"Day, Johnson and Hickman",professional_services,44,197,31297997.82,3146274.39,23520377.16,9704638.47,2.3837,1.7279,0.7024,9.3956,Asia Pacific,Hong Kong
COMP_000504,"Adams, White and Park",professional_services,44,360,81472604.46,6438873.47,41426584.78,14190862.65,1.1205,0.5805,0.521,7.2549,North America,Canada
COMP_000505,Parker LLC,energy,23,27715,6863075166.91,605742000.84,11738296365.9,3734577063.8,1.711,1.0691,0.4666,5.8113,Asia Pacific,Japan
COMP_000506,Smith-Kane,hospitality,21,146,33360770.93,995182.12,22440206.66,8419371.94,2.5122,1.6793,0.6005,4.7984,North America,Canada
COMP_000507,"Sandoval, Jones and Figueroa",energy,37,33681,9113725485.71,357670025.01,7394275900.8,3409326620.54,1.6289,1.1381,0.8556,2.5535,Europe,Switzerland
COMP_000508,Bonilla Inc,retail,32,2725,411623546.98,50682917.25,209887698.58,55431924.28,3.472,2.0333,0.3589,22.0557,Latin America,Brazil
COMP_000509,SkinNice and Sons,professional_services,7,465,95005091.37,8657420.74,104395761.81,58270122.71,2.175,1.4591,1.2633,3.9674,Asia Pacific,Singapore
COMP_000510,Barnes-Peterson,retail,27,1996,363408315.18,31528923.52,252815314.25,97342277.75,3.2234,1.8446,0.6261,11.5532,Europe,Switzerland
COMP_000511,Wood & Griffith PLC,financial_services,41,7154,3070941827.72,328910817.65,2160150237.47,1050088200.11,2.2805,1.6566,0.946,6.1154,Asia Pacific,Hong Kong
COMP_000512,Carlson & Ware and Sons,financial_services,28,15060,2097032751.09,184540142.3,1171344153.29,622644494.98,2.853,2.3919,1.1348,7.7523,Europe,France
COMP_000513,Moore & Williamson Ltd,construction,16,1136,466700599.26,18170581.22,592354347.34,207588499.88,3.2487,2.2275,0.5395,2.4838,North America,United States
COMP_000514,BeatExpert Group,technology,17,1656,433165880.86,60569182.41,472549071.28,211438728.07,2.7829,1.4385,0.8098,5.4451,North America,United States
COMP_000515,Stanley Group,healthcare,27,273,49992576.76,8193614.66,33162393.24,17358197.88,2.1751,1.8182,1.0983,7.4379,North America,Canada
COMP_000516,Lawson & Perry and Sons,retail,39,34,15130753.3,651760.01,8848234.02,3055927.78,2.7112,1.7785,0.5276,4.0578,Latin America,Brazil
COMP_000517,SomeoneMusic Inc,retail,18,1353,189478756.71,16953212.38,214960403.54,96746282.42,2.3861,1.5507,0.8184,3.1896,Latin America,Mexico
COMP_000518,Jordan-Campbell,manufacturing,24,5318,1623001128.26,159272562.96,1543350457.88,522601380.26,2.8858,2.4879,0.512,10.6977,North America,United States
COMP_000519,Gregory & Tucker Ltd,financial_services,41,18304,4936507885.28,856599846.82,4727176015.5,2363210285.81,1.3891,1.1762,0.9997,5.9288,Latin America,Mexico
COMP_000520,Williams-Foster,financial_services,14,6395,760580286.61,108201756.34,1027338002.65,449455518.89,1.8123,1.495,0.7778,4.9848,Asia Pacific,Japan
COMP_000521,PlaceAround Inc,transportation,48,2864,598189408.2,52893083.33,339543657.25,159437316.84,3.5475,2.9377,0.8852,5.7375,North America,Canada
COMP_000522,Harris and Sons,transportation,45,2393,387081948.06,10941544.54,669520245.96,298143795.37,2.8422,2.3204,0.8028,1.9574,Asia Pacific,Singapore
COMP_000523,Saunders & Duran LLC,manufacturing,16,10292,1940129651.65,189323426.83,992649142.22,552288865.39,3.0739,2.5783,1.2542,6.4493,Asia Pacific,Hong Kong
COMP_000524,Murphy & Smith Ltd,financial_services,12,40154,4212173426.45,479115861.15,2420576601.36,1440289089.31,1.4597,0.9719,1.4693,9.6595,Europe,United Kingdom
COMP_000525,Jordan and Sons,healthcare,30,7992,839137061.19,46093402.38,540718817.08,158972362.85,2.187,1.4687,0.4164,7.5773,Asia Pacific,Australia
COMP_000526,Patel-Hall,technology,46,1812,234877886.74,24904262.34,141489380.35,75987035.71,3.406,2.3762,1.1601,8.8315,Asia Pacific,Singapore
COMP_000527,OperationThese Ltd,manufacturing,28,3017,835490809.65,131663898.45,596726220.24,333251534.45,1.8493,1.4256,1.2648,8.7229,Europe,United Kingdom
COMP_000528,Jones-Hensley,retail,40,402,138156721.82,13035413.29,158349998.22,67540863.98,2.8911,1.5447,0.7438,4.7598,Latin America,Chile
COMP_000529,Graham Group,construction,48,108,32905870.84,3855336.29,53980914.45,22576977.22,1.189,1.0374,0.7189,4.1308,North America,United States
COMP_000530,WillBank LLC,financial_services,26,9459,4324964657.51,556695936.49,6193053553.73,3254525837.21,1.1576,0.6619,1.1075,5.4408,Asia Pacific,Hong Kong
COMP_000531,ParentLaugh PLC,hospitality,28,1485,162767300.82,7506849.81,241042794.45,61256661.33,1.4057,1.193,0.3407,2.8073,Latin America,Mexico
COMP_000532,Sullivan Ltd,professional_services,49,269,99971908.49,16852048.02,78381121.03,29741568.86,1.5119,1.2015,0.6115,11.5645,Latin America,Brazil
COMP_000533,Butler Inc,retail,12,2551,498325144.86,12781330.33,559704623.24,312925111.85,2.077,1.8653,1.268,1.3512,Asia Pacific,Hong Kong
COMP_000534,Sullivan LLC,manufacturing,8,11133,1115309094.15,70075558.39,1384444276.22,595577464.69,2.9533,2.3626,0.755,2.6795,Europe,Switzerland
COMP_000535,Jackson PLC,hospitality,50,671,154028495.62,17411827.6,136959446.95,36237736.87,3.2372,2.4951,0.3598,7.2713,North America,Canada
COMP_000536,Collier-Gillespie,energy,10,65260,9450419012.33,224482279.03,7939195054.35,4629206970.69,2.134,1.6034,1.3986,2.1788,Asia Pacific,Japan
COMP_000537,Kim Inc,energy,47,50381,8503991537.24,1530481156.62,4571258028.86,2263004524.65,1.4099,1.1918,0.9804,10.5639,North America,United States
COMP_000538,Sanchez & Chapman PLC,healthcare,26,1713,251111361.23,16022303.21,291949150.2,142086044.76,2.1809,1.1083,0.9481,3.7458,Latin America,Mexico
COMP_000539,Foster LLC,healthcare,20,2450,453291414.63,45588349.46,394668318.34,196557855.54,1.9269,1.4914,0.9922,7.4094,Asia Pacific,Australia
COMP_000540,Reese & Walker and Sons,transportation,18,1345,137867821.0,14904753.25,121511640.8,61506866.38,3.2819,2.4468,1.025,5.6571,North America,Canada
COMP_000541,Dixon Inc,manufacturing,32,16363,1908561544.24,202795120.96,1297601388.74,346291443.95,2.3791,1.2649,0.364,9.2769,Europe,France
COMP_000542,Schmidt and Sons,financial_services,37,9995,3034811425.91,95431498.97,4936267810.83,1255936441.44,1.3478,0.903,0.3413,3.2526,Asia Pacific,Singapore
COMP_000543,Bell-Mullen,hospitality,2,292,46499918.3,1359739.25,31158490.63,13439037.73,1.2369,0.8129,0.7584,4.1122,Asia Pacific,Singapore
COMP_000544,Brewer and Sons,transportation,40,3310,674983677.56,101262478.68,666978883.84,356030537.95,3.3566,1.9617,1.145,9.5801,Asia Pacific,Japan
COMP_000545,EatBoard and Sons,technology,26,2031,309445991.99,13059180.53,408454006.97,160391049.45,3.0186,2.5583,0.6466,2.0807,Latin America,Mexico
COMP_000546,Scott & Thompson and Sons,construction,20,420,182290545.43,6867081.79,259425201.8,78101686.5,3.3737,2.6261,0.4307,3.0417,Latin America,Chile
COMP_000547,"Jones, Bean and Burton",construction,41,592,61211008.14,9663843.37,46801922.34,12521851.29,3.2414,1.8128,0.3653,15.9513,Europe,Netherlands
COMP_000548,MajoritySomebody PLC,technology,29,2903,336115024.6,38752481.93,419092053.51,176948102.94,3.4248,1.7821,0.7308,8.2578,Latin America,Mexico
COMP_000549,SoonParticularly Group,technology,32,1250,260633542.75,22505742.4,205217835.5,96837482.01,3.7149,3.2024,0.8935,4.0599,North America,United States
COMP_000550,Maldonado & Macias Ltd,hospitality,5,379,154691359.96,7632211.49,105057091.87,75769471.37,1.1366,0.8514,2.5871,2.5959,Latin America,Brazil
COMP_000551,"Downs, Morris and Maddox",transportation,23,4697,524961866.1,48477743.91,416156197.76,178135988.06,2.999,2.6052,0.7484,4.8308,Latin America,Brazil
COMP_000552,Stewart & Gonzales Group,construction,44,922,426829842.66,53690938.42,410262084.67,160471532.72,3.8169,2.1558,0.6424,9.3661,North America,Canada
COMP_000553,Ramos & Turner LLC,manufacturing,39,4669,1108294609.16,111695010.92,655708838.96,355248297.78,2.4521,1.4562,1.1823,6.6355,Asia Pacific,Singapore
COMP_000554,PerhapsArrive LLC,manufacturing,33,8924,1126266563.36,32647450.64,1891300803.45,714530697.41,2.8062,1.5386,0.6072,2.012,Asia Pacific,Singapore
COMP_000555,Romero LLC,manufacturing,45,14097,1754540669.29,281246772.89,1247509933.87,340976210.73,1.1842,1.0403,0.3761,12.9769,North America,United States
COMP_000556,Murray & Johnson LLC,hospitality,3,718,81293090.38,6008923.5,108308552.46,42872322.81,1.3082,0.8433,0.6552,3.1935,Latin America,Chile
COMP_000557,Decker & Jones Inc,energy,22,4953,1383451523.08,209992836.85,2021185741.58,615663092.21,3.8132,3.0798,0.438,12.3799,Latin America,Mexico
COMP_000558,"Wheeler, Cruz and Carpenter",healthcare,18,276,33638762.93,2669686.69,20608605.12,7690640.63,2.874,1.6113,0.5953,6.0981,Europe,Germany
COMP_000559,"Huang, Cole and Pacheco",construction,30,1532,378792941.56,65336905.24,297271346.21,136240517.58,3.7391,2.5315,0.8461,8.0873,North America,United States
COMP_000560,ReachCup LLC,manufacturing,28,5746,1244416007.19,41798762.99,759351159.88,342662051.86,2.8746,2.475,0.8223,4.7614,Asia Pacific,Hong Kong
COMP_000561,"Alvarez, Hernandez and Brown",energy,23,28979,7055593692.59,178032020.65,7671866128.07,3136975083.24,3.6725,2.865,0.6917,1.967,Latin America,Chile
COMP_000562,BoardTalk LLC,retail,20,605,108056152.43,4014050.94,82728731.51,30179270.21,3.096,2.6376,0.5743,3.3904,Europe,United Kingdom
COMP_000563,Haas Inc,hospitality,22,56,28137923.64,3998377.19,38022113.98,9464662.03,3.3183,2.4456,0.3314,11.1521,Latin America,Chile
COMP_000564,Wagner & Thompson and Sons,energy,17,1917,194719423.4,22532902.21,188734644.27,51792581.52,2.8013,1.5404,0.3782,10.7847,Latin America,Mexico
COMP_000565,SecondLeft Group,energy,20,29741,3538346210.13,241978783.11,2109694841.62,988926692.89,2.9632,2.3283,0.8824,5.2698,Asia Pacific,Australia
COMP_000566,"Mills, Moore and Watson",transportation,7,4212,594018509.99,21805711.18,521737883.52,257065708.31,1.1083,0.7425,0.9713,3.2097,North America,Canada
COMP_000567,Campbell & Ortiz LLC,professional_services,36,385,39528282.49,4148707.49,36192303.5,11740131.33,2.4666,1.6511,0.4801,7.9676,Latin America,Chile
COMP_000568,RespondPiece Inc,manufacturing,33,6796,880575094.83,38596786.86,562047976.67,158162133.0,3.0549,2.5824,0.3916,7.6821,Latin America,Brazil
COMP_000569,Mccormick Ltd,healthcare,39,3298,904637901.02,141993391.12,1359327019.17,487002704.96,1.8682,1.3248,0.5583,9.0465,Asia Pacific,Singapore
COMP_000570,Cook LLC,manufacturing,10,4167,703028379.38,85694255.83,620701372.09,418804758.08,1.6921,1.0379,2.0744,6.3218,North America,United States
COMP_000571,Grant Group,technology,27,1427,257480755.09,25506950.84,266943136.89,102708992.47,2.0062,1.3059,0.6254,4.596,Europe,Germany
COMP_000572,King-York,transportation,43,4611,785816482.61,73910487.33,436681566.4,150248682.32,3.3275,2.5482,0.5246,10.6377,Latin America,Mexico
COMP_000573,Brandt PLC,financial_services,42,19085,1988748483.78,75195898.79,2657254898.63,658832628.15,2.8421,2.2982,0.3297,3.5697,North America,United States
COMP_000574,Cook PLC,professional_services,34,528,62397626.67,3341128.1,51408811.35,27092267.23,1.384,1.2103,1.1141,3.9708,Europe,Germany
COMP_000575,Alvarado LLC,healthcare,35,2860,863051890.2,102417808.64,782673797.43,199108117.61,3.5052,1.7852,0.3412,10.8864,Asia Pacific,Hong Kong
COMP_000576,Collins Ltd,healthcare,35,1182,949773020.54,47709316.4,1326403450.74,426806717.53,1.2963,0.8073,0.4744,3.0872,Asia Pacific,Australia
COMP_000577,"Bates, Anderson and Fletcher",financial_services,25,4667,743896669.84,29312577.05,1042323430.61,548015642.88,1.7777,1.5584,1.1087,1.5342,Europe,Switzerland
COMP_000578,Miller PLC,hospitality,49,634,185390937.41,19037742.58,96355254.0,31428386.74,1.9504,1.4068,0.4841,19.0171,Europe,United Kingdom
COMP_000579,Bennett & Conner and Sons,retail,49,1448,247073913.95,27310157.5,147258779.53,49696319.99,2.2033,1.1756,0.5094,9.7751,Europe,France
COMP_000580,"Warner, Valentine and Osborn",retail,35,201,130605705.37,22543533.4,67252220.03,28087803.57,1.1595,0.9567,0.7172,11.3308,Europe,United Kingdom
COMP_000581,WhileNew Inc,financial_services,39,13962,2301087423.63,145287616.4,1513876595.96,847403624.27,3.4494,2.0182,1.2715,3.2926,Europe,Switzerland
COMP_000582,"Santiago, Romero and Smith",healthcare,26,6583,980132412.41,130313477.76,561440072.13,265012969.65,3.8966,3.3172,0.894,13.1306,Asia Pacific,Singapore
COMP_000583,Parker and Sons,financial_services,16,2563,2468164289.02,293285879.06,2512235488.82,849486329.78,3.6081,2.2781,0.5109,5.4142,North America,Canada
COMP_000584,GrowthYourself Group,manufacturing,27,4682,664215704.47,73530898.37,429986852.98,170477983.58,2.1634,1.1519,0.6569,6.9021,North America,Canada
COMP_000585,Lee and Sons,construction,39,953,318533422.89,25432554.35,415959468.06,202051924.85,3.0335,1.527,0.9446,3.5434,Latin America,Brazil
COMP_000586,Jones Inc,financial_services,44,1608,1208326637.7,202682529.89,1165515473.01,313278072.02,2.7944,1.7361,0.3676,10.7126,Latin America,Mexico
COMP_000587,Romero & Fernandez Ltd,professional_services,14,56,8048401.15,181908.43,4072262.83,2080700.24,1.2633,0.7718,1.0448,2.4573,Europe,Switzerland
COMP_000588,UseNew Inc,healthcare,38,1322,133235323.3,5863211.94,222960381.96,72034003.15,2.6699,1.5784,0.4773,2.5624,Europe,United Kingdom
COMP_000589,"Rogers, Miranda and Anderson",hospitality,30,55,26481121.95,643622.99,23215375.3,10572094.6,2.8991,2.4397,0.8362,2.4569,Latin America,Mexico
COMP_000590,Bennett and Sons,transportation,24,643,160383666.58,16790899.42,283765949.16,133594310.04,1.1743,1.0186,0.8896,3.1463,Latin America,Brazil
COMP_000591,CourseTheory Ltd,retail,45,588,71135931.98,6410482.81,116299689.33,37215311.14,1.5104,0.943,0.4706,3.6487,Latin America,Mexico
COMP_000592,Wise and Sons,financial_services,16,21262,3207964976.57,122228595.54,3740897678.38,1436363649.38,1.1405,0.7224,0.6233,2.3982,Latin America,Brazil
COMP_000593,"Kim, Jenkins and Rhodes",healthcare,4,1208,185970683.98,22776224.82,174441382.12,128172116.26,2.4649,2.0041,2.7701,6.4895,North America,Canada
COMP_000594,Montes PLC,healthcare,7,1554,348938946.91,35451630.57,260618653.2,115465715.78,1.8113,0.9751,0.7955,5.4353,North America,Canada
COMP_000595,Mitchell & Goodman Group,professional_services,40,568,89730446.79,3571214.06,60777250.27,27729520.28,1.1143,0.7877,0.8391,3.0117,North America,United States
COMP_000596,Ferguson LLC,professional_services,9,181,47659183.21,4804052.34,53886942.81,25745610.87,2.7174,1.842,0.9149,5.545,North America,United States
COMP_000597,Sheppard & Mueller and Sons,hospitality,42,757,133843989.97,18963322.61,138442730.71,72443067.69,3.2579,1.8211,1.0976,6.6987,Asia Pacific,Japan
COMP_000598,Gregory-Hudson,technology,16,235,86987615.73,8371244.98,49628869.26,28103001.15,2.1434,1.2392,1.3055,8.6069,North America,Canada
COMP_000599,Alexander LLC,transportation,39,596,200366128.62,26451646.82,112691035.43,47459943.49,2.0,1.2397,0.7276,12.8457,North America,Canada
COMP_000600,Strickland PLC,retail,45,59,22352570.9,1339427.42,15567157.76,4926788.94,3.1409,2.7673,0.463,6.9331,Europe,Netherlands
COMP_000601,NewsKid and Sons,energy,1,4832,1730903877.57,41991280.32,3175816678.64,1296906180.41,1.4609,0.844,0.6902,1.6524,North America,United States
COMP_000602,Montoya & Solis and Sons,manufacturing,15,4787,564394774.67,83874514.91,357606832.1,140301425.25,2.4744,1.4139,0.6456,20.3753,North America,United States
COMP_000603,Salas & Williams Group,construction,42,147,92620189.72,13600033.43,138974718.76,74984714.7,1.9125,1.14,1.1718,3.6379,Latin America,Chile
COMP_000604,Sawyer & Spencer Inc,manufacturing,13,680,186518042.18,8880810.76,174758000.65,73873700.9,2.5322,2.2557,0.7323,3.6653,Europe,Switzerland
COMP_000605,Dawson PLC,energy,16,10151,1250326917.45,37702991.5,738345172.89,421775047.01,3.3149,2.9415,1.3323,2.0869,North America,Canada
COMP_000606,Mitchell and Sons,manufacturing,33,8900,926949748.39,78369959.82,508298370.4,244168038.25,2.1104,1.4932,0.9244,9.3255,Latin America,Chile
COMP_000607,Cole-Palmer,financial_services,38,3902,1039605254.84,89975326.24,552459081.63,235830660.47,1.1447,0.6729,0.7448,10.6478,Latin America,Brazil
COMP_000608,ThenLeave Inc,professional_services,11,206,36744851.17,5307689.22,34627026.47,17653425.07,1.2763,0.681,1.0401,6.6976,North America,Canada
COMP_000609,YourWhether and Sons,construction,29,2316,254191549.07,24640808.75,228296112.15,113563944.24,1.9467,1.2711,0.9898,6.4601,North America,Canada
COMP_000610,TechnologyLittle LLC,hospitality,33,979,138388570.9,15122784.01,224205987.53,73641798.35,1.6913,0.9259,0.4891,5.2956,Asia Pacific,Australia
COMP_000611,WonderAgreement Group,financial_services,48,1635,206167577.81,31178332.23,135164467.35,44310785.95,3.0581,2.7499,0.4877,9.9051,Asia Pacific,Japan
COMP_000612,Brown & Shaw and Sons,energy,26,24351,8004133469.14,1373086214.09,4619211993.39,2228760289.76,1.074,0.818,0.9324,8.9335,Latin America,Brazil
COMP_000613,Vang-Brooks,transportation,15,5009,631621385.6,60485974.61,376197553.01,204178839.71,2.9272,2.0038,1.187,5.1818,Europe,Netherlands
COMP_000614,Flores Inc,retail,29,129,42715997.91,4023659.99,31933130.51,11492863.11,2.6917,1.484,0.5623,5.3408,Asia Pacific,Singapore
COMP_000615,Combs & Santos and Sons,construction,49,4296,437421418.93,63630981.31,334828082.33,115296524.89,1.1065,0.9008,0.5252,8.113,Asia Pacific,Hong Kong
COMP_000616,Johnson Group,construction,5,593,460831838.26,37113275.48,588916443.19,222493148.53,2.2069,1.502,0.6072,3.0692,North America,United States
COMP_000617,"Guerra, Blake and Harrison",technology,12,80,31477901.97,1501641.63,16859988.79,7354046.22,1.4785,0.9114,0.7736,4.6139,Asia Pacific,Japan
COMP_000618,"Smith, Miller and Scott",construction,11,694,142054435.83,21538338.08,204775989.71,93791084.26,2.8367,1.8597,0.8451,3.9372,Europe,France
COMP_000619,Conley & Dunn Ltd,manufacturing,39,13594,1614340546.79,183573534.03,1672076333.12,509901866.48,3.09,2.1122,0.4387,10.1778,Latin America,Brazil
COMP_000620,PoliticsNews Group,hospitality,22,1094,149903678.39,24885089.33,82416323.2,31916995.25,2.6877,2.1365,0.632,18.7145,Latin America,Mexico
COMP_000621,Rodriguez LLC,construction,40,179,96337904.58,14687197.02,54282036.89,20237259.78,1.5536,1.1607,0.5944,15.0177,Europe,Switzerland
COMP_000622,Young Inc,retail,11,1055,106255963.02,6025003.64,73680143.81,30092497.35,3.2805,2.5562,0.6904,3.915,Latin America,Mexico
COMP_000623,Allen Ltd,energy,5,25218,3736197422.77,397462037.05,2973277435.21,2000970170.71,1.8299,1.0356,2.058,5.7384,North America,United States
COMP_000624,Bauer Group,construction,22,1261,244838877.67,34367876.61,137267705.99,50368433.44,1.0707,0.5845,0.5796,9.9258,Latin America,Mexico
COMP_000625,Rodriguez Group,hospitality,43,452,124032699.53,7664948.33,64431646.18,18355406.13,3.3864,2.8332,0.3984,11.6453,North America,United States
COMP_000626,Carlson Inc,manufacturing,5,5410,744138142.74,71848682.47,1439851412.99,648265736.5,1.9022,1.0865,0.8189,2.8435,Europe,Netherlands
COMP_000627,"Robertson, Allen and Thomas",construction,45,426,233954684.49,16867801.27,404330161.91,97642917.73,3.2491,2.6215,0.3184,3.2098,Europe,Germany
COMP_000628,Patterson PLC,technology,1,522,373987998.13,19573273.01,474466939.01,317771453.45,1.3045,1.1127,2.028,2.0141,Europe,Germany
COMP_000629,Allen-Butler,energy,21,1063,414997868.76,46347145.53,529117170.06,162057044.34,2.5893,2.2671,0.4415,8.8209,Asia Pacific,Singapore
COMP_000630,"Barnett, Mills and Ward",energy,1,9513,2561747596.22,148292646.27,2156055743.96,830425753.51,2.6321,2.0003,0.6264,4.5128,Europe,Netherlands
COMP_000631,Ashley & Stephens PLC,healthcare,46,6662,714782837.96,76942311.63,359947599.22,184346734.89,1.5304,1.3523,1.0498,8.1496,Latin America,Chile
COMP_000632,Spencer & Myers Group,energy,12,50154,8957308034.99,955742856.45,4905558939.36,2011766377.61,3.1546,2.1857,0.6952,11.2043,Latin America,Mexico
COMP_000633,Williams & Hughes LLC,hospitality,38,176,102823810.98,13770385.26,197761859.29,48805309.4,3.2106,1.7646,0.3276,7.7182,Europe,Switzerland
COMP_000634,King Inc,energy,32,18722,5344529178.39,375570208.95,7346372502.77,2243606446.74,1.1484,0.9984,0.4397,3.9728,Asia Pacific,Australia
COMP_000635,Kramer-Cooper,hospitality,27,144,22327230.26,2793030.28,23938721.38,5926793.32,3.4622,2.1899,0.329,12.2061,Europe,Germany
COMP_000636,Quinn & Fuller PLC,hospitality,21,164,90035061.0,4738823.82,62322070.85,16245955.5,2.4461,2.1561,0.3526,10.143,Europe,Germany
COMP_000637,Moss & Cook Inc,retail,33,2594,267243398.69,9672517.81,168344031.44,57181105.78,3.104,1.8561,0.5144,5.2568,Asia Pacific,Hong Kong
COMP_000638,Payne-Li,financial_services,31,1437,1219927813.14,44506006.21,622783022.99,228834292.52,1.5198,1.0282,0.5809,4.6132,Europe,Netherlands
COMP_000639,Greer Ltd,construction,6,605,138275399.32,15094067.28,73460920.82,42689552.43,1.2384,0.9792,1.3873,9.2342,Latin America,Mexico
COMP_000640,Pollard-Mendoza,healthcare,22,3549,380397742.29,17239013.42,315974434.65,91478335.49,1.5823,0.7993,0.4075,4.5143,Latin America,Mexico
COMP_000641,CourtTalk and Sons,energy,25,1964,249708417.89,25063227.37,170849080.91,73167636.34,2.2091,1.1389,0.749,5.4564,Europe,Germany
COMP_000642,AtSense Group,energy,33,30246,3254687697.55,438159208.75,2240795716.91,801796533.39,1.205,0.7883,0.5572,11.5716,Latin America,Brazil
COMP_000643,Johnson and Sons,technology,45,218,106512555.49,13617140.2,147559790.31,64002495.41,3.7406,2.0908,0.766,6.0527,Europe,United Kingdom
COMP_000644,Moody Inc,construction,26,1048,167111189.33,22417445.4,85207843.52,22640700.62,3.6425,3.0976,0.3619,26.8289,Asia Pacific,Hong Kong
COMP_000645,Mahoney-Robertson,healthcare,7,1227,124163321.16,11986879.3,74570922.81,34602589.94,1.2309,0.9841,0.8658,5.4874,Asia Pacific,Japan
COMP_000646,Hays PLC,technology,7,2395,445373113.09,12174109.56,288365363.98,155885668.25,2.4751,1.9633,1.1767,2.9767,Europe,Germany
COMP_000647,Kennedy Inc,transportation,37,3969,597656529.02,90271112.53,767745014.66,198749423.14,1.5626,1.2558,0.3493,11.7316,Latin America,Mexico
COMP_000648,Mullins and Sons,manufacturing,6,2109,1361413615.1,72778203.99,1276413648.04,566167660.86,1.6925,1.2427,0.7971,3.4542,North America,United States
COMP_000649,FeelingHeavy Inc,professional_services,3,508,79022538.24,2214758.27,61567920.85,21260108.17,2.2223,1.9884,0.5274,2.7033,Latin America,Mexico
COMP_000650,Glenn LLC,energy,44,41360,5009499879.34,815865898.91,2505792721.69,1256382172.75,3.7312,2.8582,1.0056,14.0967,Asia Pacific,Singapore
COMP_000651,Martinez-Richardson,transportation,45,486,96051085.21,8325910.12,54788287.21,29367172.69,1.1134,0.6115,1.1552,6.1955,Europe,France
COMP_000652,Paul-Kline,hospitality,27,334,107884201.82,13700822.39,213761751.77,94949430.77,3.7339,2.3482,0.7992,3.4885,Asia Pacific,Hong Kong
COMP_000653,Hughes & Beltran Group,construction,48,1076,295486353.42,35329650.29,475017323.5,179049804.43,3.704,3.2312,0.605,3.6297,North America,Canada
COMP_000654,Holt LLC,manufacturing,34,13541,1493424553.63,239982132.61,890377905.96,417883734.97,1.1308,0.7906,0.8844,17.8492,Latin America,Brazil
COMP_000655,WindowSubject PLC,transportation,43,4093,437342950.77,47383569.36,505578915.88,148912487.92,3.7404,2.9174,0.4175,10.2182,North America,United States
COMP_000656,ExampleSuddenly Inc,construction,50,556,68152249.88,4616348.81,43168146.56,19559420.64,3.7613,2.8896,0.8285,4.8992,Latin America,Brazil
COMP_000657,Acosta Inc,retail,37,431,143320401.09,20573447.56,102297247.74,45632315.68,2.1182,1.667,0.8053,7.7019,Latin America,Brazil
COMP_000658,Jordan and Sons,financial_services,6,11280,1821780659.03,57789341.31,1803106282.2,1045496216.5,1.3232,1.1602,1.38,1.7935,Asia Pacific,Hong Kong
COMP_000659,Gardner & Morris Inc,financial_services,4,22546,3233127034.24,275148290.24,4119753563.22,2100617835.39,1.8361,1.4845,1.0404,3.0481,Europe,Switzerland
COMP_000660,Murphy LLC,healthcare,26,2034,572924413.15,14571421.17,322131318.14,109877830.37,3.3742,2.0877,0.5177,4.3108,Europe,Switzerland
COMP_000661,Griffin-Robbins,professional_services,21,263,35931624.23,2593798.41,18096991.16,5058262.56,3.891,3.0451,0.3879,10.6426,Latin America,Mexico
COMP_000662,CompareRoad Group,technology,22,3722,493271109.15,23588988.23,313158288.53,160143632.05,3.7125,2.1905,1.0466,3.3748,Europe,Netherlands
COMP_000663,Bell & Williams LLC,manufacturing,2,8833,1215491890.52,93149665.56,1208104066.58,800423297.18,3.0681,2.4639,1.9634,3.3596,Asia Pacific,Singapore
COMP_000664,"Bolton, Hill and Whitney",hospitality,26,107,48208131.56,1888883.9,48935912.4,24135622.08,3.5163,1.8343,0.9732,1.9416,Europe,Switzerland
COMP_000665,Jones Ltd,financial_services,10,4947,517894538.38,24480680.53,303476769.98,114793738.25,2.5676,1.6558,0.6084,3.7699,Europe,Netherlands
COMP_000666,Sullivan PLC,manufacturing,4,1006,314189686.98,8982010.95,160199661.93,66719239.1,0.9704,0.8657,0.7137,3.1912,Europe,Netherlands
COMP_000667,"Shelton, Cisneros and Thomas",retail,26,1093,124486948.74,12476784.04,81259064.0,44323383.48,2.907,1.89,1.2,5.4763,North America,Canada
COMP_000668,Lawson Group,financial_services,41,2811,811800052.57,102204403.99,772418611.06,215041436.63,1.2763,0.8879,0.3858,8.4957,North America,Canada
COMP_000669,Johnson Inc,professional_services,12,158,19063418.89,1386127.41,9532036.94,5317456.36,1.7186,0.9454,1.2617,6.7203,Europe,Netherlands
COMP_000670,Young Ltd,construction,36,1416,146122108.5,22141036.11,87226048.42,35730236.25,1.2228,1.0209,0.6938,12.0087,North America,United States
COMP_000671,Diaz Group,manufacturing,39,3075,355013454.64,47022838.09,698864637.49,267745190.86,1.9389,0.9998,0.621,4.0502,North America,Canada
COMP_000672,"Johnson, Hernandez and Cole",healthcare,8,2026,897281597.5,73906670.76,858363843.47,462213216.94,1.9384,1.7021,1.1668,6.2494,Asia Pacific,Hong Kong
COMP_000673,Watson & Wallace Inc,energy,34,1929,848325769.33,140891786.71,425184231.85,184519362.19,2.5003,1.9382,0.7667,12.9128,North America,United States
COMP_000674,PaintingCertain PLC,manufacturing,39,5379,1053777665.24,116045176.56,759383779.94,249660046.21,3.1252,2.0902,0.4898,8.989,Europe,Netherlands
COMP_000675,HitInformation LLC,construction,45,1747,208146429.36,9646766.12,258360194.01,114056162.69,1.8105,1.3637,0.7904,2.4439,Europe,Netherlands
COMP_000676,RateFamily and Sons,construction,25,4511,491277415.37,13776371.14,349561417.14,92566614.67,1.3964,0.7596,0.3602,3.4183,North America,Canada
COMP_000677,BuildAgree Ltd,manufacturing,15,433,232957415.31,14241034.03,360102197.25,224204913.18,1.5789,1.3906,1.6498,1.7681,Asia Pacific,Hong Kong
COMP_000678,CulturalMoney PLC,professional_services,19,253,40086632.11,4337637.3,28406051.78,15341399.55,1.5107,1.3273,1.1743,6.6525,Latin America,Mexico
COMP_000679,Mcintyre-Wilson,technology,44,3443,484765746.2,50471969.98,661131116.73,185406205.56,2.1234,1.6863,0.3897,9.4295,Asia Pacific,Australia
COMP_000680,Hampton Ltd,transportation,12,5825,866852054.64,69475932.39,840785905.42,393460625.11,1.6886,1.4877,0.8796,4.2389,Europe,France
COMP_000681,Lewis-Carr,financial_services,27,24471,4087189634.04,589414559.85,2311930914.51,1024408583.81,1.2593,0.7506,0.7956,17.6202,North America,Canada
COMP_000682,Benson & Lutz and Sons,technology,28,145,129693510.7,16810504.25,68307840.96,19376002.86,2.4637,1.907,0.396,14.6034,North America,Canada
COMP_000683,Martinez & Farrell Group,technology,46,835,86272906.11,7790159.58,66287938.77,23228579.75,3.8835,2.9688,0.5395,5.6111,North America,Canada
COMP_000684,Thompson Ltd,manufacturing,5,11375,1340600007.65,81702813.36,1915202510.56,929731754.56,0.9804,0.6845,0.9434,3.469,Asia Pacific,Australia
COMP_000685,Osborn-Cochran,financial_services,20,41979,4647586185.75,461818790.48,5180526754.46,1247030386.56,2.8452,1.8705,0.317,6.0347,North America,Canada
COMP_000686,Ponce & Downs Ltd,technology,23,1359,278824683.61,6948035.71,234201988.13,78568258.06,1.3465,0.8616,0.5048,2.2983,North America,United States
COMP_000687,Mckinney-Pierce,healthcare,34,2119,573754626.02,59804568.44,785356321.48,219608911.36,2.434,1.3685,0.3882,5.2246,Latin America,Mexico
COMP_000688,FillVote LLC,manufacturing,35,1132,567158396.38,85414531.61,855387709.72,325340780.76,3.4406,1.943,0.6138,6.4791,Asia Pacific,Australia
COMP_000689,Joseph Ltd,technology,9,1843,384976973.66,26896478.27,238245135.07,160483616.1,1.3083,0.7583,2.0638,4.1718,Asia Pacific,Japan
COMP_000690,PullContain LLC,manufacturing,21,816,382217059.63,53957592.02,228803131.24,84190475.19,3.1163,2.483,0.5822,9.8436,North America,United States
COMP_000691,"Walker, Galloway and Conner",hospitality,1,351,65412168.04,6423686.56,76527173.49,51591748.33,1.576,1.4035,2.069,2.8357,Asia Pacific,Singapore
COMP_000692,Young Group,retail,40,1126,213867346.43,10220577.86,168816908.01,53992605.61,3.2328,2.7339,0.4702,3.2737,Latin America,Brazil
COMP_000693,Johnson & Spencer LLC,hospitality,40,493,102014465.36,5331823.46,51293772.45,22014404.04,2.8546,1.6892,0.7519,7.4301,Europe,Germany
COMP_000694,Mcdonald PLC,healthcare,4,360,246197683.75,15045717.31,191227922.31,124235268.02,3.1336,1.8448,1.8545,3.1851,Latin America,Chile
COMP_000695,CarryPopulation Inc,financial_services,24,2080,583035755.45,39510424.73,567963829.56,212295646.65,1.9547,1.0146,0.5969,6.6287,Asia Pacific,Australia
COMP_000696,AttorneyFor Group,professional_services,7,260,61256694.22,4377213.46,69737104.87,36703015.67,1.6966,0.924,1.1111,2.9529,Europe,France
COMP_000697,Key & Higgins PLC,professional_services,34,183,29218740.05,3457609.95,34079167.89,11188293.83,2.7112,1.4502,0.4888,9.8019,North America,United States
COMP_000698,Hammond-Morrow,retail,46,626,291456634.27,27262879.5,449809219.29,243518507.23,2.8104,1.7441,1.1805,3.1888,Europe,United Kingdom
COMP_000699,Martinez LLC,hospitality,46,51,31718180.34,2010741.66,17469681.09,8963697.81,3.6335,3.234,1.0538,3.9805,North America,Canada
COMP_000700,Day Group,hospitality,33,527,96746880.27,14258370.14,128926616.74,42252806.17,3.807,2.3446,0.4875,5.1623,Europe,Netherlands
COMP_000701,Frazier-Cooper,manufacturing,29,7778,1069852970.78,150970735.13,994078696.12,486501214.75,2.1864,1.3307,0.9585,8.7796,Europe,Switzerland
COMP_000702,Humphrey & Deleon Ltd,hospitality,46,15,11312883.83,1543194.44,12736120.79,6530981.17,1.8876,1.1465,1.0525,7.4613,Europe,France
COMP_000703,PeopleCourt and Sons,financial_services,9,6625,1689655348.19,91331617.39,1002208494.04,569359210.24,1.5298,1.2687,1.3154,3.6282,Asia Pacific,Singapore
COMP_000704,Reynolds Inc,manufacturing,27,916,277485207.11,45546526.91,294463061.59,163510512.13,2.8302,1.4269,1.2486,6.9228,Asia Pacific,Australia
COMP_000705,TheoryCapital PLC,hospitality,43,40,13611619.12,2404995.23,8163972.08,3998421.42,1.3444,1.0733,0.9599,13.312,Europe,Netherlands
COMP_000706,Torres and Sons,retail,38,2704,495000195.73,60513230.97,276949215.3,101515261.46,2.3157,1.8339,0.5787,12.3904,Latin America,Brazil
COMP_000707,Morris Ltd,manufacturing,12,4215,651484151.5,30185776.37,527185607.46,299504854.44,2.6251,1.3346,1.3155,3.5132,Latin America,Chile
COMP_000708,Perez PLC,manufacturing,5,7136,1621650147.25,110090939.67,1371332304.99,841795425.66,1.8119,1.4309,1.5897,4.6478,North America,United States
COMP_000709,Jacobson Inc,healthcare,1,2485,258367451.49,25264026.57,176152839.8,65994833.53,1.3665,0.729,0.5991,11.3607,North America,United States
COMP_000710,King & Reid PLC,hospitality,48,725,136619041.72,20717982.05,76791947.02,20517952.92,1.4382,1.1561,0.3646,14.6582,Asia Pacific,Singapore
COMP_000711,Hill & Weber PLC,technology,35,384,380353702.08,50190876.18,263909316.47,73732083.98,3.3993,1.8394,0.3877,16.1867,Latin America,Brazil
COMP_000712,Ferguson PLC,technology,15,753,298223731.56,24776537.05,413587996.45,209247094.14,1.5888,1.353,1.024,3.5585,North America,Canada
COMP_000713,PutConcern PLC,retail,7,616,236844941.9,32135170.24,256680878.65,89927359.16,1.6953,1.0921,0.5393,5.5213,North America,United States
COMP_000714,YearPartner and Sons,professional_services,12,179,41478170.96,4672905.18,57185236.92,31122091.89,1.7269,1.4282,1.1941,4.008,Latin America,Chile
COMP_000715,Hopkins Ltd,healthcare,1,710,352123925.21,38120481.82,179008975.61,129085890.37,1.1393,0.637,2.5857,6.7615,Latin America,Brazil
COMP_000716,WeekPoint LLC,financial_services,10,37844,4648350429.8,147622835.43,2333324736.5,869744309.44,1.8941,1.189,0.5943,4.393,Latin America,Chile
COMP_000717,Kirby & Elliott Inc,manufacturing,42,9549,1662932621.5,278990812.76,1547233852.48,643322140.89,2.5808,1.7989,0.7117,8.5257,North America,Canada
COMP_000718,Miller & Fry PLC,healthcare,16,8338,965201776.11,72452768.17,1199128330.61,675600267.37,1.9806,1.3658,1.2905,3.7678,Asia Pacific,Singapore
COMP_000719,Baker & Clark PLC,financial_services,30,6087,630243145.19,29297405.83,354075486.66,195089316.26,3.651,2.1797,1.2271,2.9259,Europe,United Kingdom
COMP_000720,Butler & Fowler Group,construction,47,851,366779400.23,10310210.63,188346046.2,67604732.81,3.046,2.3305,0.5599,5.662,Europe,United Kingdom
COMP_000721,VisitProduct PLC,healthcare,16,4415,938648754.54,31558034.92,693356680.68,381641796.1,1.4004,0.8024,1.2243,2.3302,Asia Pacific,Hong Kong
COMP_000722,May-Turner,transportation,42,1608,189420735.5,25090393.28,203644574.74,59033293.22,3.5601,1.8258,0.4082,7.2926,North America,Canada
COMP_000723,Ballard Ltd,hospitality,46,109,14232757.21,2183373.9,7575751.95,3034840.02,3.0687,2.0544,0.6683,20.2018,Latin America,Brazil
COMP_000724,Sullivan & Chavez Ltd,professional_services,4,626,74241504.6,3165872.58,95728707.11,64157962.53,2.1523,1.8008,2.0322,1.6841,Asia Pacific,Hong Kong
COMP_000725,Brown Group,technology,24,1689,287662083.48,35922367.22,363165734.47,99757371.78,1.2625,0.9359,0.3787,5.7897,Asia Pacific,Australia
COMP_000726,JustMember Group,retail,39,594,421230730.83,10830858.96,225917852.15,67792981.54,1.6169,1.4095,0.4287,4.6364,North America,Canada
COMP_000727,Harris PLC,healthcare,20,573,144073514.74,3648327.8,139204998.73,45988974.12,2.1787,1.2592,0.4934,2.2639,Europe,United Kingdom
COMP_000728,Thomas Ltd,hospitality,50,1428,159258195.06,7553475.83,115340695.41,41785137.41,2.717,2.2845,0.5681,4.9223,Latin America,Brazil
COMP_000729,FromSimilar LLC,retail,14,826,102410405.38,13822295.05,69134082.1,38640964.78,1.3967,1.2367,1.2672,7.5004,Asia Pacific,Hong Kong
COMP_000730,Anderson-Wood,financial_services,24,5044,826643154.9,100239939.08,432749497.04,109400859.61,3.0785,2.3801,0.3383,23.0377,North America,United States
COMP_000731,Hoffman & Flores Group,healthcare,1,1584,168444468.94,5323445.01,93285570.36,57113924.1,2.9757,2.418,1.579,3.5504,Asia Pacific,Australia
COMP_000732,Martinez Group,healthcare,18,7598,815501846.63,89817704.0,791708846.27,218433260.22,3.0016,2.054,0.381,6.3762,Latin America,Chile
COMP_000733,Thomas Inc,professional_services,32,116,66687123.46,2012380.78,37286520.2,13732645.85,3.491,3.0262,0.583,4.9671,Asia Pacific,Singapore
COMP_000734,FillYoung Group,hospitality,29,911,105090019.53,6830964.71,57954970.5,26567589.36,2.815,2.1325,0.8464,4.7325,North America,United States
COMP_000735,Lin Group,construction,11,323,182621089.64,17531575.68,102553265.14,39117518.09,3.1725,2.4354,0.6166,10.4333,Latin America,Brazil
COMP_000736,Wright & Grimes and Sons,construction,50,2236,439214267.7,40217025.9,398459544.17,103850865.5,2.0193,1.4978,0.3525,10.6274,North America,Canada
COMP_000737,Li & Peck Ltd,transportation,10,1163,398520656.35,41138541.98,406537606.89,127054914.36,2.4407,1.5916,0.4546,5.1593,Latin America,Mexico
COMP_000738,FormCustomer and Sons,technology,49,2337,408483120.3,53369440.83,451476223.5,200193557.11,1.2791,0.675,0.7967,6.2242,Latin America,Mexico
COMP_000739,Jimenez & Robertson Group,manufacturing,4,6363,883878468.05,24903523.45,477137009.59,233427152.29,2.6044,1.4736,0.9578,3.2154,Latin America,Chile
COMP_000740,UntilFoot Group,construction,23,1336,191587492.57,31873502.93,141343403.37,71147325.51,2.6442,2.2674,1.0136,12.3091,Europe,France
COMP_000741,Johnson & Landry PLC,technology,10,2200,231877213.05,31661707.59,121993824.98,60969862.47,1.7205,1.4053,0.9991,9.0578,North America,Canada
COMP_000742,Bryant & Allen PLC,transportation,41,1274,308364095.42,54036296.91,477218895.39,147918428.58,3.84,2.5654,0.4492,7.2414,Latin America,Brazil
COMP_000743,HeadAnything Inc,professional_services,1,351,74887133.33,4183894.25,71614926.98,35558085.3,1.4975,1.2393,0.9862,4.2467,Latin America,Mexico
COMP_000744,Simpson-Khan,hospitality,28,360,101041357.63,10671431.69,61325580.39,16943129.46,1.5428,1.0358,0.3818,17.2522,Latin America,Mexico
COMP_000745,Pena Group,financial_services,45,6390,1168741348.78,141159098.58,619133997.26,318382925.31,3.8867,3.1964,1.0586,13.6587,Latin America,Brazil
COMP_000746,FeelingNot Inc,transportation,33,8604,900578827.54,103271570.47,1640538125.55,545920931.92,2.243,1.3215,0.4987,4.5398,Europe,Netherlands
COMP_000747,Jordan LLC,transportation,27,1469,390052309.16,64610993.57,265831936.43,130545612.41,2.172,1.9024,0.965,8.1645,Asia Pacific,Singapore
COMP_000748,"Diaz, Powell and Williams",retail,1,690,272689324.83,30639361.96,243074362.33,87830105.68,1.1545,0.7501,0.5658,6.0528,Asia Pacific,Singapore
COMP_000749,ApproachOver PLC,retail,36,1162,453423111.26,79741024.4,574687592.42,256436519.7,3.4097,2.7977,0.8058,6.1316,Latin America,Chile
COMP_000750,Lee & Tran Inc,hospitality,11,1194,125223361.19,9817442.7,192839154.42,117257663.22,2.2244,1.674,1.5514,2.3469,Asia Pacific,Australia
COMP_000751,Hughes & Cole PLC,healthcare,6,931,121313550.5,2604186.01,234509695.99,153991712.09,1.239,0.9258,1.9125,1.4847,Latin America,Brazil
COMP_000752,FarThat PLC,transportation,41,6520,940433802.38,115216569.79,906720110.13,287168235.48,3.608,2.2325,0.4635,7.9654,Latin America,Mexico
COMP_000753,Becker Inc,healthcare,10,5698,629569512.81,63943449.67,431927973.46,229674171.17,1.1817,0.8078,1.1356,5.4989,Asia Pacific,Singapore
COMP_000754,Hester Group,healthcare,32,2430,338231086.58,52683308.21,180961394.34,55473929.98,1.3279,1.0865,0.4421,19.731,North America,United States
COMP_000755,HourStudy LLC,energy,41,14046,1435757123.0,237898026.87,838239931.69,249408282.65,1.069,0.6109,0.4236,17.3856,North America,United States
COMP_000756,Grant LLC,transportation,40,7007,796084937.38,93618702.91,1568572791.87,638345658.45,1.7679,0.9699,0.6862,3.4463,Europe,Germany
COMP_000757,Gonzalez PLC,retail,2,1617,310796232.45,16337730.7,374615023.26,256863470.21,2.9537,1.793,2.1814,2.3574,Asia Pacific,Singapore
COMP_000758,Morales & Williams Inc,construction,33,670,269063240.53,46179303.87,142851115.86,45716615.11,1.6059,1.3464,0.4707,16.5199,North America,Canada
COMP_000759,Taylor LLC,transportation,28,8127,894953657.22,144737046.08,788084662.19,377544067.48,3.3735,2.5273,0.9196,7.3225,Asia Pacific,Singapore
COMP_000760,Brock & Stone and Sons,transportation,11,1003,790711239.11,109387805.96,408183572.23,160498170.42,1.9823,1.47,0.648,10.4074,Asia Pacific,Hong Kong
COMP_000761,Obrien & Robertson LLC,energy,28,11617,1559165053.34,229789486.89,1504090123.48,395944063.15,2.9189,1.8937,0.3573,9.2629,Asia Pacific,Japan
COMP_000762,"Flores, Long and Jensen",transportation,37,1964,318604847.12,47171789.27,172394402.66,72358238.36,2.1428,1.5872,0.7233,12.4076,Asia Pacific,Japan
COMP_000763,Wheeler-Romero,construction,21,820,128002124.21,19314181.39,160559471.68,41085742.65,2.4527,1.2722,0.3439,11.5999,Latin America,Brazil
COMP_000764,Hicks Group,retail,37,3375,372485253.7,10175521.19,707132619.09,346960137.79,2.6867,1.3483,0.9633,1.4049,Latin America,Brazil
COMP_000765,Erickson LLC,energy,42,2088,383647725.62,10181426.56,318422128.04,160978965.86,2.2271,1.3817,1.0225,2.3175,North America,Canada
COMP_000766,Wells Inc,construction,20,410,287095394.01,38082423.82,242915684.1,124269625.12,3.8061,2.0879,1.0474,7.3404,North America,United States
COMP_000767,Richardson Ltd,manufacturing,7,5096,1527292784.62,214142688.69,852244372.62,532723830.96,1.4342,0.7676,1.6673,7.1966,North America,United States
COMP_000768,Rodriguez & Butler LLC,healthcare,4,4515,877381808.58,110509197.39,1432312157.44,692579333.24,2.2769,1.8785,0.9363,4.5366,Europe,Switzerland
COMP_000769,StyleWay Ltd,energy,10,18687,3453713399.72,407173909.41,1885525953.8,1294101522.86,1.9656,1.3341,2.1881,9.7223,Latin America,Chile
COMP_000770,"Soto, Carlson and Baker",energy,50,13781,8221510181.49,1134690696.49,9802147922.71,3180011366.07,1.8872,1.0061,0.4802,7.3091,Europe,United Kingdom
COMP_000771,Rios & Stanton PLC,technology,14,414,56205236.74,1317629.83,68193421.96,39362075.89,1.4682,0.7955,1.3653,1.8641,Asia Pacific,Singapore
COMP_000772,Lane & Griffith PLC,hospitality,7,593,169444006.06,22113477.64,204598721.85,96608440.13,3.2544,2.7569,0.8946,5.2235,Europe,United Kingdom
COMP_000773,Jackson-Fuller,financial_services,37,4495,646168425.04,80866519.44,896292706.83,466415304.45,3.1708,1.8905,1.085,3.1957,North America,Canada
COMP_000774,Harvey Group,energy,17,17325,4003008541.08,161465120.17,3020098247.73,1147404276.09,1.5895,1.0471,0.6127,3.6637,Latin America,Mexico
COMP_000775,Hernandez Ltd,construction,47,2724,399661206.06,67451266.81,505326210.44,151913127.45,1.5452,0.9431,0.4298,8.362,North America,United States
COMP_000776,Allen & Armstrong Ltd,retail,8,347,76658878.82,1980221.02,138490435.32,58544082.47,1.0582,0.5719,0.7323,1.8666,Latin America,Mexico
COMP_000777,Rodriguez & Smith LLC,financial_services,32,4324,1153964462.21,64725911.25,687459979.34,241465227.95,1.8637,1.3764,0.5414,4.8569,Latin America,Chile
COMP_000778,Barnes Group,manufacturing,21,14138,1447282611.1,188588200.62,1929792021.07,668267102.4,2.3419,2.0724,0.5297,5.4293,North America,United States
COMP_000779,RockDemocrat Group,manufacturing,44,8809,1442872707.73,205754625.45,2803867915.6,988884865.53,2.3952,1.1985,0.5448,3.8137,North America,United States
COMP_000780,MoreStage PLC,retail,34,2239,321291521.18,32929440.93,196810867.74,96059861.0,1.326,1.0894,0.9534,8.3236,Asia Pacific,Singapore
COMP_000781,Knapp Ltd,energy,30,23851,6954787022.45,181627910.11,6759179299.26,3158228476.44,3.5893,2.9067,0.8771,1.9503,Latin America,Brazil
COMP_000782,Luna & Thornton PLC,manufacturing,27,8392,1090021642.26,171762800.06,732024694.72,208863189.35,2.4638,1.4727,0.3992,13.4542,Asia Pacific,Australia
COMP_000783,DespiteOption LLC,construction,41,1191,129640534.16,5294174.4,142323581.76,62708531.04,2.5985,2.2476,0.7876,2.2142,Europe,France
COMP_000784,RecognizeMean PLC,energy,26,28468,3489675135.36,404477995.4,1819529480.19,597531810.91,1.585,1.1599,0.489,11.5331,North America,Canada
COMP_000785,Bennett and Sons,financial_services,8,4930,916172606.84,128438093.25,733883016.52,438259604.57,2.045,1.1454,1.4825,4.7907,Europe,France
COMP_000786,MachineWhile PLC,financial_services,1,14823,4543168301.05,294312267.87,5500283973.68,4090132849.23,1.0876,0.7563,2.9005,3.3193,North America,United States
COMP_000787,Payne-Lowe,financial_services,33,8674,2921125055.88,373293070.9,1766815137.02,511690591.44,1.286,0.7822,0.4077,10.0211,North America,Canada
COMP_000788,TripSet Ltd,energy,16,24534,4038471596.8,567747896.65,2774500707.61,1145153740.26,3.6297,1.9573,0.7028,12.4338,Asia Pacific,Australia
COMP_000789,"Lara, Baker and Washington",professional_services,9,123,46469577.46,4956218.3,58140752.24,21009848.44,2.292,1.422,0.5658,7.9082,Latin America,Chile
COMP_000790,Bernard LLC,healthcare,9,1183,947546922.91,82138290.63,614811103.15,314510671.94,2.6189,1.684,1.0473,6.4606,Latin America,Mexico
COMP_000791,"Evans, David and Hendrix",construction,6,630,80908944.54,8802928.12,56865487.2,25852897.11,1.4539,1.0248,0.8336,10.381,Asia Pacific,Japan
COMP_000792,SpendFight Ltd,manufacturing,26,7470,1176597365.71,151230836.28,985250219.36,477017333.06,2.5215,2.1072,0.9386,10.1692,North America,Canada
COMP_000793,Vaughn Group,professional_services,31,389,50835923.55,6696742.93,28297655.94,7891131.25,2.712,1.9101,0.3867,13.9686,Europe,Switzerland
COMP_000794,Stewart & Bailey Ltd,manufacturing,15,1968,1226793928.51,184009869.66,840556413.61,273785344.3,2.6731,2.1055,0.4831,9.8705,Europe,United Kingdom
COMP_000795,Hill & Martinez Ltd,professional_services,8,12,2301963.29,193534.93,2643476.3,938699.81,0.9568,0.6719,0.5506,5.3325,Asia Pacific,Hong Kong
COMP_000796,Daniels & Huang Group,retail,35,1106,436317706.65,28187152.68,307452175.47,116992179.04,2.9223,1.6052,0.6143,7.2658,Europe,Germany
COMP_000797,Blevins-Ballard,transportation,31,4432,932797099.66,64592137.23,621324887.14,339808329.66,2.4499,1.8793,1.2071,4.9145,North America,Canada
COMP_000798,FillAnd LLC,manufacturing,2,10407,1134615035.34,54177534.86,1668086062.24,881909162.11,2.1395,1.0989,1.1218,2.0455,Latin America,Brazil
COMP_000799,Moses & Miller Group,manufacturing,30,2185,1396335139.52,225728988.13,1175836153.98,285632260.46,1.4928,1.0453,0.3209,11.7025,Latin America,Chile
COMP_000800,"Scott, Mendoza and Harris",energy,42,85324,9228868842.71,1256940752.03,9147124510.7,4288705674.25,3.29,2.0113,0.8827,5.2229,Latin America,Brazil
COMP_000801,Ryan PLC,construction,31,571,355083123.99,42081369.91,460810698.5,215069596.27,2.49,1.9012,0.8752,5.6335,Asia Pacific,Hong Kong
COMP_000802,Horton & Taylor PLC,manufacturing,15,2852,313552695.4,11226843.02,475562138.61,288344836.67,2.2639,1.8201,1.5402,1.6159,Europe,United Kingdom
COMP_000803,SitPeace and Sons,construction,49,2702,290262738.28,51039183.81,154102958.44,40038495.38,1.7564,0.9045,0.351,19.8627,Asia Pacific,Japan
COMP_000804,Williams PLC,healthcare,45,4674,608681471.15,57291231.93,869762445.82,386145517.25,2.6315,1.5218,0.7985,3.7911,Europe,Germany
COMP_000805,Perez and Sons,hospitality,13,505,85402003.59,2822819.88,159223794.06,102364493.02,1.2089,0.6205,1.8003,1.5468,Latin America,Chile
COMP_000806,Williams & Gutierrez Ltd,energy,12,48443,7377620144.47,834078579.44,3809543218.05,2162528626.56,2.3151,1.3336,1.313,10.6842,Asia Pacific,Singapore
COMP_000807,MarriageBlack Ltd,healthcare,29,5994,934695179.7,84769218.98,878326519.7,230716735.15,1.2635,1.0272,0.3563,9.0281,Europe,United Kingdom
COMP_000808,Townsend & Smith PLC,technology,15,2689,462858687.94,64545586.7,495118256.45,281293248.33,2.0322,1.307,1.3155,3.9799,Asia Pacific,Japan
COMP_000809,Russell Group,hospitality,40,117,90717034.91,9253802.81,82557881.68,21310453.3,3.0349,1.652,0.3479,9.2761,Asia Pacific,Japan
COMP_000810,Woods and Sons,financial_services,13,3129,575057848.75,38701268.79,349132716.06,116740387.54,2.3943,1.9,0.5023,5.4154,North America,United States
COMP_000811,Avila & Mitchell LLC,energy,5,13004,9849169929.68,1271914029.66,7049111633.77,4225733533.23,1.0506,0.757,1.4967,4.8005,North America,United States
COMP_000812,"Brown, Mack and Pearson",energy,28,54356,8397035960.14,827145358.49,5021211447.48,2613359474.75,1.6914,1.4757,1.0853,11.219,Europe,Switzerland
COMP_000813,EachNor Ltd,technology,36,263,63206677.92,6271305.96,58487487.22,21097191.1,1.3982,1.0913,0.5642,6.018,North America,Canada
COMP_000814,Sharp & Zuniga and Sons,construction,4,4082,460816731.9,20666096.75,722298884.31,245944390.46,1.8113,1.4509,0.5163,2.2083,North America,United States
COMP_000815,Butler and Sons,technology,5,1992,435078284.67,10715363.31,375769195.56,170727814.32,1.6029,1.1877,0.8327,2.0414,Europe,Switzerland
COMP_000816,WorldWide Inc,healthcare,5,4181,521243866.84,24640900.02,396241759.1,217048900.95,2.5988,1.6705,1.2113,2.3867,Asia Pacific,Singapore
COMP_000817,Osborn & Sanders Group,retail,34,505,296455167.0,48412505.01,303034524.22,125230270.44,1.3385,0.8549,0.7043,8.8291,Latin America,Mexico
COMP_000818,Lopez Ltd,hospitality,15,633,80401538.07,5274847.89,60477362.02,19001339.92,2.9336,2.3914,0.4581,9.6255,Latin America,Chile
COMP_000819,Mcdowell-Smith,technology,32,33,28326057.77,4375433.58,31284029.78,13396974.37,1.8992,1.6827,0.749,11.043,Latin America,Mexico
COMP_000820,OutPlayer Inc,construction,29,1570,170922634.61,5286436.39,211382207.84,63206783.81,2.2729,1.184,0.4266,2.8647,Asia Pacific,Japan
COMP_000821,WithoutGovernment LLC,financial_services,49,24015,4016238708.5,466644951.22,2455096230.31,857079503.05,3.4116,2.2982,0.5363,11.6889,North America,United States
COMP_000822,LookPut PLC,hospitality,30,17,1921772.58,173186.81,1217212.89,591667.65,1.7839,1.5772,0.9458,6.6819,Europe,Germany
COMP_000823,NeedMinute and Sons,financial_services,6,3547,1674160866.74,230795143.65,1010351218.38,456473007.27,2.2415,1.1553,0.8241,12.4738,Asia Pacific,Japan
COMP_000824,Rosales Group,financial_services,12,12412,1996861781.02,161352291.31,3797036827.77,1106480641.14,1.0401,0.6693,0.4112,3.3789,Latin America,Brazil
COMP_000825,Nelson Inc,financial_services,40,6250,2691604058.66,296146072.4,1394656909.61,531281502.94,1.7779,1.4484,0.6154,13.9681,Europe,Germany
COMP_000826,GiveCommercial Ltd,retail,8,526,460088096.97,46420212.87,592604365.07,309810706.49,1.9809,1.2419,1.0955,3.4893,Asia Pacific,Singapore
COMP_000827,Wong-Higgins,hospitality,46,114,69922852.88,2166095.2,82064713.78,22562241.59,2.4898,1.3576,0.3792,3.7159,Asia Pacific,Hong Kong
COMP_000828,Smith LLC,financial_services,10,4253,1741296477.46,40416010.52,1234567933.65,548289864.33,3.387,2.9093,0.7989,2.6895,Asia Pacific,Japan
COMP_000829,Gibbs PLC,financial_services,10,16271,3690131228.07,511243495.58,6855120094.19,3726547881.16,2.9643,2.0878,1.1911,2.9903,Asia Pacific,Australia
COMP_000830,Craig and Sons,manufacturing,25,6912,909913702.37,130088038.51,617385342.21,336880875.52,3.7817,3.3919,1.201,7.8261,Latin America,Chile
COMP_000831,Thompson Ltd,professional_services,31,116,22848179.88,2897945.48,17843114.85,6092006.87,1.5978,1.1665,0.5184,7.2276,Asia Pacific,Australia
COMP_000832,Prince & Wilcox PLC,retail,29,1835,227314879.03,31441407.45,124874945.33,44430751.7,2.0467,1.4373,0.5523,10.4055,Europe,Netherlands
COMP_000833,Miller-Caldwell,professional_services,9,29,14515273.53,1996377.58,16733926.15,11328540.37,2.5912,1.9858,2.0958,4.0419,Asia Pacific,Singapore
COMP_000834,Holden Group,construction,33,311,92311558.32,16374838.0,67676221.0,29942770.44,3.2498,2.7946,0.7935,8.2143,North America,Canada
COMP_000835,Boyle-Smith,healthcare,9,2098,500875933.88,65298719.9,286086025.0,90335678.24,1.3248,0.7011,0.4615,13.9788,Latin America,Mexico
COMP_000836,IdentifyEat Group,hospitality,16,645,84366164.45,10635603.59,124334024.88,72100563.09,3.4427,2.5359,1.3804,3.6226,North America,United States
COMP_000837,SomeExample LLC,transportation,27,8296,915697442.06,112090333.06,568386822.87,215657809.3,3.2069,2.5015,0.6114,8.8852,North America,United States
COMP_000838,Aguilar-Berry,transportation,25,1315,368769960.13,27284608.09,481999692.34,227123373.59,1.8388,1.488,0.8911,3.8842,North America,Canada
COMP_000839,Green & Ward and Sons,energy,49,24042,5826854085.27,302022551.11,8151785309.52,4079772070.3,3.141,2.8134,1.0019,2.834,Asia Pacific,Japan
COMP_000840,Brown & Wilson LLC,healthcare,19,1438,634102966.48,41602455.64,547407275.36,293626265.74,1.8435,1.5985,1.157,2.8849,Europe,France
COMP_000841,Sullivan PLC,hospitality,33,10,3605796.86,511153.79,6664748.61,3524407.15,3.7852,2.7099,1.1223,2.8761,North America,Canada
COMP_000842,Leblanc & Barron LLC,transportation,34,1188,666901998.3,29132865.3,564800682.37,301467143.41,3.0885,2.6798,1.1448,3.8401,Latin America,Mexico
COMP_000843,Vaughn Ltd,financial_services,47,4564,898399474.68,115282287.87,460090219.77,228740821.32,3.1686,1.8663,0.9887,15.81,Asia Pacific,Singapore
COMP_000844,Richardson-Walker,energy,3,30887,9612649658.82,631086007.19,5063147943.27,3565235948.21,1.566,1.3101,2.3801,3.9582,North America,United States
COMP_000845,Bernard Group,retail,44,78,76034038.42,4145817.93,63089723.4,24923109.12,1.5751,1.1005,0.653,5.6001,North America,United States
COMP_000846,Hernandez & Adkins PLC,transportation,36,2427,420477882.49,50183985.34,268678407.06,67819823.27,3.0076,2.2417,0.3376,12.9157,Asia Pacific,Hong Kong
COMP_000847,HourJust Ltd,financial_services,15,4213,435894843.71,64133464.42,290216629.67,129575895.06,2.6779,1.9794,0.8066,9.5756,Europe,United Kingdom
COMP_000848,"Durham, Todd and Pham",construction,29,4267,498452754.66,37265294.55,333719636.59,92461075.85,2.3691,1.4868,0.3832,12.3757,Europe,Netherlands
COMP_000849,Gill Ltd,professional_services,27,357,50468403.53,6621788.71,92867747.48,30250334.88,1.6552,1.391,0.4831,5.3638,Asia Pacific,Singapore
COMP_000850,Fischer & Marks Inc,construction,29,896,299715583.57,27073634.69,336362600.02,86607542.74,2.4285,1.427,0.3468,5.8754,Latin America,Mexico
COMP_000851,NeverLikely PLC,hospitality,14,26,14348219.0,1880321.2,21560919.4,13633359.86,2.5938,1.431,1.7197,3.6003,North America,Canada
COMP_000852,Padilla & Miller PLC,energy,50,23017,7512106680.47,1077972425.57,12621206968.86,3227859380.45,1.6419,1.1726,0.3436,5.3487,Latin America,Chile
COMP_000853,BrotherAssume PLC,energy,22,2952,2138560651.3,189240512.71,1608633678.57,514095514.63,1.079,0.9044,0.4697,6.4434,Latin America,Mexico
COMP_000854,Leach and Sons,financial_services,2,39334,4491290904.31,188259519.1,2707852192.69,1253061999.97,1.4414,0.792,0.8613,3.2331,Europe,France
COMP_000855,PageNot and Sons,healthcare,33,1773,209113942.28,28575338.16,127230844.25,47447130.97,1.0822,0.9005,0.5947,10.8578,Latin America,Brazil
COMP_000856,Murphy PLC,energy,28,3578,1947342820.6,202382429.05,3638886971.38,1192448402.19,1.6196,0.981,0.4874,3.691,Asia Pacific,Hong Kong
COMP_000857,Ramos Ltd,hospitality,18,41,8273383.9,794982.07,4444474.87,1916264.28,1.6995,0.8614,0.758,8.5208,Asia Pacific,Japan
COMP_000858,Love Group,construction,50,684,238673137.83,14370515.7,226287851.62,95088202.17,2.8785,1.822,0.7248,3.3345,North America,United States
COMP_000859,BenefitWay PLC,professional_services,16,266,56701692.76,1962684.08,51323381.68,28689810.36,2.4199,2.0227,1.2676,1.8292,Latin America,Mexico
COMP_000860,Griffin & Brown and Sons,manufacturing,3,1356,140760192.46,7479620.14,104423944.81,55071061.71,0.8488,0.6588,1.1159,3.1225,Latin America,Mexico
COMP_000861,Palmer & Bryant Inc,energy,30,60671,7766499786.12,1045242217.71,6107435302.69,3143917943.41,3.8793,2.066,1.0609,10.5107,Latin America,Brazil
COMP_000862,"Ford, Roman and Cummings",hospitality,48,706,91204478.11,3917279.69,114571089.36,59384456.73,1.3651,1.1661,1.0761,2.2551,Latin America,Brazil
COMP_000863,Foster & Velasquez Ltd,construction,1,601,264573183.32,12708418.09,229421436.44,113075761.48,2.8708,2.2124,0.9719,3.0485,Asia Pacific,Australia
COMP_000864,Lane Inc,professional_services,46,253,44355893.32,3633435.89,31530159.81,12330663.92,1.6424,1.0381,0.6422,5.5744,Europe,Germany
COMP_000865,Cooper-Brown,technology,21,372,200980767.38,17875884.47,277014783.86,72427001.21,3.8342,2.3953,0.354,7.3445,Latin America,Mexico
COMP_000866,AsWorry Inc,professional_services,11,424,56184212.97,1643611.14,38627447.42,24732016.16,1.8161,0.9183,1.7799,2.5905,Latin America,Chile
COMP_000867,Andersen Group,professional_services,50,53,15946404.47,1385899.84,18077280.62,7468184.47,2.9258,1.5536,0.7039,6.025,Asia Pacific,Australia
COMP_000868,Johnson & Ortiz and Sons,manufacturing,34,934,372036979.69,43015459.37,225602540.91,77979802.7,3.2479,2.3932,0.5282,13.6993,Latin America,Brazil
COMP_000869,"Good, Brewer and Fisher",retail,6,3563,431169239.26,55868251.83,303131061.65,116984339.13,2.0122,1.0063,0.6285,15.28,Europe,Switzerland
COMP_000870,Haney & Reyes Group,transportation,21,8472,946654307.51,67400932.96,577224315.2,183007425.36,2.1647,1.7525,0.4642,6.581,Asia Pacific,Japan
COMP_000871,Bennett Ltd,manufacturing,41,3112,752885539.4,115976272.59,480456414.49,244437175.12,2.643,1.8396,1.0357,7.906,Latin America,Chile
COMP_000872,Brandt PLC,energy,30,25789,2743909497.78,395771041.18,2692780764.74,1011691028.89,2.8045,2.3853,0.6018,6.0217,Asia Pacific,Australia
COMP_000873,CellReady LLC,retail,29,420,322711772.53,25918484.64,407293157.25,174150526.53,1.9794,1.711,0.747,2.9648,North America,Canada
COMP_000874,White PLC,transportation,26,2774,414646829.39,12792315.97,268684401.16,86240208.64,2.8283,2.5128,0.4727,3.2296,Latin America,Chile
COMP_000875,Long and Sons,manufacturing,31,105,60518847.76,8532553.3,41132272.36,17052944.39,1.3371,0.8662,0.7082,9.3358,Europe,Germany
COMP_000876,ShouldDog Inc,technology,29,673,78920146.09,9742423.1,132976771.78,36062256.29,2.5961,2.3192,0.3721,7.849,North America,Canada
COMP_000877,SomethingAgency LLC,manufacturing,38,3339,1434784735.41,196067844.5,1367262669.39,334343286.99,2.9405,1.96,0.3237,10.0763,Europe,Switzerland
COMP_000878,MajorReport Ltd,healthcare,12,2288,660629322.2,53344184.26,723352534.94,263513296.53,2.2562,1.2842,0.5731,4.1412,North America,Canada
COMP_000879,Stephens PLC,healthcare,22,123,31960512.54,3091711.54,18219855.05,4874730.87,3.7006,1.9808,0.3653,9.2291,North America,United States
COMP_000880,Morrow-Wright,manufacturing,1,1714,451724602.25,17882989.12,425435120.48,166924476.24,2.4293,1.4544,0.6457,2.5477,Europe,Germany
COMP_000881,Moore-Lopez,financial_services,12,3932,1163063234.97,68057635.05,863088315.24,385774053.33,3.1124,1.8958,0.8082,5.6064,Asia Pacific,Hong Kong
COMP_000882,Golden & Cannon Inc,energy,38,39344,6735332798.81,543700707.68,4060962393.59,1654329174.26,3.4124,2.644,0.6874,9.7111,Latin America,Brazil
COMP_000883,Pacheco & Barnes Inc,construction,23,82,14756716.19,1841302.4,9689072.96,3220458.73,2.0186,1.7913,0.4979,11.0268,Asia Pacific,Japan
COMP_000884,Allen Inc,financial_services,14,3666,529501824.1,46206141.61,967706224.8,308146434.12,2.7205,1.5631,0.4672,5.0884,Asia Pacific,Hong Kong
COMP_000885,Wheeler Group,energy,45,30086,8009165049.46,322926513.03,7713534424.5,4075273891.54,1.494,1.0312,1.1201,2.8531,Europe,France
COMP_000886,PieceRemember Ltd,hospitality,12,274,36530387.75,4474114.33,31532132.69,16547405.26,2.4849,1.9328,1.1043,5.0524,Europe,France
COMP_000887,Sanchez Inc,transportation,44,6290,656218646.77,56815334.54,1171414345.63,629373577.22,1.7101,1.4945,1.1611,2.0256,Latin America,Mexico
COMP_000888,Morales and Sons,professional_services,2,168,24199186.71,839993.35,32283786.02,15737390.19,2.1765,1.6956,0.9511,2.1303,Europe,Germany
COMP_000889,Fernandez & Webster Inc,healthcare,20,391,103944185.8,15351173.46,145949786.78,51192294.02,2.1725,1.4865,0.5402,5.6453,Europe,France
COMP_000890,Gordon LLC,retail,14,732,123099751.12,10203918.47,77606624.9,25821490.49,2.4463,1.9821,0.4986,13.9284,North America,Canada
COMP_000891,EastTeam Ltd,retail,31,2878,361688932.06,46396063.22,207031877.71,96475139.17,3.2223,1.7347,0.8726,14.308,Europe,Netherlands
COMP_000892,Johnston PLC,construction,39,1825,428569751.71,36617280.82,705481805.99,279553504.53,3.1576,2.3195,0.6563,4.2316,Europe,France
COMP_000893,"Barton, Cardenas and Young",professional_services,39,572,83106876.52,11739908.06,44397568.69,19827276.04,1.4349,0.8253,0.807,15.5719,Asia Pacific,Hong Kong
COMP_000894,UnderCharacter Ltd,manufacturing,19,6608,800395223.94,57085407.31,529043724.86,213550549.41,1.7659,1.5575,0.6769,7.8178,North America,Canada
COMP_000895,"Walker, Turner and Brown",healthcare,42,6455,669744710.89,106184521.72,392737196.48,95793250.87,1.9524,1.425,0.3226,23.5121,Latin America,Chile
COMP_000896,PerhapsUntil Ltd,construction,50,427,106467226.23,3460585.28,93599881.84,44690274.75,1.3716,1.1287,0.9137,2.0277,Latin America,Chile
COMP_000897,Garrett Group,healthcare,12,1671,296681991.61,45509624.73,228644756.15,99518357.23,2.6956,1.5099,0.7707,10.9334,Asia Pacific,Australia
COMP_000898,Peters Inc,construction,4,3174,448686230.17,31753034.15,801559389.06,580984456.2,1.9213,0.9991,2.634,1.8591,Latin America,Mexico
COMP_000899,Compton Ltd,hospitality,18,11,3587382.78,179915.17,3464972.1,893569.12,1.923,1.4507,0.3475,4.3105,North America,Canada
COMP_000900,RemainI PLC,hospitality,7,30,18016197.64,616223.78,25128368.26,13248251.82,3.0542,1.949,1.1152,1.9261,Latin America,Brazil
COMP_000901,Flores & Butler and Sons,technology,10,482,104735241.32,10391406.85,66049208.99,41280134.17,1.1758,0.829,1.6666,4.7336,Asia Pacific,Hong Kong
COMP_000902,Evans and Sons,financial_services,47,1032,142395697.33,17920738.83,78051211.68,39633863.74,2.2796,1.246,1.0317,12.3276,Asia Pacific,Australia
COMP_000903,SomebodyNote Group,energy,37,13179,1855282579.14,181400755.93,1130526359.32,429399464.47,3.176,2.5768,0.6124,10.7042,Latin America,Brazil
COMP_000904,EffectTime and Sons,technology,27,882,291937738.92,16439968.46,174491632.66,78574994.16,1.8258,1.2507,0.8192,4.0638,North America,United States
COMP_000905,FirstToward Ltd,retail,5,235,211869426.2,18969134.7,133063252.86,79585012.81,1.9494,1.3028,1.4882,5.0049,Latin America,Chile
COMP_000906,Thomas Group,energy,23,62044,8932083525.22,1360624976.51,12274944421.57,6301881791.04,2.4671,1.7588,1.0551,6.5639,Latin America,Brazil
COMP_000907,Melendez & Hart Group,transportation,36,1968,819269126.12,145544604.75,1311590280.69,628728490.11,2.5546,1.588,0.9207,4.4079,Latin America,Brazil
COMP_000908,Grant and Sons,professional_services,23,75,34510826.49,3869465.0,30728474.21,14896575.86,3.189,1.9566,0.9409,5.0611,Latin America,Chile
COMP_000909,Price & Scott LLC,healthcare,26,1230,263126316.26,15275966.53,132344230.0,55933754.29,1.5509,0.8741,0.732,5.059,Latin America,Chile
COMP_000910,"Miller, Cole and Watson",construction,39,1684,192947742.04,13024982.91,116531964.02,51470794.74,2.9397,2.2775,0.7911,5.1588,Latin America,Brazil
COMP_000911,Nichols and Sons,transportation,19,1515,594391993.09,89354732.03,506217125.82,277934798.71,1.5302,0.9416,1.2175,6.6104,Latin America,Chile
COMP_000912,ApproachExecutive Group,construction,38,1309,137691502.21,17333193.09,70201657.96,26065455.6,2.8602,2.1381,0.5906,19.0553,North America,Canada
COMP_000913,Nunez & Morrison Inc,professional_services,16,350,62602816.33,2919570.72,43527296.83,21976749.23,3.5886,1.8269,1.0198,3.3276,Latin America,Chile
COMP_000914,Ballard PLC,manufacturing,30,5112,824729187.86,67276486.94,455154763.92,134756541.23,3.7202,3.2312,0.4206,11.7383,North America,United States
COMP_000915,Ramsey PLC,retail,44,887,276919496.06,32706087.16,139536270.93,69065031.48,3.8222,2.6759,0.98,14.3595,Asia Pacific,Australia
COMP_000916,Robinson and Sons,technology,48,1627,218627138.04,6349439.45,144278956.32,74658598.62,3.8872,3.2842,1.0724,3.5041,Asia Pacific,Japan
COMP_000917,Booth LLC,transportation,31,2438,301521101.95,46171805.08,511330562.97,255528227.52,3.409,2.6933,0.9989,6.6072,Latin America,Mexico
COMP_000918,Turner Inc,manufacturing,17,5485,1897422080.85,256392519.03,1385264792.01,734629161.66,2.9974,1.9381,1.1291,6.4119,Europe,Netherlands
COMP_000919,DevelopmentWrite and Sons,energy,42,55799,7647877651.89,1011200126.42,6441060948.85,3007373368.79,3.1922,2.5626,0.8758,8.2112,Asia Pacific,Hong Kong
COMP_000920,"Wilson, Key and Mendoza",professional_services,3,96,14441260.99,1477570.36,20000750.32,9470840.82,1.3441,0.8715,0.8994,4.1576,Europe,Switzerland
COMP_000921,Sanchez & Munoz and Sons,transportation,44,5435,869783296.14,60885892.01,538365580.04,248954459.89,1.4591,0.9001,0.8602,6.0244,North America,United States
COMP_000922,IndustryWhole and Sons,professional_services,1,307,48999404.23,2158634.31,30978772.09,21866546.47,3.0363,2.0111,2.3997,2.4885,Asia Pacific,Australia
COMP_000923,Arnold & Rowe Group,hospitality,24,541,179015893.15,14851996.94,94761352.36,42403855.54,3.5304,2.446,0.8099,7.4142,North America,Canada
COMP_000924,ManNone Ltd,retail,10,3071,400327917.46,22490831.27,240145617.75,147859985.91,2.5645,1.6479,1.6022,4.0369,North America,United States
COMP_000925,Howard & Green PLC,technology,26,1070,213181538.73,25948183.27,110568905.67,44489973.32,1.8164,1.6069,0.6733,9.0786,North America,United States
COMP_000926,Andrade & Owens Ltd,retail,17,24,13189715.54,1859161.55,17040382.02,9885103.5,3.3716,1.9938,1.3815,3.7263,Asia Pacific,Singapore
COMP_000927,Harrison LLC,healthcare,9,2208,272333972.59,23468067.19,460570008.14,183700737.89,2.3704,1.7364,0.6635,3.4155,North America,Canada
COMP_000928,Wood Group,retail,31,2032,271733838.9,11456134.83,434718976.04,131792359.73,2.5912,1.5184,0.4351,2.6268,Latin America,Brazil
COMP_000929,AnswerOrder and Sons,retail,38,1766,317472153.47,47525414.66,223317180.88,86200748.93,1.0414,0.835,0.6287,10.1756,Europe,France
COMP_000930,"Thomas, Green and Donovan",financial_services,17,1372,1296859550.31,196251259.64,1484614256.91,523622248.66,2.5537,1.5923,0.5449,8.3982,Europe,Netherlands
COMP_000931,Riley & Butler and Sons,transportation,11,1185,147962513.33,6526365.92,90184931.25,50305755.89,1.1744,0.9921,1.2615,3.828,Europe,Germany
COMP_000932,Rivera Group,retail,20,1005,417795257.93,42731108.21,426311342.29,174671628.14,1.3343,0.8273,0.6941,5.0736,Europe,France
COMP_000933,"Whitaker, Porter and Pena",manufacturing,11,18499,1968960339.6,199460290.22,2676312425.54,1790530992.49,3.4467,2.6243,2.0214,2.7162,Asia Pacific,Australia
COMP_000934,"Morgan, Hines and Burns",financial_services,24,20696,2633194009.69,122753970.5,2631659102.36,929656586.18,3.1713,2.1561,0.5462,3.5331,Latin America,Brazil
COMP_000935,Cummings Ltd,technology,27,736,86667963.64,6860936.35,50740699.84,28008635.08,3.2338,1.6421,1.2321,4.6395,Asia Pacific,Singapore
COMP_000936,MilitaryMagazine and Sons,energy,28,8797,2759457898.87,406698605.45,2791482627.55,1170164739.76,1.6104,0.9437,0.7217,7.4449,North America,United States
COMP_000937,"Norton, Jackson and Cortez",transportation,47,278,28206769.78,3286051.49,14629550.96,7943064.93,3.2743,2.148,1.1879,6.3874,Europe,France
COMP_000938,White-Preston,technology,7,4478,457235104.47,11731372.54,450905342.48,246224880.22,1.9491,1.1961,1.203,2.0414,North America,Canada
COMP_000939,Mooney Inc,manufacturing,10,553,244324654.95,23620105.87,179501049.51,94190403.15,2.0288,1.2805,1.1041,5.4385,Asia Pacific,Japan
COMP_000940,Warren Inc,energy,24,37220,5786338931.37,955880886.86,4950833507.86,2589618966.37,1.5666,1.0768,1.0967,7.8925,Asia Pacific,Singapore
COMP_000941,Landry Ltd,manufacturing,8,3382,555369889.17,55176876.83,486741143.37,315078718.25,2.8625,2.3835,1.8355,6.5003,Asia Pacific,Japan
COMP_000942,Williams Inc,hospitality,21,911,111281422.5,16387463.7,89887031.98,38106793.75,2.8543,2.2657,0.7359,8.5704,North America,United States
COMP_000943,ItselfCertain Ltd,professional_services,30,108,65316328.64,7783414.51,32831769.06,15779288.07,3.2339,2.1744,0.9253,12.2312,Europe,France
COMP_000944,DuringAuthor Ltd,transportation,34,895,831444385.67,121269169.04,516685700.01,280829621.97,3.5837,2.3673,1.1907,10.712,Latin America,Brazil
COMP_000945,Hernandez & Robinson Group,construction,10,289,107178529.52,5750222.8,128459829.83,73198379.69,1.7463,1.1929,1.3246,2.3496,Asia Pacific,Australia
COMP_000946,Brooks & Williamson Ltd,retail,20,69,7475922.67,391196.56,13861326.66,5996616.03,3.4558,2.8054,0.7625,2.3263,Asia Pacific,Singapore
COMP_000947,"Durham, Hopkins and Smith",retail,20,596,70169043.77,3471478.0,35322855.07,11110918.23,3.6709,2.9695,0.4589,11.1125,Latin America,Brazil
COMP_000948,Patel Group,technology,29,4376,450109302.28,71718217.4,252688378.18,77511399.81,1.1808,0.7975,0.4425,24.2794,North America,United States
COMP_000949,Smith PLC,manufacturing,49,9273,1749041254.35,99176801.73,915228312.49,436568884.13,2.065,1.8547,0.9121,5.3599,North America,Canada
COMP_000950,Bowen PLC,transportation,2,2229,601438971.15,10580701.37,352725819.61,188264963.04,2.7671,1.7761,1.1447,1.8618,Latin America,Chile
COMP_000951,Madden & Smith Ltd,construction,31,1713,302255845.91,8001499.5,155293540.26,73528589.77,3.6064,1.8686,0.8993,2.3746,North America,United States
COMP_000952,Craig & Drake and Sons,transportation,49,1718,668386307.8,20106775.56,479368199.6,147235157.83,3.156,1.948,0.4433,3.3725,Latin America,Brazil
COMP_000953,Rodriguez Inc,manufacturing,24,450,358988844.46,57846053.8,540574725.5,157825974.46,2.463,1.533,0.4123,7.146,Asia Pacific,Singapore
COMP_000954,NeedChurch and Sons,energy,2,17391,9148398861.95,1041629313.48,16593201642.62,12488393385.49,2.8942,1.5009,3.0424,2.7468,Europe,Germany
COMP_000955,DarkPresident PLC,retail,6,1112,210547721.4,14447361.92,351212226.23,260772104.35,1.9857,1.3225,2.8834,1.7158,North America,Canada
COMP_000956,King & Gomez Group,manufacturing,21,2297,772445671.22,97632796.7,736803473.77,321507926.31,3.0887,2.1346,0.7742,5.6439,Europe,Germany
COMP_000957,Watson Group,manufacturing,15,7709,1042646233.51,121225370.48,645690197.71,341064219.13,1.7408,1.2986,1.1196,9.2656,Asia Pacific,Singapore
COMP_000958,Stevens & Sanchez Ltd,professional_services,34,34,5173113.69,541299.51,2610752.79,849414.37,3.6127,2.2802,0.4823,13.9332,North America,Canada
COMP_000959,Evans Inc,manufacturing,1,2269,340903903.82,10785840.23,618508353.03,450974533.31,1.1735,0.7381,2.6918,1.4016,Asia Pacific,Australia
COMP_000960,"Frey, Santos and Johnson",transportation,14,3013,740653280.26,63124679.73,828279486.42,362678393.31,2.9511,2.2493,0.7789,4.0584,Europe,France
COMP_000961,Gray-Tran,hospitality,30,53,17476934.92,2227727.2,11635628.18,4067350.27,2.5245,1.326,0.5374,12.4034,Europe,United Kingdom
COMP_000962,Brown & Smith and Sons,healthcare,8,5071,605136348.92,53190276.76,641326295.84,433084827.93,1.6525,1.1146,2.0797,2.3836,Europe,Netherlands
COMP_000963,Miller & Bruce Ltd,manufacturing,44,2917,498244728.27,29201977.18,948895048.78,450432834.89,2.0523,1.5194,0.9036,2.8687,North America,Canada
COMP_000964,Knight-Hodge,energy,11,13754,3923491359.72,132136552.47,5242132670.05,2844646163.52,2.5164,2.107,1.1865,1.5484,Latin America,Brazil
COMP_000965,Davis PLC,financial_services,25,4175,1450581746.49,238692113.31,740843664.66,389682462.44,2.3785,1.3187,1.1097,8.7647,Asia Pacific,Singapore
COMP_000966,Ellison & Hall Ltd,technology,49,806,178480685.52,15709616.95,249383596.41,125485137.4,3.2267,2.6549,1.0128,2.5114,Europe,Netherlands
COMP_000967,VeryOur Group,retail,23,1796,360084860.78,12604027.18,185130176.43,60794846.59,3.5929,1.9739,0.489,4.2729,Europe,Germany
COMP_000968,ExperienceAny Inc,energy,1,7164,3006361070.45,253370862.92,2347013560.47,1411591899.56,2.5351,1.8744,1.509,5.2891,North America,Canada
COMP_000969,Cohen LLC,financial_services,3,8570,2836359155.08,169761459.71,1544290071.7,607607002.56,1.9085,1.4009,0.6487,4.8618,Latin America,Mexico
COMP_000970,WayOf PLC,healthcare,47,3227,478670150.19,56539228.92,342256725.36,121848802.57,3.5264,2.7011,0.5528,7.6447,Latin America,Brazil
COMP_000971,Barrett & White LLC,financial_services,17,20834,3321719115.16,390924272.99,3344311587.4,1630153242.48,1.6977,1.0911,0.951,8.9103,Latin America,Brazil
COMP_000972,Smith and Sons,professional_services,28,601,93714559.06,11980285.93,142868845.17,69990735.29,3.0664,2.2209,0.9604,3.332,Latin America,Brazil
COMP_000973,"Thomas, Hoover and Nicholson",professional_services,7,500,73390923.67,2433294.06,44586192.1,20997294.28,2.5191,2.1703,0.8901,3.2257,North America,Canada
COMP_000974,WomanBall LLC,transportation,37,585,222790974.8,35355180.48,400764923.85,147313842.79,3.3429,2.6668,0.5812,5.8153,Europe,Switzerland
COMP_000975,Martin and Sons,healthcare,19,180,36027219.39,5938392.9,21157101.48,10263961.92,3.4293,2.0624,0.9422,9.0958,Europe,France
COMP_000976,Knight & Atkinson Ltd,energy,30,21352,2659527240.78,353877468.06,1831364213.48,889961630.14,1.4993,1.0846,0.9454,6.4934,Latin America,Mexico
COMP_000977,"Rivera, Campos and Taylor",transportation,6,2286,599127151.39,34939949.16,420556950.14,270678539.97,2.8773,1.7006,1.806,2.6475,North America,Canada
COMP_000978,Hinton & Ramsey PLC,manufacturing,49,128,112337368.83,9402709.21,125233880.18,58404917.39,2.0427,1.6798,0.8739,3.2545,Europe,France
COMP_000979,"Mccann, Brown and Kim",professional_services,20,90,49888441.6,8270382.67,32178981.84,13494426.36,3.2044,2.2921,0.7222,13.3607,Europe,United Kingdom
COMP_000980,Roberson & Peterson PLC,financial_services,10,11697,2988245816.1,337867367.03,2299992357.1,1055012694.44,3.2508,1.7601,0.8474,5.2419,Asia Pacific,Japan
COMP_000981,Friedman & Sanders LLC,transportation,3,2328,340901451.91,15235575.08,465383213.54,369821815.43,0.8966,0.5288,3.87,1.5238,Europe,Netherlands
COMP_000982,Walters Group,manufacturing,1,4129,1544115285.45,74176438.88,793120657.54,601784101.23,1.8911,1.2776,3.1452,3.3313,Europe,Netherlands
COMP_000983,Henry LLC,professional_services,25,65,11106526.19,1560463.31,7119025.5,3945457.77,3.3378,2.0208,1.2432,9.3129,Europe,France
COMP_000984,Tran & Bennett and Sons,manufacturing,21,609,159524185.65,25228969.02,80592856.53,25709646.22,2.5795,1.4226,0.4684,13.5273,Latin America,Chile
COMP_000985,Frazier Ltd,energy,46,46104,7295478124.23,974198314.11,3713203737.32,1866793909.43,1.6805,1.0212,1.011,8.2492,Latin America,Mexico
COMP_000986,James PLC,manufacturing,2,6103,996027719.25,77637863.94,744140558.67,278830386.48,1.6117,1.3651,0.5992,8.5189,North America,Canada
COMP_000987,Yates-Marquez,professional_services,32,213,68996038.44,6293093.11,41903453.22,11845023.94,2.1733,1.6619,0.3941,12.7577,Asia Pacific,Singapore
COMP_000988,Adams Group,manufacturing,50,5711,875306403.82,94690268.37,575109338.98,195897624.84,1.0594,0.788,0.5166,8.3111,North America,United States
COMP_000989,"Bowers, Moore and Price",manufacturing,47,901,500340046.15,27198764.33,254021893.1,123859790.96,3.8702,3.2289,0.9516,8.1484,North America,Canada
COMP_000990,HerselfBoth Inc,professional_services,45,603,82000680.61,14108107.46,75843920.59,28094388.71,3.0317,1.6838,0.5884,11.4854,Asia Pacific,Australia
COMP_000991,Smith LLC,transportation,6,7143,801421720.18,32436854.19,727149484.97,306790598.25,3.2356,2.437,0.7298,3.351,Asia Pacific,Japan
COMP_000992,Wallace & Juarez Inc,hospitality,4,1336,139244597.7,13325991.17,216475305.12,72903372.82,3.1453,1.5885,0.5078,4.8668,Asia Pacific,Japan
COMP_000993,Anderson & Lopez Group,professional_services,32,237,27578441.15,1443972.04,33324973.37,11679714.94,3.5342,3.0572,0.5396,3.0906,Latin America,Chile
COMP_000994,Hawkins & Hunt Inc,hospitality,10,233,118455902.71,14909688.11,101447284.43,55677622.07,3.2863,2.8107,1.2165,4.6911,Asia Pacific,Singapore
COMP_000995,Johnson LLC,professional_services,34,345,36416902.75,1824927.77,56062025.86,16920141.85,1.484,1.106,0.4323,3.283,Latin America,Mexico
COMP_000996,Spencer PLC,energy,16,7083,961241629.6,72713099.18,1118793440.31,617339140.52,1.5058,0.9964,1.2311,3.6248,Latin America,Chile
COMP_000997,"Mueller, Shields and Smith",hospitality,6,712,183545401.52,17942683.9,187132813.24,103261719.3,2.2511,1.6045,1.2312,4.5141,Europe,France
COMP_000998,JobImportant Inc,retail,19,384,70135678.2,11814181.95,61550665.28,23926315.25,1.2609,0.6425,0.6359,15.0458,Latin America,Mexico
COMP_000999,Hardy PLC,technology,34,2760,475168439.56,73022043.81,607540326.21,163148878.75,3.5914,2.87,0.3671,8.5119,Asia Pacific,Japan
COMP_001000,Stein and Sons,financial_services,25,9696,2235568807.06,119301768.06,1148636393.42,294946028.01,3.4006,2.8888,0.3455,7.0533,Europe,Switzerland
COMP_001001,Armstrong & Jackson Group,retail,7,875,94196198.56,7034003.64,120988016.02,49840344.04,1.6627,1.3062,0.7005,3.6055,North America,United States
COMP_001002,Jackson & Adams LLC,healthcare,19,763,544191442.64,13238506.89,632353483.98,324317143.01,3.3781,3.0192,1.0529,1.645,Asia Pacific,Hong Kong
COMP_001003,Thomas-Jackson,professional_services,16,630,87358110.67,9865246.76,98456308.09,57952030.64,2.8481,2.2331,1.4308,3.1905,Asia Pacific,Hong Kong
COMP_001004,Hill & Evans Inc,construction,25,2559,367451318.77,24759429.35,198449232.44,99492896.81,2.4363,1.803,1.0054,5.0161,Latin America,Brazil
COMP_001005,HerselfEnter and Sons,healthcare,41,4704,807528342.12,33789681.82,1093640202.7,539362366.43,1.2302,0.8793,0.9731,2.7288,Latin America,Mexico
COMP_001006,"Weber, Wheeler and Gonzalez",professional_services,17,657,66048944.99,2567885.37,97259375.77,52624116.19,3.4448,3.0317,1.179,1.8443,Europe,Switzerland
COMP_001007,Taylor Inc,transportation,7,5316,695353798.87,22539121.34,1248285948.65,602346743.43,1.0873,0.8453,0.9325,2.0957,Asia Pacific,Hong Kong
COMP_001008,IndividualGo PLC,professional_services,50,742,84994967.33,2584195.27,44724227.19,21707925.97,1.5805,0.9233,0.9432,3.6213,Europe,France
COMP_001009,Brock-Rivera,manufacturing,23,3508,506839337.63,48695869.91,273620492.12,70609686.37,2.1269,1.869,0.3478,13.3657,Europe,France
COMP_001010,Cook Ltd,technology,29,1388,245223056.86,8539581.44,282299031.02,115499292.78,2.6326,1.4673,0.6924,1.7681,North America,Canada
COMP_001011,Mccann and Sons,professional_services,47,178,22510339.46,1136924.71,11852532.35,4249359.08,1.4504,0.7854,0.5589,7.3712,North America,Canada
COMP_001012,Evans & Morrison Ltd,retail,49,2492,493858667.98,60257033.69,367056138.17,96776437.19,2.8957,2.5029,0.3581,9.1588,Asia Pacific,Hong Kong
COMP_001013,Harris & Edwards Group,transportation,40,3383,944618746.29,59517216.49,479454039.81,212754480.83,2.4103,2.0715,0.7977,6.4589,Europe,Germany
COMP_001014,FromFilm Ltd,construction,17,52,24516271.63,3763324.58,23301845.97,6179704.81,3.2278,1.7998,0.3609,12.5752,Europe,Netherlands
COMP_001015,Neal & Henry PLC,retail,26,2653,353376435.91,31697139.12,313669503.11,148900096.65,2.3095,1.5136,0.9037,5.3489,Latin America,Brazil
COMP_001016,Casey & Nguyen LLC,retail,14,3145,462773662.07,56295312.99,342141462.73,213792513.11,2.9094,2.3672,1.6657,6.4517,Latin America,Mexico
COMP_001017,Velasquez & Long Inc,construction,10,381,94384795.84,7657459.11,71816849.37,34538728.29,3.2088,2.8311,0.9265,3.981,Europe,Germany
COMP_001018,Frederick & Gonzalez PLC,construction,34,1767,286132889.12,26140607.39,149432343.04,37003531.63,1.6305,1.1853,0.3291,19.4868,Europe,Netherlands
COMP_001019,White PLC,manufacturing,27,14805,1831821712.2,134405426.11,2109062826.88,1004565644.91,3.2211,2.2376,0.9095,3.3162,North America,United States
COMP_001020,AgreementShort Group,technology,1,153,17939043.31,2053846.68,9942959.17,5075603.01,1.0129,0.8838,1.0428,9.5568,Europe,France
COMP_001021,"Clark, Salinas and Guerra",professional_services,21,331,69893316.59,8038987.34,40113663.97,15725677.31,3.0523,1.8799,0.6448,15.5993,Europe,Germany
COMP_001022,Jones Group,manufacturing,36,1127,601724524.67,66287242.32,499625331.31,277120670.6,3.0133,2.5958,1.2455,4.1008,Europe,Netherlands
COMP_001023,"Porter, Schultz and Allen",manufacturing,25,16730,1849548428.8,180809711.99,1521861177.34,738839541.02,2.7165,2.4315,0.9436,6.0621,Europe,Netherlands
COMP_001024,Hopkins & Espinoza Group,professional_services,23,964,97120295.39,15748464.05,49008008.65,25664368.21,1.237,0.6853,1.0994,14.5921,Europe,United Kingdom
COMP_001025,BackList PLC,energy,19,40492,9445451566.68,1253694928.43,4911466920.55,1342047746.4,2.7322,2.2396,0.376,31.4887,Latin America,Brazil
COMP_001026,Aguilar-Ferguson,retail,33,1200,238158679.9,16127713.1,185967408.26,99138484.8,2.4403,2.1043,1.1418,5.8856,Asia Pacific,Singapore
COMP_001027,Mclean & Kane Group,energy,3,32131,8627324377.34,411550343.55,4329584137.09,2777221203.51,2.352,1.4892,1.789,5.843,North America,United States
COMP_001028,Stephens & Gibbs LLC,transportation,25,6231,846103904.55,71571889.58,548373921.62,179039029.72,2.1129,1.3665,0.4848,8.3835,Latin America,Mexico
COMP_001029,Miles & Burnett PLC,energy,47,3892,3225049708.77,209008112.53,4085676404.79,1348784590.07,1.2783,0.8691,0.4928,3.559,Asia Pacific,Japan
COMP_001030,Little Inc,healthcare,16,7328,829770896.78,27577244.66,782741858.88,249076409.79,3.1784,2.5794,0.4667,2.3167,North America,Canada
COMP_001031,Rodriguez and Sons,manufacturing,38,774,83645193.08,10177588.68,46288920.29,17934371.8,3.5379,2.8815,0.6325,16.9288,Europe,Germany
COMP_001032,"Ortega, Jackson and Salazar",manufacturing,6,10000,1196577058.18,124806847.89,1877340270.83,959401166.11,2.5161,1.4696,1.0452,2.9303,Europe,Netherlands
COMP_001033,Hart & Newman Ltd,professional_services,46,78,23385879.31,1240062.47,25089581.27,11450156.96,3.5139,1.8431,0.8395,3.562,Europe,Germany
COMP_001034,InsteadSoldier LLC,healthcare,45,694,124964051.35,17847362.99,159739750.74,81716022.4,3.203,1.8932,1.0473,5.526,Asia Pacific,Hong Kong
COMP_001035,Rodriguez-Garcia,retail,28,62,40322694.41,2546304.31,39643265.62,12568763.46,1.06,0.9076,0.4642,4.0693,Europe,United Kingdom
COMP_001036,DoctorMrs Ltd,energy,47,43914,6978073319.99,233228287.54,4271918777.37,1613206094.74,2.9677,2.5506,0.6068,3.9554,North America,Canada
COMP_001037,Stone & Carpenter PLC,professional_services,44,131,34317558.89,5959250.68,25349029.38,11982173.29,1.9525,1.256,0.8964,7.9979,Asia Pacific,Hong Kong
COMP_001038,Griffin Group,retail,38,3200,362933852.22,18366724.37,236239392.22,87671832.54,3.5567,2.2398,0.5901,4.1789,Latin America,Mexico
COMP_001039,Barton-Chapman,transportation,10,320,74702777.39,2873873.8,45947524.36,21496037.66,0.9819,0.5457,0.8791,4.1127,Europe,Netherlands
COMP_001040,MonthCity LLC,manufacturing,10,2378,637427772.28,61882655.43,821571074.65,277640481.51,1.91,1.0695,0.5104,5.5645,Latin America,Brazil
COMP_001041,Webb LLC,retail,13,2592,270666663.6,23884842.09,170703658.45,75921125.9,3.4465,1.9436,0.801,4.8339,North America,United States
COMP_001042,Knapp-Miller,professional_services,19,566,79176954.9,3586929.34,61946816.49,25280988.95,1.6398,1.1416,0.6895,2.8753,Asia Pacific,Singapore
COMP_001043,TheoryYeah Ltd,professional_services,8,37,32215874.04,3027314.55,24887595.19,11296391.16,1.8159,1.4081,0.8312,8.3871,Latin America,Brazil
COMP_001044,ChangeHappen LLC,construction,16,1950,314816231.34,16652768.7,318220900.45,110158624.27,3.3705,2.1066,0.5295,3.1837,Asia Pacific,Singapore
COMP_001045,Cooper and Sons,retail,9,2690,443216918.62,63203341.97,265019646.82,142974967.94,3.1837,2.4936,1.1715,8.4358,Europe,Netherlands
COMP_001046,Boyd & Bailey Inc,energy,33,31169,6177838722.41,997063591.55,5740338721.8,1650196680.45,1.9599,1.3949,0.4035,12.5315,Asia Pacific,Japan
COMP_001047,LeftSeven Ltd,financial_services,46,2714,1172467779.02,54309884.69,661790820.73,171328908.47,1.7452,1.3146,0.3493,7.9674,Latin America,Chile
COMP_001048,Chavez & Jones Inc,energy,32,2225,292787776.49,52029674.04,208070508.72,85645827.5,3.397,2.5761,0.6996,8.8388,North America,Canada
COMP_001049,"Wilson, Sweeney and Wong",hospitality,33,1195,174149675.91,11853180.09,103287704.59,38769786.09,3.3812,1.7053,0.6009,7.9595,North America,United States
COMP_001050,Byrd & Martin Ltd,healthcare,24,133,26163063.8,2525535.17,14030634.63,4030113.44,2.83,2.0436,0.403,11.6017,North America,Canada
COMP_001051,Black PLC,professional_services,30,742,87532816.43,5989257.33,63442426.37,21779606.74,1.0885,0.5671,0.5228,6.9268,Europe,France
COMP_001052,Moore & Castro Group,hospitality,2,797,106258489.67,9082425.81,72309652.06,38434712.62,1.5641,1.3051,1.1346,8.3614,North America,United States
COMP_001053,EachSubject Group,transportation,5,1626,939677021.53,118824980.18,1323736441.24,496389802.07,1.2464,0.9791,0.6,7.864,Asia Pacific,Singapore
COMP_001054,ProfessionalCreate and Sons,healthcare,32,1944,799789319.59,69171651.39,1348204146.09,503194188.56,3.2986,2.5658,0.5955,3.2304,Europe,Netherlands
COMP_001055,Davidson & Reynolds Inc,retail,16,4785,498971187.05,15282721.24,327133533.56,89152808.74,2.7458,2.1388,0.3746,3.9952,Europe,Germany
COMP_001056,Mclaughlin & Ware Group,hospitality,21,114,70791651.27,5265499.99,43325612.51,19690804.65,1.0951,0.8829,0.8331,5.9644,Latin America,Chile
COMP_001057,Vargas Group,professional_services,3,223,76835234.75,3115509.94,55916413.58,19305783.84,2.4495,1.7946,0.5273,4.4933,Europe,Netherlands
COMP_001058,AboveSea and Sons,professional_services,19,83,40492125.9,2605676.69,38147903.98,14244491.81,3.388,2.7161,0.5959,5.1509,Asia Pacific,Hong Kong
COMP_001059,DescribeFamily Ltd,transportation,2,1358,485076864.1,31749902.82,248553149.74,163979638.83,2.5689,1.4947,1.9389,6.3885,North America,United States
COMP_001060,Stokes & Brown Inc,retail,38,349,314497720.68,47673516.17,301992952.84,77732266.55,2.8307,2.0572,0.3466,9.1644,North America,Canada
COMP_001061,Lloyd & Herrera LLC,energy,14,55699,8743087286.15,802115456.84,5533903720.75,2993557986.14,2.1869,1.4353,1.1784,5.1266,Latin America,Chile
COMP_001062,Nguyen & Ellis LLC,healthcare,40,7439,984163051.85,40087724.64,1966728698.53,491650667.14,1.1831,0.5968,0.3333,2.6653,Latin America,Mexico
COMP_001063,ReligiousTravel Group,healthcare,4,6991,769432046.8,45938858.09,523901381.93,403918120.72,2.578,1.6734,3.3665,3.6464,Asia Pacific,Japan
COMP_001064,Rose Ltd,manufacturing,17,2163,841355896.51,76156740.44,443199470.23,264257406.66,3.5291,1.9344,1.4768,5.8416,North America,Canada
COMP_001065,Harper-Carr,healthcare,47,673,424250217.27,25721968.42,235082347.37,100034272.13,2.6343,1.6017,0.7407,4.939,Europe,Germany
COMP_001066,Matthews & Bailey Group,technology,3,2756,369053568.49,26871506.34,211410017.78,112061148.16,3.0727,2.2452,1.128,8.2718,Asia Pacific,Singapore
COMP_001067,"Thompson, Nunez and Mcbride",financial_services,2,11497,1201497957.38,108254590.49,617805217.69,268908613.7,2.3868,1.9671,0.7707,5.8629,Latin America,Chile
COMP_001068,WhyPossible PLC,retail,46,221,57016108.34,8914994.48,99863259.14,35600366.53,2.7504,1.8772,0.554,5.5355,Asia Pacific,Australia
COMP_001069,Miller and Sons,construction,12,1742,180537968.03,17917424.6,170614213.83,113572578.09,2.9359,1.6413,1.991,3.635,Latin America,Mexico
COMP_001070,Edwards & Allen Inc,professional_services,17,161,29080279.67,4476131.5,29103384.45,11099507.82,2.2922,1.8371,0.6165,6.3832,North America,Canada
COMP_001071,White Ltd,professional_services,22,252,29982657.99,3246310.0,17152357.65,4991626.81,3.3244,1.8477,0.4105,10.0664,Latin America,Brazil
COMP_001072,ChanceMuch Group,hospitality,35,97,47487942.46,1450691.77,72420739.49,17474614.51,3.7127,2.8434,0.318,3.0619,Asia Pacific,Hong Kong
COMP_001073,Barnes & Taylor Group,hospitality,26,79,9376544.74,990227.64,5422973.11,1681679.44,2.0442,1.3557,0.4495,9.5559,Latin America,Brazil
COMP_001074,Henderson & Tucker PLC,technology,33,66,9919093.43,1475860.84,7981218.65,4254548.09,3.0275,1.885,1.1416,6.0383,Europe,Switzerland
COMP_001075,Steele Ltd,technology,2,3434,493873472.48,9974190.07,724565484.28,314585574.65,2.5826,1.365,0.7673,1.9234,Latin America,Mexico
COMP_001076,WordConsumer PLC,professional_services,20,236,43063426.81,3338899.36,40535094.66,13668908.78,2.8111,2.4395,0.5088,4.9924,Latin America,Brazil
COMP_001077,Burns and Sons,technology,17,1918,192778996.93,24412296.21,107591836.26,41962087.19,2.4922,1.3438,0.6394,10.0776,Asia Pacific,Hong Kong
COMP_001078,CultureForward Group,technology,32,1502,340143994.06,48440490.57,539702986.93,173077373.48,1.3033,0.7796,0.4721,4.9652,North America,Canada
COMP_001079,Harvey LLC,retail,39,701,110690436.16,19647999.44,200703140.37,68066532.26,3.2627,2.7467,0.5132,8.0344,North America,United States
COMP_001080,Washington and Sons,hospitality,29,1384,190042275.61,6609582.73,246216618.51,80738656.11,2.656,2.1793,0.4879,2.5314,Asia Pacific,Japan
COMP_001081,Ochoa PLC,manufacturing,29,8466,1574826578.69,109873694.8,2116363101.84,704519774.94,1.9878,1.0811,0.499,5.2673,Europe,Netherlands
COMP_001082,Wagner Group,construction,50,365,49258446.14,6903413.63,33264588.87,9863686.2,2.1174,1.3147,0.4215,18.1456,Latin America,Brazil
COMP_001083,Ortiz Group,healthcare,11,2822,420492871.91,16339774.32,261089004.02,173649145.75,2.3744,1.6033,1.9859,3.0264,North America,Canada
COMP_001084,Perry & Larsen Group,construction,31,2449,440163562.24,12866751.35,381279949.74,177163743.14,1.2314,0.6587,0.868,2.0488,Latin America,Mexico
COMP_001085,Jackson & Cunningham and Sons,manufacturing,8,18404,1890016724.36,41975074.43,3002093263.21,1169930569.99,1.3802,1.0544,0.6386,1.6491,Latin America,Brazil
COMP_001086,FinalAlone LLC,professional_services,27,268,47006450.37,1977682.31,83995039.95,25600270.78,1.899,1.5166,0.4384,2.5083,North America,United States
COMP_001087,Walker LLC,professional_services,34,326,61534433.23,1561852.74,33799413.22,9594293.78,3.6733,3.1011,0.3964,3.199,Latin America,Mexico
COMP_001088,Jackson Group,manufacturing,25,1924,342397552.72,37757231.68,237686171.3,122356490.45,1.2428,0.953,1.0609,5.0916,North America,Canada
COMP_001089,"Newton, Cannon and Dunn",professional_services,11,875,99121278.3,5269405.42,60806100.49,37893766.62,1.8591,1.0971,1.6539,4.0485,Latin America,Brazil
COMP_001090,Wilson & Wilson PLC,technology,13,1031,116604178.99,13264214.41,61494581.55,26376985.35,2.5503,2.1595,0.7511,8.3086,Latin America,Chile
COMP_001091,Weaver-Sherman,retail,39,2039,471480423.52,49654585.28,378486263.0,99927084.29,2.7555,1.8377,0.3587,9.6367,Europe,United Kingdom
COMP_001092,Wolf & Alexander and Sons,financial_services,30,17527,3251736778.47,407852435.39,1642276075.75,573605061.48,3.4319,2.5469,0.5367,10.502,Latin America,Chile
COMP_001093,Fritz & Garcia Ltd,transportation,22,3883,611659426.93,23361769.34,495466046.84,173200664.44,2.5186,1.8954,0.5374,4.0751,Asia Pacific,Singapore
COMP_001094,Potter & Evans Inc,energy,21,36198,5151250684.61,852665665.54,3818506449.37,1342297535.49,1.9162,1.591,0.5421,12.3316,Asia Pacific,Hong Kong
COMP_001095,Cole LLC,professional_services,9,133,23451646.27,2856549.81,15302885.97,5868750.86,2.6209,2.0575,0.6221,9.3255,Latin America,Chile
COMP_001096,Gonzales Inc,financial_services,41,6640,890874879.71,55711958.47,637615857.97,282273915.72,2.0049,1.714,0.7944,3.7504,Latin America,Mexico
COMP_001097,Clark Ltd,hospitality,22,419,44876755.6,2101534.81,31850625.71,10218044.53,3.8042,3.1394,0.4723,3.3984,Europe,France
COMP_001098,PerRisk LLC,hospitality,38,188,38101214.17,5795220.79,30079645.97,11266566.69,1.7999,1.6067,0.5989,9.3725,North America,Canada
COMP_001099,"Bishop, Patterson and Jensen",healthcare,9,6288,780686551.2,33314036.05,749217613.63,474202539.08,1.0441,0.8759,1.7243,2.6209,Asia Pacific,Australia
COMP_001100,StillDesign and Sons,retail,3,1157,176362379.07,20607702.38,130653218.66,45270606.1,1.6122,1.2087,0.5302,11.351,Europe,Germany
COMP_001101,Trujillo & Hudson PLC,hospitality,23,81,12510692.64,1941156.66,17195543.87,7173762.17,1.9458,1.144,0.7158,4.9799,Europe,Switzerland
COMP_001102,Campbell & Ryan LLC,healthcare,37,2414,969257116.99,135222177.93,492506509.11,160711439.37,2.4307,1.3084,0.4844,12.5309,Latin America,Chile
COMP_001103,"Carter, Armstrong and Farley",retail,18,2067,442125370.71,17417062.95,515203892.45,183234357.75,2.6355,1.95,0.552,2.812,North America,United States
COMP_001104,MyWe Ltd,transportation,10,7526,928474760.36,107787907.45,862323124.27,470846680.09,1.8818,1.3483,1.2027,6.4049,Latin America,Mexico
COMP_001105,Ochoa & Taylor Group,energy,2,80516,9949332835.33,709330828.31,6989557515.82,5150839742.04,2.1985,1.4272,2.8013,3.1534,Latin America,Brazil
COMP_001106,Sellers LLC,retail,21,449,88599834.11,7009081.17,97232884.02,45580715.78,3.6096,2.3526,0.8825,3.2655,Europe,United Kingdom
COMP_001107,TrialReality and Sons,construction,37,864,201139799.36,15658477.41,187725603.71,74547036.99,3.1112,2.687,0.6587,6.9951,Europe,France
COMP_001108,Miles and Sons,transportation,11,5968,760656090.95,32517000.97,427221976.24,233623563.99,2.4675,2.0334,1.2067,3.1169,Asia Pacific,Japan
COMP_001109,Wright & Dawson and Sons,manufacturing,6,12331,1395081029.93,128358356.83,1049535971.98,453576872.99,2.1316,1.2833,0.7611,8.4129,Latin America,Mexico
COMP_001110,"Long, Thomas and Chen",retail,27,466,78640161.36,5710010.38,61401075.43,19291051.48,1.3039,0.6791,0.4581,5.8321,Europe,France
COMP_001111,ProductJoin Group,manufacturing,16,9769,1633507918.73,40677078.19,841141510.56,400490425.5,1.2022,0.9727,0.9089,3.4507,North America,Canada
COMP_001112,Hayes Ltd,manufacturing,10,1011,456636737.95,40812115.96,585274092.3,359805057.77,1.7435,0.9915,1.5958,3.7259,North America,Canada
COMP_001113,Norton Inc,transportation,10,569,231579438.67,30116865.44,268377060.37,145886453.52,1.849,1.5037,1.191,4.8683,North America,United States
COMP_001114,InterestingMyself Ltd,healthcare,25,5117,539289550.78,24376461.17,579380513.28,237109028.13,2.4413,1.9572,0.6928,2.878,Latin America,Chile
COMP_001115,FallRun LLC,professional_services,37,98,59497523.52,8095442.09,36636068.8,17604437.19,2.5371,1.6823,0.925,9.3369,North America,United States
COMP_001116,Clements-Murphy,financial_services,8,22519,2904630177.11,274861058.39,2596620353.82,1216238268.33,1.8166,1.1369,0.8811,6.4654,Latin America,Chile
COMP_001117,Melton Ltd,professional_services,49,49,9602940.32,1352854.06,6516622.45,2193697.68,1.7392,0.881,0.5075,15.8885,Latin America,Mexico
COMP_001118,Simon Group,energy,14,45535,8780735583.17,760826349.37,7814127670.9,2304350466.35,3.4908,2.998,0.4182,5.2547,North America,Canada
COMP_001119,Reid & Terry Inc,construction,5,374,136472021.08,12008673.52,132219629.35,73451582.21,1.9884,1.737,1.2499,3.2182,Asia Pacific,Singapore
COMP_001120,"Sanders, Donaldson and Summers",technology,7,537,65627945.72,2404197.7,41890422.3,18109818.14,0.944,0.5546,0.7615,3.178,Latin America,Mexico
COMP_001121,Simpson & Morris LLC,energy,40,88821,8893043394.7,666453280.82,8453854677.87,4196423017.54,2.7149,2.3169,0.9857,3.3115,North America,United States
COMP_001122,Morgan PLC,construction,22,2174,478047491.62,60738867.5,412183748.13,194226722.35,1.8039,1.0046,0.8911,4.9656,Latin America,Mexico
COMP_001123,Anderson Group,technology,20,433,431201681.02,11163767.7,616519367.46,230504433.99,1.5939,1.3066,0.5971,1.6239,Asia Pacific,Australia
COMP_001124,StoryGun Ltd,manufacturing,3,13462,1620936988.7,75995620.08,1324298318.26,492819896.42,1.9126,1.707,0.5927,3.02,North America,Canada
COMP_001125,SoundAnything Inc,professional_services,47,377,65696577.07,11614857.15,36993591.64,20191616.4,1.7781,1.2863,1.2017,8.8513,Asia Pacific,Singapore
COMP_001126,BitProduce Group,professional_services,50,529,55310308.38,9063592.89,65900652.41,16284846.17,2.4225,1.5292,0.3282,11.0383,Latin America,Brazil
COMP_001127,Martinez and Sons,financial_services,7,2093,444063931.96,53066186.56,333250951.01,225298635.84,1.4163,1.2498,2.087,5.2872,North America,Canada
COMP_001128,Bryant-Braun,construction,37,964,207184340.47,15677483.42,333257850.07,97305477.57,2.4162,2.1054,0.4124,5.7616,North America,Canada
COMP_001129,Harris-Barker,manufacturing,27,2199,751650148.85,73522783.93,1376917777.59,743577027.12,1.3781,0.819,1.1741,2.3337,Latin America,Chile
COMP_001130,Khan LLC,retail,19,308,131357384.31,8001291.35,76961463.26,27417098.14,2.7185,2.0046,0.5534,4.8567,North America,United States
COMP_001131,ColdTwo LLC,transportation,6,5162,726185912.55,94513939.13,429598174.87,268614710.91,1.2362,0.6435,1.6686,7.3824,Asia Pacific,Singapore
COMP_001132,Pena LLC,professional_services,6,452,49839635.64,1158044.26,27096778.56,12643932.17,0.9654,0.7078,0.8748,2.1991,Europe,Germany
COMP_001133,Miller Ltd,healthcare,18,581,85640984.83,9650044.98,60176950.23,25801794.0,3.3401,2.0501,0.7506,12.2918,Asia Pacific,Australia
COMP_001134,"Martin, Sanders and Torres",transportation,39,1568,227981369.93,13430733.12,246321073.33,90125410.81,2.0086,1.1351,0.577,3.7596,Asia Pacific,Singapore
COMP_001135,"Fischer, Patterson and Davis",construction,16,799,343213088.01,47378470.78,193830763.96,96628878.48,1.5664,1.0722,0.9941,8.3393,North America,United States
COMP_001136,Davis and Sons,manufacturing,10,1463,161500410.39,18404597.26,174838320.25,75720952.76,1.7295,1.0303,0.764,5.4584,Asia Pacific,Australia
COMP_001137,MeBank and Sons,energy,11,82630,8519508794.79,615273143.35,8371924609.91,2621865564.84,3.0878,2.5365,0.456,5.8679,Latin America,Chile
COMP_001138,Wheeler & Stone Group,transportation,9,4413,500195061.74,61789358.1,309158968.96,183829908.38,2.552,2.254,1.4668,6.1213,Europe,United Kingdom
COMP_001139,Smith LLC,financial_services,27,18029,2408127020.86,92813424.83,1328049231.03,460910117.57,1.1602,0.6452,0.5315,4.6174,Asia Pacific,Australia
COMP_001140,TechnologyCamera Group,technology,50,691,296611484.55,7545535.8,284904393.41,99644786.79,2.7985,1.7767,0.5379,3.2581,Europe,Germany
COMP_001141,RuleCause Group,hospitality,26,1043,165111512.22,26876104.63,82951992.73,36166107.56,2.791,1.881,0.773,10.71,Latin America,Chile
COMP_001142,Jones & Reyes Ltd,hospitality,49,647,70214032.37,6684661.87,75765482.5,18618061.77,2.7255,2.4148,0.3258,11.9659,Latin America,Mexico
COMP_001143,Shaffer & Garcia LLC,energy,38,7058,6796260717.96,399432070.6,7576227619.25,3979672836.18,3.4772,2.8746,1.1065,2.6144,Latin America,Mexico
COMP_001144,UponFirm and Sons,technology,15,1562,283300250.03,44800316.29,241337684.58,99651434.84,2.1389,1.8896,0.7033,7.3209,Latin America,Brazil
COMP_001145,Reyes & Li and Sons,professional_services,43,203,27069312.88,865853.33,13648604.65,4207764.59,2.9313,1.8028,0.4457,6.6429,Latin America,Chile
COMP_001146,PutResearch and Sons,hospitality,42,1216,175847367.28,9713826.88,115111526.16,30561719.42,2.89,2.5392,0.3615,11.0935,Asia Pacific,Australia
COMP_001147,Jones PLC,construction,11,3935,399725880.7,56173307.09,495851694.45,177639693.38,1.1822,1.0317,0.5582,7.9707,North America,United States
COMP_001148,AcrossPoor Ltd,technology,16,691,329567465.49,10548472.12,199073174.97,105702611.96,1.7287,0.9881,1.1321,2.3973,Latin America,Chile
COMP_001149,CommunityLess LLC,healthcare,23,2094,851328820.45,125216851.89,826644998.13,300999479.63,1.5814,1.3884,0.5726,7.4422,North America,United States
COMP_001150,"Lewis, Goodman and Gillespie",manufacturing,34,14348,1735915459.91,262425283.31,1333049464.24,524129606.63,3.6847,2.7732,0.6479,17.0416,Latin America,Brazil
COMP_001151,"Parks, Heath and Miller",retail,11,2815,354764762.4,16181903.86,243617989.32,145488089.51,2.8484,1.5004,1.4826,2.2871,Latin America,Chile
COMP_001152,Garcia Inc,energy,42,39711,8378282617.22,683197382.27,4528909624.65,1139661313.85,1.5779,1.1493,0.3363,20.4939,Asia Pacific,Singapore
COMP_001153,Lawrence Group,energy,30,46304,6989841043.61,260687107.21,3961296705.21,1704496524.81,2.6456,1.4461,0.7553,5.155,Asia Pacific,Japan
COMP_001154,Bell & Jordan and Sons,energy,16,56865,6817400679.01,462462946.73,3933311994.34,1444685292.32,3.3344,1.7404,0.5805,8.2976,Europe,France
COMP_001155,Wright Ltd,financial_services,22,12231,3096870777.29,484842904.86,1570448844.58,866952869.82,2.0804,1.4549,1.2323,9.3183,North America,Canada
COMP_001156,Miller PLC,manufacturing,34,4389,1507906112.72,178013443.52,848399025.81,302038784.78,1.3121,0.7947,0.5528,13.7787,Europe,Switzerland
COMP_001157,"Greene, Lawson and Maxwell",retail,4,154,80985342.44,3987176.01,45956932.35,26769607.84,2.1103,1.7805,1.3952,3.1299,Asia Pacific,Singapore
COMP_001158,Vaughn Ltd,technology,20,3974,440554508.84,73721852.69,389782688.19,175607704.63,1.8095,0.9424,0.8199,13.7347,North America,United States
COMP_001159,Liu and Sons,transportation,24,6379,873125092.47,76253712.54,1322242862.5,384532319.62,3.7274,3.1982,0.4101,5.6129,Europe,Switzerland
COMP_001160,Holmes & Hicks Ltd,technology,31,96,15594394.23,905616.21,9982058.98,2936704.45,3.7779,3.1943,0.4168,6.7538,North America,Canada
COMP_001161,Myers & Lucas and Sons,transportation,36,2970,827558583.06,50575601.82,723020849.89,315412456.54,2.1509,1.7853,0.7738,4.4469,Latin America,Chile
COMP_001162,Simpson Inc,professional_services,8,35,13322551.81,1431130.69,15096394.34,8511142.77,0.8996,0.491,1.2925,3.923,Europe,Switzerland
COMP_001163,Allen & Little Inc,retail,9,1042,168889189.42,18609914.56,199565741.33,81422494.72,1.0243,0.5417,0.6892,5.7816,Asia Pacific,Japan
COMP_001164,NewsVisit Inc,healthcare,45,3283,744790715.01,19473706.01,1127735223.76,345117092.38,1.4529,1.1474,0.441,1.962,Asia Pacific,Hong Kong
COMP_001165,Peck-Anderson,transportation,43,1614,169152297.09,9378079.86,116449768.52,35653433.63,2.0501,1.7384,0.4413,4.6728,Latin America,Mexico
COMP_001166,Valencia & Carroll LLC,technology,17,3654,409165545.04,9514369.69,342290886.16,95541321.35,3.4584,1.8116,0.3872,2.7968,Latin America,Brazil
COMP_001167,OfficeResult and Sons,financial_services,18,11689,4162349548.01,207703988.78,2517174057.9,1034575183.16,3.1468,1.6556,0.6978,4.7293,Europe,Netherlands
COMP_001168,SourceMarket Inc,transportation,25,1746,512393056.42,33850612.39,419813502.74,159613670.09,1.4218,1.1551,0.6134,4.3601,Europe,United Kingdom
COMP_001169,AdultPeople Inc,hospitality,17,20,2270788.47,283949.25,2501644.85,1211929.53,3.2113,2.5644,0.9397,8.5811,North America,United States
COMP_001170,AddressEverybody and Sons,retail,49,1395,144944990.32,25133159.6,76405166.94,39262479.79,2.6828,2.3334,1.0571,9.4637,North America,United States
COMP_001171,AmongWin Inc,hospitality,27,824,123768456.76,13936373.52,246457048.24,74403934.68,1.3502,0.8406,0.4324,3.6466,Asia Pacific,Australia
COMP_001172,Fry Group,healthcare,25,2991,981280247.14,95782076.21,1235242193.12,393255286.31,1.171,0.743,0.4671,5.4431,Asia Pacific,Hong Kong
COMP_001173,Hunter & Fuller PLC,healthcare,7,4730,633654459.38,55674417.55,898171801.7,442036839.71,0.9907,0.6804,0.9691,3.3149,North America,Canada
COMP_001174,Wang & Henderson Group,retail,14,241,131382183.37,9679073.71,236757161.68,66364169.03,2.5319,1.3878,0.3895,4.3486,Latin America,Brazil
COMP_001175,Miller PLC,professional_services,8,439,63583567.46,1962829.02,72627506.48,40736954.52,2.7352,2.3941,1.2774,2.136,Asia Pacific,Australia
COMP_001176,Medina & Hernandez Inc,transportation,14,4236,544585525.92,72603820.48,297392316.06,93034553.97,2.3089,1.3662,0.4553,14.0758,Asia Pacific,Singapore
COMP_001177,Collins & Dixon and Sons,technology,48,3294,390142852.18,15298181.65,270780283.72,66838226.86,1.8272,1.0394,0.3277,7.1425,Europe,Germany
COMP_001178,Mccann and Sons,manufacturing,19,531,222891471.27,21017590.36,149341829.18,47790140.71,1.4083,0.7705,0.4706,6.6981,Asia Pacific,Hong Kong
COMP_001179,"Murphy, Willis and Hines",manufacturing,31,2528,1524445525.98,126500682.2,2013631728.59,505907739.24,1.5408,1.2899,0.3355,5.7351,Europe,Germany
COMP_001180,Santos & Day LLC,healthcare,28,1313,543560245.78,32485395.3,316225760.64,102825496.46,2.5279,1.8252,0.4818,6.1274,Asia Pacific,Hong Kong
COMP_001181,"Kim, Ashley and Allen",transportation,28,4481,963362083.82,48989912.09,548913303.47,209917759.88,1.943,1.4427,0.6192,4.1776,North America,United States
COMP_001182,Sanchez & Middleton Inc,hospitality,30,314,69032561.04,11642384.28,38095608.38,10549100.85,3.0263,2.6036,0.383,27.6822,North America,Canada
COMP_001183,Chavez PLC,technology,34,1852,316678324.67,16482360.94,174603608.42,86544325.97,1.7278,0.899,0.9828,3.6294,North America,United States
COMP_001184,Brown & Wade Ltd,energy,34,76695,9323679649.82,1005655528.73,10482082594.3,3629570734.5,1.4295,0.8167,0.5297,6.5321,Europe,Germany
COMP_001185,Yang Inc,healthcare,34,135,106997179.35,5035315.77,91959780.86,34492198.37,2.8528,1.5179,0.6002,3.131,Asia Pacific,Singapore
COMP_001186,Zimmerman Ltd,technology,50,3370,468677015.13,59860184.45,873890663.21,436133657.12,1.1268,0.7088,0.9963,3.1452,North America,United States
COMP_001187,Smith Group,healthcare,29,3041,689446293.69,100831072.6,526879270.81,189093091.84,3.2922,2.6317,0.5598,9.939,Asia Pacific,Singapore
COMP_001188,Benton PLC,hospitality,42,82,14499574.76,1003637.95,15454560.01,4496779.71,2.6009,1.4544,0.4104,4.536,Asia Pacific,Hong Kong
COMP_001189,Holmes Ltd,manufacturing,12,3892,608917498.22,80531208.26,652319028.21,343586546.98,1.0542,0.6871,1.1129,8.294,North America,United States
COMP_001190,EventCompare LLC,financial_services,16,16715,3543778722.34,274365087.55,2435583610.69,719029026.92,2.9668,1.8098,0.4189,11.127,North America,United States
COMP_001191,Martinez & Norman LLC,hospitality,15,21,14402769.69,2357235.9,13660337.91,3929249.33,1.8158,1.0315,0.4038,11.2874,North America,Canada
COMP_001192,SignificantVarious Inc,retail,27,461,291920889.17,34425644.47,205388148.86,79527845.85,2.0555,1.8489,0.6319,7.4199,Europe,Germany
COMP_001193,Rogers Group,technology,8,1028,173595645.42,22078478.46,197442183.6,105017036.01,3.0895,2.6758,1.1362,4.046,Asia Pacific,Australia
COMP_001194,ExpertNeed Inc,transportation,16,4541,624706362.59,60896740.87,585406896.34,311949398.32,2.4333,1.2791,1.1408,5.361,North America,United States
COMP_001195,Joseph-Ray,manufacturing,34,757,101026647.29,11430315.19,67161132.18,31819370.69,2.2059,1.2429,0.9003,9.4933,Europe,France
COMP_001196,BallModel Group,retail,7,1827,436025329.46,24692677.41,261493509.91,92265199.93,3.0073,2.4925,0.5452,7.196,Latin America,Brazil
COMP_001197,MuchHere Inc,financial_services,3,25450,4867709956.2,185268253.57,2892301337.11,1940250028.97,1.6844,1.2084,2.038,3.3034,North America,United States
COMP_001198,Porter & Bradley LLC,construction,18,1537,484594538.37,74314072.28,381729741.8,219323010.94,2.4978,2.1644,1.3505,11.7767,North America,Canada
COMP_001199,Moore & Ayala PLC,financial_services,22,11812,3750762640.4,514518997.44,5347683867.91,2327474997.76,3.034,2.3345,0.7706,5.6197,North America,Canada
COMP_001200,"Sharp, Perez and Hicks",retail,49,120,66782947.59,10186687.53,84375876.73,34458096.36,2.7192,2.3205,0.6903,9.2784,Europe,United Kingdom
COMP_001201,Trevino Inc,hospitality,30,448,151894375.99,20735901.62,90356328.8,37425675.7,2.7745,1.6077,0.7071,10.3383,Europe,Netherlands
COMP_001202,Sanchez Group,energy,15,2923,294639818.77,8134178.59,265448358.49,74992529.65,1.1871,0.6334,0.3938,2.7114,Latin America,Mexico
COMP_001203,HimselfIdentify and Sons,transportation,33,200,31902316.01,5037600.27,19121846.87,8996667.23,2.54,1.2785,0.8885,8.2925,North America,United States
COMP_001204,White Inc,construction,8,1249,165187058.48,14504680.19,94048916.02,49839324.56,0.9283,0.7198,1.1273,7.2876,Latin America,Mexico
COMP_001205,OnSuggest Ltd,construction,1,2181,246878379.25,27268009.16,162400634.04,87519550.7,2.1736,1.3874,1.1688,5.0242,North America,United States
COMP_001206,Yang & Barnes LLC,healthcare,35,6430,771555380.72,53692526.92,910901156.83,373072619.21,2.0208,1.0317,0.6937,5.0922,Europe,Germany
COMP_001207,Butler Ltd,retail,39,742,342281097.55,40357157.59,474189475.2,150244831.49,1.8266,1.16,0.4638,8.8403,North America,Canada
COMP_001208,Flores & Mckenzie PLC,technology,24,457,223505450.48,27346911.36,134074229.96,46657480.73,2.4482,1.6114,0.5337,12.4382,North America,United States
COMP_001209,Watson PLC,construction,50,252,140445199.81,21917845.24,73598264.29,39892566.24,3.542,1.8495,1.1836,8.3445,Latin America,Chile
COMP_001210,"Winters, White and Brock",construction,10,732,498576627.58,54363824.45,818655137.34,553512137.05,1.4585,1.2851,2.0876,2.3379,Asia Pacific,Singapore
COMP_001211,AnyInstitution Inc,hospitality,36,727,85810079.14,4514554.76,63185674.06,24978785.57,3.4637,2.3199,0.6538,4.2734,Europe,Switzerland
COMP_001212,Wiley & Cline LLC,technology,8,2084,226242125.14,11179549.7,122654989.03,38521387.74,2.1965,1.4914,0.4579,8.229,Latin America,Chile
COMP_001213,Murphy PLC,construction,3,478,85993791.49,3516906.3,58590716.3,36456075.07,1.1214,0.6067,1.647,3.0644,North America,United States
COMP_001214,Smith-Gonzalez,financial_services,19,24470,3976099648.26,443991253.32,2089997397.39,1004047516.06,2.3089,1.3902,0.9246,7.2454,Latin America,Chile
COMP_001215,OrganizationStill LLC,financial_services,36,20194,3471474306.65,430854722.08,2117731474.28,1013813294.77,2.9731,2.3917,0.9184,6.6808,Asia Pacific,Australia
COMP_001216,Stevenson and Sons,professional_services,25,202,22466576.47,2770964.93,16603268.36,4765440.08,2.6569,1.6413,0.4026,9.6293,Europe,Germany
COMP_001217,Marshall PLC,manufacturing,50,1147,173938280.78,26074057.36,208423673.19,102079453.28,3.2601,2.1906,0.9599,5.5734,North America,Canada
COMP_001218,Bonilla & Cuevas and Sons,hospitality,31,826,136419361.11,6572702.19,93414935.56,36086010.15,2.2346,1.9143,0.6295,3.8027,Europe,France
COMP_001219,SignificantWear PLC,hospitality,39,1109,131247731.64,7662503.27,87195058.29,37735233.81,2.0748,1.2398,0.7629,3.4754,North America,Canada
COMP_001220,SoonStyle and Sons,construction,43,885,140263465.86,5944032.36,196534298.18,90886455.92,2.7846,1.7725,0.8603,2.2777,Europe,Netherlands
COMP_001221,Smith Group,hospitality,44,1152,190221848.89,8915986.0,127547717.4,34427573.51,2.6148,1.9066,0.3697,6.5348,Europe,United Kingdom
COMP_001222,AgentEarly PLC,healthcare,44,1334,155302602.32,23850723.38,85170571.61,41331329.83,3.3487,2.0945,0.9428,13.4887,North America,Canada
COMP_001223,Reed Ltd,construction,35,1701,219005726.52,10345067.96,158537035.1,77271957.98,3.4703,2.1126,0.9509,2.9281,Europe,Netherlands
COMP_001224,Wiley LLC,technology,43,1329,471864344.16,74056470.91,409827800.36,149593439.6,3.5718,1.8753,0.5748,16.2461,Latin America,Chile
COMP_001225,Smith Ltd,retail,40,767,211024203.83,16087470.94,107982811.2,55440958.71,1.177,0.6197,1.0552,6.1906,Asia Pacific,Japan
COMP_001226,Bennett & Rojas LLC,energy,4,48471,6403333179.26,444640166.06,3856311107.67,2786487596.8,2.0649,1.7525,2.6046,3.1166,Europe,United Kingdom
COMP_001227,Harris and Sons,financial_services,18,15686,1993996045.83,51317761.31,1604305192.39,642918088.45,1.8025,1.0183,0.6687,2.1942,Europe,Netherlands
COMP_001228,Barnes Inc,manufacturing,39,5466,555688252.67,25229427.48,1050065832.9,520384736.85,3.1732,2.2112,0.9824,1.781,Latin America,Brazil
COMP_001229,Kaufman & Thomas LLC,financial_services,2,20767,4920048463.32,296102569.98,3825936987.0,2278577772.21,0.9762,0.5643,1.4726,4.1308,Europe,France
COMP_001230,Davis & Morse PLC,retail,23,351,205848335.14,34349463.74,186800570.54,72759138.32,3.6917,2.5314,0.638,12.9288,Europe,United Kingdom
COMP_001231,Gutierrez & Huang Group,technology,25,935,447155502.64,18587683.8,275086871.58,86969086.89,2.508,1.9258,0.4623,6.835,Asia Pacific,Hong Kong
COMP_001232,SmallBecome PLC,transportation,5,2085,237655059.83,29063755.46,180344582.77,83882454.78,2.2614,1.7874,0.8696,10.0463,North America,United States
COMP_001233,Davis and Sons,hospitality,3,227,43407836.1,5468961.26,67637223.41,31625721.79,3.1233,1.8571,0.8782,5.197,North America,Canada
COMP_001234,Walsh & Foster PLC,manufacturing,30,419,71956824.94,10043947.17,57589073.33,23282401.52,3.6574,1.9387,0.6787,7.0725,Latin America,Chile
COMP_001235,Bradley & Graham and Sons,healthcare,41,5110,653408491.25,35393910.56,510819893.83,281756548.03,1.5308,1.0998,1.23,2.8791,Latin America,Brazil
COMP_001236,Carter LLC,hospitality,16,89,74336742.4,11153427.58,41948056.33,13691016.95,2.8512,1.7888,0.4845,26.7882,Latin America,Chile
COMP_001237,Howe Group,construction,44,1855,432857333.67,72992059.26,637969277.42,250761990.91,1.2147,1.0257,0.6476,6.4696,Europe,United Kingdom
COMP_001238,SchoolTheory Ltd,construction,35,2119,239238903.81,11102168.04,160739316.8,47370018.95,1.6804,1.075,0.4178,4.5141,Latin America,Chile
COMP_001239,Nguyen & Chavez and Sons,technology,50,4761,484128520.53,36923494.14,244101278.11,131780224.05,3.0041,1.9886,1.1732,8.2975,Europe,United Kingdom
COMP_001240,BadYet and Sons,energy,37,12287,1895978881.25,163200456.88,1599862582.36,688156528.93,1.1528,0.8487,0.7548,4.3631,Latin America,Chile
COMP_001241,CenturyState PLC,hospitality,2,851,173856010.42,21015208.65,251851672.4,194989586.03,2.7521,2.2549,3.4292,2.4661,Europe,Switzerland
COMP_001242,Moore and Sons,hospitality,19,640,155542773.71,19141102.81,164212208.9,73014663.58,3.42,2.5441,0.8006,5.3716,North America,Canada
COMP_001243,Owens-Russell,technology,45,3627,385690000.48,48656308.63,605005283.9,324021346.87,1.7129,1.2292,1.1532,3.8579,Europe,United Kingdom
COMP_001244,"Howard, Townsend and Hayes",financial_services,25,9926,4225468308.3,615729650.15,2172158482.94,565443152.36,2.8356,2.5218,0.3519,20.9039,Latin America,Chile
COMP_001245,Ford & Phelps Inc,hospitality,32,699,152443774.2,20746408.6,208577656.74,105729722.57,1.9555,1.429,1.028,4.6874,Asia Pacific,Japan
COMP_001246,Moore Ltd,retail,24,1921,313857720.17,10072332.99,347191268.29,86647580.95,3.5989,2.3182,0.3326,2.4105,Asia Pacific,Hong Kong
COMP_001247,Torres & Bush PLC,healthcare,11,859,135588653.29,7792900.07,103293430.99,61885635.49,1.8102,1.1763,1.4945,4.1324,Latin America,Mexico
COMP_001248,Williams & Huff LLC,manufacturing,23,633,74727097.19,11427945.76,52733111.53,15789371.67,1.7453,1.5371,0.4274,12.3737,Asia Pacific,Hong Kong
COMP_001249,ChooseBenefit Ltd,retail,35,2670,460582228.21,80064875.49,244255600.44,131666377.4,2.0129,1.1389,1.1694,18.9675,Asia Pacific,Australia
COMP_001250,EnergyHeart Group,transportation,12,3578,620483811.38,89577113.52,611298434.26,215414760.49,2.4379,1.6125,0.5441,8.1413,Europe,France
COMP_001251,MustAppear Ltd,healthcare,15,7613,797554604.52,115680812.09,417705817.29,128751896.96,2.8951,1.8751,0.4456,29.7793,Asia Pacific,Hong Kong
COMP_001252,Evans and Sons,technology,40,2252,241279653.4,17852006.7,195899118.99,89649897.8,3.3991,2.0044,0.8438,6.0661,North America,United States
COMP_001253,Johnson Group,transportation,39,574,126135107.07,12555848.99,221159777.35,89988504.53,3.0554,2.239,0.686,4.0258,Asia Pacific,Australia
COMP_001254,Bond PLC,energy,19,9782,1295598632.42,120742032.64,1308484924.13,462558966.51,1.3311,1.0537,0.5468,6.5582,Latin America,Mexico
COMP_001255,Adkins and Sons,retail,28,3280,343411513.04,32206158.56,351863141.45,86255084.29,2.8154,2.4806,0.3247,11.1067,North America,Canada
COMP_001256,Davis Inc,technology,50,1686,215722641.55,17085682.61,182052187.44,79562268.27,3.7512,2.0587,0.7763,4.5931,North America,United States
COMP_001257,SummerStudent and Sons,financial_services,24,4795,1010618386.23,44714849.9,571922984.16,233670910.48,3.4895,2.2309,0.6908,5.8721,Asia Pacific,Hong Kong
COMP_001258,CampaignActually Inc,professional_services,33,290,49413657.4,4388919.91,30288462.37,12492560.14,1.8395,1.5544,0.702,10.6006,Asia Pacific,Singapore
COMP_001259,Anderson Group,professional_services,28,57,6888789.24,1201869.99,4064413.42,1388178.98,3.0783,2.2947,0.5187,23.1148,North America,United States
COMP_001260,Watson & Mccoy Ltd,energy,2,56222,5840615449.05,184942386.54,3287672757.82,2490331097.34,0.9212,0.7559,3.1233,2.4191,Europe,United Kingdom
COMP_001261,BecomePass PLC,healthcare,21,969,272648437.41,43482974.75,451506463.27,109166273.87,2.0122,1.0333,0.3189,10.9605,Europe,United Kingdom
COMP_001262,Lowery-Jones,hospitality,34,805,159714261.03,19203681.25,148056517.55,64906189.6,3.0899,1.723,0.7806,4.8618,Europe,Netherlands
COMP_001263,Osborn and Sons,financial_services,42,14881,1558706175.03,137901220.81,961956376.19,270805821.95,3.4595,3.0925,0.3918,8.9798,Asia Pacific,Australia
COMP_001264,Orr Group,hospitality,14,209,91588809.67,12334816.41,120620965.03,57410539.32,3.1411,2.4966,0.9082,6.2616,Europe,Switzerland
COMP_001265,Lamb & Davis LLC,financial_services,40,82,67986494.14,2613824.9,63793087.72,15475995.9,1.297,0.7755,0.3203,4.781,Latin America,Mexico
COMP_001266,Williams Group,transportation,26,437,81722418.92,8573848.98,129586926.59,50011325.91,3.2906,2.8297,0.6285,4.1029,Asia Pacific,Singapore
COMP_001267,Williams & Glass Group,manufacturing,37,3585,791062177.25,135250657.49,800547578.78,350604363.14,2.5013,2.0265,0.7792,7.0575,Europe,United Kingdom
COMP_001268,Underwood & Foster Inc,transportation,8,1907,485139446.37,48391909.57,635562055.33,319167418.82,1.4259,0.9656,1.0088,3.1891,Europe,United Kingdom
COMP_001269,Reyes & Simmons LLC,manufacturing,37,8143,1204040890.76,208311207.19,645784520.72,199231963.31,2.2181,1.261,0.4462,30.8098,Asia Pacific,Japan
COMP_001270,DifficultWhen and Sons,hospitality,36,354,59040853.16,2742104.08,31999424.56,11008851.76,2.0802,1.8423,0.5245,4.7279,Europe,France
COMP_001271,FaceFar Group,financial_services,27,21352,3477959611.77,149748495.59,2191283658.06,850587909.8,3.1669,2.2081,0.6344,5.5807,Europe,United Kingdom
COMP_001272,Stephenson & Johnson PLC,financial_services,37,11534,4302010761.97,647362708.65,2587836852.52,1127230960.51,3.1136,1.7815,0.7718,12.1021,Latin America,Brazil
COMP_001273,PracticeElse Ltd,transportation,5,5764,782052479.0,28908163.14,784669673.95,489129357.82,2.2693,1.8243,1.655,1.87,Europe,Netherlands
COMP_001274,Phillips Group,manufacturing,38,406,88841462.44,15315629.46,46302790.69,18801821.03,1.4137,0.7227,0.6837,13.9644,Europe,France
COMP_001275,UsOil Group,hospitality,13,691,96620882.5,4355292.58,52941289.42,20210715.73,2.413,1.792,0.6175,3.9531,Latin America,Mexico
COMP_001276,AskBegin LLC,hospitality,23,25,21881105.51,1155461.71,15026779.7,5502666.16,1.2141,1.014,0.5778,4.3085,North America,United States
COMP_001277,Reyes Group,retail,25,1084,122538417.9,15278514.84,71160145.73,36552077.79,2.6812,1.458,1.0562,13.6787,Europe,Germany
COMP_001278,Gonzalez & Wilkerson PLC,technology,50,2615,493344634.04,23324149.55,361217526.03,176762000.2,3.1271,2.2977,0.9583,3.5927,Asia Pacific,Australia
COMP_001279,Wright & Mcknight PLC,technology,40,330,72105275.91,10990781.56,38610968.61,16390191.54,3.8776,2.067,0.7376,11.4225,North America,United States
COMP_001280,Norton Group,manufacturing,8,6470,1002787425.37,45189866.53,1480962267.79,885175524.42,2.6218,1.7937,1.4857,2.0214,North America,United States
COMP_001281,Casey & Howard PLC,healthcare,8,5823,620064955.65,41511017.74,944129608.85,653268462.08,0.9991,0.7463,2.246,2.8655,Asia Pacific,Hong Kong
COMP_001282,StationMemory LLC,professional_services,48,625,70395264.57,9702595.21,126716270.23,53601340.92,2.2739,1.4438,0.7331,4.2506,Latin America,Chile
COMP_001283,WhileOthers PLC,hospitality,7,981,112370088.01,4167245.03,66986579.04,26304434.41,1.103,0.5615,0.6466,3.6932,Europe,France
COMP_001284,Morris LLC,manufacturing,10,251,29443986.36,2871437.14,27689434.15,8496390.99,3.0028,1.734,0.4427,5.8694,Asia Pacific,Hong Kong
COMP_001285,CoupleAgree LLC,technology,14,338,163904192.81,20009511.69,121113996.49,48814738.26,3.0423,2.2312,0.6752,6.8697,Europe,Netherlands
COMP_001286,Harper & Johnson LLC,retail,28,2336,259820398.41,44139936.7,196158603.02,80951631.59,2.1479,1.7291,0.7027,16.0704,Asia Pacific,Japan
COMP_001287,Brown Group,technology,10,286,44845383.07,6669091.45,23661640.55,11096928.84,1.8354,1.0366,0.8832,15.4655,North America,United States
COMP_001288,Moreno & Wang and Sons,transportation,47,1383,357120661.9,48768901.07,568608798.57,214015049.59,2.7297,1.8151,0.6035,7.3873,North America,Canada
COMP_001289,Garcia Ltd,technology,15,162,17568351.29,2148112.95,9761922.58,2749522.36,1.1381,0.5767,0.3921,17.3846,Latin America,Chile
COMP_001290,EffectExactly PLC,energy,28,7912,831856046.69,135854266.76,864365712.58,225394046.02,2.3064,1.7779,0.3527,8.4923,Latin America,Brazil
COMP_001291,"Brown, Davies and Robinson",transportation,7,1154,402954043.44,14314615.86,234940582.2,120707831.42,0.8906,0.461,1.0567,4.4443,North America,United States
COMP_001292,Bradford & Salinas LLC,hospitality,15,137,27410435.05,996477.26,24964932.44,13601891.99,1.2225,0.6904,1.197,2.3303,North America,Canada
COMP_001293,Mcconnell & Frey and Sons,professional_services,2,84,56970314.4,6359757.95,86022476.68,43615254.89,0.9618,0.5134,1.0285,3.5946,North America,United States
COMP_001294,Thompson & Watkins Ltd,energy,6,14012,6910176442.92,927798482.28,4018722651.52,1801582637.05,3.198,2.8192,0.8126,10.3116,Latin America,Brazil
COMP_001295,Wolfe PLC,technology,2,507,400492762.86,31443619.34,518377649.66,308281751.61,2.0207,1.2976,1.4673,2.9602,Asia Pacific,Hong Kong
COMP_001296,Warner LLC,hospitality,1,348,40829898.6,2122301.57,20418644.06,14973490.25,2.5471,1.8919,2.7499,4.8707,Latin America,Mexico
COMP_001297,Meza PLC,construction,10,416,87903878.22,2660089.47,63803841.39,32530156.68,3.0217,2.3563,1.0402,2.3342,Asia Pacific,Hong Kong
COMP_001298,ChangeOrder and Sons,financial_services,22,625,531793523.27,64765363.75,989567272.89,258969356.86,1.3731,0.932,0.3545,5.5941,Asia Pacific,Japan
COMP_001299,Copeland Group,professional_services,16,244,63824809.83,6483875.31,33377425.15,9609912.63,2.9423,2.3624,0.4043,10.3082,Asia Pacific,Japan
COMP_001300,"Parker, Henry and Davis",energy,12,40796,7079433478.54,187736270.61,5000173366.64,2403608519.58,3.0411,1.8826,0.9257,2.221,Latin America,Chile
COMP_001301,Hall and Sons,retail,42,162,17729900.12,605626.96,14838330.39,5645770.31,1.384,0.9215,0.6142,2.8834,North America,Canada
COMP_001302,AgainNew Group,manufacturing,14,5428,1873062370.02,167990733.9,971092589.3,441349805.25,2.488,1.4911,0.8331,6.425,Latin America,Brazil
COMP_001303,Smith & Hardin and Sons,professional_services,37,12,5671142.72,942925.38,2844808.66,1088827.06,1.0819,0.8489,0.6201,12.3281,Latin America,Chile
COMP_001304,Drake LLC,transportation,4,1012,545883371.95,41804485.96,315590491.7,182463865.83,1.248,0.6684,1.3706,7.8599,North America,Canada
COMP_001305,"Thompson, Lang and Oneill",retail,24,621,355112138.69,46433753.35,218343979.24,92337666.4,2.7431,2.3425,0.7328,8.2672,Europe,United Kingdom
COMP_001306,ArtistAge and Sons,technology,47,3941,435613592.75,67284755.36,346971338.53,148520098.89,1.8687,1.4288,0.7484,15.498,North America,Canada
COMP_001307,Willis and Sons,hospitality,9,624,143103299.49,5734901.87,210333335.03,145612858.52,3.114,2.2071,2.2499,1.4822,Latin America,Chile
COMP_001308,Schroeder PLC,hospitality,12,709,160543888.53,4678858.69,298109822.22,147682554.23,2.0312,1.2757,0.9818,1.6318,Europe,Germany
COMP_001309,Yu-Brooks,financial_services,39,10903,1703856460.79,148071605.97,1034575044.05,469443391.75,3.7117,2.6143,0.8307,6.8634,Asia Pacific,Australia
COMP_001310,YearRecognize Group,hospitality,33,226,163150197.64,7744442.04,102654853.94,37517623.69,3.7378,2.871,0.576,3.9171,North America,Canada
COMP_001311,Willis & Rogers LLC,retail,46,225,41897193.5,1776214.0,22560763.32,6053049.06,2.7016,1.4724,0.3667,6.7114,Europe,Germany
COMP_001312,Daugherty Ltd,energy,47,60525,8953425727.8,741991405.28,13555253619.75,7291686131.59,2.7018,2.2792,1.1641,2.6734,Europe,France
COMP_001313,Fry & Conner Group,financial_services,40,13700,2742485957.01,226817516.31,2077329812.86,977411883.13,3.7157,2.4959,0.8886,6.3662,Europe,United Kingdom
COMP_001314,Banks & Thompson PLC,hospitality,22,903,163642256.22,6536642.36,229348379.05,127057261.68,2.0569,1.6538,1.2421,1.6844,Europe,United Kingdom
COMP_001315,Steele PLC,financial_services,35,11350,2267068239.75,195920864.49,1467327936.66,459192441.17,1.1575,0.7806,0.4555,6.3418,Europe,Switzerland
COMP_001316,Buchanan & Walker PLC,construction,2,2249,323570959.12,27457489.16,543711681.97,264871023.25,1.3099,1.0897,0.9499,2.8501,Europe,France
COMP_001317,Olsen Group,retail,46,1586,264148525.15,23126520.63,311138769.71,121977388.36,2.2058,1.1033,0.6448,5.7202,Asia Pacific,Singapore
COMP_001318,Gross-Phillips,construction,22,2403,367136813.27,53470679.74,236786442.5,125781697.63,2.0705,1.8271,1.1331,7.2939,Asia Pacific,Japan
COMP_001319,Thompson & Smith Ltd,energy,42,1369,862218321.2,24939030.95,1091591192.56,362985394.0,1.1208,0.8147,0.4982,2.1965,Latin America,Chile
COMP_001320,PageInclude PLC,financial_services,39,718,311156899.11,33594198.63,190950942.97,84353689.37,2.6036,2.2978,0.7913,7.1376,Latin America,Chile
COMP_001321,Johnson & Guzman PLC,healthcare,29,1483,250867717.84,16621424.31,196688434.66,109848219.06,3.2916,2.7514,1.2649,3.643,Latin America,Mexico
COMP_001322,DoPurpose PLC,professional_services,26,103,16374695.67,2172115.99,12364530.18,4200441.74,2.4892,1.8094,0.5145,9.1722,Asia Pacific,Singapore
COMP_001323,Garcia Group,technology,8,3925,436019999.73,15125437.5,620977069.81,348510330.02,1.341,1.1236,1.2791,1.8264,Europe,Netherlands
COMP_001324,Taylor & Mcgee and Sons,energy,8,10690,2231179174.21,62437051.03,3610851130.04,2152178051.16,1.0484,0.8734,1.4754,1.6185,Latin America,Brazil
COMP_001325,HandFront and Sons,construction,46,4032,488053301.63,61020565.08,750836829.82,319380483.54,1.9771,1.4626,0.7402,4.7063,North America,Canada
COMP_001326,Fields Inc,hospitality,38,372,68042262.56,4288973.89,119280845.41,63763091.15,3.8961,3.0116,1.1485,2.7005,Latin America,Mexico
COMP_001327,TermSection Ltd,energy,28,11434,1862073261.1,120834411.28,3570386982.06,1760061362.7,1.9287,1.2912,0.9722,2.5266,Asia Pacific,Japan
COMP_001328,Fowler & Tanner Group,energy,15,63651,7907500146.07,391398444.61,6277623276.03,3070384659.64,2.1258,1.2691,0.9573,2.7477,Latin America,Mexico
COMP_001329,Smith and Sons,construction,22,2880,331060348.87,44128144.16,569528366.68,208946814.82,1.9952,1.4831,0.5795,5.9172,Latin America,Brazil
COMP_001330,Wright Inc,manufacturing,10,7885,1001409475.74,58316682.65,514885070.52,318856358.44,2.0033,1.7079,1.6266,3.8165,Latin America,Brazil
COMP_001331,Bell Inc,construction,2,2782,279904957.71,7870722.51,365737626.95,247619518.87,1.0504,0.6817,2.0964,1.4056,Asia Pacific,Hong Kong
COMP_001332,ServiceAbility Inc,hospitality,1,893,144121153.88,4028169.1,104192887.88,85177046.43,1.8865,1.3164,4.4793,1.6946,North America,United States
COMP_001333,Cruz Ltd,transportation,1,549,236170193.92,27311439.22,259585970.75,108423226.6,2.4159,1.9738,0.7173,4.5233,Latin America,Brazil
COMP_001334,KindCompare Group,manufacturing,4,2855,1992704492.95,81551678.91,2272590408.15,1512332242.92,2.9106,1.8537,1.9892,2.1256,Latin America,Chile
COMP_001335,MindUpon Group,manufacturing,24,8302,1949838392.67,345921934.5,1014493576.35,300234399.61,1.4058,1.0807,0.4203,18.6911,Asia Pacific,Singapore
COMP_001336,Bell & Bennett Group,technology,3,651,325512517.49,30193482.17,284574763.39,136968510.25,1.6807,1.2788,0.9279,5.5558,Europe,United Kingdom
COMP_001337,"Curtis, Mcdaniel and Martin",manufacturing,46,2013,407089477.35,72306083.28,438579984.14,180662239.92,3.2289,2.5585,0.7005,8.5112,North America,Canada
COMP_001338,Jones Inc,retail,16,861,340753664.73,40601111.22,232184709.12,116751390.67,1.4458,0.8211,1.0114,9.9189,Latin America,Chile
COMP_001339,Phillips & Flores Inc,transportation,23,322,81476424.89,11033359.6,54955755.68,14258217.42,3.4618,2.5711,0.3503,16.5787,North America,Canada
COMP_001340,BackGuess and Sons,technology,25,140,16295598.6,1938938.37,9646708.47,3023801.37,3.0969,2.1716,0.4566,18.2678,Europe,France
COMP_001341,Barron and Sons,technology,3,463,129583761.37,14656745.15,72198178.96,50629312.3,2.538,1.7915,2.3473,5.3609,Latin America,Chile
COMP_001342,Dennis PLC,construction,23,2085,233998363.59,41714461.92,254822118.37,81901321.19,2.9563,1.9032,0.4736,12.6402,Europe,Switzerland
COMP_001343,Mcmahon Inc,transportation,39,5906,869589780.35,104914623.09,739758670.72,363198596.84,1.3465,1.0189,0.9645,5.7826,Asia Pacific,Australia
COMP_001344,Morgan & Galloway Group,manufacturing,35,8377,1457066448.83,138731607.67,1162390247.78,524868659.05,3.54,2.8113,0.8233,4.7926,Latin America,Chile
COMP_001345,Bush Group,professional_services,4,326,74399298.86,3914518.06,37614809.46,20748174.84,2.4876,2.0771,1.2301,6.4908,Europe,France
COMP_001346,Dunlap & Martin Group,healthcare,47,2161,428365867.78,76203428.87,326829554.58,179207903.28,3.072,1.751,1.214,12.4964,Europe,Switzerland
COMP_001347,Moore & Garcia and Sons,retail,37,503,174275626.29,25724199.5,239909681.81,66232700.08,2.8878,2.0789,0.3814,13.4962,Europe,Switzerland
COMP_001348,Mccann Group,hospitality,33,193,74836713.83,12585139.49,47741622.92,19968156.78,1.6466,0.9193,0.719,20.3964,Europe,Germany
COMP_001349,Terry Ltd,technology,5,2210,493837132.3,48852740.16,457718676.76,238447184.93,1.1311,0.9773,1.0875,4.751,Latin America,Chile
COMP_001350,Frost PLC,hospitality,6,61,8981729.09,1043788.76,11455903.58,5610703.68,1.0949,0.5745,0.9599,3.9682,Asia Pacific,Singapore
COMP_001351,EvidenceRecent LLC,professional_services,33,405,86769633.86,12303784.42,51671561.4,16970818.87,3.2795,2.6452,0.4891,13.4603,Asia Pacific,Singapore
COMP_001352,Young-Williams,healthcare,3,5559,580782031.53,10226445.1,362988118.33,288768237.1,1.8867,1.5106,3.8907,1.2686,Asia Pacific,Singapore
COMP_001353,"Dunn, Henry and Brown",transportation,5,4062,444229265.0,25220970.29,239553004.04,83909181.54,1.8837,1.6176,0.5391,6.9801,North America,United States
COMP_001354,Patterson LLC,energy,20,28450,7266313721.13,1157745996.81,4647650251.88,2162577178.33,3.5906,3.1491,0.8702,7.5483,Latin America,Chile
COMP_001355,Colon & Weber Group,professional_services,38,137,48923559.67,3226160.02,34262099.91,8682922.45,2.7994,1.811,0.3395,7.2746,Latin America,Chile
COMP_001356,Gonzalez Inc,construction,35,2623,437344502.85,60001931.28,324703888.03,120037199.79,2.1509,1.4704,0.5865,17.138,Latin America,Chile
COMP_001357,Clark Ltd,transportation,34,4582,901694845.37,161602665.46,604913526.48,239118943.16,2.7971,1.8059,0.6537,14.9568,Europe,France
COMP_001358,Carter & Miller Inc,professional_services,30,367,42461232.22,6959378.16,79357822.96,34148029.21,1.4018,1.2298,0.7553,6.7155,Asia Pacific,Hong Kong
COMP_001359,FootStill Group,construction,1,603,142029759.63,6912667.47,229825726.78,174082975.09,2.5114,2.2406,3.123,1.8516,North America,Canada
COMP_001360,Ruiz & Jacobson LLC,healthcare,30,3492,594388576.95,59390493.59,634907758.79,170706345.81,3.1791,2.2105,0.3677,7.9374,North America,United States
COMP_001361,BenefitQuality PLC,financial_services,6,23011,4562693094.63,416039040.22,3286459290.5,2399329051.65,1.9169,1.0942,2.7046,5.8579,Asia Pacific,Japan
COMP_001362,Hughes & Watson Group,energy,18,4587,2146088780.61,346314717.54,3262258497.27,1428848044.83,2.9188,1.8947,0.7793,4.1999,Latin America,Chile
COMP_001363,Wood Group,manufacturing,24,4343,1249703501.29,126874166.16,2498950676.06,1059173338.64,3.723,1.9356,0.7357,2.8322,Asia Pacific,Hong Kong
COMP_001364,Williams Group,transportation,11,664,635244617.89,30755166.81,902312208.59,565087801.12,2.1366,1.2201,1.6757,2.4507,Asia Pacific,Singapore
COMP_001365,MakeEveryone and Sons,transportation,34,3314,735781892.19,92490834.09,393756617.6,159608162.09,1.5002,0.9072,0.6817,11.8464,Latin America,Brazil
COMP_001366,Elliott-Hernandez,technology,31,432,66652274.88,2284981.9,39686923.95,21500421.46,2.8746,2.3032,1.1822,4.0718,Asia Pacific,Japan
COMP_001367,Horton & Davis Ltd,healthcare,43,6015,717245839.86,26855899.94,920850879.67,244834602.41,3.5571,2.837,0.3622,3.7782,Latin America,Brazil
COMP_001368,GuySystem PLC,retail,3,2753,454698195.29,9489631.05,749930730.37,403587006.3,1.5577,0.788,1.1653,1.2046,North America,Canada
COMP_001369,JobSomething PLC,financial_services,15,1979,906618713.26,125053661.58,1274640827.75,604556168.04,2.2421,1.653,0.9022,4.6727,Latin America,Mexico
COMP_001370,Perez Inc,financial_services,31,9853,1195341191.37,171525021.38,1067145623.03,506323019.94,3.7837,3.0921,0.9028,6.9348,Latin America,Brazil
COMP_001371,ThoughImpact PLC,retail,50,786,485754756.83,66623716.04,801463283.2,258473044.51,1.1699,0.7495,0.476,5.4828,Europe,Germany
COMP_001372,Sheppard-Mcdaniel,retail,47,806,92126522.45,7384043.58,104209585.14,50485488.49,3.3962,2.1565,0.9397,2.8948,North America,Canada
COMP_001373,Mayer & Armstrong and Sons,technology,48,1595,427338161.59,38873089.53,540500471.71,224494266.01,3.8706,3.4781,0.7104,3.4951,Europe,Switzerland
COMP_001374,Evans-Foster,energy,15,7311,4948164671.66,379600365.0,2509089283.37,1497402812.47,3.5916,2.2238,1.4801,4.3627,Asia Pacific,Singapore
COMP_001375,TooSend Inc,financial_services,46,7893,1243683061.27,39572587.93,1195666153.36,524132073.0,2.048,1.3224,0.7805,2.3969,Europe,United Kingdom
COMP_001376,"Duncan, Black and Duncan",energy,7,45001,8713961517.66,209083942.1,6037040589.28,2711939335.78,0.951,0.8521,0.8156,3.0908,North America,United States
COMP_001377,"Hernandez, Avery and Cole",healthcare,39,3004,448078728.73,79695154.37,847598681.86,292532468.36,1.8835,1.6518,0.527,5.0718,Europe,Germany
COMP_001378,ComputerDevelopment and Sons,professional_services,24,136,51724326.72,8659834.28,53176548.18,28416137.04,1.8066,1.583,1.1476,5.9514,North America,United States
COMP_001379,Martinez & Henderson Ltd,professional_services,23,106,36243720.26,5799719.34,61504929.44,17869074.92,2.2346,1.8435,0.4095,5.1051,North America,Canada
COMP_001380,Graham & Osborn Ltd,energy,42,46913,5949860971.78,779884689.55,4304317028.78,1639296798.49,3.5871,2.2811,0.6151,9.9835,Latin America,Brazil
COMP_001381,Flowers LLC,manufacturing,30,364,335412506.44,39180819.85,584061280.98,206312045.66,3.1654,2.4362,0.5462,4.2188,North America,United States
COMP_001382,Flores & Acosta Inc,financial_services,44,18514,1961496867.89,237416342.25,1003450453.22,488997092.42,1.0749,0.8341,0.9505,9.0374,Asia Pacific,Australia
COMP_001383,Miller & Hawkins PLC,construction,3,4327,484859099.56,35794587.02,313197344.78,215700448.71,0.9841,0.7057,2.2124,3.8692,Europe,France
COMP_001384,Gates-Stone,hospitality,23,244,52368553.11,4084374.02,32225529.93,17111009.43,3.002,1.9099,1.1321,8.3486,North America,United States
COMP_001385,WhoseTv Inc,professional_services,37,326,65845298.12,1714316.74,124510716.48,52640858.28,3.7367,3.2268,0.7324,1.3971,Latin America,Chile
COMP_001386,StopSchool PLC,technology,50,1409,163269842.05,21631701.08,189308493.3,74450152.79,1.8038,1.3927,0.6482,5.5961,Europe,Switzerland
COMP_001387,Matthews & Harrington Inc,professional_services,45,306,77460576.01,13497978.2,72907299.41,22747737.64,1.0479,0.7297,0.4535,13.2864,Europe,France
COMP_001388,JoinCitizen and Sons,manufacturing,41,1388,270438584.83,21169516.08,523516034.78,208272314.0,3.8582,2.4123,0.6607,3.7412,Asia Pacific,Japan
COMP_001389,Knight PLC,manufacturing,38,2205,1939943879.71,65064040.93,2486612633.85,1350349980.32,3.049,1.7068,1.1884,1.6167,North America,United States
COMP_001390,Chang Inc,professional_services,3,149,45652059.37,4067794.15,24830867.36,17991259.56,0.9427,0.5634,2.6305,4.8386,Latin America,Chile
COMP_001391,Hart Inc,manufacturing,8,3736,479740422.06,14502842.6,440584320.76,177774330.58,1.2313,1.0725,0.6764,2.9221,Latin America,Mexico
COMP_001392,Floyd & Dillon LLC,energy,37,5499,781292635.93,123655017.86,1237024515.92,531789551.02,2.7377,1.8326,0.7541,6.878,Europe,Netherlands
COMP_001393,Humphrey LLC,technology,45,785,85709194.64,3948501.5,81235861.24,33031430.57,1.2623,0.8644,0.6852,3.0582,Europe,United Kingdom
COMP_001394,Reyes Group,healthcare,23,2179,522175078.81,81109027.31,622767872.45,299314064.86,1.0575,0.6087,0.9254,5.0349,Europe,United Kingdom
COMP_001395,Armstrong Group,hospitality,37,295,68063632.11,11294362.62,42964471.21,19748470.76,2.6575,1.7898,0.8506,9.3333,Europe,Switzerland
COMP_001396,Jackson Group,professional_services,21,767,82973894.91,9356145.36,69397925.48,38259066.55,1.519,1.1792,1.2287,5.9887,North America,Canada
COMP_001397,ChargePresent PLC,hospitality,49,714,86746617.21,13020159.82,61705754.08,19073440.64,2.6058,1.6942,0.4474,9.8538,Latin America,Brazil
COMP_001398,ResponsibilityRule Group,energy,20,7381,2524707012.25,401762413.65,1698955514.25,948929954.3,1.435,1.1321,1.2652,8.6644,Europe,Switzerland
COMP_001399,Williams & Preston LLC,hospitality,9,853,123811852.33,12289522.38,70426713.84,28120294.74,2.5622,1.4405,0.6647,11.1704,Latin America,Mexico
COMP_001400,Vaughn & Williams Group,hospitality,48,304,141648666.16,5823767.79,125110301.4,68199579.64,2.0693,1.5333,1.1984,2.9489,Europe,United Kingdom
COMP_001401,Mccall & Prince Inc,technology,18,269,84353912.04,13877515.59,54639809.54,17790169.39,1.3826,1.0878,0.4828,15.3487,Europe,United Kingdom
COMP_001402,Morgan & Leon LLC,technology,50,629,84641988.93,12057372.58,67443429.9,25206117.37,3.5749,2.3697,0.5968,10.4078,North America,Canada
COMP_001403,Ramirez Group,transportation,30,83,46304712.66,4431241.67,42217028.2,18029199.98,2.7878,1.6439,0.7454,4.6671,Europe,Switzerland
COMP_001404,TowardSafe Ltd,transportation,20,2388,739037994.91,61330351.65,523332155.89,269721307.84,1.4951,1.1955,1.0635,4.8691,North America,Canada
COMP_001405,BillionTrouble and Sons,healthcare,40,3096,665485504.98,56158659.54,895307865.52,377458669.88,3.3322,1.9367,0.7289,5.1361,North America,Canada
COMP_001406,CenterFirst Ltd,construction,26,1020,239942283.5,22995759.86,147229653.22,77309689.6,2.1359,1.6663,1.1057,4.7222,Latin America,Mexico
COMP_001407,Schroeder-Flores,professional_services,19,629,84494959.67,12088556.01,50449756.08,17383220.97,1.1303,1.0016,0.5257,14.9058,Asia Pacific,Australia
COMP_001408,Daniel & Jacobs Inc,energy,1,29520,8066418021.85,392231774.46,5733968144.85,2482542833.66,1.2358,1.0363,0.7635,4.1805,North America,United States
COMP_001409,Lopez and Sons,financial_services,14,20846,2930918278.34,386677798.46,1956297126.31,1201999302.29,2.9348,2.5719,1.5935,6.4996,Europe,United Kingdom
COMP_001410,Mcintyre Group,hospitality,48,1593,173785984.82,17536187.71,87793178.84,47769912.37,2.8066,2.234,1.1936,5.6567,Europe,France
COMP_001411,Figueroa & Malone LLC,professional_services,37,204,20981200.4,2738066.21,23429473.18,7130156.22,2.0091,1.1969,0.4375,11.6501,Asia Pacific,Hong Kong
COMP_001412,TendArrive PLC,energy,43,1987,1163600213.01,38382630.34,896841015.89,279789384.83,1.7857,1.0374,0.4534,3.0622,Europe,United Kingdom
COMP_001413,Jones Ltd,hospitality,32,217,54680172.69,4772713.77,51546502.29,24227152.53,2.0976,1.4406,0.8868,4.1338,Asia Pacific,Hong Kong
COMP_001414,"Powell, Deleon and Warren",construction,38,322,33257993.76,4492775.48,21038337.77,11716599.69,3.1042,2.7227,1.2569,5.9923,Europe,France
COMP_001415,OutsideAir and Sons,energy,37,15352,5335136803.61,521036659.66,2987416904.96,1092703862.92,3.7032,2.7324,0.5767,9.8327,North America,Canada
COMP_001416,Lee & Whitaker Inc,manufacturing,6,15614,1873845327.67,74165205.94,2018520648.95,673294589.68,2.5452,1.2807,0.5005,3.4992,Asia Pacific,Japan
COMP_001417,EnjoyAlone Group,construction,39,124,24475052.63,1131845.84,14570295.72,5227662.2,2.1305,1.3227,0.5595,4.9822,Europe,United Kingdom
COMP_001418,Williams & Ward and Sons,manufacturing,16,817,252998728.88,19220936.06,160521320.58,98163489.82,1.7168,1.1227,1.5742,3.4687,Asia Pacific,Australia
COMP_001419,Hill Group,construction,8,443,228838519.0,12989899.28,234681542.55,103382299.79,2.6661,1.3926,0.7874,3.0422,Latin America,Brazil
COMP_001420,"Sanders, Leblanc and Maldonado",technology,35,3534,467003633.75,58242912.9,292552708.74,116616884.99,2.5582,1.6436,0.6628,14.1957,North America,Canada
COMP_001421,Watson PLC,healthcare,36,1087,319575324.45,21671299.54,435016755.43,154900502.82,3.8127,2.3324,0.553,2.8432,Latin America,Mexico
COMP_001422,Thompson-Harrell,technology,8,763,254110169.54,20647230.55,173545999.91,65957522.78,2.4929,2.06,0.6131,11.0238,Asia Pacific,Australia
COMP_001423,PeaceOk LLC,transportation,29,477,51157130.46,2281652.7,44680197.85,20473804.52,2.2033,1.2735,0.8458,4.6053,North America,United States
COMP_001424,Cooper & Monroe LLC,manufacturing,29,1634,305202969.91,51719368.17,513530723.16,275675053.59,2.091,1.5884,1.159,3.8002,North America,United States
COMP_001425,Curry Ltd,manufacturing,5,15525,1973393944.69,106908786.76,2014319040.61,1251959613.19,3.0958,1.6964,1.6422,3.6466,North America,United States
COMP_001426,Davis & Johnson Inc,transportation,11,6187,965467509.47,135994045.81,1210330385.49,449832985.25,2.5273,1.6185,0.5915,9.1275,Europe,United Kingdom
COMP_001427,Martin & Armstrong and Sons,professional_services,47,5,991528.1,121424.66,808118.02,257597.32,1.4056,0.9128,0.4679,8.8878,Europe,Germany
COMP_001428,Vincent & Holland Ltd,transportation,15,2884,952293667.57,116181164.25,1212871665.24,555490962.41,2.6184,1.3107,0.845,5.3305,Europe,France
COMP_001429,Clark Ltd,construction,28,2077,321364369.22,12079696.88,313522511.13,78732617.98,2.1757,1.8775,0.3353,3.6491,Europe,Netherlands
COMP_001430,Ortiz & Smith Ltd,hospitality,11,1233,173715740.61,22657192.66,217184055.05,67136187.29,0.9683,0.5324,0.4474,7.7155,Europe,Switzerland
COMP_001431,ActMatter and Sons,healthcare,32,1792,457466156.36,58523837.52,259522610.66,98389531.33,3.0633,1.8529,0.6106,9.2626,Latin America,Brazil
COMP_001432,RadioConsumer PLC,manufacturing,10,8070,1036036096.87,48980289.52,529996810.03,204937246.33,2.6679,1.497,0.6305,4.2472,North America,United States
COMP_001433,SuddenlyAcross and Sons,financial_services,10,18635,2449344435.48,159192190.38,1233563561.12,793459827.84,2.3522,1.851,1.8029,4.2461,Europe,Germany
COMP_001434,King & Trujillo LLC,construction,4,2942,335097807.49,20351120.45,193521487.56,118596494.91,3.1638,1.849,1.5829,3.8924,Europe,Netherlands
COMP_001435,SeemSecurity Ltd,healthcare,42,1253,143952998.48,6031558.29,246861431.57,90593780.53,3.3079,2.0189,0.5797,1.7352,Asia Pacific,Australia
COMP_001436,Coleman-Bennett,healthcare,42,106,34823721.92,3887121.36,48182536.07,25262737.88,1.2452,1.0085,1.1022,5.0377,Asia Pacific,Hong Kong
COMP_001437,HappyMachine LLC,energy,25,5537,3113902918.83,105462216.53,1951377113.55,962109568.41,1.1688,0.7333,0.9725,2.9956,North America,Canada
COMP_001438,DiscoverMan LLC,healthcare,5,6964,706157358.92,59492693.31,376122182.26,180755745.75,1.8728,0.9491,0.9252,5.1295,Latin America,Chile
COMP_001439,"Meyer, Hanson and Silva",transportation,36,344,209834917.6,21293539.61,122905954.84,31865015.71,3.3378,2.752,0.35,22.4878,Europe,United Kingdom
COMP_001440,Hunt Ltd,healthcare,9,3907,675065271.16,75924612.27,1063583858.76,458885646.31,3.2572,2.3733,0.7589,3.4197,Latin America,Mexico
COMP_001441,Hoffman-Wheeler,construction,3,2396,485106462.82,39062192.18,377564776.78,166250252.72,1.2153,0.8461,0.7867,5.1675,Europe,Germany
COMP_001442,FearFire Ltd,technology,30,435,47856457.18,8309146.15,31011598.51,17007601.45,2.5694,1.7731,1.2145,9.4769,Europe,Switzerland
COMP_001443,Rodriguez & Brown LLC,retail,8,1044,336955854.88,31810895.21,233195849.05,109837155.94,1.6568,0.8489,0.8904,6.2967,Asia Pacific,Australia
COMP_001444,Davidson LLC,technology,11,1183,222431359.43,8107937.43,368337249.42,229889827.42,2.9173,2.0261,1.6605,1.9184,Latin America,Mexico
COMP_001445,EveryReality Ltd,technology,9,2193,434202984.93,31791555.6,323574822.74,151246131.37,1.68,1.2872,0.8777,5.0211,Latin America,Chile
COMP_001446,Farley & Curtis and Sons,healthcare,27,757,181264040.5,27430624.8,168072783.64,59030320.44,3.0152,1.5483,0.5414,7.188,Latin America,Brazil
COMP_001447,Holmes and Sons,transportation,13,1555,695699692.7,18356809.03,432468284.24,280507302.58,2.4415,1.8228,1.8459,1.814,North America,Canada
COMP_001448,Yoder & Trujillo PLC,retail,21,1980,419381414.24,23535110.27,271957878.47,116925740.34,3.0964,1.7702,0.7542,5.1032,Europe,Netherlands
COMP_001449,InternationalRecent LLC,construction,20,1955,472584038.64,28650045.84,765262882.92,260560028.89,1.8693,1.3269,0.5163,2.6529,Asia Pacific,Hong Kong
COMP_001450,ResponsibilityChallenge Ltd,construction,43,2769,343207774.0,31506963.42,362107749.86,125191666.52,1.7885,1.5389,0.5284,4.4023,Asia Pacific,Singapore
COMP_001451,AgreeReality Group,professional_services,8,178,49968889.02,3425923.83,26410554.38,14712282.37,2.7513,1.6425,1.2576,4.71,Asia Pacific,Hong Kong
COMP_001452,Green-Barnes,construction,17,2004,310834383.9,7878256.86,189694434.27,103544593.86,2.9356,1.669,1.2019,2.8829,Latin America,Brazil
COMP_001453,Doyle-Aguilar,retail,37,4338,434714682.27,55802248.42,334455621.68,162736689.95,2.534,2.1368,0.9477,8.786,North America,United States
COMP_001454,"Cabrera, Cooper and Reeves",manufacturing,4,7643,1145513395.81,110749965.69,1702820504.9,937358863.86,0.9491,0.5986,1.2246,2.5836,Europe,France
COMP_001455,Parks Ltd,energy,22,1562,352351243.98,34434705.91,255621940.27,131626363.48,1.3994,0.8365,1.0615,9.0495,Latin America,Mexico
COMP_001456,Knox-Powers,manufacturing,47,14164,1862587904.06,222218644.46,1379837535.2,694537585.45,1.4445,1.1483,1.0135,7.5497,North America,United States
COMP_001457,Romero and Sons,energy,26,67295,6910791172.76,1097667134.1,5344163034.44,2299966325.71,1.5843,1.1612,0.7555,8.9087,North America,Canada
COMP_001458,ThoughReally PLC,professional_services,40,112,67813081.88,3937942.1,112426599.41,52375191.29,2.6203,1.5084,0.8722,2.1191,Europe,United Kingdom
COMP_001459,White & Davis and Sons,technology,14,555,108621901.05,6869892.77,140093885.58,81395023.01,1.3875,1.066,1.3867,3.4376,Europe,France
COMP_001460,Figueroa Ltd,financial_services,27,27968,3297838496.46,186111258.05,4984097488.66,1676662868.45,2.937,2.3075,0.5069,3.2823,Latin America,Chile
COMP_001461,SystemOperation and Sons,hospitality,42,392,79379016.73,5790829.52,50826329.66,14489461.02,3.5006,2.2844,0.3988,7.5792,North America,Canada
COMP_001462,YourResponse LLC,healthcare,30,1613,652976812.16,42512296.88,328076214.7,110453873.22,3.4466,1.8039,0.5075,10.4101,Asia Pacific,Japan
COMP_001463,Pena and Sons,construction,26,470,57763550.0,4435149.54,49257577.91,17130195.07,3.5343,3.071,0.5332,7.6984,Europe,Switzerland
COMP_001464,Kelly Ltd,manufacturing,2,6880,1319112156.16,41527064.4,1197115330.66,967339841.85,1.3124,1.117,4.2099,1.9226,Asia Pacific,Hong Kong
COMP_001465,Savage Group,healthcare,43,3240,999416657.14,164444993.01,596677413.25,212932707.85,3.3731,2.2769,0.5549,16.1519,Asia Pacific,Singapore
COMP_001466,French LLC,manufacturing,18,268,105941957.33,12710560.65,129844504.27,36134333.69,3.5404,3.0592,0.3856,6.2934,Asia Pacific,Hong Kong
COMP_001467,Watson & Richards Group,retail,18,2486,488632743.74,64149769.53,253684692.81,75163769.79,1.371,0.8478,0.421,26.7379,North America,United States
COMP_001468,York Group,manufacturing,43,6202,819746841.84,121603472.18,872989493.39,455653036.55,1.2073,0.9969,1.0918,5.2033,Asia Pacific,Hong Kong
COMP_001469,ArgueTrial Ltd,transportation,42,1264,872045915.83,107458485.74,701684972.54,353613360.95,2.2238,1.6655,1.0159,5.4173,Europe,France
COMP_001470,Silva PLC,hospitality,15,376,156694711.33,15476059.7,83315133.23,27116661.3,2.8062,2.1091,0.4825,13.2986,North America,United States
COMP_001471,Jones & Preston PLC,professional_services,45,184,56918117.97,4413759.25,52156042.57,21426144.22,3.0781,2.6654,0.6972,3.9691,Europe,Netherlands
COMP_001472,Dillon Group,transportation,37,5389,741064717.16,106735308.05,1206034953.3,361350017.9,1.4118,0.7544,0.4278,10.141,North America,United States
COMP_001473,NextFire Group,professional_services,4,561,87912298.35,8281632.33,47875133.33,35363722.62,1.9077,0.9916,2.8265,4.2048,North America,United States
COMP_001474,Brown & Dickerson and Sons,healthcare,38,1039,407119620.04,71479379.54,285522502.19,131974889.57,1.5497,0.9722,0.8595,8.3965,Latin America,Brazil
COMP_001475,DeepGuess Group,transportation,25,862,333762829.95,46979245.63,381591505.37,159664762.09,1.5599,0.7933,0.7194,4.8984,North America,Canada
COMP_001476,OverWalk Group,financial_services,38,32696,3341290993.96,538398693.88,3111795424.47,1700896447.36,3.6391,2.8968,1.2055,11.5407,Europe,Germany
COMP_001477,Thomas & Huffman and Sons,financial_services,29,20939,4041151250.29,649997428.66,2308871995.91,779278106.24,3.4442,2.4097,0.5095,15.0797,North America,Canada
COMP_001478,Maxwell & Freeman Ltd,technology,24,1264,381380282.25,45674311.64,357672081.47,143925739.38,2.0392,1.5188,0.6733,5.1789,Latin America,Mexico
COMP_001479,Hatfield & Edwards Inc,construction,28,1547,399917756.19,49192719.69,491417413.29,266958168.97,2.7495,1.7229,1.1893,5.2974,Latin America,Mexico
COMP_001480,Smith & Hill and Sons,manufacturing,23,5396,876810796.48,98631781.34,1665973715.52,442777648.97,2.1822,1.5648,0.362,7.048,North America,Canada
COMP_001481,"Duran, Burns and Gallagher",manufacturing,38,12800,1637490090.19,112316517.82,2697660342.36,1445134964.05,3.7714,3.0452,1.1538,2.7601,Asia Pacific,Singapore
COMP_001482,Miller PLC,retail,28,302,61864109.57,3843044.59,41172400.84,20584408.87,2.8869,1.6425,0.9998,3.9732,Europe,United Kingdom
COMP_001483,Hamilton & Jordan Group,energy,43,18882,5467666524.71,352317815.42,4299973849.36,1921306927.22,2.6165,1.4099,0.8077,5.4,North America,United States
COMP_001484,Sanford & Reyes Inc,manufacturing,5,158,21459734.39,2442415.63,34304731.52,24158134.32,1.0832,0.9007,2.3809,2.4118,Asia Pacific,Japan
COMP_001485,NoneDecision Ltd,construction,35,746,165669985.8,14757284.95,132614994.62,48864419.67,3.5958,1.9474,0.5835,6.1187,Asia Pacific,Japan
COMP_001486,HourAddress LLC,manufacturing,44,6274,739258454.39,17852913.41,436934976.23,129704862.67,3.6943,3.2001,0.4222,3.5629,Latin America,Brazil
COMP_001487,Sherman PLC,construction,41,1392,201105482.35,17429681.53,104819012.89,38549776.08,1.9289,1.5395,0.5817,8.6518,Europe,France
COMP_001488,Lee & Rhodes Ltd,professional_services,10,453,69698987.07,7871223.15,60388417.44,21614960.82,1.11,0.6363,0.5575,8.8676,Asia Pacific,Australia
COMP_001489,"Wright, Steele and Cooper",healthcare,19,3300,391615310.76,53260524.56,205411531.89,112316560.15,2.6347,2.2257,1.2065,7.306,Latin America,Brazil
COMP_001490,Garcia PLC,professional_services,40,134,45145015.45,5267230.95,31804596.87,13488887.4,2.5468,1.9373,0.7365,7.8922,North America,United States
COMP_001491,Chapman & Jackson Inc,construction,27,722,122584344.78,3342401.44,80001094.8,23503464.13,1.0461,0.5253,0.416,2.9506,Asia Pacific,Australia
COMP_001492,Evans & Carter Ltd,healthcare,1,2250,376385532.67,19082821.83,660766146.89,486414665.39,1.4153,1.2094,2.7899,1.5433,North America,Canada
COMP_001493,Meyer & Warren Group,construction,40,1104,117498465.5,5952814.24,70462574.68,34212260.28,1.2186,0.8292,0.9438,4.0416,Latin America,Mexico
COMP_001494,Barron and Sons,manufacturing,36,726,155659888.3,27847425.91,192122017.58,99723972.59,2.7829,1.8204,1.0793,5.203,Europe,Netherlands
COMP_001495,GuessWeek Group,hospitality,22,391,121086270.08,14900871.45,66351941.07,36381567.1,3.6513,2.9211,1.2139,6.8589,Latin America,Brazil
COMP_001496,Howard & Lopez Group,healthcare,1,2775,669871734.56,80476731.05,853548692.56,569594324.11,2.5785,1.4967,2.0059,4.4661,North America,United States
COMP_001497,Smith and Sons,transportation,48,3388,623295442.55,73307967.18,349340223.05,142905860.0,1.9705,1.7245,0.6923,8.7579,Latin America,Mexico
COMP_001498,Acosta & Anderson Ltd,technology,28,1842,232283527.86,32951916.31,146548578.91,73884952.88,1.5178,1.1443,1.0168,6.8225,Asia Pacific,Australia
COMP_001499,AgePerform PLC,transportation,39,2792,385987922.38,36034585.78,346293249.53,134156144.86,2.4791,1.3493,0.6324,4.3894,Europe,Switzerland
COMP_001500,Jackson & Richardson Ltd,transportation,12,3856,864700313.08,103845455.19,1647191107.7,927396832.57,2.844,2.22,1.2884,3.3709,Latin America,Chile
COMP_001501,StructureAlways Group,professional_services,23,205,52148637.62,5927234.94,81316920.54,27938484.58,1.6238,1.2125,0.5234,4.7125,Europe,France
COMP_001502,"Scott, Nichols and Williams",construction,41,1909,242195029.43,29859755.81,147142072.44,70071367.4,3.5757,2.6164,0.9092,8.0342,Latin America,Brazil
COMP_001503,Stanley Ltd,construction,38,126,17692822.57,3152864.36,18492257.69,8961909.31,2.6819,1.7662,0.9404,12.1211,Latin America,Mexico
COMP_001504,Huff & Williams Inc,financial_services,36,8047,1712826659.85,135147436.2,1200542633.59,507485151.75,2.2001,1.1663,0.7322,5.9235,Asia Pacific,Japan
COMP_001505,KeepLife Group,financial_services,30,6459,1907176137.74,200181132.28,1319963258.3,403912086.6,3.1366,2.2413,0.4409,9.9458,Asia Pacific,Japan
COMP_001506,Kelley Group,technology,39,917,200012567.67,10000585.45,136993539.21,68220745.8,3.5449,2.2356,0.992,4.9374,North America,United States
COMP_001507,Miles and Sons,technology,26,2304,290506012.24,25109452.32,218538059.5,115509204.28,1.0917,0.7836,1.1211,6.1275,Asia Pacific,Japan
COMP_001508,"Jennings, Smith and Fisher",hospitality,35,681,107186906.8,12155956.26,136555861.37,61864192.19,1.1577,0.8023,0.8283,4.1187,Europe,Switzerland
COMP_001509,Garcia & Meyer PLC,financial_services,48,4337,3043446413.04,545372145.12,2288308467.19,853809291.42,3.5153,1.7781,0.5952,9.3534,Asia Pacific,Japan
COMP_001510,PoliceSchool and Sons,technology,44,3520,382676747.51,29774735.93,352513571.21,161177682.89,1.3312,1.1388,0.8424,3.6224,Europe,United Kingdom
COMP_001511,Barnes Inc,construction,19,2053,407427940.66,15683458.33,456968408.28,197149564.16,3.3616,2.9969,0.7588,2.4166,Asia Pacific,Hong Kong
COMP_001512,Hunt & Williamson LLC,hospitality,49,290,143906492.17,14226159.75,90992517.72,22406162.86,1.3784,0.9495,0.3267,13.5747,North America,United States
COMP_001513,BuildStill Inc,construction,24,2559,477984229.5,77727249.38,698487860.56,219252812.65,3.6682,2.2787,0.4575,5.3717,North America,Canada
COMP_001514,ModernDecide PLC,construction,36,54,14025128.42,2310953.45,12735021.04,6791519.29,1.5114,1.324,1.1427,8.0747,Europe,United Kingdom
COMP_001515,DecisionStar LLC,professional_services,39,62,19979909.58,1839057.2,16423685.77,5599432.98,2.2568,1.2893,0.5173,5.1407,North America,Canada
COMP_001516,Decker & Dudley LLC,transportation,2,86,17487246.23,787647.98,18197782.88,13938695.37,1.5119,0.9305,3.2727,1.7647,Europe,Switzerland
COMP_001517,Warner LLC,healthcare,15,4748,649237340.58,63895335.79,670139166.19,298932736.39,1.2005,0.6661,0.8053,5.5209,North America,United States
COMP_001518,Williams Group,technology,48,3008,449117243.93,28233912.32,649399338.23,194265967.69,1.3014,1.103,0.4268,3.0123,Europe,Germany
COMP_001519,WhetherDespite Ltd,transportation,11,637,251047473.61,19289078.46,277079075.8,151250517.38,2.8069,2.0967,1.202,3.292,Asia Pacific,Singapore
COMP_001520,WorkerMedical LLC,manufacturing,44,2965,1854798744.14,288059354.61,2612706642.02,1345412106.95,1.33,0.7265,1.0616,4.8802,North America,Canada
COMP_001521,Young & Smith Inc,technology,34,130,31073427.75,4874239.98,54443587.4,18441372.78,1.3053,0.8867,0.5122,6.8152,Asia Pacific,Australia
COMP_001522,WhatBring PLC,financial_services,29,13060,4672835773.76,749148217.32,2924726276.87,1500431219.78,1.886,1.5716,1.0535,7.7625,Asia Pacific,Hong Kong
COMP_001523,Caldwell & Hernandez Inc,professional_services,14,112,35486457.38,949093.9,41894071.23,19433846.9,1.0486,0.6062,0.8653,1.833,North America,United States
COMP_001524,"Jones, Cummings and Conway",construction,3,59,55203310.08,4115470.12,43845508.34,32781916.19,2.703,1.9535,2.963,3.5053,Latin America,Brazil
COMP_001525,Newman Group,manufacturing,21,5220,976884800.78,127724081.7,1006899053.1,281038296.63,3.0177,2.0021,0.3872,7.2336,Asia Pacific,Australia
COMP_001526,Hinton & Phillips Group,healthcare,33,2000,260492684.88,29192349.59,394047114.12,148143529.63,2.4081,1.4859,0.6024,3.6808,Latin America,Mexico
COMP_001527,ApplyBlack and Sons,professional_services,26,234,28844853.75,3341983.56,48239041.63,16368728.41,1.6403,1.08,0.5136,4.4684,Latin America,Chile
COMP_001528,Sawyer & Phelps LLC,energy,4,19257,3107535151.02,271403587.87,2280469603.23,1573644624.86,2.4559,1.3381,2.2264,4.0681,Latin America,Brazil
COMP_001529,SuddenlyResearch LLC,energy,11,61306,8040107683.44,265512299.43,12813399013.79,6752978829.64,2.6327,1.6223,1.1143,1.9463,Latin America,Mexico
COMP_001530,LastSingle Inc,professional_services,49,214,54146547.03,9232497.38,30781544.61,13446089.46,2.3494,1.5231,0.7756,18.9828,Asia Pacific,Hong Kong
COMP_001531,Davis & Chang Inc,hospitality,9,232,62950232.13,8816183.61,39030531.53,25361083.32,1.0362,0.5776,1.8553,7.7115,North America,United States
COMP_001532,Smith & Taylor Ltd,professional_services,29,496,61228211.44,10053631.6,51315015.31,27525050.1,3.1868,2.2678,1.157,5.724,Asia Pacific,Japan
COMP_001533,ConferenceGet LLC,construction,32,2068,359494583.74,51280360.67,485925666.0,271327493.45,3.8486,2.0857,1.2644,5.7194,North America,United States
COMP_001534,Kline PLC,construction,35,1257,139948880.36,5849303.78,224682471.72,71593663.25,3.8602,2.6893,0.4677,2.3449,Asia Pacific,Japan
COMP_001535,Johns-Davis,professional_services,43,159,41648135.6,6956883.79,21367810.55,10052343.82,2.8426,1.6111,0.8884,20.6101,North America,Canada
COMP_001536,Briggs and Sons,construction,38,630,65333616.2,3685157.71,37663449.08,13542797.89,2.8361,2.1634,0.5615,5.0631,North America,Canada
COMP_001537,Morales Group,energy,13,3947,1852436027.87,71572077.96,1696609681.69,954418326.25,1.2755,0.9315,1.2859,1.9131,Europe,Switzerland
COMP_001538,ExpertThing Group,financial_services,9,4719,3408778091.29,347494085.28,3504364272.88,1245714357.54,2.7146,1.4032,0.5515,9.4774,North America,United States
COMP_001539,"Jefferson, Marsh and Banks",technology,9,403,91537735.5,5284978.39,58231946.37,22727131.08,1.082,0.6896,0.6401,4.7002,Latin America,Brazil
COMP_001540,SubjectCompare Inc,manufacturing,29,7005,1055075133.5,38302476.54,687206275.82,277006142.85,2.7548,2.0037,0.6753,4.3152,North America,United States
COMP_001541,Anderson & Barber and Sons,construction,6,1917,355977899.55,22162998.53,184116382.84,95474786.31,1.4627,1.112,1.0771,4.3064,Europe,Switzerland
COMP_001542,Perry PLC,energy,23,5985,1113425384.79,163915378.16,1653106335.37,597673773.81,1.7438,1.5391,0.5663,5.5843,Europe,Netherlands
COMP_001543,MeetingSuffer PLC,technology,11,2348,284088797.59,26314441.2,250798702.28,149014069.06,1.9014,0.9542,1.464,3.2506,North America,Canada
COMP_001544,ResourceLeft and Sons,healthcare,46,1514,260279969.78,33977310.02,423346744.02,222619607.79,2.8231,2.1981,1.1091,2.8874,Europe,France
COMP_001545,"James, Howard and Johnson",construction,17,1626,481648803.24,14040504.79,454403896.77,136687993.43,1.5256,1.1047,0.4302,4.4132,Europe,United Kingdom
COMP_001546,Cohen & Roberson and Sons,construction,14,941,244355095.13,19763387.12,128578142.45,59577007.3,1.2407,0.9349,0.8634,6.1791,Europe,Switzerland
COMP_001547,MeetingWife Group,technology,37,1031,403190282.34,35575408.02,237739698.12,88887189.92,2.1901,1.704,0.5971,6.5442,North America,United States
COMP_001548,Clay Group,professional_services,33,122,55247540.94,5241764.07,61085234.94,20913650.34,3.7882,2.0636,0.5206,4.968,Asia Pacific,Hong Kong
COMP_001549,AnyAt LLC,healthcare,30,412,48195470.19,3155723.72,60637039.68,27006350.01,2.255,1.6261,0.803,2.8627,North America,Canada
COMP_001550,Pena & Smith Ltd,technology,13,2448,316942536.42,20042880.41,390132636.48,183931025.86,2.3302,1.2257,0.892,3.0125,Latin America,Chile
COMP_001551,"Saunders, Ray and Cunningham",retail,14,1302,475798864.42,37312288.82,289861195.65,127950129.54,3.1759,1.7077,0.7902,5.469,North America,Canada
COMP_001552,Levine Ltd,technology,12,2725,301204298.25,28456995.76,275362366.12,116173574.33,2.9884,2.6536,0.7298,4.0421,Europe,Germany
COMP_001553,Marks & Stone Ltd,energy,29,49904,8200929151.3,787656150.85,16049281029.72,7744545463.17,1.2296,0.6426,0.9325,2.6524,Asia Pacific,Japan
COMP_001554,"Montgomery, Reynolds and Barber",financial_services,24,34297,4422190252.11,794497683.71,5140306288.63,2139746340.47,1.2553,0.9397,0.7131,6.5728,Europe,Germany
COMP_001555,Reed-Rhodes,technology,38,500,114811806.2,15833650.98,85870687.56,24758878.43,2.1548,1.2978,0.4051,9.3044,Europe,Germany
COMP_001556,Hernandez-Serrano,financial_services,10,2917,1068103751.14,47122475.51,2050169396.52,1297660240.18,2.6756,2.0585,1.7244,1.7802,North America,United States
COMP_001557,Mcclain PLC,hospitality,28,982,122585216.78,4839396.54,114328018.8,29277503.84,1.0743,0.7719,0.3442,4.2136,North America,United States
COMP_001558,Smith and Sons,professional_services,22,167,41397332.75,6027100.43,48436710.21,25470153.62,2.2243,1.2328,1.109,4.9194,North America,United States
COMP_001559,Wagner Group,professional_services,21,549,84066199.64,2411347.32,130604595.83,41517425.18,1.9939,1.6334,0.466,1.5523,Latin America,Brazil
COMP_001560,Booth-Jones,retail,49,3104,450211515.45,65494973.4,303884309.09,89625467.46,1.3075,0.7605,0.4183,11.37,Latin America,Brazil
COMP_001561,Vasquez & Allen LLC,manufacturing,12,1425,713308544.81,26404742.02,418020162.18,161143493.56,3.2029,2.511,0.6273,4.6899,North America,Canada
COMP_001562,Williams & Walker Ltd,hospitality,5,419,48137241.24,3535845.79,94491800.37,41860580.17,1.4391,0.7505,0.7954,2.2003,Asia Pacific,Singapore
COMP_001563,HumanInteresting and Sons,manufacturing,24,9770,1563245775.34,72689445.81,1062046282.98,260123768.33,2.019,1.1829,0.3244,5.8077,Europe,United Kingdom
COMP_001564,Miller Group,transportation,31,1475,282057975.19,45635598.61,265156518.52,65555511.16,2.9688,1.9839,0.3284,12.2871,Europe,Germany
COMP_001565,Solis Group,transportation,39,1654,824388175.33,125027720.16,521665570.08,129223897.2,3.8161,2.1125,0.3293,13.6311,Asia Pacific,Singapore
COMP_001566,BehaviorTough Group,manufacturing,7,7617,853239124.76,27124418.42,568400822.31,257792347.65,3.1452,2.3041,0.83,2.328,Latin America,Chile
COMP_001567,West Inc,professional_services,35,295,66921214.98,10844167.91,75792852.65,31675411.98,3.3027,2.8513,0.718,7.1166,Europe,Netherlands
COMP_001568,Mcgee-Smith,technology,33,299,48672121.6,5158317.58,50284113.37,16232804.43,2.502,1.4819,0.4767,5.4959,North America,United States
COMP_001569,Powell & Johnson PLC,financial_services,40,20210,3123058030.14,487302740.16,4487511838.67,1704799599.2,1.1647,0.7704,0.6126,5.3816,Europe,Netherlands
COMP_001570,Petersen PLC,retail,21,1399,226980304.01,40135791.5,247281163.02,80634669.51,2.29,1.5563,0.4839,7.4218,North America,United States
COMP_001571,PresentPublic LLC,energy,18,24921,5886754208.6,519796708.78,8152819810.2,4398523536.68,1.4859,1.336,1.1716,4.0477,Europe,United Kingdom
COMP_001572,Wu PLC,technology,14,267,84839089.66,10901423.79,168677078.4,47834895.58,2.4282,1.5802,0.3958,4.3689,Latin America,Mexico
COMP_001573,Clark Ltd,professional_services,1,458,73818937.62,1237060.43,57597319.71,41271455.7,2.0806,1.1152,2.528,1.666,North America,United States
COMP_001574,Bryant LLC,construction,37,3217,432084553.38,61124019.06,299712509.39,150613925.9,1.4372,1.0028,1.0102,6.3887,Latin America,Chile
COMP_001575,Bryan-Velasquez,construction,1,1122,112286201.04,8326406.99,70197175.7,34796398.88,3.0204,2.6591,0.9829,4.2486,Latin America,Mexico
COMP_001576,Richard & Rivera PLC,retail,3,372,49665848.65,1135561.64,26389382.85,18843778.35,3.0716,2.1686,2.4973,1.8381,North America,United States
COMP_001577,PlanMaterial Ltd,transportation,6,261,33402200.19,4328139.08,25992169.13,9377725.09,1.0937,0.8112,0.5644,8.4874,Asia Pacific,Australia
COMP_001578,RealizeHimself Ltd,manufacturing,2,1634,1287523285.88,48219154.02,1447206039.9,1072971717.16,0.8513,0.5493,2.8671,1.8685,Latin America,Mexico
COMP_001579,Chavez & Davis Ltd,construction,37,466,305511547.86,36271764.24,348927044.32,148727184.31,3.0536,2.5812,0.7429,5.586,North America,United States
COMP_001580,DoctorAble LLC,financial_services,42,13746,2738020089.44,373681604.19,1596354962.41,743947371.42,2.5818,1.3855,0.8728,10.2432,Europe,Switzerland
COMP_001581,HearThemselves Ltd,technology,10,355,116741600.96,16918941.55,107435232.08,33677966.99,1.797,1.5363,0.4566,10.2356,Europe,Netherlands
COMP_001582,SuchFilm PLC,retail,27,1173,196671185.96,14279388.91,102084521.73,31761162.95,3.8878,1.971,0.4516,10.9142,North America,United States
COMP_001583,Boyd Ltd,healthcare,36,1210,596503953.51,25128609.9,528811180.79,138665848.89,1.5453,1.163,0.3554,4.934,Asia Pacific,Hong Kong
COMP_001584,Rodriguez and Sons,technology,30,443,248886662.57,29331777.69,300371945.55,97512957.78,2.208,1.1515,0.4807,9.163,Europe,Netherlands
COMP_001585,Taylor-Love,manufacturing,13,2180,1975693185.23,309672810.26,2860303960.3,1597088028.58,3.3884,2.2733,1.2643,4.9285,Asia Pacific,Singapore
COMP_001586,Griffith & Rodriguez PLC,construction,49,500,72537677.52,5419722.14,37514693.6,18270002.38,3.1293,2.7832,0.9494,7.8631,North America,Canada
COMP_001587,Gonzalez & Martinez Group,transportation,27,3835,698193108.51,124321533.38,392641398.81,131908130.22,3.4001,1.7343,0.5059,16.358,North America,Canada
COMP_001588,Lewis & Summers and Sons,financial_services,32,15838,2027550652.84,316041841.32,2280172120.87,802417983.19,3.7888,2.0203,0.543,5.9397,Europe,France
COMP_001589,Love & Rodriguez Group,transportation,43,4154,433917618.78,74904331.6,397592882.65,220980932.32,2.4968,2.0947,1.2512,6.1554,Asia Pacific,Hong Kong
COMP_001590,Williams Ltd,financial_services,5,18886,3590812850.63,466439199.81,2507372730.67,1314989395.41,3.2198,2.7076,1.1028,7.9508,Asia Pacific,Singapore
COMP_001591,Monroe & Chapman Group,manufacturing,38,13549,1387947941.14,46321327.45,1710263867.42,418697077.05,2.2206,1.9387,0.3242,2.4947,Latin America,Mexico
COMP_001592,LotReason PLC,retail,21,1168,495645484.86,78707872.97,288578287.66,97664083.65,1.9187,1.2811,0.5116,12.9895,Europe,United Kingdom
COMP_001593,Blanchard and Sons,construction,17,465,68555173.28,7705732.06,42140732.46,13244312.64,1.713,1.3948,0.4583,19.8135,Asia Pacific,Singapore
COMP_001594,MomentAbove PLC,healthcare,7,408,108589101.14,10939803.7,76541882.37,49463099.42,2.213,1.1776,1.8266,6.8232,Latin America,Brazil
COMP_001595,Fitzgerald PLC,professional_services,19,337,72571712.3,7283872.15,40407409.55,20626512.92,3.0748,2.1871,1.0427,9.1716,North America,Canada
COMP_001596,Mcconnell & Roberson Group,energy,7,47712,5804949824.21,688371093.63,2917874050.18,1152734770.4,1.2754,1.0857,0.6531,14.1726,Asia Pacific,Japan
COMP_001597,"Norman, Kent and Holt",retail,2,263,138532011.95,4119423.09,125689913.16,61875043.46,2.5098,1.7849,0.9696,3.3822,Latin America,Brazil
COMP_001598,ConsumerSide and Sons,technology,4,73,40630265.13,1656964.41,68433036.08,44419375.75,1.0929,0.7418,1.8498,1.5716,North America,United States
COMP_001599,Garcia Ltd,technology,1,262,43743466.55,1695965.42,23286686.13,13462645.88,1.0728,0.5823,1.3704,3.0523,Latin America,Chile
COMP_001600,PlanPolice LLC,healthcare,41,1688,894719920.29,127226114.59,489946304.22,141980650.73,3.8648,2.4809,0.408,14.8167,North America,Canada
COMP_001601,Gordon & Cruz PLC,transportation,34,240,199948651.47,15050225.71,190975136.95,46410049.64,1.3846,0.8064,0.321,7.1404,Europe,United Kingdom
COMP_001602,"Farmer, Hill and Stuart",hospitality,34,131,65350940.86,8460027.71,37222549.88,15158049.53,1.0499,0.5827,0.687,11.5561,Europe,Netherlands
COMP_001603,Waller Group,healthcare,28,1228,230523120.22,6521152.91,150139867.91,41369812.82,2.8005,2.4935,0.3803,5.3352,Latin America,Mexico
COMP_001604,SupportCell and Sons,hospitality,13,424,71644264.86,6308685.19,40793843.33,12122286.7,3.2651,2.3635,0.4228,15.9031,Europe,France
COMP_001605,Gutierrez & Graves Ltd,energy,30,6583,740767235.32,117983869.47,592257511.5,144933558.19,2.9028,2.2283,0.324,19.348,Europe,Germany
COMP_001606,Hunt Ltd,manufacturing,8,7297,1042928983.91,70877186.06,1872144578.02,1357714266.33,2.3805,1.9172,2.6393,2.0455,Asia Pacific,Hong Kong
COMP_001607,Kelley LLC,construction,29,69,38468218.98,5017389.82,37175947.22,14120086.91,3.0137,1.8033,0.6124,6.068,Asia Pacific,Australia
COMP_001608,Joseph & Walls Ltd,healthcare,27,2835,801354725.28,131073796.22,461828768.96,168237967.86,1.0526,0.9169,0.573,20.0041,Asia Pacific,Australia
COMP_001609,Robinson and Sons,healthcare,40,1816,237543521.5,25644771.01,285098838.53,80918216.6,2.5896,1.5981,0.3963,10.3272,Asia Pacific,Japan
COMP_001610,Weber & Roberts LLC,technology,21,978,270465945.39,42698907.22,474271944.97,129143719.67,3.6472,2.3737,0.3742,6.1162,Latin America,Chile
COMP_001611,"Anderson, Page and Hester",retail,43,4054,440279385.61,70165921.03,309685866.54,107026924.53,1.9262,1.033,0.5281,22.5461,North America,Canada
COMP_001612,Thompson PLC,financial_services,50,13137,3257878071.55,583178143.01,2636088224.67,1324592486.67,2.7137,1.8176,1.01,6.5756,Europe,Switzerland
COMP_001613,RulePublic LLC,manufacturing,35,2019,1070585995.24,154364403.37,575971175.94,305514901.68,1.9824,1.0693,1.1296,13.0623,Latin America,Chile
COMP_001614,SeeBusiness LLC,financial_services,10,5961,1628425428.05,112246503.45,853323782.55,271566692.56,2.6188,1.9364,0.4668,11.9597,North America,United States
COMP_001615,Hart & Aguilar Ltd,construction,49,211,169835946.96,23632797.85,85509576.18,41638426.35,2.2494,1.5409,0.9491,16.2552,Latin America,Brazil
COMP_001616,Mckinney & Craig PLC,technology,33,2514,335073990.64,32287683.48,321419850.32,159990866.86,3.1984,2.2142,0.9911,3.6317,Latin America,Chile
COMP_001617,Mitchell & Boone Inc,healthcare,32,7308,994168664.42,73186548.05,505154118.91,206923457.77,3.2603,2.789,0.6938,8.7195,Asia Pacific,Singapore
COMP_001618,NecessaryBoth Inc,construction,4,1994,332610398.98,12018055.62,438142506.6,198164387.34,2.6011,2.0135,0.8258,2.0685,Latin America,Brazil
COMP_001619,James & Brown Inc,technology,29,2650,279333925.27,24858662.29,318871611.56,77578717.93,2.9067,1.892,0.3215,8.9338,North America,United States
COMP_001620,Gonzalez and Sons,hospitality,26,215,146399451.54,14382066.5,95222696.15,33766258.6,1.3986,1.1989,0.5494,9.2621,Latin America,Chile
COMP_001621,Terrell Ltd,financial_services,34,2457,2331376005.3,390014765.46,1814338059.06,663835424.15,2.9832,1.702,0.577,10.1933,Europe,France
COMP_001622,EnoughChild Inc,hospitality,39,103,12968326.18,1873047.06,10705255.92,4548313.84,3.1627,2.792,0.7387,10.0228,Latin America,Mexico
COMP_001623,"Mueller, Harris and Weaver",retail,44,928,282023814.31,35640214.98,287046103.42,110246999.61,3.1471,2.2032,0.6236,5.3631,Asia Pacific,Singapore
COMP_001624,Cervantes-Garcia,healthcare,38,8175,957837158.08,128250887.76,1769081588.72,895112014.89,2.5471,1.4235,1.0242,4.5535,Latin America,Chile
COMP_001625,Parrish Ltd,retail,12,431,89300865.29,2577475.5,116871328.71,76010551.52,1.3262,0.7179,1.8602,1.6325,Asia Pacific,Hong Kong
COMP_001626,Hoffman and Sons,transportation,7,4145,693104841.91,48851818.7,1183157898.4,523996819.22,2.3834,1.7096,0.7949,3.5187,Latin America,Chile
COMP_001627,Newton PLC,energy,12,20398,2049290202.16,303064586.74,1168806548.62,765399867.15,0.9644,0.7077,1.8973,6.5054,Europe,Netherlands
COMP_001628,Price PLC,healthcare,18,5001,538148546.05,27448383.0,490885587.73,205422414.28,1.2323,0.8243,0.7196,5.1025,Latin America,Brazil
COMP_001629,Mueller & Lindsey LLC,construction,13,450,52854842.58,4366355.72,31691382.63,19520394.87,2.7575,2.4171,1.6038,5.8991,Europe,Netherlands
COMP_001630,Schwartz & Williams Group,financial_services,18,2365,2257350971.93,180614388.93,2700777804.48,783259341.54,3.2745,1.8467,0.4085,6.2263,Europe,Switzerland
COMP_001631,Hughes & Frye Ltd,professional_services,3,552,75738251.23,7580808.38,46341565.87,22718672.55,0.9759,0.8319,0.9617,6.5343,Asia Pacific,Japan
COMP_001632,Edwards PLC,professional_services,15,105,35083366.66,1410089.62,22618793.89,14179050.87,2.3093,1.6543,1.68,4.0531,North America,Canada
COMP_001633,ArmAdd Ltd,financial_services,50,29176,3327909505.19,372263651.62,2909375621.34,815033551.83,2.2711,1.5169,0.3892,10.1121,Europe,Netherlands
COMP_001634,Harris-Melton,energy,14,66462,7964727109.86,829693105.79,8877686305.0,4896949813.72,2.529,1.2881,1.2302,3.564,Latin America,Mexico
COMP_001635,Dalton & Ramos and Sons,transportation,24,1315,927906041.28,131346795.42,524320299.36,129477818.85,1.1675,0.5885,0.3279,16.2715,Europe,Switzerland
COMP_001636,Pruitt & Bush Ltd,healthcare,24,610,238468871.45,34614758.97,124413475.33,64978339.9,1.7212,0.883,1.0933,13.4314,North America,United States
COMP_001637,Richardson PLC,energy,13,34927,4023193362.3,222375097.05,5293886300.66,3398590766.16,1.5993,0.8426,1.7932,2.6854,Asia Pacific,Singapore
COMP_001638,OfficeSingle PLC,healthcare,40,867,156653933.26,25380890.6,186634279.46,64957366.62,1.9797,1.5583,0.5339,6.109,Latin America,Chile
COMP_001639,Gonzalez Ltd,retail,40,528,496256784.07,26901089.05,298294473.92,89989296.11,1.5039,1.2632,0.432,6.8794,Latin America,Brazil
COMP_001640,Brandt LLC,energy,37,82696,9273659630.85,1302697741.18,7092400790.43,3166296176.96,1.3902,1.1576,0.8065,7.0266,North America,United States
COMP_001641,Thompson-Fleming,transportation,50,5283,544557558.98,41386920.76,389619131.92,132539940.94,3.5413,2.6222,0.5156,9.3322,Europe,Germany
COMP_001642,Rivers Ltd,retail,5,2568,421332580.6,31301339.97,437300608.34,215827928.57,1.2385,1.0683,0.9745,3.9861,Asia Pacific,Japan
COMP_001643,"Wilson, Williams and Ramirez",energy,40,11267,5233531873.86,930592376.01,8092881514.19,2285271988.5,2.1712,1.1516,0.3935,10.8159,Europe,Netherlands
COMP_001644,Baker & Martin LLC,financial_services,31,6506,3121692583.13,230025975.0,2078814402.11,837310480.93,3.6649,2.2017,0.6744,8.9792,North America,Canada
COMP_001645,Smith Group,technology,1,334,45473091.63,3514039.11,61657694.56,43415784.76,2.0023,1.2163,2.38,2.006,Europe,Germany
COMP_001646,Mckinney and Sons,energy,45,23752,7564940683.94,453309293.75,7581640428.83,1843692630.14,1.3091,0.7644,0.3213,4.4245,North America,Canada
COMP_001647,Williams LLC,hospitality,29,62,26414983.24,2632988.9,19045793.5,8457619.81,1.7863,1.3257,0.7988,9.6431,Asia Pacific,Australia
COMP_001648,"Williams, Randolph and Gilbert",hospitality,35,615,165387458.42,10065092.34,95712673.86,42214114.71,2.9717,2.3184,0.7891,5.0279,Europe,United Kingdom
COMP_001649,Stanley Group,transportation,3,1456,784207806.79,51313058.55,540433782.73,389252163.42,1.2918,0.7539,2.5747,4.0275,Latin America,Mexico
COMP_001650,Tyler & Pierce Inc,manufacturing,22,12024,1420401948.51,137628585.21,1080685647.75,359595511.82,2.2792,1.1919,0.4987,7.8905,Asia Pacific,Australia
COMP_001651,StepSecond LLC,energy,45,3282,409795786.22,37787239.21,242396359.57,68644762.78,3.2952,1.6713,0.3951,10.8963,Europe,Switzerland
COMP_001652,Fox and Sons,financial_services,14,13438,1522610496.17,217218354.84,1045410118.2,411210633.49,1.9615,1.5973,0.6484,11.6745,Europe,Germany
COMP_001653,NearAuthor PLC,healthcare,35,1254,266797007.06,14034259.32,167375352.26,75717301.2,2.8579,1.621,0.8261,3.4198,Europe,Switzerland
COMP_001654,Moore PLC,manufacturing,42,801,726671450.87,18881199.14,409018493.59,120353143.29,1.5048,1.3074,0.4169,5.5938,Europe,Switzerland
COMP_001655,NotInternational Inc,professional_services,45,89,9220453.3,1163615.53,8446512.15,4274544.05,2.3081,1.2781,1.0246,6.3575,Asia Pacific,Japan
COMP_001656,Bailey & Ware Ltd,construction,13,1505,468794122.4,21896609.78,385578219.66,150057467.08,1.0594,0.8336,0.6371,3.2229,North America,United States
COMP_001657,Rivera & Ward and Sons,hospitality,40,1077,111206645.9,5750640.68,150181196.45,76236969.69,1.3078,1.1507,1.031,2.9757,North America,Canada
COMP_001658,"Moreno, Barajas and Colon",transportation,32,2759,312469067.55,39626024.19,318665130.37,105132633.64,1.3572,1.0505,0.4923,8.5413,Latin America,Mexico
COMP_001659,"Smith, Caldwell and Griffin",financial_services,14,9959,1990937770.2,241108735.93,1268240588.34,515245310.67,1.0072,0.6348,0.6843,9.684,Latin America,Brazil
COMP_001660,"Austin, Oliver and Haley",manufacturing,15,6671,899933055.6,106445363.91,1113256348.42,648187725.6,1.5142,1.0057,1.3937,6.5376,Asia Pacific,Singapore
COMP_001661,"Blackwell, James and Hogan",financial_services,9,15561,3006965723.47,418537344.92,1911461009.64,888348595.98,1.5972,1.3207,0.8683,14.2543,Latin America,Brazil
COMP_001662,Wilson LLC,hospitality,24,685,103620206.11,10191147.91,91672128.61,48948117.93,1.1305,0.9535,1.1457,6.0512,Asia Pacific,Australia
COMP_001663,Fernandez & Campbell PLC,financial_services,28,30066,4597765946.34,690496679.46,3799579834.65,1955534920.45,1.3262,0.9552,1.0605,12.2291,Latin America,Chile
COMP_001664,TermSpeech LLC,manufacturing,20,2968,998957330.98,132645532.27,1778249127.73,522776840.63,2.6426,1.792,0.4164,6.7627,Latin America,Brazil
COMP_001665,MySuggest PLC,construction,50,3946,496118217.34,37852636.22,624396846.51,314479166.5,2.6776,1.8193,1.0147,2.5733,Asia Pacific,Singapore
COMP_001666,Griffin Inc,retail,25,2929,426009628.96,66185880.33,604077716.1,253115697.92,1.1586,0.8982,0.7212,7.7721,Asia Pacific,Japan
COMP_001667,Phillips Ltd,professional_services,22,82,21246796.18,1262767.15,11728223.84,5163501.41,1.935,1.5418,0.7866,6.472,Asia Pacific,Australia
COMP_001668,Lee & Palmer Inc,technology,38,858,465367012.11,67868173.17,382881545.24,101405727.06,2.9618,1.54,0.3603,13.3536,Latin America,Chile
COMP_001669,ComputerSpring PLC,transportation,33,1210,125202733.91,21680714.86,97523176.41,32012797.71,2.3471,1.5455,0.4887,14.9067,Latin America,Chile
COMP_001670,Ferguson Ltd,construction,17,2839,409637605.7,63740280.77,230961379.5,70025762.64,3.425,2.7468,0.4351,19.2997,North America,Canada
COMP_001671,AttorneyDevelop Ltd,hospitality,24,613,76744035.4,11616769.35,47378206.94,20031557.05,3.7238,2.0841,0.7325,11.8638,North America,United States
COMP_001672,Soto and Sons,energy,3,35469,8785844488.43,836245302.64,5957643281.21,4313085514.56,1.7213,1.0603,2.6226,5.6021,Latin America,Brazil
COMP_001673,"Coleman, Garcia and Medina",retail,46,3629,434292231.67,27223465.19,482271709.9,181304189.5,2.4963,1.4591,0.6024,4.0719,Europe,United Kingdom
COMP_001674,"Johns, Figueroa and Graham",healthcare,36,6406,806895773.12,136809573.33,1041754557.94,311162926.29,2.2135,1.8661,0.4259,6.8757,North America,United States
COMP_001675,TechnologyYard Inc,hospitality,42,748,158216056.83,16312456.0,159227912.26,63812502.19,1.9823,1.4652,0.6688,4.539,Europe,Switzerland
COMP_001676,SkinRich and Sons,manufacturing,45,5296,616311486.81,64309522.75,431930651.68,220846799.2,3.202,2.8657,1.0463,10.4697,Asia Pacific,Japan
COMP_001677,Stevens LLC,professional_services,9,61,8551468.66,319042.14,12632864.84,6212941.44,1.5631,1.317,0.9678,2.0844,North America,Canada
COMP_001678,Johnson & Jones and Sons,technology,27,550,202087109.2,17168845.6,259010149.2,67234248.22,1.2394,0.998,0.3506,5.5208,North America,Canada
COMP_001679,Bauer & Grant PLC,hospitality,40,282,35531378.48,1296695.27,17829926.33,8937221.14,3.7012,2.5768,1.005,3.465,Asia Pacific,Australia
COMP_001680,Underwood & Bartlett Group,transportation,6,887,698001578.01,51039216.07,372937763.77,121810702.77,1.8861,1.5696,0.4851,7.7901,Asia Pacific,Australia
COMP_001681,Hayes-Sullivan,healthcare,44,433,349369227.91,50410102.88,180416266.04,60763441.76,3.8702,2.8662,0.5078,27.7058,Latin America,Mexico
COMP_001682,FourAdult Group,professional_services,12,590,97573214.99,2867332.46,96610216.64,47805204.45,1.4369,0.9299,0.9795,1.7637,Asia Pacific,Australia
COMP_001683,Nunez PLC,retail,4,2807,321204094.52,31278748.53,191853551.7,124089831.42,2.765,1.4658,1.8312,4.6503,Latin America,Chile
COMP_001684,AccordingPut Ltd,construction,41,1820,412127879.0,34123036.81,282020594.89,127547643.18,2.9785,1.8988,0.8257,5.329,North America,United States
COMP_001685,Montgomery & Avila PLC,professional_services,47,20,13686204.94,1733692.97,7390443.28,3320494.11,1.3064,0.654,0.8159,7.8929,North America,Canada
COMP_001686,Williams & Charles LLC,construction,41,1050,431697168.72,30452623.68,369161313.23,94260066.22,1.1289,0.8485,0.3429,11.289,North America,Canada
COMP_001687,WithoutMorning Inc,hospitality,11,945,184628680.91,18471109.1,164563658.14,59596806.53,3.1621,1.9554,0.5678,7.9046,North America,United States
COMP_001688,Roberts & Jennings PLC,professional_services,12,427,48962660.92,5265562.97,40788960.53,16064090.56,1.1394,0.8157,0.6497,7.4453,North America,Canada
COMP_001689,BeforeFather Group,transportation,26,1678,610190408.37,51950663.99,1165967483.23,292179740.46,1.4217,0.7204,0.3344,3.8857,Europe,Netherlands
COMP_001690,James Ltd,financial_services,18,6623,3826400906.51,214760494.14,2244746174.85,853405410.44,2.8348,2.1453,0.6134,6.3974,Latin America,Brazil
COMP_001691,Johnson & Moore and Sons,financial_services,43,4524,882444750.03,149265211.22,1236079296.96,360858534.13,3.5479,2.079,0.4123,7.9474,Europe,Germany
COMP_001692,CenturySkin Group,technology,12,550,251780472.16,24004353.36,279945761.01,129144042.35,3.0803,2.6821,0.8564,6.6868,Latin America,Brazil
COMP_001693,"Phillips, Walters and Evans",retail,25,1463,200534187.83,14768587.31,113508258.94,59619886.93,1.9218,1.2315,1.1064,7.1305,Asia Pacific,Japan
COMP_001694,"Wong, Bernard and Smith",energy,50,6282,1506421222.01,257438868.27,991389769.33,545945591.59,3.5388,2.9401,1.2256,11.9664,Europe,United Kingdom
COMP_001695,"Thomas, Williams and Armstrong",transportation,16,1730,373859078.07,36558715.82,408737531.29,210389333.59,2.1135,1.9014,1.0607,3.1191,North America,Canada
COMP_001696,IndeedNote PLC,professional_services,50,56,7283144.78,884821.89,5630966.38,1862640.44,1.2508,0.8119,0.4943,11.5623,Europe,Germany
COMP_001697,Arroyo & Torres Ltd,manufacturing,39,383,61365694.83,6493216.9,79000265.69,43260444.61,2.6521,1.4627,1.2104,4.0105,Latin America,Chile
COMP_001698,"Berger, Cooper and Gutierrez",retail,23,269,69312812.0,5739449.71,35043636.59,18600390.09,3.7512,2.8619,1.1312,9.3472,Europe,Germany
COMP_001699,Brewer PLC,construction,36,2758,481741980.24,50247514.09,307788259.93,118283255.7,1.5757,1.3654,0.6242,9.1386,Europe,France
COMP_001700,Martin and Sons,hospitality,17,1094,110356377.64,17157165.35,64173828.95,18668301.75,1.5566,1.107,0.4102,24.3848,North America,United States
COMP_001701,Jensen & King Inc,technology,2,3704,482945258.42,8346529.37,805247262.84,391378958.26,2.3023,1.7573,0.9457,1.3595,North America,Canada
COMP_001702,White PLC,technology,19,1134,216816441.29,29432632.78,161077923.51,51128469.75,1.3622,0.7923,0.465,9.1548,Europe,Switzerland
COMP_001703,TogetherArm PLC,professional_services,40,289,31525705.24,3413061.3,21495174.25,10887379.71,2.1375,1.2054,1.0264,5.6999,Europe,France
COMP_001704,Murray PLC,professional_services,46,329,50861115.35,6369768.0,87178008.53,26018142.86,2.0033,1.1877,0.4254,5.1779,Latin America,Mexico
COMP_001705,Jones & Powers LLC,professional_services,17,204,44231413.02,4670803.54,30916751.52,9307030.79,3.593,3.1477,0.4307,8.0504,North America,Canada
COMP_001706,Gonzalez PLC,technology,6,214,53726677.45,4033445.7,51327476.23,30553878.2,0.8787,0.6557,1.4708,3.7911,Latin America,Chile
COMP_001707,Freeman & Rivera and Sons,manufacturing,49,4265,1285244366.23,184122925.3,686185387.05,305644600.54,3.2458,2.7259,0.8032,20.7568,Asia Pacific,Hong Kong
COMP_001708,Lambert & Young LLC,energy,15,6088,2199579915.97,351722102.23,1481225839.45,657039599.85,2.6473,2.2242,0.7972,16.1827,Latin America,Mexico
COMP_001709,Harvey and Sons,healthcare,32,5282,621490015.12,110954847.13,606676323.24,189429730.83,1.2864,0.9394,0.454,10.4599,Europe,France
COMP_001710,FriendMention Group,professional_services,13,561,65195008.69,6014545.8,82518606.41,37530932.22,1.4552,1.1535,0.8342,3.4133,Asia Pacific,Singapore
COMP_001711,Murphy Ltd,hospitality,39,308,31252945.77,750487.19,34480286.29,13033569.33,2.3096,2.0406,0.6077,1.985,Europe,France
COMP_001712,Torres & Silva PLC,transportation,27,378,70736130.84,5243742.34,42456413.18,18453945.77,3.2892,2.4733,0.7688,4.6779,Asia Pacific,Japan
COMP_001713,Knight LLC,manufacturing,35,6409,1563715556.28,182207204.91,2531572388.82,892470608.21,1.5908,0.9582,0.5445,4.2179,Asia Pacific,Japan
COMP_001714,Jackson-Edwards,healthcare,21,657,462501421.65,75688735.11,392669943.46,128324350.28,3.3302,2.1878,0.4854,13.2558,North America,Canada
COMP_001715,Floyd & Joseph Ltd,transportation,1,666,67582157.55,1472727.41,130729481.71,61447005.53,2.6629,1.3449,0.8869,1.683,North America,Canada
COMP_001716,Hill-Ward,professional_services,46,559,99489198.56,10860772.67,129658602.04,64487911.09,1.109,0.6472,0.9895,4.5355,North America,United States
COMP_001717,"Quinn, Humphrey and Ford",financial_services,41,2904,298324999.37,52400156.6,184651079.52,83318790.31,2.5677,1.2967,0.8222,13.5459,Asia Pacific,Japan
COMP_001718,HerStage LLC,financial_services,45,34326,3478225792.0,320773742.01,2483613695.06,1285082634.75,3.106,1.9786,1.0722,5.7863,Europe,Switzerland
COMP_001719,Tucker Inc,financial_services,2,31327,4918557837.06,352870228.42,3901006863.59,1454247370.12,2.5657,1.7262,0.5944,8.6403,Latin America,Brazil
COMP_001720,Thompson & Obrien LLC,healthcare,39,679,242984203.69,32338640.5,380266113.99,193369356.46,3.3918,2.5496,1.0346,3.2644,North America,United States
COMP_001721,Vance and Sons,construction,25,151,75413437.5,2989430.6,75193223.12,24679668.29,2.0081,1.0418,0.4886,4.1348,Europe,United Kingdom
COMP_001722,EveryoneSimilar Ltd,technology,19,326,61571084.77,10843253.71,36259224.37,16914686.26,1.4773,0.7493,0.8744,16.686,North America,Canada
COMP_001723,Jones Inc,energy,46,5274,3067587718.3,206904137.18,2513650642.54,1164905274.54,3.2993,2.7893,0.8637,3.8492,Europe,Germany
COMP_001724,Atkinson Ltd,financial_services,25,1126,514218596.94,72175755.08,296497270.65,125458188.85,3.1255,2.2836,0.7335,12.3839,Latin America,Mexico
COMP_001725,AllowTax PLC,manufacturing,16,1592,1387401069.97,97076418.01,846794041.95,335606730.88,0.9996,0.5926,0.6565,10.5276,North America,Canada
COMP_001726,Riley & Hammond and Sons,transportation,36,327,71668880.15,11863040.86,140829173.11,74666479.38,2.5184,1.308,1.1285,2.9001,Europe,United Kingdom
COMP_001727,Escobar PLC,construction,1,2246,257163953.43,14386991.96,370607421.99,224063934.83,2.2435,1.7024,1.529,2.383,North America,United States
COMP_001728,Stephens-Lutz,professional_services,8,717,99671336.96,14208835.81,169493687.06,105113959.41,2.4707,1.3769,1.6327,4.7203,Asia Pacific,Australia
COMP_001729,Valdez-Hernandez,energy,37,11302,8149004181.58,789871409.24,5836627441.02,1832729435.73,1.3606,1.0337,0.4577,11.914,North America,Canada
COMP_001730,IncludingDog PLC,energy,32,44689,6171433410.4,1047745122.94,4135298101.81,1333603308.71,1.8218,1.3701,0.476,10.9431,Asia Pacific,Singapore
COMP_001731,SignificantTough LLC,retail,33,1387,154514303.15,5891293.34,115640836.59,51089999.7,1.3854,0.9964,0.7915,3.3829,Europe,France
COMP_001732,Marshall PLC,energy,26,45648,6257763571.1,1107215779.96,8509907132.27,2499527153.6,3.3114,2.1471,0.4159,13.2944,North America,Canada
COMP_001733,Davis & Cox Inc,technology,16,2316,263993690.49,43178883.92,237279953.44,130367003.33,3.2845,2.049,1.2194,7.454,Asia Pacific,Hong Kong
COMP_001734,Bates & Charles PLC,construction,26,347,215911275.03,5721978.54,271548766.63,134668809.98,1.2199,0.8558,0.9838,2.3047,Europe,United Kingdom
COMP_001735,Sutton & Todd and Sons,healthcare,28,226,135056824.86,13713651.95,210751615.19,79124366.66,2.032,1.3737,0.6011,6.089,Asia Pacific,Singapore
COMP_001736,LikeCollection and Sons,professional_services,21,554,88717119.42,6386226.93,65679825.89,16953053.96,2.1136,1.2802,0.3479,6.4856,Asia Pacific,Hong Kong
COMP_001737,"Fry, Hopkins and Faulkner",transportation,8,2834,455286802.33,41280469.75,284020014.25,178229389.17,3.1934,2.4107,1.6847,5.0678,Asia Pacific,Hong Kong
COMP_001738,Fitzgerald Group,energy,25,11764,1986493992.62,321985357.08,1492938334.57,451372964.08,1.9617,1.4574,0.4334,17.5839,Latin America,Mexico
COMP_001739,Crosby Inc,energy,44,11866,3709205541.23,360231950.04,2237163141.12,1231742053.92,3.8823,3.019,1.2251,5.1612,North America,Canada
COMP_001740,Robinson & Freeman Inc,healthcare,37,3367,417059103.77,22085339.79,774770547.79,275168921.91,2.4382,1.4307,0.5508,1.9643,Latin America,Brazil
COMP_001741,Wood-Williams,retail,37,3898,414113871.99,74430124.29,373982294.4,120760530.51,1.5721,1.1386,0.4769,17.7046,Europe,Netherlands
COMP_001742,Clark & Velez LLC,construction,40,3242,368139118.38,58194228.67,248892115.41,80305523.24,2.2964,1.9918,0.4763,12.9444,Europe,Switzerland
COMP_001743,ImportantManager Group,technology,9,2173,384883141.93,19228463.68,497559892.71,269027903.91,1.5357,1.3769,1.1772,3.1955,Europe,Germany
COMP_001744,Keith Inc,manufacturing,14,267,31952216.21,5003667.24,25727125.71,7769118.04,2.5412,1.4224,0.4326,11.7819,Latin America,Mexico
COMP_001745,Hooper & Nguyen Ltd,energy,18,24976,4190732281.89,533306590.25,6071267287.47,2323506481.28,3.5721,2.4184,0.62,5.5051,North America,United States
COMP_001746,Schmitt & Schultz LLC,healthcare,2,3640,483937430.88,8329915.93,276771735.03,197590531.02,3.0553,1.7885,2.4954,2.2265,Latin America,Chile
COMP_001747,"Baker, Stephens and Thompson",manufacturing,32,450,48192630.88,4535237.38,40150715.8,12254024.58,1.2557,1.0733,0.4393,7.8753,Latin America,Mexico
COMP_001748,Valdez LLC,technology,29,871,130646791.16,3205816.9,97660309.02,25074790.55,2.1224,1.0905,0.3455,2.9734,Asia Pacific,Australia
COMP_001749,PeopleReady Inc,technology,41,3055,380384621.74,37192111.81,243510185.95,115164700.44,1.4183,0.9906,0.8973,11.5021,Latin America,Mexico
COMP_001750,Black & Bennett and Sons,hospitality,11,208,28284831.44,2182357.58,25022586.91,10998180.26,3.3053,2.7657,0.7842,4.7181,North America,United States
COMP_001751,NameInto LLC,hospitality,43,662,107526716.16,19054750.86,74082829.3,36599532.33,3.7394,3.1905,0.9764,8.6401,North America,Canada
COMP_001752,TechnologyTrip LLC,energy,39,13517,2191258626.57,218620533.16,1588677984.26,434401596.75,3.6864,3.2896,0.3763,8.7769,Latin America,Chile
COMP_001753,Tucker & Olson PLC,professional_services,5,10,1706017.08,82143.75,911897.89,503985.8,0.9413,0.7493,1.2355,3.3152,North America,Canada
COMP_001754,Smith and Sons,manufacturing,27,934,489990900.62,71005609.36,424316137.24,131229540.93,1.4169,0.8345,0.4478,10.2474,North America,United States
COMP_001755,Gonzales & Hall PLC,healthcare,22,7116,975994386.14,117200513.84,726414751.85,253241952.53,1.7592,0.8825,0.5352,14.8226,Latin America,Chile
COMP_001756,"Campbell, Hernandez and Moore",manufacturing,13,7349,1605058852.65,214644994.0,819637895.85,447852465.09,1.7557,1.2274,1.2046,13.5622,Europe,France
COMP_001757,PlaySeries Inc,hospitality,45,761,191955752.22,19330797.89,108396474.58,52874976.24,2.5454,2.1982,0.9523,11.0133,Latin America,Brazil
COMP_001758,RecentDrug Group,healthcare,25,2554,490414773.71,51717386.8,455509315.3,120551082.9,3.1315,2.4399,0.3599,11.0873,Latin America,Mexico
COMP_001759,Cortez-Olson,construction,2,516,59319418.35,5874508.01,60109805.91,32866175.07,1.8297,1.112,1.2064,3.5545,Europe,United Kingdom
COMP_001760,MeasureMeasure and Sons,manufacturing,13,2080,1100439383.06,83223004.08,1620687783.91,968552875.78,1.112,0.9475,1.4852,2.6432,Europe,United Kingdom
COMP_001761,PerformanceColor Ltd,energy,21,35491,4571054478.87,632007542.2,2994318844.12,1107995740.75,1.8345,1.2836,0.5874,8.6508,Asia Pacific,Singapore
COMP_001762,Whitaker & Johnson Inc,transportation,23,7000,845913511.91,33481825.67,434003433.35,139542964.37,2.2725,1.1415,0.4739,8.3662,Asia Pacific,Hong Kong
COMP_001763,Berry and Sons,financial_services,44,808,499432078.11,16465483.83,822873458.4,298239496.24,1.7703,0.9606,0.5685,2.3272,Asia Pacific,Singapore
COMP_001764,Taylor PLC,financial_services,1,20513,2446323273.74,77598802.2,1380508446.04,620138448.25,1.9939,1.7244,0.8156,2.3728,Europe,France
COMP_001765,Williams PLC,healthcare,29,1047,154298421.37,4181681.23,177819370.52,53714871.13,3.5622,2.2062,0.4328,1.8748,Europe,Switzerland
COMP_001766,Thomas and Sons,manufacturing,3,1911,656105094.51,69769993.97,656645632.33,239098578.17,2.2418,1.6003,0.5726,10.3013,Asia Pacific,Japan
COMP_001767,EveningWin and Sons,professional_services,50,632,73867029.2,6765355.93,123251334.38,53536515.1,2.7456,2.3261,0.7679,2.8216,Latin America,Brazil
COMP_001768,"Mullen, Greene and Elliott",manufacturing,36,7449,957276077.44,63104865.77,1175123566.42,428399511.57,1.8131,0.9161,0.5737,4.0269,Europe,France
COMP_001769,Smith Ltd,transportation,20,2392,382129402.29,68059428.9,194911868.7,47662078.48,1.9605,1.4823,0.3237,19.4148,North America,Canada
COMP_001770,Luna & Nicholson Inc,manufacturing,43,3326,795007794.35,140942322.13,1584834319.53,744099776.37,1.7578,0.9823,0.8851,3.7163,Europe,United Kingdom
COMP_001771,DirectionList PLC,energy,34,23747,4621495345.64,313047157.77,2622426276.76,644120120.89,1.5869,0.9916,0.3256,16.0057,Latin America,Chile
COMP_001772,Haney & Dillon and Sons,hospitality,28,442,157218292.22,15061989.64,111148103.33,60666146.77,1.3651,0.8512,1.2017,5.4296,Asia Pacific,Australia
COMP_001773,Greer PLC,professional_services,21,224,89262426.55,13097156.85,69736293.69,25583329.2,2.5109,2.1971,0.5794,15.4703,Europe,Germany
COMP_001774,Norton and Sons,technology,48,901,477712008.57,59370385.24,301613025.13,108749001.02,2.821,1.7264,0.5639,11.4435,Asia Pacific,Australia
COMP_001775,Hanson & Dixon and Sons,retail,45,2055,393877886.36,9605934.55,356682118.12,181870715.02,1.651,1.4638,1.0404,1.532,North America,United States
COMP_001776,Ramsey & Cooper Group,financial_services,50,14810,1583880409.78,74255957.02,1477187295.95,525554319.91,2.0121,1.2575,0.5523,3.3483,North America,Canada
COMP_001777,Carlson Inc,manufacturing,30,7233,1379388065.11,189099625.33,1661722350.36,650734293.53,2.3279,1.6319,0.6437,6.1206,Europe,Germany
COMP_001778,DrugHuman Group,technology,46,1544,219363958.9,33070875.5,133403415.03,50305393.95,3.3964,2.8841,0.6054,11.0536,Latin America,Brazil
COMP_001779,Anderson & Smith PLC,transportation,29,2250,262123915.83,30045769.05,168579230.8,44267628.53,3.3024,2.207,0.3561,15.7335,North America,United States
COMP_001780,Heath & Gordon Group,transportation,33,3913,842462863.63,28933704.73,612799076.04,209901939.8,2.7632,1.9982,0.521,4.0587,Latin America,Brazil
COMP_001781,Jacobs and Sons,hospitality,17,27,8646843.44,902585.33,7422560.34,2439386.45,1.0671,0.5999,0.4895,12.9873,North America,United States
COMP_001782,Valenzuela-Greene,healthcare,12,8441,902253182.17,32736094.09,623363501.87,339404991.5,1.0163,0.8536,1.1953,2.4604,North America,United States
COMP_001783,Rich & Schmidt Inc,healthcare,33,660,464170077.3,66680124.6,269362206.96,66935680.78,3.4067,1.713,0.3307,20.9741,North America,United States
COMP_001784,Olson and Sons,retail,31,1192,319326335.45,46486371.9,230690524.57,65994359.9,2.6224,2.2484,0.4007,18.2612,Latin America,Chile
COMP_001785,"Ryan, Smith and Pace",technology,16,1334,330017607.18,41693198.72,582701332.02,254507678.0,2.2475,1.6759,0.7755,3.3538,Europe,Germany
COMP_001786,ResourceRange Group,technology,32,2994,447663752.61,41629341.58,278120667.23,134916750.19,3.442,2.6272,0.9421,5.0101,Asia Pacific,Singapore
COMP_001787,NearlyKitchen LLC,transportation,44,2158,640302985.35,105772068.77,617925076.52,275586171.43,2.5409,1.8984,0.805,7.1138,Asia Pacific,Singapore
COMP_001788,TwoAnimal Ltd,energy,33,58050,6158639168.36,664108271.84,9373795219.92,2478731144.46,1.2227,1.0456,0.3595,4.5155,North America,United States
COMP_001789,"Patterson, Mays and Olson",technology,13,213,34259368.24,2617490.3,17252867.35,5603738.13,2.6064,1.7135,0.481,7.1019,North America,United States
COMP_001790,SpecificI LLC,transportation,40,2936,523223941.73,48994561.69,901868882.17,471130574.09,1.7039,1.5154,1.0938,2.5321,Asia Pacific,Hong Kong
COMP_001791,Chapman & Figueroa Ltd,construction,31,126,79333655.4,9014110.2,84382542.9,44958463.52,3.8705,3.2038,1.1404,5.0613,Asia Pacific,Japan
COMP_001792,Johnston & Coleman LLC,manufacturing,40,10871,1477493199.76,109054494.72,1784531291.88,713018255.81,2.933,2.4856,0.6654,4.3808,Asia Pacific,Hong Kong
COMP_001793,Woods and Sons,professional_services,46,313,51466081.12,6609282.06,34452675.49,10843182.24,2.4959,2.2081,0.4593,9.7556,North America,United States
COMP_001794,WhereTown Inc,energy,36,29697,6818266403.12,555368573.22,4376768543.06,1476616351.06,1.5081,1.2497,0.5092,10.0197,Latin America,Chile
COMP_001795,Campbell & Mcdowell Group,financial_services,35,717,217947774.01,13643633.4,189636774.75,69122524.47,3.7477,3.2386,0.5736,5.5047,Latin America,Chile
COMP_001796,Scott Inc,healthcare,23,140,89368055.97,12503451.89,65786645.63,27257130.35,2.8999,2.5189,0.7074,9.536,North America,Canada
COMP_001797,SecuritySix Inc,energy,1,21900,7177417711.22,843269560.26,3887376438.75,1517271995.95,2.2956,1.5192,0.6402,10.7088,Asia Pacific,Japan
COMP_001798,Lane & Wilson Inc,financial_services,43,455,369700836.63,36527915.48,238736041.54,61771413.2,2.7297,2.2572,0.3491,15.7158,Latin America,Mexico
COMP_001799,HowReal and Sons,professional_services,47,73,7590044.41,1199764.83,5820488.87,1934480.03,2.8616,1.7071,0.4978,16.6539,Europe,Netherlands
COMP_001800,"Brock, Ortiz and Rodriguez",technology,37,45,7042129.14,966584.37,5111460.12,2383298.31,1.5753,1.1391,0.8736,11.2365,Latin America,Brazil
COMP_001801,Simmons & Richards LLC,construction,27,3895,478468192.16,43989959.99,775551508.27,220765353.26,1.9365,1.2735,0.3979,5.611,North America,United States
COMP_001802,"Henderson, Diaz and Hill",manufacturing,44,4412,1477641635.32,196579453.71,1779711467.68,776648178.47,2.5965,1.3734,0.7743,4.2768,Latin America,Chile
COMP_001803,Becker and Sons,transportation,23,1247,359718894.42,43267969.98,686200825.52,268848649.21,2.3337,1.2342,0.6442,5.2151,Latin America,Brazil
COMP_001804,Arnold-Grant,professional_services,11,264,30005290.34,1452762.8,18017991.13,7772619.89,2.1057,1.77,0.7586,3.4527,Asia Pacific,Australia
COMP_001805,CountryHospital PLC,technology,8,1176,175501911.64,15407008.66,201842489.22,126084723.25,1.8314,0.9644,1.6643,3.1633,Latin America,Chile
COMP_001806,OneMember LLC,professional_services,49,228,77578026.35,3773419.51,100222038.2,46031873.12,2.1143,1.8021,0.8495,2.0806,North America,United States
COMP_001807,Lane-Schroeder,technology,12,2937,331023934.92,40135655.35,330434494.96,103228270.93,2.8183,1.644,0.4543,6.2474,Asia Pacific,Singapore
COMP_001808,Sanders and Sons,transportation,10,673,193343612.19,8405387.73,103619079.51,40564540.99,0.922,0.6339,0.6433,5.8199,Asia Pacific,Singapore
COMP_001809,Wyatt & Hopkins Ltd,energy,44,14998,1782387886.57,176854712.13,1300643309.26,394551938.09,2.0627,1.1258,0.4354,7.949,Latin America,Chile
COMP_001810,DrugLikely Ltd,healthcare,9,150,102903671.46,13486113.53,200938269.83,62631919.33,1.7126,1.0234,0.4528,4.9051,North America,United States
COMP_001811,Garcia PLC,hospitality,4,430,132400241.22,3235624.57,83552780.15,48133860.27,3.0984,1.6555,1.359,2.5015,North America,United States
COMP_001812,InstitutionStock LLC,transportation,35,5120,766728935.6,67746816.56,529889150.22,287460805.85,1.0823,0.8868,1.1858,7.9384,North America,Canada
COMP_001813,Owen & Mendez Ltd,construction,20,940,136197982.02,6006920.89,82972715.72,42188626.49,2.2027,1.5841,1.0344,2.8376,Latin America,Chile
COMP_001814,SeatArea and Sons,healthcare,24,253,25840236.23,4417704.92,33610745.37,16058364.24,1.075,0.5518,0.9149,7.8335,Latin America,Mexico
COMP_001815,ImproveProvide Inc,technology,44,55,42003662.07,3147115.35,24051382.81,7066871.01,3.159,1.7006,0.4161,7.2266,Latin America,Mexico
COMP_001816,Brock & Morrow Group,healthcare,17,2150,968020734.67,67943642.7,699823711.79,214659460.55,1.2675,1.0698,0.4424,7.0794,Europe,Germany
COMP_001817,Frost Group,financial_services,3,2761,1484269439.61,30757773.64,1515683225.0,1119016490.09,2.1858,1.2539,2.821,1.6573,Europe,United Kingdom
COMP_001818,Davis LLC,healthcare,8,3396,770377032.1,87683506.06,871428812.98,383086094.86,1.447,0.782,0.7845,6.3996,Europe,Switzerland
COMP_001819,DoctorHospital Inc,retail,11,1439,313082457.29,16485630.77,224181605.15,95395941.21,3.136,2.4201,0.7407,4.5901,Europe,Switzerland
COMP_001820,"Johnson, Cruz and Joyce",professional_services,29,190,38502994.15,3496021.81,75873232.67,24612278.28,2.5043,1.6823,0.4801,4.3725,Asia Pacific,Australia
COMP_001821,Mendez PLC,transportation,41,991,213630389.57,35284492.87,123384701.6,40538405.47,2.6783,2.0216,0.4893,19.1721,Europe,France
COMP_001822,Mitchell & Stuart Inc,energy,45,5443,1257794860.69,65027904.5,1169527678.64,639896696.75,2.1008,1.3299,1.2082,2.3115,Latin America,Brazil
COMP_001823,Bowman Group,hospitality,4,443,123387580.64,10917447.53,109694081.73,51607285.9,1.4697,1.195,0.8885,5.2639,Asia Pacific,Australia
COMP_001824,ActionDefense Ltd,financial_services,49,30449,3875422565.38,331092242.03,2453546385.16,1112475894.91,2.0069,1.4539,0.8295,5.663,Latin America,Brazil
COMP_001825,"Mitchell, Johnson and Greene",retail,10,560,322664318.26,18602467.48,177664443.14,103548102.65,3.4244,2.3887,1.3971,3.9324,Asia Pacific,Hong Kong
COMP_001826,Black and Sons,construction,13,1877,267499555.96,33130796.43,202562415.13,74229338.54,1.6697,1.4627,0.5784,11.0875,Latin America,Brazil
COMP_001827,Gilbert & Craig LLC,construction,7,48,25765855.6,1722726.18,19704694.38,8739404.03,2.0275,1.5319,0.797,4.3432,North America,Canada
COMP_001828,Allen Inc,hospitality,6,421,193729266.74,5916517.13,104979221.82,57381246.98,1.3438,0.9202,1.2055,4.0866,Europe,Netherlands
COMP_001829,CoachBefore LLC,transportation,45,3586,800727049.74,39958844.21,458830854.79,110716535.52,1.3129,0.9381,0.318,8.0445,North America,United States
COMP_001830,StateInstead LLC,professional_services,14,78,29635792.65,1130385.53,15052579.13,9577787.98,2.0281,1.1734,1.7494,2.8384,Latin America,Mexico
COMP_001831,Caldwell & Sullivan and Sons,manufacturing,48,3881,1960140955.42,223832043.09,1121990197.39,328320462.41,3.4494,2.1339,0.4137,10.9771,Europe,Switzerland
COMP_001832,"Smith, Padilla and Calhoun",professional_services,38,409,60387218.17,7389887.66,63507813.92,19615918.73,3.3871,2.0489,0.4469,6.0409,North America,United States
COMP_001833,Dunn Ltd,financial_services,37,18666,2916289064.45,279338717.24,2038460894.66,783746029.52,2.9626,1.9692,0.6246,5.677,Asia Pacific,Australia
COMP_001834,Gallegos PLC,healthcare,25,5884,749332813.53,30542837.8,731158748.55,356421140.86,1.1188,0.739,0.9511,2.327,Asia Pacific,Japan
COMP_001835,HappenHand LLC,retail,15,1435,406261354.47,22394021.48,207477939.69,72111012.48,3.453,2.3056,0.5327,6.8602,Asia Pacific,Japan
COMP_001836,DrawPolice and Sons,healthcare,47,3030,658196214.29,22170621.9,1084810974.35,411068850.26,2.7574,1.4203,0.6101,1.8402,North America,United States
COMP_001837,Spears-Andrews,professional_services,42,76,13245526.76,1785746.65,8863588.72,2362785.93,1.1113,0.9328,0.3635,13.2023,North America,United States
COMP_001838,Green & Russell Inc,construction,8,1654,172442415.47,12009571.46,130991785.57,42666623.22,3.2733,2.7838,0.4831,5.5812,Europe,United Kingdom
COMP_001839,"Jones, Phillips and Arroyo",financial_services,33,7205,4641137365.23,759613640.01,2440388777.09,821816277.34,1.7868,1.0049,0.5077,28.9408,North America,Canada
COMP_001840,Pratt LLC,professional_services,43,198,22849253.38,891172.63,13012102.18,6987572.39,1.3251,1.1506,1.1599,3.429,Latin America,Brazil
COMP_001841,Walter PLC,transportation,8,3465,378445353.6,16866974.98,538445986.37,326005854.51,2.3324,1.4549,1.5346,1.5213,Europe,France
COMP_001842,Wright Group,manufacturing,34,7983,869832997.06,96273710.34,586612472.14,195098519.55,1.381,1.1547,0.4983,10.3689,Asia Pacific,Australia
COMP_001843,Church PLC,professional_services,14,358,44220796.47,6975976.36,36406046.1,16881779.21,2.2747,1.4053,0.8647,9.076,Europe,Switzerland
COMP_001844,MemberSpeech and Sons,technology,41,635,306856851.66,31266705.32,215792547.41,59468887.11,3.8596,2.1183,0.3804,9.844,Europe,Germany
COMP_001845,SometimesGroup Group,technology,5,753,471594843.03,47663345.61,756243609.68,361202208.37,1.644,1.0922,0.9143,3.2752,Europe,Netherlands
COMP_001846,Maldonado PLC,energy,22,13151,2444892482.73,122455933.02,2482723060.58,1197792659.82,2.461,1.5375,0.9322,3.8845,Asia Pacific,Singapore
COMP_001847,Atkins Group,transportation,38,166,130286362.54,14159175.81,83668146.23,27467709.86,2.5435,2.1974,0.4887,11.091,Europe,United Kingdom
COMP_001848,Wilson & Jones Ltd,professional_services,41,174,20148313.74,2686132.2,19927128.94,7661057.75,3.7258,3.2295,0.6246,9.6222,Asia Pacific,Australia
COMP_001849,Kramer and Sons,transportation,41,4695,888055651.21,121670827.06,750346693.78,273658349.14,1.4211,1.082,0.5741,9.6575,Latin America,Brazil
COMP_001850,"Haynes, Mcbride and Gutierrez",healthcare,19,2166,647581758.59,100617294.74,437299878.15,146941959.22,3.3994,1.7066,0.5061,10.6587,Latin America,Brazil
COMP_001851,Gomez & Nichols Ltd,healthcare,1,642,289477255.29,4853282.86,198645275.72,146522532.15,1.7257,1.2767,2.8111,1.716,North America,Canada
COMP_001852,Collier & Wright Inc,technology,31,952,408157522.55,35751512.5,517794919.23,243589792.16,1.3881,1.1772,0.8883,3.1864,Europe,Switzerland
COMP_001853,Ross Ltd,hospitality,10,174,172412629.28,9811676.04,132210663.97,64573933.57,3.1118,2.2106,0.9547,4.2148,Asia Pacific,Japan
COMP_001854,TendGuess Inc,technology,47,2965,423410655.01,59787385.44,469431421.64,203596470.66,1.3713,0.8902,0.7659,5.3323,Europe,France
COMP_001855,OnceWord and Sons,retail,21,1656,459625413.75,80379479.04,239948287.62,128815419.51,1.5111,1.1443,1.1591,11.6386,North America,Canada
COMP_001856,MaybeFormer LLC,transportation,36,498,259718609.97,45961077.9,185753121.81,72182846.52,1.7272,0.9517,0.6356,12.3069,North America,Canada
COMP_001857,Shannon LLC,energy,16,39520,7562667191.03,501153005.65,5326209640.04,3040193173.69,1.3364,1.0756,1.3299,3.2607,Asia Pacific,Singapore
COMP_001858,CoverYour Ltd,transportation,19,2082,465934102.3,63369825.29,322845204.56,137725014.4,1.5235,1.1527,0.744,8.393,Europe,United Kingdom
COMP_001859,"Conrad, Lee and Mclaughlin",transportation,36,7098,843578567.36,104794529.31,432138670.46,196873885.26,1.6902,1.2226,0.8368,8.8202,North America,United States
COMP_001860,EasySimply and Sons,financial_services,16,23078,3645168479.04,517927448.82,3302542298.63,1541129876.72,1.8621,1.1783,0.8749,8.2186,Latin America,Mexico
COMP_001861,Salas & Clark and Sons,technology,35,1644,388447275.8,55350409.87,498099553.52,262166573.15,1.0419,0.6956,1.1112,3.7251,North America,Canada
COMP_001862,Conley PLC,hospitality,39,571,131576205.7,19599119.34,115041697.53,41498289.63,3.1218,2.046,0.5643,10.1533,Latin America,Mexico
COMP_001863,Kelly Inc,healthcare,26,766,181541625.62,13372754.39,155664164.01,42003592.17,1.6768,1.2837,0.3696,10.5513,North America,United States
COMP_001864,Wilson & Miller Ltd,hospitality,18,956,109460356.86,5749213.95,69089413.62,31709575.19,1.4651,1.0917,0.8483,4.542,Latin America,Mexico
COMP_001865,Vasquez & Smith PLC,energy,1,16939,9847463908.27,719438981.98,6508705243.67,3042580646.77,1.1265,0.6761,0.8778,6.8247,North America,Canada
COMP_001866,Charles LLC,financial_services,8,20895,4687566451.82,511292825.48,4627355226.55,3257637187.68,1.8775,1.0198,2.3783,3.6928,Asia Pacific,Japan
COMP_001867,Oliver & Vasquez PLC,professional_services,25,20,4795786.71,126280.85,5233714.51,1873958.89,1.2157,1.0926,0.5578,2.7208,Asia Pacific,Singapore
COMP_001868,Melton Group,healthcare,21,448,168990741.65,20928760.88,89772471.32,25547076.25,2.1465,1.1128,0.3978,27.5469,Latin America,Mexico
COMP_001869,White & Duran PLC,transportation,11,594,140411485.72,4711519.01,148861429.23,52925289.04,1.2878,0.7114,0.5517,2.9367,Europe,United Kingdom
COMP_001870,Ramirez and Sons,professional_services,12,708,72735001.04,10361779.59,67743989.47,24970960.66,3.1725,2.6449,0.5838,9.5251,Asia Pacific,Japan
COMP_001871,Christensen & Anderson PLC,retail,38,800,409257094.27,19838764.52,720857438.48,295641241.01,3.7216,2.3942,0.6953,2.5278,North America,United States
COMP_001872,Lloyd & Mendoza PLC,retail,14,205,108328660.42,8023202.05,129187325.28,64379712.77,1.1936,0.6263,0.9934,4.5958,Asia Pacific,Hong Kong
COMP_001873,Johnson & Reed Ltd,manufacturing,22,7669,1016646858.97,84122827.26,644707236.29,212654973.03,2.4478,1.7273,0.4922,9.3572,Asia Pacific,Japan
COMP_001874,Parsons Group,retail,1,3888,420670107.95,19708725.97,251980639.24,175661594.96,2.9946,1.661,2.3017,3.8745,Latin America,Mexico
COMP_001875,Bray Ltd,financial_services,22,26030,3666679708.38,303556115.33,3156473027.77,1048393327.9,1.7409,0.8794,0.4973,5.3672,Asia Pacific,Australia
COMP_001876,Holmes & Stewart Inc,healthcare,43,1157,544526019.46,51409856.96,436168687.7,239955093.03,3.0749,1.9556,1.2229,5.5998,Latin America,Brazil
COMP_001877,Smith and Sons,hospitality,6,380,118479190.4,13818877.23,80488335.04,42656670.03,1.0038,0.7677,1.1275,5.6873,Europe,Germany
COMP_001878,Carpenter-Nguyen,construction,31,605,256638470.72,31224155.33,168882320.52,64407611.85,2.1451,1.7812,0.6165,8.7479,Europe,Germany
COMP_001879,"Hensley, Lopez and Baker",healthcare,35,898,301060709.06,23932753.04,410741652.22,212797652.63,2.1227,1.6011,1.075,2.7623,Asia Pacific,Hong Kong
COMP_001880,Adams & Mullen LLC,healthcare,6,3475,567196882.89,29842277.43,778760526.69,357137885.28,0.9237,0.4726,0.8471,2.2226,Asia Pacific,Australia
COMP_001881,HistoryCreate Group,retail,45,3360,345064880.42,45816838.85,425602167.08,137507374.43,2.0255,1.5464,0.4773,6.998,Europe,Germany
COMP_001882,Coleman Group,healthcare,32,1970,873956301.28,110836274.68,1088963200.2,499358891.38,2.2204,1.6166,0.8469,3.9309,Europe,Switzerland
COMP_001883,Haynes & Watson Group,healthcare,50,5610,638109897.21,42668736.78,353289145.57,176873517.2,3.3389,1.8881,1.0026,5.6106,Latin America,Mexico
COMP_001884,FarLittle and Sons,energy,5,53772,7623159293.58,855634153.12,6188746321.28,4747425731.58,1.6072,1.0256,3.2938,3.4712,Latin America,Mexico
COMP_001885,Duncan PLC,construction,40,713,84235459.3,8188092.68,75473104.08,30888058.51,2.5023,1.8404,0.6928,7.8899,Asia Pacific,Singapore
COMP_001886,Parks Inc,financial_services,27,5290,2313171797.35,281221523.23,2378944550.5,1300672813.05,2.6948,2.3937,1.2063,5.1977,Asia Pacific,Japan
COMP_001887,Le & Brock PLC,construction,50,60,9619151.81,420493.92,8214721.11,3070046.63,2.4477,1.8086,0.5967,4.2226,North America,Canada
COMP_001888,Reynolds & James and Sons,financial_services,44,2886,1240927533.96,199621027.75,689515612.51,181579628.28,2.686,1.6666,0.3575,16.0334,North America,United States
COMP_001889,"Hernandez, Shaffer and Thompson",financial_services,32,27289,3635043958.41,348924876.42,1839644626.61,847457079.22,3.4842,2.6732,0.8541,7.2538,Asia Pacific,Hong Kong
COMP_001890,Porter & Cowan Ltd,manufacturing,24,7207,1983701803.19,83573185.97,1550216851.83,718365275.17,1.1885,0.6058,0.8636,3.8471,Europe,United Kingdom
COMP_001891,"Ferguson, Stewart and Tucker",retail,13,236,51390693.59,4238739.17,32185467.78,10964898.91,1.1035,0.8022,0.5167,6.8595,Latin America,Mexico
COMP_001892,King & Garrison Inc,technology,26,323,201345663.61,11024145.54,139319287.61,63346913.02,3.4673,2.8207,0.8338,3.4425,North America,United States
COMP_001893,Ross & Vaughn Inc,manufacturing,2,12751,1602141227.71,170676587.78,909523403.02,692676988.1,2.4556,1.7366,3.1943,5.3737,Latin America,Mexico
COMP_001894,Lewis LLC,retail,49,778,103609746.05,5921560.02,58415361.55,26650398.1,2.1297,1.8716,0.839,5.1807,Latin America,Mexico
COMP_001895,MaybeThose Ltd,retail,25,1687,278432304.75,7061439.22,277502046.28,126734376.42,2.7748,1.7049,0.8406,2.2432,Europe,United Kingdom
COMP_001896,Davis Ltd,construction,18,533,367870291.53,40058681.82,210101725.11,60973931.9,1.5407,0.9315,0.4089,14.6986,Europe,France
COMP_001897,Cook LLC,healthcare,7,1823,617905523.01,79492474.92,658986565.03,240215867.67,1.7226,1.4812,0.5736,6.1893,North America,United States
COMP_001898,Ward & Grant LLC,financial_services,17,8062,948243425.73,111285945.94,1602096273.87,447199425.07,1.6721,1.0692,0.3872,6.0566,North America,United States
COMP_001899,Smith-Martinez,hospitality,41,138,71721529.17,9044565.73,78671296.8,35137149.55,2.4051,1.6433,0.8071,6.2262,North America,United States
COMP_001900,Dillon PLC,hospitality,21,1412,156974565.11,13107937.45,134043934.46,53062450.28,3.3727,2.4269,0.6552,8.9519,North America,United States
COMP_001901,Ray Ltd,construction,39,2745,279342124.5,29674509.14,208755311.39,97081855.99,2.4235,1.3114,0.8693,9.7626,Latin America,Mexico
COMP_001902,"Ryan, Krause and Mitchell",healthcare,6,48,10203465.48,881809.27,8467365.77,5785354.28,1.9236,1.4074,2.1571,3.2028,Europe,Germany
COMP_001903,Nunez-Freeman,technology,47,1826,380734389.25,28194227.54,702298944.35,386465911.3,2.5738,1.6729,1.2236,2.7628,North America,Canada
COMP_001904,Doyle & Preston Group,manufacturing,35,360,80269596.33,6554841.93,76657564.66,24270776.9,1.7478,1.3326,0.4633,4.945,Asia Pacific,Australia
COMP_001905,Austin & Ford and Sons,healthcare,30,4431,747005113.82,123439427.76,481752726.16,167287838.37,1.1639,0.8991,0.532,13.859,Latin America,Mexico
COMP_001906,Oneill & Davidson LLC,technology,50,646,102037799.52,5670590.2,140270220.71,56801065.37,1.6249,1.398,0.6805,2.8716,Latin America,Mexico
COMP_001907,Fisher & Salazar Group,financial_services,21,9382,4790786665.8,167019518.2,4534741628.92,2160209226.75,1.2151,0.7631,0.9097,1.9968,Asia Pacific,Hong Kong
COMP_001908,Sweeney & Jones and Sons,technology,35,1456,184602434.9,17882447.99,234963253.92,125208436.87,2.5706,1.8655,1.1408,3.8192,North America,Canada
COMP_001909,Perez-Stewart,hospitality,46,255,66059391.65,10289366.86,34313063.22,16946350.49,2.3817,2.0672,0.9758,8.6802,Asia Pacific,Australia
COMP_001910,FilmSee LLC,hospitality,25,83,30628722.02,1683153.86,18336718.49,4761553.01,2.3058,1.2294,0.3508,11.6329,Asia Pacific,Australia
COMP_001911,"Newman, Nelson and Wallace",transportation,14,2443,312548173.34,45737704.51,160571959.02,64928547.0,2.7213,2.2846,0.6789,11.8855,Latin America,Brazil
COMP_001912,Adkins-Meyer,healthcare,44,3214,877267508.02,100378101.02,606540881.05,166597162.87,2.0832,1.5498,0.3787,13.6459,Latin America,Mexico
COMP_001913,Gutierrez-White,hospitality,16,1968,199270533.19,10114715.4,119433234.5,32206291.45,2.6697,1.7264,0.3692,9.3784,Asia Pacific,Australia
COMP_001914,Martinez and Sons,energy,13,27231,3714679828.54,478189458.39,2586438052.62,1660241509.81,1.4353,1.1986,1.7925,5.9881,Europe,Switzerland
COMP_001915,RecentlyEnter Ltd,technology,24,2062,224856704.85,29715171.92,184708299.48,58707488.66,1.1832,0.6456,0.4659,10.3193,North America,United States
COMP_001916,Haynes & Miller and Sons,technology,48,1495,361313398.16,48245255.16,638606232.07,234386966.29,3.4104,1.9117,0.5799,7.7623,Europe,Netherlands
COMP_001917,Sanders Inc,financial_services,30,24057,4432116944.52,735370948.46,3173027685.82,1638314959.34,3.6669,2.1317,1.0675,10.7752,Europe,France
COMP_001918,AttackWrite Group,professional_services,12,266,59507911.25,2105041.67,43895166.9,20597612.52,1.181,0.7096,0.8841,3.5847,Latin America,Chile
COMP_001919,Kelley & Johnson Group,retail,10,1577,196979797.69,4527176.24,242734633.41,164322729.87,3.3228,2.582,2.0956,1.3518,Asia Pacific,Australia
COMP_001920,Warren & Ferrell Inc,financial_services,26,17167,2068982985.83,223535536.3,2309636864.48,1211337298.65,3.6187,3.2402,1.1029,4.2125,North America,United States
COMP_001921,Baker & Moore Ltd,technology,35,1001,348113455.1,29594929.31,606000424.71,204429484.37,3.1744,2.5902,0.5091,4.1841,Asia Pacific,Singapore
COMP_001922,Parker-Wright,transportation,8,121,13186080.97,912482.34,8924265.69,5493129.93,3.0621,2.3836,1.601,5.0563,Latin America,Chile
COMP_001923,Mitchell Ltd,professional_services,46,371,62149139.08,8885452.36,33682563.48,16833990.4,1.2957,0.678,0.9991,9.0187,Europe,United Kingdom
COMP_001924,Martinez & Rose and Sons,technology,20,716,178391012.21,28036436.94,137483831.96,34969502.35,2.5464,2.2739,0.3411,20.3837,Asia Pacific,Japan
COMP_001925,Johnson Ltd,professional_services,44,361,79522634.46,2535920.15,49411581.08,12639386.62,1.7908,1.0534,0.3437,4.8154,Europe,Netherlands
COMP_001926,HeavyTraditional LLC,hospitality,6,176,19505137.32,686259.61,27641059.92,16540460.88,2.1188,1.355,1.4901,1.6282,Asia Pacific,Hong Kong
COMP_001927,Mcdonald-Pitts,transportation,1,636,592320244.28,64761613.78,317250819.92,145293238.08,3.0305,2.5616,0.8449,14.1439,Europe,Germany
COMP_001928,Dunn-Taylor,transportation,13,3139,486163160.99,50814836.85,340426360.93,133147961.59,1.3228,0.9565,0.6424,5.9071,Europe,Netherlands
COMP_001929,Fry & Ryan PLC,construction,47,1714,322951135.32,51255005.92,219476930.18,105873431.39,1.337,1.1029,0.932,10.5025,North America,Canada
COMP_001930,Harper & Welch Ltd,hospitality,35,123,13905865.3,2091951.84,16853225.06,9043235.34,2.2768,1.6174,1.1579,4.6009,North America,Canada
COMP_001931,Wiley Group,transportation,26,3967,584183949.55,29685903.33,791177336.06,297511595.61,2.284,1.6123,0.6027,2.3501,Europe,Netherlands
COMP_001932,Mills Ltd,construction,21,2341,282934871.04,14250088.37,213463994.17,95005060.24,2.9733,2.336,0.802,2.7141,Asia Pacific,Australia
COMP_001933,NoneForce LLC,manufacturing,21,10366,1125713587.89,86970549.72,926565260.11,360205041.93,2.2808,2.0295,0.636,4.315,North America,United States
COMP_001934,Olson & Perez Inc,hospitality,2,647,121094045.65,6227380.61,64192634.29,49695600.3,2.9567,1.8224,3.428,2.6688,Latin America,Mexico
COMP_001935,LetterFoot LLC,professional_services,5,463,67808559.75,8784428.99,95691993.25,71883547.84,2.9009,2.457,3.0192,3.4073,Latin America,Brazil
COMP_001936,Green-Torres,hospitality,28,1536,161192810.94,4858824.75,89078643.44,31670977.64,1.1647,0.917,0.5517,4.8234,Europe,Switzerland
COMP_001937,Smith and Sons,energy,41,18329,2734716165.28,263179959.72,4758641500.49,1496748149.23,1.0876,0.6053,0.4589,5.2664,Europe,France
COMP_001938,Cooper & Harrison Inc,hospitality,26,1645,165184832.63,25497212.85,298063525.84,97787446.14,2.6748,2.3742,0.4883,6.2643,Asia Pacific,Australia
COMP_001939,Watts & Vasquez Group,retail,13,690,250131329.77,19368329.15,306446770.58,100137274.69,2.4303,1.5889,0.4854,3.4079,Latin America,Chile
COMP_001940,FirmAct Group,financial_services,12,2870,394520812.88,56461941.38,267143486.72,120378654.42,1.6178,1.3298,0.8202,9.8192,Asia Pacific,Japan
COMP_001941,Harper-Robles,transportation,45,98,67965419.95,2606839.81,46456152.58,15268679.73,2.1583,1.6519,0.4896,4.0118,Latin America,Mexico
COMP_001942,"Brooks, Jenkins and Castro",hospitality,32,328,67513425.42,9929995.4,64740553.89,21834220.7,3.7277,2.1902,0.5089,10.6035,Latin America,Chile
COMP_001943,Wright-Espinoza,energy,33,52423,7859724922.26,432172927.65,4847769449.47,1578694310.56,1.6071,0.9943,0.4829,4.973,Asia Pacific,Hong Kong
COMP_001944,Brewer Group,transportation,14,4065,710604125.39,58666334.46,653455789.79,252426433.66,1.8017,1.012,0.6294,4.3068,Latin America,Mexico
COMP_001945,Baker Group,hospitality,39,504,157934377.97,10953305.03,213828752.15,111794581.85,2.2083,1.8145,1.0957,2.7508,Asia Pacific,Singapore
COMP_001946,"Allen, Duran and Kent",professional_services,45,300,51968271.12,3981069.47,39872601.22,14112107.43,3.2226,2.6302,0.5478,6.9623,North America,United States
COMP_001947,"Cohen, Mitchell and Paul",transportation,11,2238,445797007.98,52413000.31,870211483.2,412037453.87,1.6506,1.4312,0.8993,2.9766,North America,Canada
COMP_001948,TableExist Group,manufacturing,38,1455,303430528.15,22180236.16,208916017.45,111784167.08,2.9475,2.6168,1.1508,7.5865,North America,United States
COMP_001949,Lopez & Jones and Sons,hospitality,23,122,66310357.97,2728700.05,118904525.97,33584545.71,3.034,1.5229,0.3936,1.8297,Europe,Switzerland
COMP_001950,FigureBring Ltd,energy,15,28762,4368492693.43,648785487.85,6162321245.76,2693170262.63,1.6937,1.3101,0.7763,4.6798,Europe,Netherlands
COMP_001951,Williamson-Nelson,retail,6,194,46123013.98,5247852.28,29057067.38,10676914.76,1.2131,0.9253,0.5809,9.2682,Europe,Netherlands
COMP_001952,Dean & Lopez Inc,financial_services,10,3344,1110853644.03,101839603.03,630901877.79,285244409.82,1.3834,1.0613,0.8252,10.8632,Asia Pacific,Hong Kong
COMP_001953,Hernandez PLC,hospitality,46,470,120046833.52,15557582.66,117365915.29,41020664.83,1.2695,0.9556,0.5373,8.1708,North America,United States
COMP_001954,Johnson Inc,transportation,43,3887,738306483.1,121593781.16,771758649.63,389904159.93,1.9342,1.4965,1.0211,5.9195,Latin America,Brazil
COMP_001955,Campbell & Martinez Group,construction,30,4827,499182018.14,27538988.16,429074364.37,155877052.03,3.8934,2.1653,0.5706,6.0712,Latin America,Mexico
COMP_001956,Acosta and Sons,construction,17,1138,466891099.02,71740703.4,613765285.24,247939289.27,2.4223,1.7205,0.6778,6.3214,Latin America,Mexico
COMP_001957,Davis Inc,construction,37,2488,323069773.77,19549099.02,229900188.9,86919733.58,1.0977,0.9195,0.6079,3.9927,North America,Canada
COMP_001958,Snyder LLC,financial_services,22,6437,2112027785.94,61392070.91,2122864565.37,927637659.23,2.7279,1.5198,0.7761,2.0973,Latin America,Mexico
COMP_001959,Fisher & Floyd Group,manufacturing,49,8827,1275992955.77,73482947.18,762940618.39,385201920.32,2.5587,1.8485,1.0198,3.3734,Asia Pacific,Japan
COMP_001960,Bolton & Ford Inc,technology,10,1264,393040157.42,26730132.03,227999352.88,104946995.1,1.8467,1.5579,0.8529,7.7102,Europe,United Kingdom
COMP_001961,Rivera & Bridges and Sons,transportation,24,846,127152829.01,18267913.54,109393351.85,42586683.59,2.7742,1.4581,0.6375,7.4247,North America,Canada
COMP_001962,Adams Group,healthcare,34,2881,412855365.25,64707220.54,513064626.72,172250918.08,2.2866,1.7058,0.5054,10.2248,North America,United States
COMP_001963,AwayOf Group,transportation,8,7681,841404262.78,87371265.47,1273302687.44,405639418.1,1.2584,0.9234,0.4675,3.956,Europe,Netherlands
COMP_001964,White & Huang LLC,healthcare,29,3242,386913787.17,22180296.0,521035977.03,143646320.16,2.2623,1.7513,0.3806,5.3404,Latin America,Brazil
COMP_001965,TechnologyI Inc,manufacturing,7,9133,1148025819.74,104872871.7,1320665292.48,737582117.88,1.0676,0.6714,1.265,4.4613,Latin America,Brazil
COMP_001966,Martinez Ltd,manufacturing,37,10346,1179661028.12,122873238.17,1002404503.7,240891057.5,2.8803,1.8391,0.3163,9.5854,North America,Canada
COMP_001967,Wright Group,financial_services,18,5070,930536503.14,66183143.38,1805014933.86,1054187289.03,1.0324,0.8367,1.404,2.4076,Europe,Switzerland
COMP_001968,Wright Inc,retail,48,1247,182393249.94,31127341.97,125190400.06,65319253.46,1.5265,0.9563,1.091,10.6376,North America,United States
COMP_001969,Murray Inc,financial_services,1,5307,1679211330.82,135762509.91,1063977248.42,479957677.64,1.7233,1.3371,0.8218,5.3408,North America,United States
COMP_001970,NearReduce and Sons,hospitality,33,19,6213145.0,242413.87,10131083.61,3221155.91,2.6115,1.4438,0.4662,2.7677,Asia Pacific,Japan
COMP_001971,Kennedy & Maldonado LLC,construction,4,21,16974923.13,494019.92,17576813.56,7078287.74,1.0778,0.7697,0.6742,2.1617,Europe,Germany
COMP_001972,Moore-Chandler,healthcare,49,8253,832538558.46,107272981.78,648163410.69,305656198.35,2.8623,1.6856,0.8924,5.7658,North America,Canada
COMP_001973,Garner PLC,professional_services,1,47,27670545.59,1827925.01,21866670.39,15031922.35,2.259,1.5166,2.1993,3.9185,Asia Pacific,Australia
COMP_001974,"Martinez, Olson and Evans",technology,31,680,259521304.35,43204758.69,218981663.49,82946862.99,1.8093,1.169,0.6097,8.5894,Asia Pacific,Japan
COMP_001975,Clay-Boyer,technology,34,1412,150064061.22,12294005.17,91106843.71,47584082.87,2.7106,1.4426,1.0933,7.0319,Asia Pacific,Singapore
COMP_001976,Robinson Inc,professional_services,31,471,94097584.89,4339387.55,86079941.77,29981479.34,3.3929,2.5108,0.5344,3.7471,Europe,Netherlands
COMP_001977,Young Group,hospitality,33,310,52600055.01,4669974.65,73871334.71,27791153.76,2.7121,1.7909,0.6031,5.5364,Latin America,Mexico
COMP_001978,Nguyen & Jackson LLC,energy,24,32719,4325085286.75,437393040.58,3640185848.37,1101487835.16,3.4598,2.4561,0.4339,7.0233,North America,United States
COMP_001979,Richards Group,financial_services,43,16026,4364923949.92,364042505.4,7235424402.37,2424432973.43,2.1582,1.4082,0.5039,3.6264,Europe,United Kingdom
COMP_001980,Smith Inc,healthcare,30,8354,842723898.96,74927398.51,1306258105.35,438146256.62,2.831,1.5313,0.5047,5.3583,North America,Canada
COMP_001981,Perkins & Vazquez Ltd,retail,27,279,94678506.09,6140977.89,175064814.37,56034853.87,1.9357,1.3849,0.4708,2.9181,Latin America,Brazil
COMP_001982,Carlson & Watson Inc,technology,2,2485,401519011.59,18947999.79,483854624.32,321700857.97,2.9099,1.7202,1.9839,1.9625,North America,Canada
COMP_001983,EnergyCoach Group,manufacturing,50,1456,921791904.61,159443912.29,465141091.74,200026911.74,2.9314,1.6623,0.7545,11.3389,Europe,France
COMP_001984,Davis PLC,technology,25,1371,242001467.17,33851402.45,158337834.8,67338391.77,1.2744,0.8674,0.74,14.668,Latin America,Brazil
COMP_001985,GroundWord Ltd,healthcare,35,897,137812572.55,5762933.53,89211493.03,43468884.59,3.7456,2.8496,0.9503,2.8234,Latin America,Chile
COMP_001986,Brown Ltd,professional_services,31,16,8519850.62,1393207.23,6207754.28,2381385.32,2.7568,1.7265,0.6224,8.5022,Latin America,Brazil
COMP_001987,ClassScience PLC,energy,27,39620,7292996104.39,579994472.39,4539244841.67,1892526572.26,2.5688,1.3892,0.715,5.166,Latin America,Brazil
COMP_001988,Martinez and Sons,construction,16,1931,250748270.42,9074629.54,225512934.46,125349078.72,1.4507,0.9929,1.2514,2.0642,Latin America,Brazil
COMP_001989,Stewart PLC,healthcare,27,3814,439666449.1,51477301.71,311113301.01,96362352.32,3.6536,2.5679,0.4487,16.6496,Europe,Switzerland
COMP_001990,Kramer & Sherman Group,construction,34,987,366106573.18,64644407.06,488119648.75,124546444.09,3.2239,2.4412,0.3426,17.766,Latin America,Mexico
COMP_001991,Quinn Inc,healthcare,25,4757,766685334.5,44928780.06,388095978.6,117294397.17,3.6738,3.016,0.4331,10.0857,Asia Pacific,Singapore
COMP_001992,"Gray, Ramsey and King",financial_services,45,3272,802951756.67,94684072.66,1373921080.97,539114157.43,1.5072,0.969,0.6458,4.9273,Asia Pacific,Australia
COMP_001993,AmongMemory Ltd,retail,44,2813,305892124.44,35863252.85,221822521.77,107078480.87,1.3937,0.9654,0.9332,8.7184,Europe,Germany
COMP_001994,Kim & Phillips Ltd,healthcare,29,1230,139677311.87,20974032.91,231020599.79,99815602.0,3.1557,1.9852,0.7608,3.6652,Asia Pacific,Hong Kong
COMP_001995,Henry & Knight PLC,healthcare,46,2501,752618210.6,134468340.9,482446759.59,178438309.55,1.1467,0.8927,0.587,16.1735,Asia Pacific,Singapore
COMP_001996,HappenGame Ltd,hospitality,17,605,131734076.1,9218466.64,205601896.19,80601383.17,3.1465,2.3323,0.6448,4.8667,Latin America,Chile
COMP_001997,Mcdonald & Dillon PLC,professional_services,3,579,95683154.8,8605593.84,83714236.63,53886053.59,1.6691,1.3608,1.8065,3.66,Asia Pacific,Japan
COMP_001998,Rocha & Spencer Inc,healthcare,30,654,73613226.27,7318553.75,44222779.17,13276491.77,2.9014,2.3333,0.429,16.8702,North America,United States
COMP_001999,Schmidt & Cole LLC,professional_services,31,23,6176944.75,333364.01,5403260.07,1346549.22,3.0203,1.6564,0.3319,5.0221,North America,United States
COMP_002000,Weaver & Gibson Ltd,manufacturing,48,4037,571552278.64,89592820.34,631159452.92,290504102.1,2.5421,2.0763,0.8528,5.7906,North America,Canada
COMP_002001,MoveHundred Ltd,manufacturing,47,1947,530794310.63,32172187.72,547771456.66,289536639.54,1.3093,0.9397,1.1212,2.7035,Asia Pacific,Australia
COMP_002002,Lopez Inc,manufacturing,43,2358,501487810.15,89113863.23,918095830.83,423977316.95,1.7397,1.4522,0.858,5.4224,Asia Pacific,Hong Kong
COMP_002003,PresidentTough LLC,healthcare,43,3427,906723307.62,125844875.41,796282837.51,207702579.45,2.002,1.7935,0.3529,21.0496,Asia Pacific,Japan
COMP_002004,Parsons and Sons,retail,40,904,126274007.53,13651188.19,80943739.69,42667190.23,2.3769,1.4926,1.1147,5.3259,Asia Pacific,Japan
COMP_002005,Flores & Brown PLC,hospitality,12,426,55117995.5,4019506.36,89748267.76,56927152.89,2.9686,1.5166,1.7345,2.7193,Asia Pacific,Australia
COMP_002006,Fuentes & Lee Ltd,technology,41,2328,379939732.95,65829268.41,440360295.5,159548672.56,2.1314,1.5628,0.5682,6.3398,Europe,Germany
COMP_002007,ModernSpace PLC,retail,35,1819,225970441.54,18950072.12,167011689.81,45045867.11,1.2271,1.0174,0.3693,6.9629,North America,United States
COMP_002008,ClassPosition LLC,manufacturing,18,4377,1555654008.34,189445545.87,870056166.42,305218185.44,2.0737,1.5953,0.5404,12.0347,Latin America,Brazil
COMP_002009,Morris Ltd,hospitality,35,46,14007865.36,1657175.8,7263953.27,2341559.79,2.3917,1.294,0.4757,10.1012,Latin America,Chile
COMP_002010,Morris Inc,hospitality,28,388,98026667.54,14220061.19,93989175.73,31218545.68,1.853,1.4657,0.4973,12.9082,Europe,Switzerland
COMP_002011,"Hopkins, Williams and Pace",transportation,18,385,43277464.18,2336711.52,24990036.69,6479771.1,3.4243,1.9356,0.3501,6.3304,Asia Pacific,Singapore
COMP_002012,CouldTv Inc,technology,16,127,32263948.52,3397159.33,18867774.14,8999499.96,3.6113,2.215,0.912,10.3664,Latin America,Mexico
COMP_002013,DefenseBoth Group,transportation,8,8539,907373078.81,108304465.05,706373992.03,221719898.26,2.7736,2.2723,0.4575,11.2452,Latin America,Brazil
COMP_002014,Garcia PLC,professional_services,42,104,14354914.43,1244665.31,13466944.79,7381486.61,2.2689,1.6691,1.213,3.6874,North America,Canada
COMP_002015,"Huff, Barrett and Fox",technology,28,512,266677920.46,30705765.53,424981146.35,137471167.41,2.2993,1.2251,0.4781,8.236,Asia Pacific,Hong Kong
COMP_002016,SciencePerformance LLC,transportation,23,2261,416984646.57,37252443.99,261950789.77,62872508.02,2.0087,1.4405,0.3158,11.8998,North America,Canada
COMP_002017,Williams and Sons,financial_services,37,9856,1743243198.03,283004505.1,1143383274.27,349202127.38,3.0257,2.6864,0.4397,17.9006,Latin America,Chile
COMP_002018,Obrien & Jones and Sons,financial_services,21,17090,4500168394.98,641171074.79,8572430810.0,2976687393.53,2.2096,1.8622,0.532,4.8407,Latin America,Mexico
COMP_002019,Rios & Hebert Inc,financial_services,12,1145,118898749.91,15259314.25,103215176.64,48418805.44,2.769,2.0356,0.8836,5.324,North America,Canada
COMP_002020,Mcdonald Ltd,energy,4,37449,6654707377.45,863452449.02,4367370091.12,1938419751.52,1.6029,1.254,0.798,9.2673,Latin America,Mexico
COMP_002021,AskHerself PLC,construction,49,1883,481880244.94,68386845.21,377663093.16,125386818.27,1.7393,1.3905,0.497,8.6214,Latin America,Brazil
COMP_002022,Paul & Zamora LLC,retail,2,2725,280963755.36,26813459.52,448200850.68,316061444.99,2.7504,1.5307,2.3919,2.4273,Asia Pacific,Japan
COMP_002023,Bauer & Brown PLC,technology,49,674,468474408.55,32725540.59,249057227.92,128286738.86,1.4616,1.2384,1.0622,4.8841,Latin America,Mexico
COMP_002024,Rice-Navarro,construction,21,172,30867650.25,2738973.28,53458969.9,16154069.46,2.2482,1.3523,0.433,3.5338,Asia Pacific,Hong Kong
COMP_002025,Davenport Inc,retail,15,1883,210559072.9,7792386.81,346366132.36,213597561.75,1.5087,0.9781,1.6088,1.4057,North America,Canada
COMP_002026,Blackburn PLC,transportation,20,1563,267556213.05,18105718.24,258260870.07,100126773.72,2.2641,1.7435,0.6332,3.3822,Latin America,Mexico
COMP_002027,Davis & Hardy PLC,hospitality,40,1048,146433372.03,24113139.43,109984342.03,57595708.61,2.4368,1.7017,1.0994,7.2384,Asia Pacific,Singapore
COMP_002028,Lopez-Fox,financial_services,33,25935,4906672481.58,663413979.95,6935167416.71,2450370189.73,1.5841,1.2673,0.5464,5.0546,North America,United States
COMP_002029,EnergyOver Ltd,construction,36,548,131982380.91,12954055.96,245533412.0,127451037.5,1.1044,0.935,1.0793,2.9324,Asia Pacific,Hong Kong
COMP_002030,Hansen PLC,healthcare,5,5015,655903728.47,36139991.39,543517007.37,229030863.25,2.6975,1.4128,0.7283,3.7712,North America,Canada
COMP_002031,JustSkin Inc,energy,26,8668,2021071445.96,161084773.31,1604838895.94,509526415.58,1.8708,1.1325,0.4652,8.6834,Asia Pacific,Hong Kong
COMP_002032,Miranda PLC,manufacturing,13,3793,1135007206.6,159338967.88,1632632848.46,713082282.62,3.5426,2.6658,0.7755,4.0175,North America,United States
COMP_002033,Craig-Park,professional_services,48,298,46661282.43,1692605.08,79100996.22,25198789.14,1.9199,1.7199,0.4675,2.1912,North America,United States
COMP_002034,LateUse Inc,energy,6,16414,9721453029.83,279753585.66,14894134007.88,10531165426.16,2.0767,1.6604,2.4138,1.6787,Latin America,Mexico
COMP_002035,Sparks PLC,transportation,29,3828,612441999.97,55308310.74,957667684.81,426839751.27,2.893,2.038,0.8041,2.9546,Latin America,Chile
COMP_002036,Morales LLC,construction,36,1021,178005654.18,28859762.92,113941507.38,27922878.22,2.1064,1.1654,0.3246,21.7775,Asia Pacific,Japan
COMP_002037,"Moore, Murillo and Ramos",financial_services,46,2224,579337966.59,28732334.62,682372299.81,214332017.4,3.1278,2.2823,0.4579,4.3805,Asia Pacific,Japan
COMP_002038,Orr-Pierce,retail,40,99,77320920.71,8309267.05,101457341.05,29400423.61,1.7647,1.1326,0.408,7.76,Latin America,Mexico
COMP_002039,GardenThrough LLC,financial_services,29,4189,1134331480.46,180753359.86,1383633037.26,593647545.88,1.2982,0.8848,0.7515,5.4781,Asia Pacific,Hong Kong
COMP_002040,Gutierrez & Schultz Ltd,manufacturing,1,2714,509423656.07,18562589.12,361662358.81,176171617.59,0.8493,0.7294,0.9498,2.2965,Europe,Switzerland
COMP_002041,Morris and Sons,energy,6,15832,8513629775.52,703715855.51,5250212091.27,3288010103.49,2.9328,1.9517,1.6757,3.9515,Latin America,Mexico
COMP_002042,Hart and Sons,retail,24,1635,281488948.56,10108650.67,186234726.55,45212587.72,2.0563,1.3357,0.3206,6.3323,Latin America,Mexico
COMP_002043,Brooks PLC,energy,14,46748,5257739568.17,815483942.98,2762146836.15,1550950512.85,1.9388,1.0995,1.2805,15.6474,Asia Pacific,Singapore
COMP_002044,Howe LLC,professional_services,34,98,11919502.75,850573.51,6515920.86,3218662.95,1.2573,0.7145,0.9762,4.4992,Asia Pacific,Singapore
COMP_002045,Ward & Chavez Group,construction,30,3269,430769148.21,33533330.66,300973974.62,92953493.93,1.6278,1.3699,0.4468,6.9998,North America,United States
COMP_002046,AShe Inc,hospitality,5,1043,144840046.34,16488233.98,80501445.08,33262760.89,1.1607,0.862,0.7041,7.9239,Europe,United Kingdom
COMP_002047,Bird & Larson PLC,professional_services,30,37,7233002.01,1013718.24,8378861.06,4057055.12,1.1888,0.8738,0.9387,4.149,Asia Pacific,Australia
COMP_002048,CentralVoice LLC,financial_services,6,33899,3542097135.18,484635006.84,3753874178.55,1867482730.11,1.3435,0.7168,0.99,4.4432,Europe,United Kingdom
COMP_002049,AccordingFirst and Sons,retail,3,1157,272682032.24,10476629.27,159211693.98,76000601.36,1.87,1.3336,0.9133,3.0078,North America,Canada
COMP_002050,Lewis LLC,energy,21,5505,863167190.18,82201558.13,535419173.14,249791534.72,1.7189,1.4097,0.8745,8.2657,North America,United States
COMP_002051,Smith Ltd,manufacturing,27,4401,922018276.64,157154780.58,516094340.36,222614382.71,2.016,1.0524,0.7585,16.4032,North America,United States
COMP_002052,Short & Ellison PLC,construction,42,1708,244924662.13,20417781.95,172023118.9,42236181.79,3.6002,3.0792,0.3254,7.7594,Europe,Germany
COMP_002053,"Duncan, Duncan and Davis",healthcare,26,1164,169945667.46,18276869.27,150914602.19,60532827.59,1.4002,1.0849,0.6697,5.8979,Latin America,Brazil
COMP_002054,Stevens & Moore LLC,professional_services,37,104,94596965.63,13767556.77,48965635.47,12229296.59,1.5936,0.9695,0.3329,20.369,North America,United States
COMP_002055,Richardson & Perkins and Sons,manufacturing,43,12473,1701450989.25,253083795.92,1173391324.24,633437022.81,2.852,1.9876,1.1731,6.8958,Latin America,Brazil
COMP_002056,Scott LLC,manufacturing,2,8059,1341354451.28,29364408.23,913677739.03,514375347.72,2.7394,1.9821,1.2882,2.0332,Asia Pacific,Australia
COMP_002057,Duncan PLC,manufacturing,40,8575,929968166.39,73044454.09,986324402.33,295507943.39,3.0912,1.6009,0.4278,4.8763,North America,United States
COMP_002058,Navarro Ltd,technology,25,696,206471005.25,6369874.2,155401770.1,45924455.95,3.715,2.1278,0.4195,5.6402,Asia Pacific,Hong Kong
COMP_002059,GardenStructure Group,professional_services,22,630,65271859.98,1990703.98,47666040.08,15362584.02,1.2786,0.8964,0.4756,2.9526,Latin America,Mexico
COMP_002060,ConsumerMethod Ltd,retail,3,2440,273625070.96,7574845.57,252563046.05,158587941.75,1.6508,1.3571,1.6876,2.1877,Latin America,Chile
COMP_002061,Warner Inc,construction,45,307,35825187.41,6350932.89,18231934.81,8012951.82,1.7197,1.0016,0.7841,13.4116,Europe,Germany
COMP_002062,Larson LLC,healthcare,7,4007,514940135.53,59981425.28,285727958.37,158221665.87,0.9062,0.5544,1.2409,6.2103,Latin America,Brazil
COMP_002063,AlwaysSide PLC,retail,33,2438,403589001.38,10736075.41,406063363.9,196200459.91,3.1286,2.6366,0.9349,2.0953,Asia Pacific,Australia
COMP_002064,IBar Inc,financial_services,5,13918,2301606989.21,200072241.53,1411830990.33,627178828.8,2.773,2.1974,0.7993,4.9909,Latin America,Brazil
COMP_002065,WillSpend LLC,healthcare,48,468,56696794.67,4976784.77,68925628.29,17783814.62,2.6542,2.1007,0.3477,8.8004,Latin America,Brazil
COMP_002066,HappenUntil Group,hospitality,49,1420,157469361.68,16481150.82,91443565.04,37417844.57,3.2428,2.7042,0.6926,10.5302,Europe,Switzerland
COMP_002067,Butler & Parrish and Sons,hospitality,43,131,41071392.65,2174694.24,22457385.31,9166473.29,1.5112,1.0799,0.6897,8.9926,Europe,Germany
COMP_002068,Adkins PLC,technology,28,709,130051796.61,21345574.64,102293540.48,38530913.2,3.1206,2.411,0.6043,8.7323,Latin America,Chile
COMP_002069,Mcfarland & Walters Ltd,professional_services,26,39,16888282.17,1139157.42,9919315.71,3075181.12,3.8244,3.0351,0.4493,7.4402,Latin America,Mexico
COMP_002070,Brown-Warren,energy,41,19470,3335639895.47,184473937.99,1749667265.03,600417061.09,2.0256,1.6507,0.5224,7.6605,Latin America,Mexico
COMP_002071,Flores PLC,financial_services,6,14800,3786190013.39,507536388.76,6346757471.03,3800444955.6,3.1998,2.0937,1.4925,2.9672,Latin America,Mexico
COMP_002072,Hernandez PLC,healthcare,40,1980,521788930.21,62894197.8,459078294.0,159339858.25,1.8071,1.1972,0.5316,6.5199,Asia Pacific,Hong Kong
COMP_002073,Wolfe and Sons,professional_services,26,32,20885686.78,1936803.99,14936723.73,4720400.69,3.1067,2.6886,0.462,13.8104,Asia Pacific,Australia
COMP_002074,Williams & Dennis Group,construction,13,2513,439525888.69,60019736.17,699000189.52,390663840.66,2.4693,1.8788,1.267,5.2373,Europe,Germany
COMP_002075,Maddox PLC,financial_services,50,36249,4399113456.21,560445680.43,5856976518.9,2120826007.43,2.6224,1.9067,0.5677,5.6209,North America,United States
COMP_002076,"Wagner, Walker and Roberts",financial_services,1,35491,4354186340.98,439778792.56,5478324168.33,2715088747.92,0.8232,0.6877,0.9826,4.3574,Europe,France
COMP_002077,Hernandez-Rogers,construction,48,805,123204124.63,12297173.73,65090392.33,22418089.32,1.8195,1.5508,0.5254,12.643,Latin America,Brazil
COMP_002078,MaybeOwner Ltd,transportation,18,4259,456726950.74,74745358.52,262933572.27,101853786.81,2.9732,2.0762,0.6323,23.5801,Europe,Netherlands
COMP_002079,Williams Group,professional_services,37,421,98506470.79,3331762.27,70414515.42,20350516.19,2.5578,2.2831,0.4065,4.3415,Europe,Switzerland
COMP_002080,Miller-Shaw,manufacturing,6,10920,1546304827.86,191101133.78,803743970.92,597161829.32,2.6049,2.1879,2.8907,6.1869,Europe,United Kingdom
COMP_002081,StaffSave and Sons,energy,21,1796,320315841.19,35121836.47,505221093.07,146912614.53,1.5616,0.9431,0.41,4.0483,Latin America,Chile
COMP_002082,SoundCentral Group,construction,1,190,37276272.67,2382828.17,26357337.9,19683562.14,2.668,2.22,2.9494,4.6616,North America,United States
COMP_002083,Hansen & Freeman Ltd,energy,5,43202,4666117199.28,167614760.41,3077143883.92,1390955757.24,1.087,0.6769,0.8249,2.6811,North America,Canada
COMP_002084,Duncan PLC,hospitality,49,1459,181934820.97,23466382.85,209891102.91,102804563.49,2.0019,1.4577,0.96,6.2127,Asia Pacific,Hong Kong
COMP_002085,"Shea, Warren and Allen",transportation,2,2845,543314779.97,30584061.75,569220834.92,359929305.84,2.2938,1.7969,1.7198,2.2944,Latin America,Chile
COMP_002086,Adams & Jordan Ltd,healthcare,22,2323,500323445.49,79117373.12,294125441.43,87034902.91,1.4429,0.723,0.4203,16.4849,North America,Canada
COMP_002087,Glass & Davis Ltd,financial_services,8,2767,536313762.78,33440569.68,515729446.79,260415600.36,1.204,0.6265,1.02,4.8142,Asia Pacific,Singapore
COMP_002088,JobLand LLC,financial_services,40,17142,3287332722.57,571689632.99,3819868603.14,1004480660.78,3.5981,2.1767,0.3568,10.8685,Asia Pacific,Singapore
COMP_002089,HappenCut LLC,construction,17,1205,411941064.5,15733020.56,406288296.26,195410970.37,3.0229,2.1013,0.9267,3.3297,Asia Pacific,Hong Kong
COMP_002090,GuyPhone Ltd,manufacturing,16,5922,767035814.94,113305316.79,587942608.53,355288922.32,1.9455,0.9865,1.5271,5.7378,Asia Pacific,Hong Kong
COMP_002091,Carrillo and Sons,transportation,24,6215,777855732.42,131273036.22,1203027982.63,446095927.09,1.1667,0.9508,0.5893,5.0071,Asia Pacific,Japan
COMP_002092,Jensen-Branch,manufacturing,16,15939,1929308541.26,103163525.11,1202741031.46,650753545.93,2.7327,1.8517,1.1789,4.5066,Asia Pacific,Hong Kong
COMP_002093,LetterPrice and Sons,healthcare,17,1542,207747626.83,27197662.24,167666853.99,77280054.35,2.9929,2.4621,0.855,6.6311,North America,Canada
COMP_002094,Williams-Meyers,technology,34,307,262141485.97,35443466.85,209886037.7,69406870.23,3.0817,2.0369,0.4941,14.943,Latin America,Brazil
COMP_002095,Jennings and Sons,energy,40,15697,2907022682.94,377149864.57,1952882766.56,493259861.69,1.3399,1.0718,0.3379,10.9132,Asia Pacific,Japan
COMP_002096,"Farrell, Rodriguez and Brown",professional_services,12,630,79389014.69,11785325.41,81937126.04,44990296.22,1.9769,1.5448,1.2177,8.4998,Europe,Switzerland
COMP_002097,Rush and Sons,transportation,26,819,581817432.22,75397443.47,565194560.69,171446897.26,2.2653,2.0387,0.4354,10.1556,Asia Pacific,Hong Kong
COMP_002098,TroubleThere LLC,transportation,9,680,638236593.37,23310788.37,488136437.45,203160909.75,1.1212,0.6564,0.7129,2.7663,Europe,Switzerland
COMP_002099,Cooper Inc,retail,4,2123,399361251.49,34605433.85,214001228.83,101614115.01,1.9965,1.2456,0.9041,6.5811,Europe,France
COMP_002100,Torres & Ruiz LLC,transportation,50,3709,402010767.94,61084993.62,676975683.98,312926124.93,2.5277,1.2864,0.8596,4.1365,North America,United States
COMP_002101,Singh and Sons,energy,50,87314,9155146180.65,1117906432.47,5186401218.21,2175334070.05,1.4786,1.2269,0.7224,10.4187,Asia Pacific,Australia
COMP_002102,Harris PLC,retail,47,2527,267448375.89,26064605.69,192832551.85,62596009.83,3.2662,1.7224,0.4806,6.7485,Latin America,Mexico
COMP_002103,Christensen PLC,healthcare,9,282,162165048.72,17066366.3,83790157.07,52878264.62,1.3231,0.8012,1.7106,6.0614,Europe,Netherlands
COMP_002104,MeetingPrevent Ltd,professional_services,32,674,69741962.26,10265739.56,52841571.59,26311361.52,1.4597,0.9244,0.9918,7.3254,Asia Pacific,Hong Kong
COMP_002105,Neal Ltd,construction,24,1162,397664368.47,52973017.46,515579980.08,236992038.39,1.9467,1.1964,0.8507,7.6174,Asia Pacific,Japan
COMP_002106,Bennett Ltd,retail,33,1363,159747315.18,27916465.48,104360614.75,29868324.58,1.6294,1.3527,0.401,15.8731,Europe,Netherlands
COMP_002107,NewAnimal LLC,hospitality,20,1632,171578672.14,25004225.65,131418820.91,69296994.61,3.5052,3.0693,1.1155,9.458,Europe,United Kingdom
COMP_002108,Brown and Sons,hospitality,16,500,181322507.7,9297548.17,183996943.61,111708537.72,3.4456,1.8762,1.5453,2.6128,Latin America,Brazil
COMP_002109,StrategySame PLC,construction,19,624,142067721.25,13567545.21,116034566.0,56415910.66,1.0579,0.7074,0.9463,4.7764,Europe,Netherlands
COMP_002110,ExperienceArgue Group,technology,31,2974,491777214.88,44105809.35,401722814.23,204182871.0,2.8604,1.6425,1.0336,7.0857,Asia Pacific,Hong Kong
COMP_002111,"Landry, Jones and Guerrero",healthcare,33,480,145007970.41,12300915.33,106509614.36,27086369.93,3.5741,2.7467,0.341,10.1202,Asia Pacific,Hong Kong
COMP_002112,RecognizeTogether Ltd,transportation,20,1692,209995511.72,8616823.08,147955893.37,54508278.42,1.9635,1.6935,0.5833,3.3809,North America,Canada
COMP_002113,Ward Inc,professional_services,3,134,18830371.5,2355973.86,11925676.62,8160908.76,2.3193,1.3725,2.1677,9.0276,North America,Canada
COMP_002114,Smith Ltd,hospitality,5,625,178903952.29,18655204.94,168674590.96,98253285.79,1.3042,1.1704,1.3952,6.0729,North America,Canada
COMP_002115,Hall-James,energy,16,16847,6560210895.63,210930281.86,7510668512.38,4365707790.76,2.9797,2.4207,1.3882,1.8957,North America,United States
COMP_002116,SecurityBit LLC,professional_services,48,124,15634376.18,2641563.41,29080400.52,13566253.45,2.3427,1.9142,0.8744,4.3512,Europe,Germany
COMP_002117,Delacruz-Schmidt,hospitality,15,767,88624360.26,11530805.88,50894517.59,17261623.18,3.2416,2.4491,0.5132,23.0545,Europe,France
COMP_002118,Lopez PLC,financial_services,22,4385,3080337145.1,515189772.31,2889425098.76,894725192.52,3.0142,1.9232,0.4486,19.2616,North America,Canada
COMP_002119,Castro-Marquez,manufacturing,35,713,176093529.13,10943998.49,279437766.96,96611163.87,2.5078,1.8907,0.5284,2.7605,North America,United States
COMP_002120,AmongEnd PLC,healthcare,32,1468,883004286.57,149153326.43,1419235738.77,561305438.82,1.1167,0.5729,0.6543,6.2385,North America,Canada
COMP_002121,FocusGoal Group,construction,1,2027,402783750.04,20773045.69,207111835.28,98086229.39,2.6188,2.1063,0.8997,4.4765,Europe,Germany
COMP_002122,Garner-Smith,healthcare,49,1924,507680739.71,56325650.07,308443124.94,113873434.18,2.3693,1.817,0.5853,7.5902,Asia Pacific,Australia
COMP_002123,"Bell, Garrett and Young",retail,6,4455,483629054.4,45862886.33,400146925.83,170501159.05,1.4179,0.8094,0.7425,5.5267,Latin America,Mexico
COMP_002124,Good PLC,financial_services,22,17213,2094627286.58,88276855.06,4185207995.79,1731464270.84,3.6051,3.041,0.7056,1.9397,Latin America,Chile
COMP_002125,Cain-Garrett,hospitality,6,1618,196837953.49,26947692.43,182168798.15,126422334.32,2.8986,1.6374,2.2678,7.5816,Asia Pacific,Singapore
COMP_002126,Johns & Zamora Inc,healthcare,7,2727,669580398.81,21384264.91,546072366.24,403618081.04,2.033,1.2659,2.8333,1.9256,Asia Pacific,Hong Kong
COMP_002127,YetOne LLC,hospitality,37,791,127299583.38,18748532.69,174969972.94,63683535.71,2.6891,1.663,0.5722,7.4555,North America,United States
COMP_002128,Perez & Peterson Group,construction,34,258,87147673.17,13759776.83,54046258.87,13168397.5,2.2809,1.8006,0.3221,16.5986,Latin America,Brazil
COMP_002129,"Taylor, Blair and Meyer",construction,36,2704,441554240.36,43410001.33,307233653.45,158513112.15,3.5658,3.0529,1.0658,6.2212,North America,United States
COMP_002130,Gregory & Salas Ltd,manufacturing,25,8191,860704478.96,50575076.73,715671033.63,213839671.31,3.1719,2.5487,0.4261,5.5987,North America,United States
COMP_002131,Perez & Allen and Sons,energy,8,4685,1664222387.54,58956828.94,1192468754.97,457567870.57,2.5239,1.2948,0.6226,3.4216,Europe,France
COMP_002132,Simmons LLC,retail,44,68,8278544.95,1414769.86,9595147.17,4721713.66,1.6568,1.219,0.9689,8.1339,North America,Canada
COMP_002133,"Murphy, Daniels and Clark",construction,37,1647,282079063.4,50110235.68,317697724.53,99280872.71,3.663,2.4159,0.4545,11.5481,Asia Pacific,Hong Kong
COMP_002134,CertainlyPartner PLC,energy,50,17398,5297626240.12,243318214.5,5528260522.2,1568327995.65,2.0228,1.4017,0.396,2.976,Latin America,Mexico
COMP_002135,ReturnSuch and Sons,financial_services,35,9000,3599574575.62,355295029.9,1874170523.83,596981144.65,1.373,1.0043,0.4674,9.9145,North America,Canada
COMP_002136,Parker Ltd,financial_services,10,23673,4452387684.56,395474194.79,8735445953.18,3485726970.19,2.0435,1.6431,0.664,3.3665,Asia Pacific,Japan
COMP_002137,Roach and Sons,hospitality,34,54,16801910.34,2074304.97,14361279.81,5270646.74,2.9812,1.5407,0.5798,7.1339,Europe,United Kingdom
COMP_002138,Forbes-Daugherty,transportation,3,6093,734181525.44,86662509.07,1147974683.83,899771663.38,2.9133,2.1094,3.6251,2.4003,Europe,Switzerland
COMP_002139,Thomas PLC,manufacturing,34,2369,382949768.75,38885421.19,220143065.09,102122981.48,1.7596,0.9906,0.8653,9.3161,Latin America,Brazil
COMP_002140,WhoseCoach LLC,transportation,43,894,859595282.63,98062838.83,891174708.16,246635883.67,1.0639,0.6148,0.3827,11.1818,North America,Canada
COMP_002141,Grant Ltd,healthcare,45,6156,819968196.29,24965638.82,635335519.42,215957040.42,2.9985,1.6792,0.5149,4.7944,North America,United States
COMP_002142,Wilson & Stewart and Sons,energy,20,25265,5430897862.11,440910419.58,5985209083.67,2199394530.96,2.5553,1.9109,0.581,4.2642,North America,Canada
COMP_002143,"Johnson, Flores and Dudley",transportation,21,2188,713140370.64,89453829.64,1353567958.12,367163522.9,1.5294,1.1813,0.3722,5.0617,Europe,United Kingdom
COMP_002144,Ali & Turner Ltd,technology,31,359,157860706.48,16952722.98,95643985.87,31902385.06,2.5926,2.2699,0.5005,14.2816,Asia Pacific,Hong Kong
COMP_002145,"Mahoney, Hill and Maxwell",hospitality,14,209,94762411.89,7340737.97,60712961.71,16990605.96,1.0984,0.5878,0.3886,11.0303,Europe,Germany
COMP_002146,Anderson Inc,healthcare,18,4496,822528713.22,111059647.7,634037346.45,266331393.31,1.2946,0.9758,0.7243,14.6864,North America,Canada
COMP_002147,Farmer & Salazar LLC,manufacturing,2,2905,923937742.37,77816649.78,900878551.95,552379250.8,0.9287,0.7795,1.585,4.8226,Asia Pacific,Australia
COMP_002148,PoliceOur PLC,professional_services,29,210,36100927.4,5607096.43,20664395.39,8764012.19,3.4739,2.7846,0.7364,11.7958,North America,Canada
COMP_002149,Carlson and Sons,energy,8,42095,4967413850.14,143310890.42,2816829751.58,1818720128.25,2.4876,1.3266,1.8222,2.501,Latin America,Mexico
COMP_002150,RightAgree LLC,financial_services,45,18516,4142963769.66,654741471.59,2079405945.39,1139961751.34,3.6562,2.2654,1.2134,9.2735,Latin America,Brazil
COMP_002151,Watts Group,professional_services,6,170,33853200.71,2716682.92,25682935.11,16011241.79,1.2984,0.9884,1.6555,3.373,Latin America,Chile
COMP_002152,Shaw PLC,transportation,31,993,182023977.2,9248414.19,111860264.37,37480060.56,2.8571,1.6543,0.5039,4.471,Latin America,Chile
COMP_002153,Harrison Ltd,energy,31,46520,7134539502.29,294011178.28,3844029562.86,1848434937.63,3.475,2.0472,0.9263,3.9146,North America,United States
COMP_002154,Brooks Group,retail,18,2524,413337149.93,67438785.0,281007564.32,131308565.75,1.3663,0.9405,0.8772,8.2,North America,United States
COMP_002155,Henry & Taylor and Sons,professional_services,5,45,10513429.11,704580.31,10192320.16,4386203.71,1.8419,1.1332,0.7554,5.1371,Europe,Germany
COMP_002156,Perez & Ortiz Inc,technology,15,858,120697182.27,9776540.39,86249666.46,24934647.74,3.0295,2.3846,0.4067,10.1619,North America,United States
COMP_002157,Schaefer Group,transportation,16,721,150552269.86,5755846.88,96130941.91,50829622.83,1.4949,0.8564,1.122,3.3131,Latin America,Mexico
COMP_002158,Walker & Powers and Sons,technology,41,1433,174622764.38,5982742.09,194275079.9,103721527.67,3.3199,1.9487,1.1454,2.2515,Asia Pacific,Hong Kong
COMP_002159,Todd Inc,manufacturing,37,7408,906198448.02,97903708.11,1049404783.78,518468178.23,3.2183,2.5901,0.9765,4.1784,Latin America,Mexico
COMP_002160,Thompson Group,energy,16,29403,7500822052.78,1110566401.27,14157339204.7,4578786121.98,2.1685,1.876,0.478,4.6013,Europe,Netherlands
COMP_002161,"Burns, Nguyen and Ellis",retail,10,1210,326271497.27,32191513.9,622835193.89,196301606.39,3.3776,1.7639,0.4602,4.6231,North America,Canada
COMP_002162,Patterson Inc,hospitality,32,573,124564784.93,7836302.02,77546753.59,26673255.54,1.783,1.5608,0.5243,5.384,Europe,United Kingdom
COMP_002163,Franklin & Holloway Ltd,professional_services,10,98,35561307.19,4058803.68,21885395.98,12997363.38,2.0405,1.3171,1.4623,5.4472,Europe,Switzerland
COMP_002164,Edwards & Carr Ltd,professional_services,26,473,84224031.53,9740273.8,91971237.05,47197332.71,3.1545,2.425,1.0541,3.9336,Asia Pacific,Australia
COMP_002165,Armstrong & Herrera Ltd,energy,30,15340,4739307315.61,260225746.74,2722404885.46,1372959234.74,1.322,0.778,1.0174,7.1097,Asia Pacific,Singapore
COMP_002166,"Buchanan, Meyer and Hayes",technology,12,3638,489573364.07,75430912.74,431474886.76,141077105.16,1.4079,0.869,0.4858,10.8429,Asia Pacific,Australia
COMP_002167,Wilcox Inc,manufacturing,4,6852,1271942855.21,57560028.85,1246683647.54,599954171.06,1.0174,0.5283,0.9277,3.1141,North America,United States
COMP_002168,UnderstandElse PLC,energy,23,3097,1306334178.57,97433620.22,730285537.49,187920343.1,2.721,2.4123,0.3465,9.4823,Asia Pacific,Australia
COMP_002169,Medina Ltd,energy,26,53791,6777966742.65,485746741.07,10966796716.68,4810124153.92,2.102,1.364,0.7813,3.8656,North America,Canada
COMP_002170,Williams Group,professional_services,6,308,32847849.54,3922028.93,18949480.13,12138133.8,2.9965,2.581,1.782,7.9047,Asia Pacific,Singapore
COMP_002171,Black & Mccoy Inc,professional_services,46,562,68789556.07,11035209.88,103425401.36,47724833.14,3.4948,2.1864,0.8568,5.0673,Latin America,Mexico
COMP_002172,Carter Group,hospitality,41,134,14858588.48,1862328.53,7538633.18,2797326.42,1.0899,0.8867,0.59,19.449,North America,Canada
COMP_002173,UsuallyFly LLC,retail,21,490,89090955.71,3964728.84,49194310.66,11818848.44,2.2864,1.2101,0.3162,11.3195,Asia Pacific,Hong Kong
COMP_002174,Murray Group,construction,39,850,428589943.16,40065120.55,236021105.77,79761685.34,3.0015,2.3324,0.5104,10.9907,North America,United States
COMP_002175,Austin-Brown,financial_services,49,1537,1143625989.55,162020247.41,715167966.63,366069680.33,3.1355,2.3201,1.0486,9.1593,North America,United States
COMP_002176,Black and Sons,healthcare,25,7857,837855919.62,142745704.71,628882205.84,173849539.87,3.8053,2.6228,0.3821,15.4011,Asia Pacific,Hong Kong
COMP_002177,Gallegos-Hayes,energy,41,3701,2828797080.12,83417810.04,2039775186.0,707603810.1,2.1847,1.579,0.5312,2.6874,Europe,Switzerland
COMP_002178,"Mason, White and Richards",manufacturing,46,8626,1289335001.02,129153875.95,742626211.99,350282513.42,3.8529,2.0994,0.8928,6.9581,Latin America,Brazil
COMP_002179,WallSafe PLC,retail,23,2236,347686985.61,31123580.94,660231282.94,267423253.84,3.1197,2.4482,0.6808,4.7153,North America,Canada
COMP_002180,Long LLC,healthcare,42,4890,515091479.38,32876901.5,262077888.98,113852075.34,1.6246,1.1122,0.7681,9.4553,Asia Pacific,Japan
COMP_002181,LittleAgo and Sons,hospitality,33,301,61756824.66,8449690.36,52596575.31,13774043.52,2.645,2.1296,0.3548,9.0501,Asia Pacific,Singapore
COMP_002182,Chavez & Mosley and Sons,professional_services,24,136,21658115.45,3293770.13,26710637.33,9006144.89,3.6887,1.9763,0.5087,12.324,Latin America,Brazil
COMP_002183,Khan & Davis LLC,technology,47,92,17561487.93,510162.93,17145956.48,8695850.08,2.0298,1.2839,1.0291,1.7396,Latin America,Chile
COMP_002184,Holt & Meadows and Sons,technology,44,904,152669254.22,8428840.21,142976558.07,65769803.56,2.4157,1.7798,0.8519,4.3349,Asia Pacific,Singapore
COMP_002185,Higgins Inc,technology,7,1197,326928232.48,11882255.03,218362745.19,82262089.92,1.7955,1.4853,0.6044,3.8926,North America,Canada
COMP_002186,Wilson Group,hospitality,48,1066,187722658.87,25588045.05,125255994.71,53555421.6,2.6146,1.5257,0.7469,7.5661,Latin America,Brazil
COMP_002187,Walters Inc,manufacturing,20,2213,1743696919.7,144536814.62,1603264310.73,391550283.76,3.3232,2.6878,0.3231,9.5865,North America,United States
COMP_002188,"Zimmerman, Acosta and Hester",financial_services,15,38036,3832663234.91,255794253.15,2694065079.33,1327220592.8,1.5891,0.8059,0.971,4.0698,North America,Canada
COMP_002189,Salazar & Moore PLC,energy,18,18217,7895051065.37,675243938.32,7301923783.76,3096211687.76,2.4033,1.3888,0.7362,7.2753,Latin America,Brazil
COMP_002190,Williams-Jackson,transportation,50,2967,668335054.44,50165091.55,604100629.17,145791726.56,1.4043,0.7232,0.3181,9.5286,North America,Canada
COMP_002191,Rogers Ltd,transportation,7,2393,267683988.99,11066071.89,432992341.77,205428938.21,2.2547,1.1666,0.9027,2.4185,Europe,Switzerland
COMP_002192,Huffman and Sons,energy,5,48770,9076590555.52,601775011.27,7913091739.41,5082109333.54,2.7545,2.3135,1.7952,3.7477,Asia Pacific,Singapore
COMP_002193,Melton and Sons,professional_services,36,250,67237865.03,5616534.28,85051856.04,22668635.93,1.4419,0.9464,0.3634,6.3896,Asia Pacific,Singapore
COMP_002194,Hammond Inc,manufacturing,11,3502,1125276855.65,142212321.8,1265376261.84,647475302.01,1.5755,1.1307,1.0479,5.514,Europe,Netherlands
COMP_002195,Barnes LLC,financial_services,24,3543,563837451.38,17186989.24,294503922.59,149617243.98,3.5325,3.0568,1.0327,4.4987,Latin America,Chile
COMP_002196,Cross & Woodward LLC,financial_services,8,18996,2240807163.59,212012829.01,2567364104.01,1413799454.4,0.9118,0.487,1.2256,4.6448,North America,United States
COMP_002197,Sims Inc,energy,25,7272,4630564798.46,802015862.93,3056857297.94,873541802.73,1.9088,1.3256,0.4001,16.8946,Europe,France
COMP_002198,WayCatch and Sons,retail,17,470,432552677.54,14893874.09,676017183.54,350131447.97,2.4278,1.3215,1.0744,1.7255,North America,Canada
COMP_002199,AboutPrevent LLC,healthcare,45,2594,548914979.09,73446984.21,746966842.52,331337971.07,2.3125,1.6995,0.7972,8.2863,North America,Canada
COMP_002200,Ellis Group,technology,25,657,190819873.94,18071541.52,202167905.58,101409246.73,2.3521,1.3761,1.0065,6.5739,Asia Pacific,Hong Kong
COMP_002201,"Aguirre, Franklin and Snyder",manufacturing,49,17038,1953832653.74,93363356.94,1969225332.98,1088094157.0,2.755,2.2487,1.2349,2.5337,Europe,Germany
COMP_002202,DirectorPer Ltd,financial_services,17,2552,562495760.7,64362286.98,410300322.72,235865596.27,2.4543,1.2308,1.3522,4.4367,North America,United States
COMP_002203,Alvarez Group,healthcare,12,1320,425435686.17,55774155.21,384390216.86,155053959.91,0.9552,0.6248,0.6761,9.6999,Latin America,Mexico
COMP_002204,Miller-Greene,hospitality,3,37,9362910.36,524987.31,4958670.97,2592588.13,1.0374,0.8658,1.0957,7.1437,Latin America,Chile
COMP_002205,Khan LLC,healthcare,11,4740,741204600.16,46779646.7,677364854.22,302301830.23,1.6717,0.8769,0.806,4.1538,Latin America,Mexico
COMP_002206,"Fuller, Wilkins and Clark",professional_services,34,853,91848616.94,10671611.13,72714036.7,29475699.13,2.3765,2.042,0.6817,9.6777,North America,United States
COMP_002207,Lopez Inc,transportation,1,2378,287236956.25,27782251.74,246180525.36,197498556.15,2.5207,1.4841,4.0569,3.6335,Asia Pacific,Australia
COMP_002208,Delgado & Johnson Inc,transportation,34,5626,859758260.03,34484123.95,453132524.83,119465217.7,1.3449,1.0509,0.358,6.4634,North America,Canada
COMP_002209,RegionParticipant PLC,healthcare,18,2067,295757139.31,19644601.45,470055276.9,271928970.23,2.0125,1.6899,1.3725,2.3242,Europe,Germany
COMP_002210,FireGlass Inc,professional_services,47,687,91121631.08,7974646.93,58712598.18,20524856.48,3.7288,2.2056,0.5375,5.8927,North America,United States
COMP_002211,Williams Group,retail,1,2821,377473027.99,41457059.75,230771987.0,115581476.39,2.3633,1.7353,1.0034,10.2463,Asia Pacific,Australia
COMP_002212,Chaney & Martin LLC,professional_services,31,447,80588224.3,10075521.71,68033176.03,18587004.6,2.3397,2.0697,0.3759,8.4852,Europe,France
COMP_002213,"Guerrero, Graves and Armstrong",retail,48,75,10967264.69,1652095.89,6324744.87,3229763.88,2.1157,1.3368,1.0435,9.2456,Europe,Netherlands
COMP_002214,Hart Group,hospitality,30,869,192599261.06,24566017.01,216121553.2,57280226.16,3.6866,2.1993,0.3606,8.4071,Latin America,Chile
COMP_002215,Curry LLC,construction,1,811,364702141.07,20182635.38,272405132.22,109451991.2,2.7608,2.2912,0.6717,4.3211,North America,Canada
COMP_002216,WordAlso Inc,construction,45,298,155851792.22,23469542.02,116660917.2,35016121.24,3.548,2.8385,0.4289,14.4578,Latin America,Brazil
COMP_002217,Mack & Morris Group,energy,24,38007,8302476915.35,828716959.37,4689518859.36,1471798366.99,3.0916,1.8556,0.4574,16.4558,North America,Canada
COMP_002218,Wilkins Group,energy,21,19961,2851135924.23,124532875.04,1628637487.2,728820249.82,1.9817,1.4832,0.81,5.6113,North America,United States
COMP_002219,Bridges & Brown Group,technology,6,4159,436504165.94,50734862.11,384179465.06,193396004.84,2.9009,1.9838,1.0137,5.631,North America,United States
COMP_002220,Taylor & Neal LLC,technology,4,303,57177614.82,5405790.83,42859796.11,17087745.58,2.6291,1.8728,0.663,8.1957,North America,Canada
COMP_002221,GirlNew Group,retail,5,3067,352435616.78,8874072.9,235276145.31,132427327.52,2.0278,1.735,1.2876,2.0282,Europe,Netherlands
COMP_002222,Warren Ltd,energy,47,15854,5429949842.62,485234357.27,3854137221.05,1080940817.27,1.2454,1.1165,0.3898,8.9792,North America,Canada
COMP_002223,DeterminePopulation Inc,hospitality,47,54,20210359.57,3587575.08,11662596.6,3252704.72,2.1394,1.6157,0.3868,19.0596,North America,United States
COMP_002224,Rodriguez & Blair Ltd,healthcare,45,851,245684359.12,29957634.11,174080510.89,65374087.19,1.5813,1.3682,0.6014,8.404,Latin America,Mexico
COMP_002225,Rice Inc,manufacturing,15,285,34684032.19,4639405.14,23128273.9,12181341.2,2.9586,2.2587,1.1128,5.6846,Europe,Netherlands
COMP_002226,Ramsey-Jacobs,manufacturing,25,2512,942848251.27,153248570.92,1095571312.87,467387675.87,2.7703,2.0773,0.744,8.2651,Europe,France
COMP_002227,French Ltd,financial_services,17,3051,1513313651.19,102073617.8,1181949197.32,614000732.0,1.6896,1.4678,1.0811,3.8103,Latin America,Chile
COMP_002228,FieldLate PLC,healthcare,20,1060,600365696.88,87756638.64,719997382.74,183474266.46,1.7765,1.3181,0.342,9.4714,Latin America,Mexico
COMP_002229,Abbott LLC,energy,45,15970,3007516186.7,235321063.16,1988806833.53,974824144.48,1.1995,0.907,0.9614,6.0389,Latin America,Chile
COMP_002230,"Andrews, Hanson and Ho",manufacturing,23,1582,606839031.9,69198982.18,396072018.43,97061268.03,3.127,2.7575,0.3246,10.1644,North America,Canada
COMP_002231,Mendez & Crawford Ltd,construction,47,1944,372880633.37,10257209.16,518876132.7,178327496.05,1.8893,1.3491,0.5236,2.9451,Asia Pacific,Hong Kong
COMP_002232,ProjectModern Group,transportation,37,431,57661407.62,3143019.34,33027367.44,18249558.58,3.4788,2.1789,1.2349,4.6659,Europe,France
COMP_002233,Stephenson and Sons,healthcare,5,4098,903380520.22,23066647.72,597032136.57,456467584.31,3.1379,2.1414,3.2474,2.246,Europe,France
COMP_002234,Erickson & Krause Inc,construction,7,1955,426870617.82,13419408.26,407649220.41,225666071.58,2.6593,1.5002,1.24,2.5905,North America,Canada
COMP_002235,Wilson & Marshall Inc,technology,48,3226,334234536.93,57436983.19,215755171.27,91689837.72,1.5151,0.9107,0.739,10.9798,Latin America,Brazil
COMP_002236,Mclaughlin & Clark PLC,healthcare,3,3513,595255462.26,69332809.24,390477946.4,226436720.4,1.3021,0.7405,1.3804,6.967,Asia Pacific,Singapore
COMP_002237,Duarte & Gutierrez LLC,manufacturing,1,12744,1785681971.3,119119991.82,3502193889.44,2260001605.21,2.6988,1.9436,1.8194,2.4169,North America,Canada
COMP_002238,Bailey Ltd,transportation,40,352,193476877.73,25716401.59,117754806.02,36149429.74,2.1713,1.1432,0.443,12.7096,Asia Pacific,Singapore
COMP_002239,Lewis Ltd,technology,24,116,40405611.93,6548145.11,73660064.68,20384944.41,1.9082,1.3646,0.3826,8.3574,Latin America,Brazil
COMP_002240,Harris & Campbell Inc,technology,14,846,120515574.78,9681637.8,60437625.65,19675327.47,1.6085,0.8289,0.4827,8.3241,North America,United States
COMP_002241,Evans-Pierce,financial_services,13,35141,3974945610.71,629696431.39,3989543174.5,1432132216.25,1.2576,0.8475,0.56,8.6358,North America,United States
COMP_002242,SpeakAccording Inc,retail,8,168,19265792.83,1384612.37,10415191.84,5096459.13,1.8459,1.3351,0.9582,5.0172,Europe,Germany
COMP_002243,RichGoal LLC,energy,18,47370,5848928009.08,938227412.38,9806785734.99,2533454846.86,1.2943,0.8495,0.3483,7.0771,Asia Pacific,Singapore
COMP_002244,Foster & Carroll Inc,hospitality,2,205,199092065.72,5515622.64,124955614.98,48991652.06,1.7468,0.9731,0.6449,2.5891,Europe,Switzerland
COMP_002245,Collier & Lee LLC,financial_services,7,32430,4279923508.25,142708348.6,8406730444.99,5589478226.54,2.4744,2.1916,1.984,1.5359,Latin America,Brazil
COMP_002246,Nielsen & Mendoza Group,healthcare,22,2896,523838460.6,80926406.57,335251802.99,120420072.49,3.0367,2.3641,0.5605,19.4498,North America,Canada
COMP_002247,SubjectAlso Ltd,transportation,42,187,73004500.19,6820691.49,76345294.26,26869670.37,1.8151,0.9491,0.5431,4.9922,Latin America,Mexico
COMP_002248,Taylor & Moore Group,retail,39,2149,416024010.16,33616676.67,251012680.56,67226386.3,3.6559,2.9631,0.3658,7.9853,Latin America,Brazil
COMP_002249,"Huang, Ford and Olsen",construction,3,2219,301494361.55,12636619.44,152673838.09,71454460.18,2.1868,1.9413,0.8798,6.8694,Asia Pacific,Japan
COMP_002250,WithoutSituation Inc,healthcare,35,1147,119358332.07,10904047.61,70255870.61,35960791.26,1.9252,1.6565,1.0486,8.9906,Europe,France
COMP_002251,Conley LLC,financial_services,43,3059,478347851.27,66017090.42,343052701.79,102207384.48,1.9723,1.6121,0.4244,12.0798,Latin America,Mexico
COMP_002252,OtherShare Ltd,healthcare,44,4531,910078685.34,48584767.28,775314040.68,333053630.1,2.608,1.3231,0.7531,4.1547,Latin America,Brazil
COMP_002253,Stewart PLC,energy,50,54888,6708542616.23,1069376599.4,10224568316.42,5716990810.71,1.0416,0.7583,1.2683,3.4497,Latin America,Brazil
COMP_002254,Smith & Ray LLC,energy,43,76694,8301403653.2,1401485931.47,11041595195.0,3060856362.08,1.6266,1.0598,0.3835,9.2748,North America,United States
COMP_002255,Jones-Hernandez,financial_services,30,31571,4396104712.41,402196022.6,2709463607.9,762902330.52,2.4917,1.8217,0.3919,10.493,Europe,United Kingdom
COMP_002256,ThoughAllow LLC,financial_services,25,5572,2863144036.72,471819228.24,1777566034.64,851924022.63,3.1293,2.2809,0.9204,9.1656,Europe,Netherlands
COMP_002257,Sims-Kirby,construction,4,1467,261135944.12,31851950.94,146339642.51,63614773.61,2.0627,1.4321,0.769,9.7841,Asia Pacific,Australia
COMP_002258,"Obrien, Lopez and Wilson",hospitality,42,453,86655054.65,3497960.27,52219073.82,16847171.09,1.7117,1.2498,0.4763,5.0667,North America,United States
COMP_002259,StaySociety LLC,professional_services,19,291,32036185.49,3780721.59,16259325.06,8531044.4,3.6928,2.8117,1.1039,10.7898,Latin America,Chile
COMP_002260,SeasonToward LLC,financial_services,18,15005,2178633844.68,86788395.5,1120398952.94,452459924.52,2.6408,2.1954,0.6774,3.7089,Asia Pacific,Singapore
COMP_002261,Mckinney LLC,transportation,23,4378,776140859.17,138920095.01,1169436755.99,426984448.29,3.7189,2.9508,0.5751,8.6919,Europe,Switzerland
COMP_002262,Gutierrez Group,transportation,39,2877,605904196.7,81088565.73,446025303.83,168304015.72,2.488,1.5567,0.606,9.5907,Latin America,Mexico
COMP_002263,Wiley LLC,construction,31,3069,446799028.53,47402977.76,224072151.76,69414387.88,1.9168,0.9883,0.4488,10.5554,North America,Canada
COMP_002264,Hayes & Sampson and Sons,transportation,30,2500,448946214.24,77819906.77,700516181.31,374626161.01,2.8613,1.6519,1.1495,4.3603,North America,Canada
COMP_002265,NetworkFive and Sons,construction,38,2928,305509341.47,14801519.02,388628883.19,182250972.37,2.473,1.516,0.8831,2.8179,Asia Pacific,Australia
COMP_002266,BrotherHouse Inc,technology,47,992,316022468.99,16817698.1,501227119.67,280635562.17,1.4354,1.1893,1.2722,1.7814,Europe,Netherlands
COMP_002267,StarDefense Inc,healthcare,19,2154,593738676.49,70761048.33,809114684.37,356746151.67,1.1796,0.6557,0.7886,6.3567,Latin America,Brazil
COMP_002268,Hunter-Lloyd,technology,38,1652,351614252.77,21769142.16,339591901.45,121508095.71,3.0273,2.7085,0.5572,6.7749,North America,United States
COMP_002269,Stein and Sons,financial_services,5,9431,1194793007.19,48704188.67,609102683.58,272150940.74,3.0674,1.9759,0.8077,5.0828,Latin America,Brazil
COMP_002270,Peterson Group,hospitality,37,130,102960391.73,6474964.9,68915558.74,18596037.47,2.8557,1.9734,0.3696,6.3407,Latin America,Mexico
COMP_002271,SignificantTv PLC,healthcare,10,518,108703678.79,4560314.18,150114021.77,103784303.51,2.5622,1.9537,2.2401,1.659,Asia Pacific,Singapore
COMP_002272,Rowe-Thomas,retail,43,1422,193486641.17,4775611.99,218627776.19,78336383.85,3.3603,2.1373,0.5584,2.1573,Latin America,Brazil
COMP_002273,Wiggins & Short PLC,technology,32,2130,244345867.24,24863014.74,147887590.11,64157902.34,2.9624,2.5748,0.7663,10.5522,Latin America,Mexico
COMP_002274,Rhodes & Anderson Ltd,professional_services,47,287,65396313.82,7696789.06,73127382.84,36820645.18,1.1411,0.8077,1.0142,4.3601,Latin America,Chile
COMP_002275,Johnson Group,construction,37,2435,475512871.03,12700964.45,247608919.58,73986461.76,1.2175,0.825,0.4261,3.2872,Latin America,Brazil
COMP_002276,SellTreatment PLC,construction,42,2610,302322277.94,51519937.86,253341093.0,135197961.46,1.232,0.7839,1.1444,11.583,Europe,Switzerland
COMP_002277,Wilson & Collins Inc,financial_services,40,28998,3720533641.72,108541649.81,3222258217.12,1263767921.26,1.5079,0.823,0.6453,3.0253,Europe,Germany
COMP_002278,Mcdaniel & Wheeler Inc,professional_services,48,440,50873472.92,6262022.08,28928075.26,13798762.37,1.4906,1.2938,0.9121,7.6055,North America,United States
COMP_002279,GoalManage Inc,technology,31,1587,317417911.66,11828956.42,417652679.62,156088903.45,3.5165,3.0209,0.5968,2.946,Europe,Netherlands
COMP_002280,Garcia Ltd,manufacturing,30,1421,151155110.11,22006218.07,155296113.19,68103807.38,1.9671,1.5621,0.7811,6.6696,Europe,Switzerland
COMP_002281,Reese Inc,construction,13,1281,130923832.52,5494876.96,85045610.81,40564712.79,2.7797,2.2155,0.912,2.929,Europe,Netherlands
COMP_002282,"Blake, Fowler and Clark",financial_services,17,15246,1815646935.09,153322064.66,1608718513.17,693558260.97,1.8987,1.5118,0.7579,6.0409,Latin America,Chile
COMP_002283,Lee LLC,financial_services,29,7708,2367741841.48,114311055.88,1642621666.07,876143314.68,3.8981,2.2248,1.1431,3.4405,Latin America,Chile
COMP_002284,"Flores, Alexander and Wilson",hospitality,35,17,10084100.35,652400.06,8676149.9,4332420.9,3.0394,1.8511,0.9974,4.2677,North America,Canada
COMP_002285,Moore Inc,manufacturing,35,956,288647954.13,20720629.71,262806626.74,68228529.56,2.7524,1.9406,0.3506,4.9801,North America,Canada
COMP_002286,Smith & Dean PLC,technology,1,784,139130339.59,7348109.47,77357804.35,30106034.44,1.9641,1.3154,0.6371,6.314,Latin America,Chile
COMP_002287,Garcia & Daniels PLC,healthcare,45,5048,971675027.45,150546932.63,664668103.59,239918362.74,3.8984,3.4609,0.5648,11.6076,North America,United States
COMP_002288,Flores and Sons,healthcare,12,2719,334690272.07,41395521.61,167759245.47,56917001.85,2.7215,1.6201,0.5135,16.0226,North America,Canada
COMP_002289,"Brock, Andrews and Jackson",professional_services,39,350,48463085.28,1810270.0,34004236.27,15570278.74,2.6306,1.8649,0.8447,4.9387,Latin America,Brazil
COMP_002290,ForeignPosition LLC,transportation,7,617,204136735.61,12993248.08,365107287.0,188450803.68,1.1355,0.9988,1.0668,2.2013,Asia Pacific,Australia
COMP_002291,Fernandez Inc,transportation,39,5739,614672270.37,51123465.47,396797790.94,177526278.68,1.8799,1.0025,0.8096,10.0003,North America,United States
COMP_002292,Johnson Ltd,technology,44,985,141060924.54,13705643.89,81875876.94,32655038.38,3.1476,1.6091,0.6634,11.7577,Europe,France
COMP_002293,Rodriguez Inc,manufacturing,44,3856,421915231.09,60319443.39,292981103.37,136255385.16,2.8068,1.4402,0.8694,15.538,Latin America,Mexico
COMP_002294,Miller & Myers Ltd,financial_services,42,9789,2587697415.95,248085484.0,1681165601.26,760484632.61,3.72,2.8123,0.826,5.4128,Latin America,Chile
COMP_002295,Carlson & Watkins Ltd,energy,10,211,104782701.65,7320656.09,69058567.6,37720620.93,2.7972,2.1471,1.2037,5.9813,Latin America,Mexico
COMP_002296,"Griffin, Kelly and Cook",transportation,19,142,17587392.32,521223.38,10406631.44,4880902.51,2.0638,1.7752,0.8833,2.2341,Europe,Netherlands
COMP_002297,Gonzalez Ltd,professional_services,50,121,22297346.51,3259991.52,15792582.76,5707163.98,1.3695,1.0551,0.5659,12.8633,Asia Pacific,Singapore
COMP_002298,Lamb & Miller Group,transportation,20,261,46354148.88,5441931.76,81374503.98,28986772.49,1.8931,1.4945,0.5533,4.1954,Asia Pacific,Japan
COMP_002299,OutCatch Inc,energy,33,2974,1124856253.6,97322303.63,1216242007.72,309463637.11,2.0567,1.2385,0.3413,7.784,Latin America,Brazil
COMP_002300,TaxSuffer Ltd,retail,21,1649,170752603.37,7969999.43,146939843.19,63062464.1,1.3179,0.7204,0.7518,2.7799,Asia Pacific,Japan
COMP_002301,Davis-Collins,construction,44,3395,402279911.39,36281375.16,317376120.16,132424857.18,3.887,2.4434,0.716,7.5295,Europe,France
COMP_002302,Newman & Miranda Group,healthcare,33,5146,574188400.15,73437156.0,992593284.82,447565734.06,3.1084,1.8011,0.8212,4.9252,North America,United States
COMP_002303,Meza and Sons,construction,17,1462,258770524.35,11838942.7,181682666.48,106139962.1,2.8337,1.569,1.405,3.3188,Europe,Switzerland
COMP_002304,Callahan PLC,hospitality,7,222,59404275.82,6330807.09,83508096.31,28830067.39,2.7284,1.6719,0.5273,3.6964,Asia Pacific,Hong Kong
COMP_002305,Scott LLC,financial_services,12,15656,4659451059.97,464732935.48,2448202514.17,1606093599.68,2.1947,1.5781,1.9072,7.7816,Europe,United Kingdom
COMP_002306,White-Stark,transportation,12,2650,403044890.82,35576665.27,309319997.19,185137333.77,1.8374,1.0246,1.4908,3.5559,Latin America,Mexico
COMP_002307,Rivera LLC,professional_services,35,32,9165730.3,970274.27,4796143.85,1658533.99,1.8373,1.2955,0.5286,8.9905,North America,United States
COMP_002308,LongMethod Inc,professional_services,9,449,61898118.35,6907109.85,45119621.4,26544037.99,1.4399,1.2929,1.429,4.5073,Latin America,Brazil
COMP_002309,Jones & Rodriguez Group,healthcare,45,627,118269201.51,13565783.48,134894731.38,71043664.63,2.5156,1.2852,1.1126,5.9819,Asia Pacific,Singapore
COMP_002310,Murray & Jackson LLC,construction,47,1285,175885455.69,25851382.15,171728093.93,47744720.9,3.5771,3.1924,0.3851,11.8475,Europe,Germany
COMP_002311,"Andrews, Romero and Sullivan",technology,30,1870,254198557.42,7219942.63,225287749.07,98282347.87,2.5228,2.1357,0.7738,1.778,North America,United States
COMP_002312,Klein & Rodriguez PLC,financial_services,16,25499,4372370398.18,255870390.32,5333656750.17,2234148300.28,2.8339,2.3334,0.7208,2.5995,Latin America,Brazil
COMP_002313,"Jones, Turner and Murray",financial_services,20,18018,2472797435.9,235471267.77,1365050158.03,510362685.44,3.5041,2.8731,0.5971,14.1364,Europe,Switzerland
COMP_002314,PerformanceJob and Sons,hospitality,12,929,140749494.44,13538357.4,114207171.11,66147162.29,1.0673,0.7023,1.3763,7.12,Asia Pacific,Singapore
COMP_002315,Oliver & Kelley Group,hospitality,26,447,198570550.96,16435009.5,192701049.07,66357205.11,3.4235,1.8212,0.5252,4.1035,Europe,France
COMP_002316,Reyes & Peterson Ltd,hospitality,46,158,27166334.86,2941732.1,23639613.64,5987468.74,3.6864,3.0733,0.3392,9.0538,Asia Pacific,Australia
COMP_002317,Garza & Mueller Group,hospitality,19,452,55671573.58,5148382.11,100489294.57,29800086.14,1.7137,1.316,0.4216,3.267,Latin America,Brazil
COMP_002318,"Cobb, Stephens and Young",retail,48,1056,198498885.65,9698132.4,377980894.28,195638163.84,3.7417,2.6535,1.0729,1.4781,Latin America,Chile
COMP_002319,"Caldwell, Stevenson and Joseph",manufacturing,28,1992,849438075.29,145576364.02,546742311.52,267299424.57,1.5724,0.8768,0.9565,11.2006,North America,United States
COMP_002320,ThinkMessage Inc,transportation,36,2809,416910864.51,24736774.3,461717590.82,254121865.31,3.7758,1.8989,1.2241,3.5044,Europe,France
COMP_002321,Vargas Group,energy,31,67420,9080729475.44,561770139.77,4945766259.98,1461547933.98,3.7686,2.0788,0.4195,6.6101,Latin America,Chile
COMP_002322,GasOne Inc,technology,17,904,357302289.59,25652047.56,353945004.8,134718471.85,2.6165,1.5367,0.6145,3.5808,Europe,Germany
COMP_002323,Short & Thompson Group,transportation,2,3935,611826161.95,31135364.08,821435562.95,382889367.36,2.5536,2.2686,0.8731,2.6818,Latin America,Chile
COMP_002324,George Ltd,professional_services,29,253,31282585.43,5105636.95,15842524.65,7093593.17,1.8785,1.0174,0.8108,14.3931,North America,Canada
COMP_002325,TeachPick Group,financial_services,26,23216,4120714017.26,657803686.38,3461760647.79,1415326639.51,3.4464,3.0832,0.6916,10.898,Asia Pacific,Singapore
COMP_002326,Snyder-Keller,construction,32,2776,477754953.19,67073589.88,589207251.47,275593536.54,2.8235,1.4914,0.8788,4.6873,Asia Pacific,Singapore
COMP_002327,Davis and Sons,technology,1,1969,410777942.99,35603972.9,361963245.23,155757626.91,2.3246,1.4057,0.7554,6.1447,Asia Pacific,Australia
COMP_002328,Clay Ltd,transportation,27,64,11549454.14,320481.11,8665960.92,2975630.17,1.2092,0.6669,0.5229,2.524,Europe,Switzerland
COMP_002329,Pacheco and Sons,retail,47,2876,318927882.35,54686660.38,255510534.91,132223239.06,2.1151,1.5181,1.0725,10.7271,North America,Canada
COMP_002330,"Hernandez, Schmidt and Price",technology,35,31,26516555.34,3423041.59,13810931.49,4932050.77,1.6648,1.1367,0.5555,10.5339,Latin America,Mexico
COMP_002331,ParticipantLikely and Sons,transportation,11,2451,265031148.13,23382127.62,222488844.3,152451562.24,3.3053,2.1363,2.1767,4.0222,Latin America,Chile
COMP_002332,Harris LLC,energy,32,1416,642270768.46,49543321.88,632847943.38,267323551.09,3.8321,1.955,0.7313,5.0909,Europe,Netherlands
COMP_002333,FirmOver Ltd,transportation,8,1324,607757498.42,34450879.77,580572309.47,396111778.52,2.9654,2.5473,2.1474,2.5503,Europe,France
COMP_002334,Torres & Harding Group,manufacturing,4,12198,1376313927.85,172604963.91,747456373.84,510206825.4,2.3527,1.6475,2.1505,5.7511,Asia Pacific,Japan
COMP_002335,SeriousWhole LLC,healthcare,20,793,118915199.88,18292486.8,112037096.51,37479410.09,1.8861,1.0554,0.5027,7.7695,Europe,Netherlands
COMP_002336,Mooney PLC,transportation,13,2929,390000494.21,9650290.72,244364785.04,119162992.39,1.7452,0.9122,0.9518,2.0835,Europe,Germany
COMP_002337,Smith PLC,manufacturing,48,6238,917910652.82,164080718.66,505156985.65,167426141.15,3.1472,1.7912,0.4957,25.6012,Europe,France
COMP_002338,Powell and Sons,professional_services,17,228,37220775.67,1346486.49,21948471.88,6331260.6,2.5272,1.3028,0.4054,4.2902,Asia Pacific,Hong Kong
COMP_002339,Phelps Inc,technology,19,286,61391475.24,10160669.36,50416784.4,27502164.1,1.2783,1.0485,1.2002,7.0474,Asia Pacific,Singapore
COMP_002340,Wood & Dunn Inc,hospitality,39,136,84370610.25,3169451.33,43271333.69,11961626.8,3.3278,2.6502,0.382,4.8782,Asia Pacific,Hong Kong
COMP_002341,Smith PLC,professional_services,50,153,75242215.76,9853453.49,65507305.21,19409041.81,2.3604,1.6965,0.421,15.7729,Asia Pacific,Australia
COMP_002342,Hoover & Howard LLC,manufacturing,2,914,151305252.42,15318342.44,105891639.44,80228052.05,2.4278,1.7019,3.1261,3.2115,Asia Pacific,Singapore
COMP_002343,Glenn and Sons,professional_services,34,22,8477911.4,1460938.49,14715812.99,6098401.13,2.5509,1.3471,0.7077,5.8546,Asia Pacific,Australia
COMP_002344,Reynolds & Lawrence Ltd,professional_services,38,178,35799743.54,1060805.62,48965640.54,22260973.35,1.5897,1.0445,0.8336,1.9471,Europe,United Kingdom
COMP_002345,Flores & Reyes Group,retail,49,831,470979404.39,42973078.67,262549876.43,96508493.0,1.194,0.7404,0.5812,6.9888,North America,Canada
COMP_002346,Graham & Clark and Sons,hospitality,37,1005,134045956.7,5145985.11,199257509.33,80096905.37,3.2214,1.9851,0.6722,2.5418,North America,United States
COMP_002347,MayChair and Sons,technology,49,2693,339656308.38,55169442.01,388834951.84,211860349.55,1.7936,1.1607,1.1971,9.2928,Asia Pacific,Hong Kong
COMP_002348,"Cruz, Middleton and Larsen",technology,46,523,181598075.43,18407745.57,178014874.4,82790060.11,2.0642,1.7419,0.8694,5.0886,Latin America,Chile
COMP_002349,Roberts Ltd,technology,13,2358,297236734.81,33422036.03,153252608.6,72249336.12,1.158,0.8811,0.8919,7.4661,North America,Canada
COMP_002350,CarCenter Inc,technology,13,38,6055460.83,762295.19,4452555.62,1890321.37,2.9842,1.5642,0.7378,9.0585,North America,Canada
COMP_002351,Wong and Sons,construction,39,490,319867542.97,50723104.26,163885703.29,60163784.96,2.7691,2.3386,0.58,23.9875,Europe,Netherlands
COMP_002352,Griffith & Tucker Group,healthcare,48,2541,913720512.84,119025994.64,711413989.22,172766039.45,1.1156,0.7789,0.3207,10.0163,North America,Canada
COMP_002353,Proctor & Taylor and Sons,retail,20,2725,307061587.24,17691918.87,562454725.99,270452739.08,2.0057,1.4317,0.9262,2.1134,Europe,Switzerland
COMP_002354,QualitySure Group,retail,30,2602,437101899.55,33337057.24,273477098.92,139208997.7,2.4497,1.3641,1.0368,4.231,Europe,France
COMP_002355,Dalton & English Ltd,financial_services,23,20556,3622625546.78,265730219.55,2006549919.57,617422115.2,3.2402,2.779,0.4445,6.6489,Europe,France
COMP_002356,Munoz Group,retail,28,594,62038091.37,6285389.88,46255985.04,14153469.36,3.0718,1.7761,0.4409,7.1456,Europe,Germany
COMP_002357,PriceCouple Group,technology,17,2399,451324200.34,56766566.06,404125638.56,165290477.4,2.4366,1.6211,0.6921,5.4928,Latin America,Chile
COMP_002358,Hicks PLC,healthcare,26,326,71111625.13,4268018.18,43095711.11,12139467.66,2.1849,1.1848,0.3921,8.6934,Latin America,Mexico
COMP_002359,TenListen Group,financial_services,23,5388,2674497688.01,278383521.43,5271958025.7,1439773608.03,3.183,1.9344,0.3757,3.7116,Europe,Switzerland
COMP_002360,Kelly & Lopez PLC,retail,45,122,72784287.65,6052898.77,120771136.27,44987589.91,2.1303,1.152,0.5936,3.5396,Europe,Netherlands
COMP_002361,Smith & Jimenez Ltd,construction,48,59,10794772.31,1519271.43,6448331.5,2252675.84,3.0685,1.8652,0.5369,9.748,Europe,Netherlands
COMP_002362,EconomicSeem PLC,construction,33,595,213906958.76,30262978.14,113337255.24,61404684.92,3.8169,3.4225,1.1824,9.798,Asia Pacific,Japan
COMP_002363,Jenkins-Payne,energy,18,19134,2985655041.16,515848025.29,1685478193.1,625315609.4,2.1623,1.4479,0.5898,28.2946,North America,United States
COMP_002364,Johnson-Johnson,manufacturing,10,6707,977140982.66,82617850.82,1348238646.99,523411315.26,2.2423,1.8386,0.6346,3.8529,Europe,United Kingdom
COMP_002365,Webb & Richardson PLC,retail,25,2841,289445543.59,42972079.17,341475849.89,122128210.09,3.2883,1.7169,0.5568,7.0941,Latin America,Brazil
COMP_002366,MeetRock Inc,financial_services,2,1878,228257970.82,23299079.89,162248822.99,62864221.25,2.3716,2.0461,0.6325,12.5528,Europe,Netherlands
COMP_002367,Thomas & Simon LLC,technology,16,450,62378644.27,3895781.1,48298058.15,17032837.05,1.734,1.4716,0.5448,4.0552,North America,United States
COMP_002368,Black-Mills,transportation,37,3669,563055972.49,42562670.41,377598564.71,131148622.23,3.0701,1.9095,0.5322,9.4901,Asia Pacific,Singapore
COMP_002369,PoorBehavior and Sons,construction,37,380,174867839.82,13180013.22,247239114.04,66026176.05,3.1618,2.462,0.3644,3.8468,Asia Pacific,Hong Kong
COMP_002370,MarriageProfessor Ltd,manufacturing,33,4152,1461055240.22,36832291.04,2820726524.73,1051482023.25,3.7004,3.1661,0.5943,1.5582,North America,Canada
COMP_002371,Alvarado & Barnett Ltd,transportation,38,2001,655768732.11,83488004.77,707524657.09,339897478.74,2.7133,1.6109,0.9246,4.982,Europe,Switzerland
COMP_002372,Schultz PLC,construction,18,2196,423574159.68,67917821.31,333108401.66,138384850.75,1.2705,1.1209,0.7107,7.5803,Latin America,Brazil
COMP_002373,Edwards Inc,manufacturing,44,8376,1388060725.07,187510399.45,1499301768.5,674620149.25,2.3226,2.0458,0.818,5.0515,Asia Pacific,Singapore
COMP_002374,Nichols-Smith,financial_services,12,11532,2155356076.18,227108578.53,1173595779.49,720069382.87,3.0219,1.8897,1.5877,7.4956,Europe,Germany
COMP_002375,Hunt-Harrison,energy,26,45433,6746017892.82,854827386.39,4957874080.25,2070083023.33,2.9263,1.5197,0.7168,12.3371,Latin America,Mexico
COMP_002376,SimilarGlass Group,healthcare,6,1974,279004268.38,16534212.0,208126491.12,146871866.2,2.62,1.3779,2.3977,3.1971,Latin America,Brazil
COMP_002377,Gomez LLC,healthcare,47,1374,309781931.28,52668305.23,251556249.82,106809394.21,1.3717,0.9144,0.7379,15.7607,Asia Pacific,Singapore
COMP_002378,FigureComputer Inc,healthcare,38,7613,790040234.12,124491655.9,916864443.92,442515018.72,2.3484,1.9259,0.9329,8.3909,Latin America,Brazil
COMP_002379,Neal PLC,manufacturing,16,4688,898374837.64,85138326.29,567722827.71,246371355.51,1.7896,1.3778,0.7667,5.3968,North America,United States
COMP_002380,Curry Ltd,manufacturing,22,7443,1598776877.63,98790134.59,1596379960.95,431562442.51,1.2875,0.9784,0.3705,4.4709,Europe,Germany
COMP_002381,StillOrganization LLC,professional_services,27,561,82331026.18,10527808.14,73647795.79,18135709.51,2.5877,1.6671,0.3267,9.684,Europe,Switzerland
COMP_002382,Soto PLC,transportation,5,6138,858986714.28,56654006.16,778232236.77,539408846.45,2.1125,1.8802,2.2586,2.3354,North America,United States
COMP_002383,Berry Ltd,technology,49,3367,458400982.68,64581851.83,259839294.89,64122100.01,1.1734,0.7021,0.3276,18.8065,Latin America,Chile
COMP_002384,Mooney & Lamb PLC,professional_services,15,240,43383029.44,1973218.78,34760211.95,19904910.89,3.0079,1.5462,1.3399,2.4238,Europe,France
COMP_002385,AgreementFew Group,construction,32,1149,162839075.07,22262653.35,124187330.83,64189226.67,3.7109,2.1167,1.0699,7.6926,Latin America,Mexico
COMP_002386,BeautifulCard PLC,energy,26,58320,5842877528.61,428863026.65,8348786630.26,3261746910.32,2.0709,1.2642,0.6412,2.9186,North America,Canada
COMP_002387,Jones & Bowers LLC,transportation,31,1863,377460699.2,43058295.77,747093947.94,399112535.13,1.1554,0.7198,1.1469,2.683,North America,United States
COMP_002388,Anderson & Campbell LLC,construction,40,2895,302531712.57,54063773.29,360735637.68,111592171.82,3.4571,2.2664,0.4479,7.1454,Europe,France
COMP_002389,Smith Inc,retail,1,1075,353381759.6,28841804.4,224566012.14,82995010.05,3.0294,2.4277,0.5862,6.0047,North America,Canada
COMP_002390,Munoz PLC,construction,33,2710,345760484.15,26790010.91,235060235.43,76856268.53,2.1832,1.5096,0.4858,10.5905,Europe,Netherlands
COMP_002391,Stevenson & Hopkins LLC,technology,47,1020,187901890.62,27917399.4,106711293.08,55651762.41,2.1824,1.8979,1.0899,11.1236,Europe,Germany
COMP_002392,Morton & Green Ltd,retail,17,465,85096380.45,3573591.66,65499801.4,24896711.99,2.1091,1.7069,0.6132,2.9866,Europe,Germany
COMP_002393,EatMemory and Sons,manufacturing,22,5104,866753383.54,122335975.02,1067632134.73,268307075.73,3.3564,2.6414,0.3357,7.4947,North America,United States
COMP_002394,Lloyd & Atkins LLC,manufacturing,42,1965,293762346.72,16564713.56,154334895.47,38720987.78,3.1652,1.5967,0.3349,11.6216,Europe,United Kingdom
COMP_002395,Coffey PLC,hospitality,18,923,178129310.0,13994525.98,122684840.56,70830551.74,1.3733,1.0413,1.366,3.7009,North America,Canada
COMP_002396,Monroe Group,healthcare,38,401,349148073.43,36907502.95,222913195.79,98174500.48,3.1928,2.4739,0.787,11.7151,Latin America,Chile
COMP_002397,Townsend & Young Group,financial_services,24,5142,780754138.64,121553653.22,754487889.26,254099868.24,3.4195,1.9068,0.5078,10.9535,Europe,Netherlands
COMP_002398,Barber & Jackson PLC,construction,19,101,17596641.15,496577.44,21740676.4,6385541.62,3.3572,1.9448,0.4159,2.1781,Latin America,Chile
COMP_002399,Navarro & Reed Ltd,financial_services,47,22787,3232653707.57,562489313.94,2507372320.59,1047955397.76,2.858,2.0831,0.7181,14.059,Latin America,Chile
COMP_002400,Baker Inc,retail,6,2558,319177354.09,32341901.7,597390576.57,236131605.48,2.2961,1.4917,0.6536,3.3879,Asia Pacific,Singapore
COMP_002401,AreaComputer Group,manufacturing,22,3521,687802291.5,17760843.4,596084118.96,310335877.91,3.1462,2.2326,1.086,2.0316,Latin America,Chile
COMP_002402,Ross LLC,transportation,27,730,80994769.96,7895441.04,44841425.7,22655153.6,2.6902,1.9175,1.0211,9.2567,Asia Pacific,Japan
COMP_002403,Reese-Goodwin,retail,34,1888,205995189.66,15707557.0,213327397.7,109668460.66,2.13,1.1951,1.058,4.1224,Latin America,Brazil
COMP_002404,NoEast Group,financial_services,14,9480,1562975300.37,159447926.84,789907420.07,284247857.23,2.5751,1.9211,0.5621,8.3113,Europe,Switzerland
COMP_002405,Vega Group,financial_services,27,25907,3388831992.28,272861438.19,2031621683.55,912063700.98,1.6074,1.1058,0.8147,6.2601,North America,United States
COMP_002406,Baker-Moreno,technology,43,2311,303283845.48,14208706.12,177359215.42,69112932.14,1.6235,1.2478,0.6385,6.1026,Europe,France
COMP_002407,Graham LLC,retail,47,1286,183567676.64,24579416.87,235696334.35,127998089.58,1.6249,1.4092,1.1885,4.6764,North America,Canada
COMP_002408,Ho & Cole Ltd,healthcare,38,2170,221803091.48,9608379.13,157888070.9,53169815.72,2.5255,1.6631,0.5077,3.1109,Latin America,Brazil
COMP_002409,FourNext Ltd,construction,20,3295,494077803.25,35304952.01,302524605.81,147491582.32,2.6348,1.9192,0.9514,4.7745,Asia Pacific,Singapore
COMP_002410,AnalysisBill PLC,healthcare,31,4219,456731613.09,81621716.02,269865902.67,132721520.54,2.8028,1.4274,0.9678,16.2552,Latin America,Mexico
COMP_002411,Walsh & Blanchard Group,hospitality,7,1273,137966572.92,2837879.96,134587846.25,70808978.27,1.4843,0.9036,1.1102,1.8041,Asia Pacific,Singapore
COMP_002412,PopularWhy Ltd,retail,35,324,71995377.85,6675042.23,54391409.47,14045330.73,3.245,2.7802,0.3481,8.0995,North America,Canada
COMP_002413,TowardExplain LLC,healthcare,36,1689,488161751.16,26290277.11,371655125.64,195511884.43,3.1568,2.1372,1.11,3.4225,Europe,Netherlands
COMP_002414,Adams-Garcia,energy,3,455,323990362.7,27531577.95,293226496.46,142925510.14,1.3287,0.6859,0.9509,6.0136,Europe,Germany
COMP_002415,Pena Group,financial_services,26,10052,2532221038.37,377669506.37,1313084265.13,384638963.08,3.7008,2.2918,0.4143,14.2582,Latin America,Chile
COMP_002416,MainSpring Ltd,manufacturing,7,9210,1928394640.16,197916492.1,1780088618.71,1186889907.59,2.1102,1.1087,2.0008,3.7928,Asia Pacific,Singapore
COMP_002417,Curry & Navarro PLC,construction,28,943,195182322.93,4705439.09,205567075.34,102117893.19,1.6461,1.088,0.9871,1.8688,North America,United States
COMP_002418,Townsend PLC,manufacturing,8,647,87602065.02,10564696.17,154659311.58,96800712.61,2.6874,2.221,1.6731,3.097,Asia Pacific,Hong Kong
COMP_002419,Byrd-Kaiser,professional_services,41,26,3580101.2,110727.72,2128803.54,717115.85,1.9376,1.4355,0.508,4.7389,Latin America,Chile
COMP_002420,Edwards Inc,technology,7,1577,194605393.21,23038072.56,152818973.42,69049274.57,0.8848,0.7477,0.8243,9.6316,Latin America,Brazil
COMP_002421,Chambers Inc,healthcare,2,1269,164224811.78,3988844.39,92087780.12,66684454.64,2.764,1.4867,2.625,2.2121,North America,Canada
COMP_002422,Smith Inc,professional_services,19,5,2823533.58,329798.92,1704941.78,484249.38,3.61,2.7082,0.3967,11.1021,Asia Pacific,Singapore
COMP_002423,Fox & Jennings LLC,professional_services,15,513,75743254.59,10692215.48,55506541.59,25622470.35,1.1996,0.8076,0.8574,7.4531,North America,United States
COMP_002424,Robinson LLC,professional_services,14,249,46123039.38,5575435.98,28351648.77,17713055.75,3.2297,2.7868,1.665,5.1894,Asia Pacific,Japan
COMP_002425,EnterData Inc,professional_services,28,40,29279854.81,1085163.53,15059651.99,4674531.6,3.3646,1.7822,0.4501,6.8728,Europe,Germany
COMP_002426,Harvey Inc,technology,43,1076,450141508.33,14466328.89,226424846.21,69789382.79,3.5362,1.8714,0.4456,3.7099,Asia Pacific,Hong Kong
COMP_002427,Mays Ltd,financial_services,35,4036,589533411.4,14783840.25,536358901.39,140447642.85,3.6659,3.222,0.3547,3.6603,Europe,United Kingdom
COMP_002428,Shannon and Sons,construction,38,4056,478179820.33,85821794.06,452865772.79,119329339.73,1.9495,1.5001,0.3578,19.5759,Latin America,Brazil
COMP_002429,PlacePull Inc,hospitality,6,97,63479376.76,7994999.03,42295951.25,16111381.43,2.4743,1.8756,0.6153,13.0289,Europe,Germany
COMP_002430,SectionCall Inc,energy,38,74174,8889616539.47,1426529173.62,7044334350.9,2807187194.33,3.101,1.7188,0.6625,10.7354,North America,Canada
COMP_002431,"Anderson, Douglas and Yoder",professional_services,28,119,60492816.21,6689026.72,39504584.65,18344208.22,3.8898,3.2137,0.8669,6.1966,Latin America,Chile
COMP_002432,"Pratt, Lopez and Rodriguez",hospitality,4,938,165514764.59,21220948.9,159307306.98,78062715.99,1.0557,0.5874,0.9608,9.2648,Latin America,Brazil
COMP_002433,King Group,financial_services,50,35554,4920225684.42,197311407.23,3208379158.38,1341664560.76,1.0781,0.6491,0.7187,3.0694,North America,United States
COMP_002434,Guerrero Inc,healthcare,17,2447,291963410.63,8307090.23,175708966.26,96152936.32,1.7582,1.2757,1.2086,3.0272,Asia Pacific,Japan
COMP_002435,"Chavez, Carney and Hammond",professional_services,44,390,96132980.8,14477875.45,59698667.28,30157557.82,3.6475,1.8744,1.0209,7.8021,Latin America,Mexico
COMP_002436,Schwartz Ltd,professional_services,36,147,39253448.54,2291946.79,27500802.76,11408494.96,3.4226,2.4937,0.7089,7.1751,Asia Pacific,Japan
COMP_002437,Scott-Norman,financial_services,40,9003,1933704404.64,154730244.13,1020494994.9,570436422.8,2.3072,1.5514,1.2675,6.7974,Asia Pacific,Hong Kong
COMP_002438,FactorStandard Inc,professional_services,6,179,34368516.87,4241941.5,20102860.42,8208972.34,1.1016,0.9641,0.6902,7.5927,Latin America,Brazil
COMP_002439,Price-Ferrell,construction,34,570,272996765.64,20187108.95,146776013.18,41555257.09,3.2774,2.5385,0.3949,14.4415,Latin America,Brazil
COMP_002440,Sosa-Baker,construction,9,516,81301796.37,9555884.12,62052259.32,30010805.1,2.8257,1.7615,0.9366,6.5834,Latin America,Chile
COMP_002441,Jones-Krause,transportation,42,5063,558174370.5,17399275.96,510330364.42,184287058.01,3.4401,2.7466,0.5652,2.2465,Europe,United Kingdom
COMP_002442,DeepPoor Group,manufacturing,14,1094,1087992576.7,36750068.67,570610311.31,225164253.54,1.6961,1.5,0.6518,4.4085,Latin America,Brazil
COMP_002443,White & Vasquez and Sons,hospitality,40,1012,152618460.71,11017277.77,140569101.29,36548814.4,1.5541,1.0021,0.3514,5.0958,Europe,United Kingdom
COMP_002444,Fernandez & Reynolds PLC,energy,13,58204,8344817121.28,1059518861.4,10662576321.64,3484041173.85,1.6716,1.45,0.4853,10.9081,Europe,France
COMP_002445,QuestionBorn Group,manufacturing,9,6675,886478287.12,99322461.41,565838986.89,174677058.23,1.1207,0.6262,0.4466,8.6017,Asia Pacific,Australia
COMP_002446,"Green, Johnson and Jones",healthcare,18,2716,305821583.1,46854201.36,178720924.9,77359617.1,3.2233,2.2718,0.7632,15.1628,Europe,Netherlands
COMP_002447,"King, Griffin and Mosley",professional_services,49,48,26303822.28,2863504.52,17149871.58,5782864.74,3.2031,1.7254,0.5087,15.0279,Europe,Germany
COMP_002448,Hernandez & Bowman Inc,professional_services,37,173,19865071.75,3158885.0,10727427.77,4349482.71,2.4764,1.8852,0.682,10.432,Latin America,Brazil
COMP_002449,RedIn LLC,construction,23,327,33535553.19,6001764.16,26220598.06,11466179.88,3.3438,2.7563,0.7771,9.1279,Latin America,Mexico
COMP_002450,Hernandez & Rivera Group,manufacturing,27,2625,691471477.88,39593852.01,445132145.55,178376008.29,3.758,2.095,0.6687,4.4878,Europe,France
COMP_002451,Andrews & Robertson Group,manufacturing,41,774,547792907.34,40657761.48,553100802.65,144710362.6,2.3726,1.6859,0.3543,5.7309,North America,Canada
COMP_002452,Graham-Anthony,financial_services,22,23757,4832422755.47,391530844.34,3630593296.51,1483916261.5,2.5008,1.7223,0.6913,9.5967,Latin America,Mexico
COMP_002453,StatementTask Inc,technology,35,1852,279296704.3,12302080.69,211753172.77,84372215.35,1.9579,1.5243,0.6624,3.4813,Europe,United Kingdom
COMP_002454,Fernandez Inc,retail,5,377,174943965.44,17149701.05,100987881.9,65176003.17,1.7824,1.1478,1.82,7.6136,Europe,Netherlands
COMP_002455,IfRisk Group,transportation,19,2044,584662924.98,77643948.48,305969815.61,101053038.25,3.7269,2.1912,0.4931,13.2859,Latin America,Brazil
COMP_002456,Bradley LLC,energy,10,9121,1435007178.39,138929554.49,796828992.85,360788620.18,1.6939,1.3265,0.8274,9.6182,Europe,United Kingdom
COMP_002457,Cook LLC,healthcare,8,2326,446823530.46,46694818.92,428140794.18,174024654.61,1.4948,0.9128,0.6848,5.5258,Latin America,Chile
COMP_002458,Morales Ltd,technology,49,2082,313490926.39,9759118.39,387488552.19,171509341.95,1.6872,1.0471,0.7941,1.8944,Asia Pacific,Hong Kong
COMP_002459,"Davis, Nichols and Woodward",transportation,33,1628,494008853.47,42949851.48,257022499.62,143601576.43,3.3537,1.8524,1.2661,7.2264,Latin America,Chile
COMP_002460,BeThought Group,construction,15,624,203880506.32,19499249.39,164876322.78,61638645.92,3.3179,2.9232,0.5971,8.6517,Europe,Germany
COMP_002461,SoonSpace LLC,financial_services,36,29816,4969303460.61,151013795.51,2730770083.66,667426488.93,2.3283,1.8028,0.3235,3.9558,Europe,Netherlands
COMP_002462,"Harris, Spencer and Ponce",transportation,31,980,881511614.53,120588060.51,708295019.83,171436335.28,1.0915,0.7215,0.3193,15.1123,Asia Pacific,Hong Kong
COMP_002463,Guerrero & Evans Group,construction,46,1953,313585949.29,14338080.35,175953326.26,73175429.09,1.4823,1.2543,0.712,6.0928,Europe,United Kingdom
COMP_002464,Mosley Ltd,hospitality,27,326,114306094.88,18171585.35,87538726.79,34476570.4,3.2998,2.6564,0.6497,15.2728,Europe,Switzerland
COMP_002465,Barker Group,financial_services,47,30137,3107095794.32,452277039.65,2119769680.05,1185917876.11,2.2723,1.2871,1.2699,6.7665,Latin America,Chile
COMP_002466,BecomeValue Ltd,financial_services,35,2041,1014547418.03,80109740.7,1197219635.27,356945298.19,1.7618,1.5251,0.4248,6.5079,Asia Pacific,Japan
COMP_002467,Kim and Sons,construction,23,1567,200593182.92,7883345.51,102852091.21,30652082.06,1.1232,0.7363,0.4245,7.1828,North America,Canada
COMP_002468,ChallengeAlso and Sons,financial_services,36,1930,206903069.13,27892629.52,108499438.64,53443684.7,1.7619,1.5503,0.9707,16.0979,Asia Pacific,Singapore
COMP_002469,Cortez PLC,professional_services,17,192,47816830.73,2273094.06,33345133.67,14334285.45,3.0877,2.6819,0.754,5.0637,Europe,Netherlands
COMP_002470,EdgeMiddle Group,manufacturing,32,9271,1090618922.08,94186786.96,955422279.15,379836427.66,2.436,1.7714,0.6599,6.1848,North America,United States
COMP_002471,Sparks Ltd,healthcare,32,1132,231610987.42,14838581.87,166217290.95,70998676.74,1.6694,1.3782,0.7456,4.8017,Asia Pacific,Australia
COMP_002472,Parker PLC,manufacturing,13,3351,1928417405.86,94158250.14,1367285814.24,734944695.42,2.2442,1.4866,1.1623,3.4709,North America,United States
COMP_002473,Hanna Group,energy,20,90402,9099073378.83,964571036.34,18186001966.05,6011907308.03,3.1832,2.1171,0.4938,4.8176,North America,Canada
COMP_002474,AdmitAlthough LLC,healthcare,1,4667,723532519.28,78505536.45,562245743.91,303536334.49,2.5989,1.6991,1.1733,4.774,Latin America,Chile
COMP_002475,Morgan Ltd,professional_services,37,374,53571969.56,9272897.13,52835413.65,27994082.19,1.6811,1.2854,1.1269,11.5517,Latin America,Mexico
COMP_002476,Williams Inc,transportation,12,6161,871269468.05,133303949.57,633167014.92,278245832.33,1.061,0.6074,0.784,12.9452,Asia Pacific,Australia
COMP_002477,Roman Ltd,energy,33,5747,1349990821.04,200549814.27,998941919.51,380023625.46,1.4925,0.9056,0.614,12.153,North America,Canada
COMP_002478,Mills & Bentley PLC,professional_services,13,434,79155724.53,3390121.67,43620007.47,19958610.03,1.2677,0.9793,0.8435,4.7877,Latin America,Chile
COMP_002479,ChurchSit PLC,construction,1,87,66786302.91,6912974.08,48418400.87,28749145.91,1.7193,1.2391,1.4616,5.2896,Latin America,Brazil
COMP_002480,Hall & Jones Ltd,professional_services,31,758,79523960.92,4395510.64,77952947.37,28150424.1,3.8091,3.2179,0.5652,3.3348,Asia Pacific,Australia
COMP_002481,ChanceMiddle Ltd,construction,18,1171,141504946.28,9077332.67,113724694.75,35086416.88,1.5769,1.0975,0.4462,4.6572,Asia Pacific,Hong Kong
COMP_002482,Smith & Meadows PLC,energy,34,36707,8777051281.13,819198829.6,5444399211.64,1977424736.56,1.7815,1.3065,0.5704,10.5548,North America,Canada
COMP_002483,Williams Ltd,financial_services,29,11928,4720770048.19,781341291.46,2629513705.52,1176149489.23,3.0903,1.7055,0.8093,22.2546,Latin America,Mexico
COMP_002484,RangeCase Inc,hospitality,47,152,30610397.91,2037777.4,17515432.54,7141915.16,2.1793,1.8555,0.6885,5.4993,North America,United States
COMP_002485,Jackson & Williams LLC,financial_services,36,14429,2318751269.28,369229460.53,4225074394.68,2322557035.78,2.5414,1.6515,1.2208,3.688,Asia Pacific,Hong Kong
COMP_002486,Hoover & Davis PLC,professional_services,8,293,98108244.13,4916184.19,70014632.88,30668134.85,2.7202,1.4068,0.7794,3.2355,North America,Canada
COMP_002487,Jackson & Garza Inc,technology,18,342,242220310.55,8810535.44,482547171.43,264267038.73,1.6263,1.3406,1.2107,1.6457,Asia Pacific,Japan
COMP_002488,BuildModern PLC,construction,24,2953,432456023.64,45225362.03,239717451.97,92201517.59,2.7029,1.5741,0.625,7.75,Latin America,Mexico
COMP_002489,Lloyd & Walker and Sons,construction,28,593,296422103.46,41590525.86,340144226.97,174237063.26,3.7617,3.2402,1.0502,7.1068,Latin America,Mexico
COMP_002490,Simmons Ltd,technology,46,1006,188289624.05,32568198.74,138108152.07,69304295.38,1.2397,1.0548,1.0073,16.1823,Latin America,Brazil
COMP_002491,Gregory LLC,professional_services,21,253,28935463.77,1213484.23,30505118.35,12375299.8,2.7328,1.8709,0.6826,2.67,Europe,Germany
COMP_002492,CameraReturn PLC,construction,6,127,105595430.09,5271836.59,128392195.83,59427439.1,2.9396,1.9063,0.8617,2.3479,Europe,France
COMP_002493,Gardner LLC,manufacturing,27,2696,1525978400.84,44170779.08,930026911.59,231835120.91,2.194,1.5602,0.3321,5.1818,North America,Canada
COMP_002494,ThinkStudent and Sons,manufacturing,39,3331,779215608.58,40865192.89,427068242.15,157041782.69,1.3113,0.7702,0.5816,8.2073,Latin America,Mexico
COMP_002495,Duran PLC,healthcare,45,3189,513719084.89,71346034.65,633710902.64,337311740.39,2.4649,2.1545,1.138,4.9784,North America,Canada
COMP_002496,ConsumerGovernment Inc,construction,42,1437,248701112.6,20066441.69,135926644.6,68231690.05,1.8046,1.2603,1.0079,4.768,Asia Pacific,Hong Kong
COMP_002497,CameraEye and Sons,hospitality,13,1021,115878526.82,15319386.77,137623437.04,65590886.47,2.9771,2.0392,0.9106,5.669,Asia Pacific,Japan
COMP_002498,SometimesJust and Sons,professional_services,9,713,86624925.99,6986404.97,68149087.6,37935214.23,1.3803,1.1688,1.2556,4.3192,Europe,Netherlands
COMP_002499,SameHope PLC,retail,48,2921,490408193.1,84312354.3,429416470.29,205323709.74,1.9713,1.4778,0.9162,6.9279,Asia Pacific,Japan
COMP_002500,Martin and Sons,professional_services,14,197,41054628.75,1024858.17,20591433.43,13046570.26,1.0576,0.7938,1.7292,2.4188,Asia Pacific,Australia
COMP_002501,Frost Inc,healthcare,48,2288,828381327.5,66610203.75,1022587004.64,543879146.5,1.148,0.6338,1.1361,2.6461,Latin America,Mexico
COMP_002502,Anderson Ltd,professional_services,11,266,76570515.57,10804080.3,73815380.64,49605125.12,1.8358,1.6295,2.0489,3.5714,North America,Canada
COMP_002503,Salazar & Strickland Inc,manufacturing,44,1379,1151322613.4,110773524.31,610267387.88,151493949.99,1.4575,1.297,0.3302,12.9795,Asia Pacific,Japan
COMP_002504,Hobbs Inc,retail,6,2751,478111477.52,46783413.2,368472462.65,230776657.96,2.6898,2.0904,1.676,5.1251,North America,Canada
COMP_002505,Smith Inc,technology,37,788,101036783.25,6168513.75,51772439.63,27493955.89,2.0312,1.4468,1.1324,4.3154,Asia Pacific,Hong Kong
COMP_002506,Mann PLC,professional_services,29,65,11371788.93,1842870.19,8238222.85,3362342.27,3.1806,1.935,0.6896,9.3805,Asia Pacific,Australia
COMP_002507,Eaton Group,energy,6,35857,8546921571.21,704948216.32,6954205043.24,4835475440.44,1.3223,0.9337,2.2823,5.1231,Europe,Switzerland
COMP_002508,Steele Group,hospitality,22,808,88390813.51,4667731.54,84705713.05,37853865.89,3.0007,2.4294,0.8079,2.8472,North America,Canada
COMP_002509,RoleCard and Sons,retail,4,817,423790489.4,52879226.23,617860236.82,324749451.97,2.5427,2.1161,1.1079,4.4293,Latin America,Mexico
COMP_002510,CharacterPush LLC,technology,46,1604,446652012.39,63828491.41,352041512.99,116227200.5,3.1548,2.6939,0.4929,8.6942,Europe,France
COMP_002511,Mills Group,technology,16,281,32166339.22,5017328.92,59551494.4,35274573.43,2.1186,1.8476,1.453,3.9459,Europe,France
COMP_002512,Allen & Thompson Ltd,technology,33,1521,441848916.73,62757849.48,630171617.44,182002316.26,2.2945,1.4499,0.4061,7.7212,Latin America,Mexico
COMP_002513,Johnson and Sons,energy,19,28712,4510774600.93,714946508.08,6670691503.31,2115400589.23,2.2927,1.9273,0.4644,6.1819,Europe,Netherlands
COMP_002514,Love PLC,technology,32,2318,255705812.01,8615081.27,275683448.34,95358590.29,2.0816,1.8595,0.5288,2.499,Latin America,Mexico
COMP_002515,Clements & Burton LLC,construction,28,2872,315163292.99,14081875.99,207806831.73,72544143.75,2.2463,1.8828,0.5363,6.3435,Europe,France
COMP_002516,Barnes-Grant,transportation,28,2158,927118780.66,86864755.73,645581876.36,318397839.54,2.1142,1.1619,0.9731,8.3386,Europe,Netherlands
COMP_002517,Lee PLC,construction,24,121,14462466.74,792336.76,24342236.73,8046778.46,2.092,1.1407,0.4938,2.5147,Latin America,Chile
COMP_002518,Davila PLC,energy,19,39376,4794592509.76,819504416.42,4772709740.48,1550826935.93,1.8472,1.1864,0.4813,7.915,Asia Pacific,Hong Kong
COMP_002519,HighTravel PLC,construction,36,1927,345422411.0,59821836.87,230998805.4,70485114.58,3.3118,2.885,0.4391,16.8522,Latin America,Mexico
COMP_002520,MovementDiscuss Group,technology,20,1567,361630771.89,64445470.93,223819212.92,60281340.36,2.4778,1.9913,0.3686,33.7339,Latin America,Brazil
COMP_002521,"Hopkins, Hill and Lee",transportation,36,6144,695607107.22,51534302.97,942539990.91,414942970.59,2.6962,1.9769,0.7865,4.0403,North America,United States
COMP_002522,Hogan & Jennings Group,technology,34,295,68083129.57,7749057.13,34999202.9,14197393.72,2.4877,1.5924,0.6825,9.7253,North America,Canada
COMP_002523,Thompson-Santiago,professional_services,6,223,30289861.04,893642.43,28734298.83,11849771.72,0.9768,0.647,0.7018,3.3703,Europe,Germany
COMP_002524,Williams & Newman LLC,retail,32,1090,180640331.66,20889237.15,232361293.66,55948059.74,2.9537,1.7559,0.3171,7.4135,Europe,United Kingdom
COMP_002525,Clark & King PLC,hospitality,20,1232,161083004.33,10985691.02,84394423.98,34290686.6,3.1927,2.1228,0.6844,7.0477,Asia Pacific,Australia
COMP_002526,Trujillo Group,financial_services,33,4866,1401011763.35,186474778.87,1799881081.17,539300767.12,3.2305,2.1773,0.4278,7.2584,Latin America,Mexico
COMP_002527,AnimalBody Ltd,financial_services,30,8559,1061417769.7,132811052.07,1341551774.2,615707443.91,1.5161,1.0582,0.8483,3.9998,Latin America,Chile
COMP_002528,AreaWish PLC,hospitality,6,343,191532155.79,19172116.74,144607226.6,74566251.18,2.9217,1.7794,1.0646,5.3328,Latin America,Chile
COMP_002529,Thompson & Floyd Group,construction,40,64,9387326.13,543407.51,5555438.49,2429467.94,1.998,1.0724,0.7772,5.9488,Latin America,Mexico
COMP_002530,"Wilson, Jacobson and Griffith",professional_services,18,787,99783175.14,2469007.56,136896600.29,51924219.41,3.2342,2.599,0.6111,1.8328,Latin America,Mexico
COMP_002531,Watkins & Nguyen and Sons,construction,27,2375,340026542.93,43576720.63,198644782.34,51735138.32,3.6065,2.7572,0.3522,15.9421,Europe,Germany
COMP_002532,Burgess LLC,financial_services,25,40741,4144061804.25,461602279.35,5869307454.08,3105222205.49,1.688,0.9843,1.1234,3.7609,Asia Pacific,Japan
COMP_002533,Maxwell LLC,retail,33,587,148720459.38,13166683.64,79111833.65,36881154.54,3.8696,3.4264,0.8733,7.4138,Asia Pacific,Singapore
COMP_002534,Perez and Sons,energy,44,1364,192437012.79,27900864.74,128816179.2,57780801.5,2.945,2.4041,0.8134,11.0578,Latin America,Chile
COMP_002535,Rojas & Kane Group,energy,22,71796,7391801709.69,254782108.96,4613702331.44,2460489665.17,2.8624,1.9796,1.1427,3.0774,Asia Pacific,Australia
COMP_002536,Vance Inc,manufacturing,30,6056,1669947748.03,49566839.25,1495524332.38,481132934.44,2.2824,1.3173,0.4743,3.3216,North America,United States
COMP_002537,Ruiz Group,hospitality,28,1043,148354750.26,13814791.81,125313417.14,34075304.31,2.0944,1.0897,0.3735,9.8109,North America,Canada
COMP_002538,Brown & Graham and Sons,energy,27,13554,1471360358.64,121172889.23,2256955667.1,703302129.26,3.5543,2.5553,0.4527,6.1391,Asia Pacific,Australia
COMP_002539,Reilly & Gibson Group,professional_services,33,162,75466078.26,12030268.51,62179042.38,23345777.71,3.0712,1.7872,0.6012,8.1558,North America,Canada
COMP_002540,Brooks & Ellis and Sons,hospitality,7,658,154015633.64,2924926.4,274617996.79,201636149.01,2.8298,2.1117,2.7628,1.5577,North America,United States
COMP_002541,Chen LLC,professional_services,6,433,66024781.31,5390123.43,64454816.92,45948419.09,2.441,2.0343,2.4828,3.7528,Latin America,Mexico
COMP_002542,Harris and Sons,energy,9,10762,7672853531.32,612835321.49,4934514904.26,2217322533.05,2.4572,1.3227,0.816,8.668,Asia Pacific,Australia
COMP_002543,Schwartz Inc,transportation,31,3909,847462225.28,117056083.13,525389160.47,187674117.88,1.6716,1.122,0.5557,21.5222,Europe,United Kingdom
COMP_002544,Ramirez & Rodriguez Group,financial_services,22,5357,3071884530.04,458810222.75,3831477043.06,1483427167.37,1.848,1.2544,0.6318,4.811,Asia Pacific,Australia
COMP_002545,LowKid and Sons,transportation,19,893,97718666.83,6037343.44,154990193.96,59162210.08,2.1906,1.4441,0.6174,4.0616,Latin America,Brazil
COMP_002546,Robinson-Phillips,energy,33,22777,4901896706.19,134599332.33,2981231341.17,954515589.24,1.972,1.2529,0.471,3.9384,North America,United States
COMP_002547,Clarke Ltd,technology,10,214,39747018.0,3144398.54,40928703.63,12404938.32,3.1698,2.0366,0.4349,4.8967,Latin America,Chile
COMP_002548,Cisneros & Whitehead PLC,professional_services,1,262,41050531.59,2070073.42,21210374.0,15243214.08,2.9813,1.5899,2.5545,3.5593,Latin America,Chile
COMP_002549,OnTop and Sons,retail,24,1557,204739031.58,30447222.25,262003928.94,130244279.06,3.2143,2.7888,0.9885,8.7274,Asia Pacific,Singapore
COMP_002550,Miller & Vincent Group,healthcare,27,164,70679794.92,5344250.63,40937028.76,21567388.43,2.7036,1.5555,1.1135,4.4753,Europe,United Kingdom
COMP_002551,Atkins and Sons,construction,44,664,177666164.31,11610556.69,109345522.36,53679774.62,2.8363,2.1943,0.9643,4.2596,Europe,United Kingdom
COMP_002552,"Wells, Ford and Smith",energy,46,3484,1154431082.97,82594832.45,918667566.35,449502679.17,1.3218,0.9817,0.9581,5.6062,Asia Pacific,Australia
COMP_002553,LaterSimply and Sons,retail,49,839,404501134.58,24733666.85,415484974.05,193937521.11,2.0934,1.3001,0.8754,3.5422,North America,Canada
COMP_002554,Wright & Hamilton and Sons,retail,29,948,473948636.93,80066929.47,862497498.05,385504556.15,1.3143,0.9002,0.8082,4.0066,Latin America,Brazil
COMP_002555,WaitWithin PLC,energy,46,3879,769548928.82,102512445.15,536795254.7,223615909.43,2.9847,2.4534,0.714,7.4368,Latin America,Brazil
COMP_002556,Shah PLC,construction,34,3760,477782027.61,19549289.1,447408885.58,171010389.52,1.1453,0.8495,0.6187,3.1865,Europe,United Kingdom
COMP_002557,Butler Inc,technology,44,1649,261765723.07,20458865.56,250583317.03,126318625.31,1.2801,0.8338,1.0165,3.2417,North America,Canada
COMP_002558,AmountMany Ltd,financial_services,42,12719,1504832732.99,153391443.02,1176847400.2,551098898.82,1.777,1.1017,0.8807,6.7291,Asia Pacific,Singapore
COMP_002559,Mack Inc,professional_services,13,21,8147776.49,1218470.07,7738322.55,2244630.46,2.2638,1.9836,0.4086,12.001,Asia Pacific,Hong Kong
COMP_002560,Simmons & Foster Ltd,transportation,35,624,505618025.39,81604145.66,515670045.71,148051743.13,3.7335,2.139,0.4027,16.5766,Europe,Netherlands
COMP_002561,Nicholson Group,construction,48,3403,398285194.52,60450473.6,666829043.95,279772233.73,2.5058,2.1201,0.7228,4.0367,Europe,Netherlands
COMP_002562,Simpson & Miller Inc,professional_services,18,329,70855104.49,10665322.52,140242639.84,61528799.65,2.8424,1.4769,0.7817,3.5524,Latin America,Chile
COMP_002563,"Dennis, Dodson and Anderson",hospitality,2,38,10994976.28,598611.08,6225874.38,4097271.57,2.3883,1.6353,1.9249,3.1935,North America,United States
COMP_002564,Allen-Duarte,manufacturing,45,760,155074652.38,13052441.09,223397956.42,122161009.42,1.3408,0.8505,1.2067,2.8222,Latin America,Mexico
COMP_002565,Smith Ltd,transportation,13,544,408844549.81,44484314.72,210459016.24,87996783.77,2.7841,2.019,0.7186,15.2358,Europe,Germany
COMP_002566,Martin-Stevens,retail,24,209,149054666.04,12907812.19,83587170.33,39569040.76,2.6672,2.1215,0.8989,7.0704,Europe,France
COMP_002567,"Burgess, Johnson and Gibson",energy,7,17899,2362224014.41,166923259.06,1457702872.08,1007003043.19,2.6403,1.7596,2.2343,4.0353,North America,United States
COMP_002568,Ingram & Sawyer Group,transportation,17,848,288194453.92,28335721.87,150429678.9,53411655.28,2.2496,1.3396,0.5505,8.2966,Asia Pacific,Singapore
COMP_002569,CrimeStrategy LLC,energy,25,58510,8044653295.8,951586212.58,5806812333.99,2790476963.43,1.5475,0.8632,0.9251,11.5541,Europe,United Kingdom
COMP_002570,Sims Ltd,construction,41,2011,464967886.55,53079367.89,643059507.01,320985660.17,1.3601,0.7285,0.9966,4.2758,Europe,Germany
COMP_002571,PropertyAbility Ltd,retail,41,629,203741141.87,7314933.73,123705658.75,48626821.11,1.6599,1.043,0.6477,3.8819,Latin America,Mexico
COMP_002572,Jones & Barry LLC,energy,12,24266,9065804471.22,707682799.35,11968109193.64,4070695721.58,2.6977,2.1857,0.5154,3.1358,North America,United States
COMP_002573,Schmidt LLC,construction,38,1019,164140372.12,25819445.72,118611334.55,39488382.71,2.0936,1.4254,0.4991,12.0374,Europe,Germany
COMP_002574,Simmons LLC,transportation,42,4107,481672616.48,46131735.82,419848941.56,222441403.67,1.0631,0.6354,1.1268,4.3898,Latin America,Mexico
COMP_002575,Wolfe & Salazar PLC,energy,21,16147,2298988528.27,401421868.57,1493737382.87,595080429.83,2.42,2.028,0.6622,20.7933,North America,United States
COMP_002576,StudyDespite Ltd,financial_services,42,7762,3205975450.46,236618019.75,3128961529.29,1254492596.28,3.0296,1.5981,0.6693,4.9951,Europe,Netherlands
COMP_002577,Miller LLC,hospitality,3,547,195817241.92,19416757.62,250359976.65,153153963.62,2.8008,1.9054,1.5756,3.6296,Asia Pacific,Australia
COMP_002578,SimplyWork Inc,construction,35,2419,303729082.54,25179298.34,174539343.51,67615808.87,1.0536,0.7463,0.6324,8.9425,Asia Pacific,Australia
COMP_002579,Robertson & Kent LLC,financial_services,7,6294,1795492279.73,47017072.24,1139791826.75,370012887.49,1.2387,0.8605,0.4807,2.8739,Europe,France
COMP_002580,Barron & Rodriguez LLC,healthcare,1,6258,649578358.76,18048749.02,504778882.81,195608733.28,2.0305,1.5354,0.6327,2.9744,North America,United States
COMP_002581,MakePresent Inc,energy,29,11070,1273060750.73,223417546.95,1297136543.91,530754807.43,3.3182,2.8374,0.6925,13.2609,Latin America,Brazil
COMP_002582,HistoryHit and Sons,transportation,24,3307,889772489.46,76268601.18,607544612.47,315077393.68,3.4342,2.1103,1.0773,4.2328,Latin America,Brazil
COMP_002583,Wong & Bush PLC,energy,19,37324,5055685310.26,442114854.56,6795279774.07,3704424357.66,3.7462,3.1176,1.1985,3.435,Latin America,Chile
COMP_002584,Fletcher and Sons,manufacturing,43,4021,904205986.66,56959133.42,975688665.65,387213030.45,3.4999,2.8009,0.658,4.3951,Asia Pacific,Hong Kong
COMP_002585,CertainlyGood and Sons,professional_services,22,292,58793546.45,9052985.23,66150689.4,30380216.34,3.1013,1.6135,0.8493,10.2753,North America,United States
COMP_002586,"Wilson, Mendoza and Crosby",healthcare,26,4197,626659943.48,33602876.52,894982393.39,289189166.5,3.2209,1.7205,0.4774,4.1547,Europe,France
COMP_002587,Carpenter & Haley and Sons,energy,26,1602,764169271.95,26371865.4,600812543.33,318276081.89,2.0051,1.2055,1.1265,2.1704,Asia Pacific,Singapore
COMP_002588,SomeSize and Sons,retail,28,2485,341943376.17,29120669.75,214219516.23,52258116.57,2.5212,2.2494,0.3227,10.4769,Asia Pacific,Hong Kong
COMP_002589,Flores & Hurst PLC,hospitality,8,311,49144404.38,3637558.27,34634678.73,20415924.59,2.6874,1.9336,1.4358,4.1382,Europe,France
COMP_002590,Frazier LLC,healthcare,38,1424,715382869.34,113455981.58,488420124.41,133263522.37,1.8498,1.347,0.3752,12.1809,North America,Canada
COMP_002591,Brown LLC,healthcare,14,3205,823422120.41,112072417.09,423960054.5,225190286.6,2.0242,1.4795,1.1329,13.4549,Europe,Netherlands
COMP_002592,Chavez-Mason,healthcare,11,3962,804938715.01,104027766.69,1474805714.65,693878452.2,3.2131,1.8021,0.8885,3.4616,Asia Pacific,Singapore
COMP_002593,ThemselvesCan Group,construction,24,2501,278487978.87,33803329.12,211675120.05,97609778.99,1.4601,0.839,0.8557,5.7997,Latin America,Mexico
COMP_002594,Mckinney Ltd,professional_services,7,315,52256904.28,6813559.09,53970087.73,23412166.0,2.4381,1.3397,0.7662,4.7829,Europe,United Kingdom
COMP_002595,ThatNo LLC,healthcare,7,531,147161581.53,6195809.47,115323744.1,79833051.51,1.4133,0.9098,2.2494,2.0998,Europe,Germany
COMP_002596,Hayes & Richardson Ltd,technology,47,3875,387897729.05,16896803.41,212883594.2,110817959.88,3.6744,2.4171,1.0858,2.9674,North America,United States
COMP_002597,Dougherty Inc,technology,9,718,136433280.84,8116874.82,71583175.08,50161927.62,3.1082,1.7517,2.3417,3.823,North America,Canada
COMP_002598,Mcclain Group,financial_services,50,18302,2488510159.86,111983022.39,1325033997.24,401921198.97,3.8796,3.3887,0.4354,5.5207,Latin America,Chile
COMP_002599,BeginBe Group,construction,31,589,145715676.0,10370860.51,74458257.23,34567693.04,3.6017,2.52,0.8666,4.9307,Latin America,Chile
COMP_002600,Roberts Inc,technology,2,240,67780353.14,2923253.85,81860883.98,29847226.25,2.6173,2.2032,0.5738,4.2355,Latin America,Brazil
COMP_002601,Martin Inc,manufacturing,23,3284,1262819816.81,84779979.39,1099642863.11,365728788.76,1.2251,0.9776,0.4983,4.6736,Europe,Switzerland
COMP_002602,Terry & Crawford and Sons,retail,38,198,29057353.34,3194613.05,18759096.14,5820004.75,2.9206,2.4007,0.4498,15.4421,Europe,Netherlands
COMP_002603,"Crane, Johnson and Butler",transportation,36,6861,751158781.78,94301940.58,589625430.4,231718842.07,3.8537,3.3428,0.6474,10.3709,Europe,France
COMP_002604,RestNumber and Sons,retail,6,1098,160158224.04,12927860.05,114143730.12,65523903.15,1.0417,0.5545,1.3477,4.876,Europe,United Kingdom
COMP_002605,MatterHand Group,retail,20,5,2067077.12,277627.04,1308382.42,458951.64,3.3712,3.0117,0.5403,8.3786,Latin America,Mexico
COMP_002606,Wallace & Newman LLC,professional_services,19,406,51357349.35,6400804.97,36317212.8,18372765.82,2.1574,1.7537,1.0239,7.5996,Latin America,Brazil
COMP_002607,CurrentAt Inc,hospitality,1,25,10323529.8,1062755.6,5526724.63,2891395.55,2.1761,1.8046,1.0972,7.4747,Asia Pacific,Australia
COMP_002608,Wiggins & Hall PLC,professional_services,22,174,27978871.0,2140857.07,35228257.17,17992989.25,1.5803,0.812,1.044,3.3929,Asia Pacific,Japan
COMP_002609,QuiteGovernment Group,energy,8,21709,7084416050.18,950060771.09,4552969510.19,3156847631.98,0.9598,0.6376,2.2612,7.4673,Europe,Netherlands
COMP_002610,"Cooper, Lucas and Nguyen",professional_services,1,22,6737617.35,787630.92,6719059.72,2475079.68,0.9569,0.5693,0.5832,5.4542,Europe,Germany
COMP_002611,Watkins Ltd,transportation,33,5634,840945107.43,123406987.95,701265157.94,383853560.83,1.1531,0.9037,1.2093,5.4646,Europe,Germany
COMP_002612,NextThousand PLC,manufacturing,34,124,17601646.09,642597.68,29597901.86,14609068.74,2.5453,1.906,0.9747,1.7637,Asia Pacific,Singapore
COMP_002613,Wallace & Torres and Sons,manufacturing,8,896,501179499.71,14038859.23,675583270.82,421340388.47,3.2318,2.1629,1.6572,1.4901,Europe,United Kingdom
COMP_002614,Villanueva LLC,retail,7,2619,370970219.96,47667721.16,185999640.58,98884902.01,1.2778,0.7619,1.1351,7.8995,Asia Pacific,Singapore
COMP_002615,Jackson & Green Group,technology,16,1470,158818804.71,22381393.83,122279238.66,54208811.75,1.043,0.8157,0.7964,10.3778,North America,United States
COMP_002616,Arellano-Carrillo,healthcare,33,512,106382926.13,5093432.18,173345633.51,55627423.29,2.5958,1.7628,0.4725,3.3972,Latin America,Brazil
COMP_002617,Williams LLC,hospitality,29,507,72686549.84,9018845.31,50180434.8,14993380.24,1.2237,0.8898,0.4261,11.3926,North America,United States
COMP_002618,Mitchell and Sons,financial_services,13,12011,1359262499.06,149484230.67,908332374.94,343518241.96,2.86,1.781,0.6082,12.7442,Asia Pacific,Japan
COMP_002619,Montgomery and Sons,financial_services,26,15727,4215132391.78,102441665.41,8137629363.23,2714181797.01,1.6099,0.9559,0.5005,1.9651,Latin America,Chile
COMP_002620,"Nichols, White and Thompson",transportation,49,2213,320214438.41,56428301.4,444673219.3,203619040.21,2.982,2.2028,0.8447,6.8915,Latin America,Brazil
COMP_002621,"Schwartz, Estrada and Hernandez",construction,50,1903,395521573.53,14228416.18,308014157.7,149253577.1,3.5889,2.5974,0.9401,2.6117,Latin America,Mexico
COMP_002622,Young & Williams LLC,energy,5,45586,8924127840.87,387979100.97,7311416086.54,4524040931.84,1.1646,0.6816,1.623,2.5217,Europe,Switzerland
COMP_002623,Andrews & Alexander LLC,technology,18,1838,217474892.37,21662059.29,259753083.22,89451171.8,1.3426,0.8072,0.5253,6.1443,North America,Canada
COMP_002624,Lopez PLC,financial_services,8,30204,4550616287.83,393224019.81,2462131584.41,799548585.85,3.266,2.389,0.4809,10.734,North America,United States
COMP_002625,Mann Ltd,energy,32,28466,3804314636.93,568965004.96,3007367731.89,1318253347.79,3.6345,1.9714,0.7804,6.503,Europe,Netherlands
COMP_002626,FreeGuy and Sons,energy,18,29420,9642580244.08,1426596592.81,6880548982.68,3507577796.62,2.6464,1.7975,1.0399,7.31,North America,Canada
COMP_002627,HotelList PLC,construction,30,73,49198314.64,1245483.56,25028626.93,11924691.51,3.7957,2.0113,0.91,3.1705,Asia Pacific,Australia
COMP_002628,Ferguson Inc,energy,44,50775,6885841701.71,862282407.56,4362316867.61,2101954987.33,2.967,1.8003,0.9299,6.4779,Latin America,Chile
COMP_002629,Knapp Group,transportation,30,3921,498875900.05,66336928.44,397509659.81,162264499.16,3.8201,2.8082,0.6898,6.5946,Europe,United Kingdom
COMP_002630,WordMoney and Sons,technology,30,1563,194436753.92,28314202.26,128028036.62,31101547.79,1.8329,1.4803,0.3209,15.9398,North America,United States
COMP_002631,Reilly-Moore,construction,7,1898,318192379.98,32736808.58,302869738.14,159465541.15,2.5683,2.2011,1.112,5.8455,North America,Canada
COMP_002632,"Payne, Romero and Holland",transportation,6,5132,706818520.72,57117490.4,798062399.49,352837792.97,3.1739,1.747,0.7925,4.7577,Latin America,Brazil
COMP_002633,FindMatter LLC,transportation,6,103,14319636.95,460400.0,27353261.26,10250557.3,1.9827,1.6088,0.5994,1.9439,Latin America,Brazil
COMP_002634,Montes PLC,retail,49,768,85142638.2,2430577.56,98270505.74,33269133.41,2.116,1.4161,0.5118,2.4897,Latin America,Chile
COMP_002635,Estrada & Marsh Ltd,retail,41,1655,357096933.22,51787841.46,400704343.34,219330339.02,2.5084,1.3556,1.2093,5.4879,Europe,France
COMP_002636,Meadows Group,financial_services,30,7414,3335263213.76,91665288.83,1871000257.39,521612106.39,3.6972,2.8544,0.3866,6.3365,Asia Pacific,Australia
COMP_002637,GroundRisk Inc,financial_services,23,5768,4830577050.59,635399620.1,2802957185.64,759621453.04,3.2912,1.8642,0.3718,18.1289,Latin America,Brazil
COMP_002638,SignMeasure Inc,retail,49,1683,380996819.54,36501738.94,478209264.02,243752962.49,2.0527,1.3395,1.0397,3.2534,Asia Pacific,Australia
COMP_002639,Taylor PLC,healthcare,42,1188,951018844.19,122485149.62,1176628885.29,309891853.23,2.0026,1.0888,0.3575,12.8979,North America,United States
COMP_002640,Parker Group,transportation,7,1746,705515096.52,34631515.74,639623121.09,361525487.82,1.0123,0.5195,1.3,2.1729,Asia Pacific,Singapore
COMP_002641,"Randall, Griffin and Davis",transportation,42,644,305071686.55,54262468.72,352066987.6,169456357.21,3.3746,2.444,0.928,5.97,Latin America,Brazil
COMP_002642,AroundPolitical Ltd,healthcare,44,951,109838097.64,7993636.13,66703112.5,28194080.54,2.7878,1.6951,0.7321,8.7623,North America,Canada
COMP_002643,DayPast PLC,energy,14,45445,7829147440.28,651211268.54,4713603801.14,2823754095.64,2.393,1.3441,1.4942,5.1698,Asia Pacific,Japan
COMP_002644,Walker & Walls LLC,professional_services,38,361,64592847.54,9782993.81,43486238.84,23899856.38,1.5633,0.9014,1.2202,11.3216,Europe,France
COMP_002645,DealAgency Inc,energy,42,4381,529450823.31,26863060.54,414667744.13,144113727.46,3.6885,2.5758,0.5327,6.7736,North America,Canada
COMP_002646,Ryan & Griffin Ltd,financial_services,19,6108,1806651824.85,295408108.69,1741866915.01,588757273.86,3.0104,2.098,0.5106,10.1849,Asia Pacific,Hong Kong
COMP_002647,Rosario & Daugherty Group,technology,20,2830,478443107.93,43362987.03,279775136.78,71515792.67,1.0649,0.7745,0.3434,9.3979,Latin America,Mexico
COMP_002648,Lee LLC,transportation,24,599,505397134.25,75694076.0,296683315.82,118373233.5,2.738,2.2289,0.6639,10.0595,Asia Pacific,Hong Kong
COMP_002649,Morrison PLC,manufacturing,8,4282,871130980.68,19132637.43,492257307.8,158572147.6,1.2832,0.8266,0.4752,2.6533,Europe,Switzerland
COMP_002650,Kerr LLC,construction,4,1406,231561304.55,19267969.57,116510973.72,83746526.84,2.7469,1.5287,2.556,4.6354,North America,Canada
COMP_002651,Sanders & Baldwin Group,manufacturing,24,1849,425676620.77,54603624.42,231454959.73,63263332.77,2.404,1.3956,0.3761,14.5366,Europe,Germany
COMP_002652,Wood & Watson LLC,professional_services,20,266,37186363.5,2322583.83,25611640.44,10314447.11,2.5591,2.2497,0.6743,3.9125,Asia Pacific,Australia
COMP_002653,Cooper LLC,construction,6,1614,188057561.71,21146779.05,150558884.17,107990079.6,2.2386,1.7693,2.5368,5.303,Asia Pacific,Singapore
COMP_002654,Madden & Sawyer Inc,manufacturing,29,223,114186490.17,15657400.31,71884496.6,28593042.12,3.5399,2.7343,0.6605,8.6055,Latin America,Chile
COMP_002655,Luna Group,manufacturing,10,6898,1537459580.75,216982856.75,1671534329.22,517285357.3,1.4596,1.2932,0.4482,9.505,Europe,Netherlands
COMP_002656,"Riddle, Lara and Roberts",construction,18,521,211169693.79,27524323.96,128007362.89,44161988.78,1.129,0.8934,0.5267,13.6637,North America,United States
COMP_002657,SureShould Group,retail,33,2177,411445583.63,14974560.19,601392846.74,147395752.22,1.0587,0.5869,0.3247,2.2353,Europe,United Kingdom
COMP_002658,ShoulderWar Group,energy,38,45394,8510962611.14,677601285.1,5036929776.06,2711173887.38,3.8351,3.3708,1.1657,5.968,Latin America,Mexico
COMP_002659,Taylor & Matthews Inc,manufacturing,14,3212,431868168.85,47221763.44,441800569.58,165020498.75,3.3922,2.0071,0.5962,5.7722,Europe,Germany
COMP_002660,Thomas LLC,professional_services,27,514,65906671.48,9495761.3,48187895.78,12795802.17,3.7814,2.0717,0.3615,25.2066,Latin America,Mexico
COMP_002661,Mcneil-Fox,financial_services,13,6979,2366686202.77,341744420.39,1643577125.64,1052897706.71,2.7882,1.8239,1.7825,5.461,Latin America,Mexico
COMP_002662,GovernmentAttorney PLC,healthcare,24,2640,880755954.23,145154052.02,725138363.23,199882638.85,1.1153,0.6387,0.3805,13.541,North America,Canada
COMP_002663,SomethingHow Inc,technology,31,978,108654598.91,13162494.07,61667421.16,24017194.37,3.471,2.9914,0.6379,16.3895,Latin America,Brazil
COMP_002664,Ortiz LLC,healthcare,48,3892,679424134.31,49305251.22,672811570.52,353893173.19,3.2342,2.5024,1.1097,3.809,Asia Pacific,Japan
COMP_002665,JoinContinue PLC,hospitality,46,695,121942672.33,3279260.49,86407971.32,33790876.36,1.5343,1.1113,0.6422,2.4144,Europe,United Kingdom
COMP_002666,Murray PLC,energy,12,28432,2988249701.84,161263947.77,1498658935.01,834267006.23,2.4243,1.9612,1.2557,6.1696,Asia Pacific,Hong Kong
COMP_002667,SomeoneWho and Sons,transportation,24,1303,145234894.61,13578713.53,101450589.02,30766335.94,1.6023,1.3261,0.4353,8.6857,Latin America,Brazil
COMP_002668,Lopez Group,healthcare,30,4473,653381561.67,49951251.12,866611242.31,428534465.69,1.8399,1.6167,0.9782,2.3398,Latin America,Mexico
COMP_002669,Roberts & Henry LLC,energy,22,19117,7399044708.42,965667061.03,7346687810.52,4092732252.21,2.7208,1.9862,1.2578,7.7048,Asia Pacific,Hong Kong
COMP_002670,Davenport & Torres PLC,construction,27,1274,161235535.16,19515277.06,106374705.58,29884860.8,1.549,1.0405,0.3907,14.9231,North America,Canada
COMP_002671,"Ford, Johnson and Smith",technology,20,747,322771469.41,47687504.59,171843505.87,77057431.73,1.8133,1.3869,0.813,9.2517,Asia Pacific,Hong Kong
COMP_002672,Baker Ltd,construction,17,663,200589799.27,24264854.11,105930377.9,49368037.36,1.5595,1.1378,0.8728,12.0586,Latin America,Mexico
COMP_002673,Flowers Group,transportation,36,3593,716074814.45,117097887.06,534537247.08,278303691.42,2.2397,1.5774,1.0861,7.0429,Asia Pacific,Singapore
COMP_002674,Valdez LLC,healthcare,4,635,203219198.52,12766507.65,118386816.74,62942238.42,2.3431,2.0885,1.1352,5.3962,Latin America,Chile
COMP_002675,KeyCountry Group,hospitality,40,1365,178152785.52,29087315.53,215958606.8,84497491.52,1.2473,0.7035,0.6428,7.011,North America,Canada
COMP_002676,Knox & Newman Inc,professional_services,34,39,29097254.85,5229981.55,15399827.83,4970720.65,1.746,1.527,0.4766,19.2611,North America,Canada
COMP_002677,Wilson & Ramirez Inc,construction,23,1590,187054063.94,6481509.79,148051253.18,56712225.13,2.1666,1.5859,0.6209,2.6014,Europe,United Kingdom
COMP_002678,George LLC,manufacturing,31,1089,125602984.64,21684269.17,64549162.95,31527142.42,1.3769,0.8891,0.9547,10.4219,North America,United States
COMP_002679,"Castillo, Graham and Scott",technology,36,230,56644593.95,8255770.79,47730767.56,19183147.3,2.6877,2.1906,0.672,12.9295,Asia Pacific,Australia
COMP_002680,Jennings Ltd,construction,2,1791,260351641.84,4570282.44,198820909.97,135978667.61,0.8259,0.7011,2.1638,1.5676,Europe,Netherlands
COMP_002681,TelevisionCall LLC,retail,2,851,135261153.01,5258759.09,72523694.63,27700650.36,2.8865,1.7272,0.618,4.0051,Europe,Germany
COMP_002682,"Quinn, Smith and Green",construction,47,3436,418562711.74,71176146.2,464836544.74,243949963.21,2.7619,2.3301,1.1044,5.1022,North America,Canada
COMP_002683,Perkins and Sons,technology,2,63,8332000.94,593739.95,4366963.69,1720938.76,1.4539,0.8663,0.6504,5.5006,North America,Canada
COMP_002684,Murray-Steele,transportation,20,2132,385303108.19,62847175.17,416288457.43,151531569.06,2.2918,1.7512,0.5723,7.8451,Latin America,Brazil
COMP_002685,Martin-Nelson,construction,12,1461,171986045.65,23922941.06,92474663.77,58309111.75,2.7816,2.2809,1.7067,6.824,Asia Pacific,Singapore
COMP_002686,Fields-Friedman,construction,8,47,14567177.3,1231446.13,15568130.92,8349390.64,2.1267,1.1204,1.1566,4.8316,Europe,United Kingdom
COMP_002687,Williams LLC,manufacturing,27,985,257493114.01,14504438.95,290179377.65,122753160.43,1.275,0.7196,0.7332,3.8233,Europe,United Kingdom
COMP_002688,"Fowler, Jones and Lee",technology,30,991,207407694.78,27583885.05,303056852.11,156247937.17,1.4364,1.1181,1.0643,4.8788,Asia Pacific,Singapore
COMP_002689,Burton & Duran PLC,healthcare,24,2938,495400261.53,76037721.05,330238063.58,90930441.47,3.7588,2.8565,0.38,17.8708,Asia Pacific,Hong Kong
COMP_002690,Stephens LLC,professional_services,6,382,40726829.85,5093964.96,36930249.65,25028311.64,1.6157,1.0923,2.1029,5.2361,Latin America,Mexico
COMP_002691,TheThrough Ltd,construction,25,1680,267814150.81,23175520.01,305179797.1,168231182.72,1.174,0.7527,1.2284,5.5969,Asia Pacific,Australia
COMP_002692,SuchFish LLC,energy,21,31124,5971560165.31,1006479433.77,9855450819.61,3512504042.88,1.8623,1.3954,0.5538,6.1312,Latin America,Brazil
COMP_002693,"Wolfe, Cox and Ferguson",financial_services,10,183,59519867.43,2479565.89,51905937.75,29834267.42,2.3216,1.8038,1.3517,2.682,Latin America,Chile
COMP_002694,Bell and Sons,financial_services,3,7704,2325834845.67,56049009.62,1367647776.11,554854482.44,1.7898,1.5823,0.6827,3.3335,Europe,United Kingdom
COMP_002695,Taylor LLC,retail,6,3381,481822621.96,40213254.35,613882394.77,349177348.0,3.0248,1.805,1.3191,4.5477,North America,Canada
COMP_002696,HotelStart Group,energy,17,21339,5214371187.29,506638419.67,5293375282.5,2318160394.46,1.8869,1.0442,0.7792,5.7752,Latin America,Brazil
COMP_002697,Jenkins and Sons,retail,27,1733,339416049.19,40371365.0,178208202.59,62526392.67,3.0635,2.173,0.5405,15.2513,Europe,Switzerland
COMP_002698,Garcia and Sons,retail,22,1097,157308201.24,12342277.32,143513005.73,53924791.93,2.8064,2.4959,0.6019,6.5965,Asia Pacific,Hong Kong
COMP_002699,"Walker, Lopez and Prince",transportation,42,1676,776251464.37,83280918.06,1091314215.22,591771948.3,2.147,1.1129,1.1846,4.9407,North America,Canada
COMP_002700,PositiveRoad PLC,professional_services,20,378,77405687.45,9511302.36,68418404.02,37197233.96,2.7329,1.7964,1.1914,4.6173,Asia Pacific,Australia
COMP_002701,"Marquez, Park and Lang",healthcare,32,3610,523689567.42,91494772.22,441424968.89,167262222.64,2.6547,2.2177,0.6101,8.1795,North America,United States
COMP_002702,Stevens-Jones,healthcare,39,5720,976133754.16,139005673.91,642399095.87,359087330.14,1.9346,1.5247,1.2675,6.9179,North America,United States
COMP_002703,TellCatch Inc,manufacturing,7,660,259844927.38,33942522.06,378617092.57,258532288.62,1.7721,0.9394,2.1529,5.003,Asia Pacific,Hong Kong
COMP_002704,Mendoza & Collins LLC,financial_services,27,125,94568847.8,12428801.77,130303818.02,35186220.66,2.0026,1.3282,0.3699,6.6278,Europe,France
COMP_002705,ChairTechnology Group,financial_services,13,14720,3853089476.67,470235291.36,3584631805.89,1446256517.98,2.7269,1.4631,0.6763,8.3129,Latin America,Mexico
COMP_002706,Preston & Harper LLC,healthcare,44,3492,808119759.68,53893578.54,1092884547.98,311653367.63,1.8496,1.1449,0.3989,3.4948,Latin America,Mexico
COMP_002707,Jackson & Torres Ltd,retail,12,230,61863200.1,5598275.33,34706777.6,18520438.75,3.2336,2.4033,1.1442,6.5291,Asia Pacific,Japan
COMP_002708,Walker Ltd,healthcare,2,2102,269254918.79,31200456.97,519760059.35,297654342.66,2.3406,1.3331,1.3401,2.7218,Europe,Germany
COMP_002709,ChangeRise and Sons,transportation,41,110,27376839.73,3403456.38,22180444.14,7840158.81,1.7757,1.1705,0.5467,9.3453,Latin America,Brazil
COMP_002710,Parker & Clark Inc,hospitality,7,457,59368413.55,3206243.86,31141404.86,12276040.76,1.8312,1.2291,0.6507,6.6328,Europe,Switzerland
COMP_002711,Coleman Inc,professional_services,18,521,77427616.45,3889049.79,49578927.67,26358255.44,3.703,2.3636,1.1351,2.7633,Asia Pacific,Australia
COMP_002712,Jones Group,construction,11,705,261390461.22,21711116.97,146682363.56,74150997.2,2.5032,2.1381,1.0223,6.4597,Latin America,Mexico
COMP_002713,SometimesLawyer Inc,manufacturing,39,4290,702710230.4,111674321.27,391084386.55,121523659.17,3.6682,2.8446,0.4508,27.0936,Asia Pacific,Australia
COMP_002714,Rodriguez Ltd,energy,30,4882,3748805984.32,480602084.27,5938220964.55,1972103908.84,1.557,1.2703,0.4972,8.2443,Europe,Germany
COMP_002715,Palmer & Brown Inc,energy,39,183,63468575.87,2402884.74,125485803.59,41203760.85,1.7591,1.1567,0.4889,1.7468,Asia Pacific,Singapore
COMP_002716,Williams-Turner,professional_services,27,281,30330152.49,3511180.97,34492583.69,10003512.9,3.214,2.794,0.4085,12.3788,Europe,Germany
COMP_002717,Smith & Davis Inc,construction,46,636,324997077.11,33161153.93,332066720.27,128769159.76,1.1743,0.8818,0.6334,4.5961,Asia Pacific,Hong Kong
COMP_002718,"Harris, Santana and Lopez",retail,35,2742,487148833.02,68734330.96,589004850.41,144049803.1,2.7217,2.3401,0.3237,8.4251,Europe,France
COMP_002719,HaveAir Inc,transportation,29,1060,848590218.71,137483981.03,916870048.28,328511200.8,2.2217,1.5369,0.5584,8.1847,Latin America,Chile
COMP_002720,Thomas Ltd,financial_services,27,455,127738873.58,15773795.11,153841279.76,71960199.67,3.3853,2.1716,0.8788,4.2606,Latin America,Chile
COMP_002721,Rush-Bailey,energy,19,17747,8990678016.51,1244577687.47,5611211397.23,1993047239.05,2.3441,1.6362,0.5508,14.8658,North America,Canada
COMP_002722,Wyatt Ltd,construction,37,2885,392683214.58,50750614.7,378138818.7,189615477.93,2.0723,1.5168,1.0058,6.738,North America,United States
COMP_002723,PositionEffort PLC,energy,10,30747,7814742429.53,341535348.23,4428842365.94,2633856394.6,2.2251,1.6799,1.4673,4.7936,Europe,Germany
COMP_002724,OverAuthor Inc,energy,23,15927,4607057802.09,455515082.92,3334074258.17,1193082346.24,3.1002,2.112,0.5573,11.4474,Latin America,Brazil
COMP_002725,Weiss Inc,manufacturing,28,4841,802030532.98,57645183.9,1368357466.29,599374543.91,2.3895,1.7158,0.7794,3.3385,Europe,Switzerland
COMP_002726,NewspaperDirector Ltd,technology,40,271,152154948.69,22146070.98,145944225.26,70389919.79,1.9306,1.7213,0.9316,8.8243,Asia Pacific,Japan
COMP_002727,Brandt and Sons,professional_services,26,10,7036638.47,1154375.37,5268964.67,1307676.42,3.343,2.5766,0.3301,15.052,Europe,Switzerland
COMP_002728,WeekSomebody PLC,hospitality,14,111,46418837.34,5298989.33,31270973.3,17279118.86,2.0405,1.581,1.2349,11.0088,Latin America,Chile
COMP_002729,Smith & Swanson and Sons,construction,28,719,127068799.31,22486674.76,119209474.03,40382740.73,2.6473,1.7805,0.5123,9.4735,Asia Pacific,Australia
COMP_002730,Knapp & York Group,energy,47,21524,4866566843.62,129248205.05,4913396973.11,2090011892.24,1.9958,1.5034,0.7403,2.6071,Europe,Netherlands
COMP_002731,Richardson & Lawrence Group,retail,50,3136,374227314.49,17315324.42,319336867.18,159884831.57,2.4352,1.8332,1.0027,3.5267,Latin America,Chile
COMP_002732,Nunez Inc,transportation,4,2194,479071730.11,48311413.34,528938526.95,219627128.84,2.6692,2.0605,0.7101,6.0562,Latin America,Mexico
COMP_002733,Davenport Group,energy,7,3452,625552272.0,83413067.68,660287861.29,414026831.5,1.8232,1.3104,1.6813,3.6977,Latin America,Brazil
COMP_002734,LanguageDifficult PLC,hospitality,45,1491,191600170.4,20194140.15,158831227.7,87920998.33,3.8055,2.3166,1.2399,6.5583,Asia Pacific,Japan
COMP_002735,Perez & Rodriguez LLC,healthcare,34,8316,943010697.5,163427447.32,658354732.37,226265333.02,3.328,1.9696,0.5237,16.875,Europe,Germany
COMP_002736,Martinez & Rodriguez and Sons,hospitality,2,1523,157252719.09,4724896.8,114870776.49,50134763.41,1.8866,1.3852,0.7744,2.4002,Europe,Netherlands
COMP_002737,Simpson LLC,professional_services,36,260,99137126.21,14860681.21,155731903.64,70936433.73,1.4912,1.3005,0.8366,7.6281,North America,Canada
COMP_002738,Bush PLC,manufacturing,16,3958,1093519842.27,116830887.06,1045711343.83,355667008.76,3.5241,2.1037,0.5154,5.662,Europe,United Kingdom
COMP_002739,SevenAmount Inc,professional_services,36,254,96295450.85,4976507.72,128062285.22,32599599.0,1.739,1.2516,0.3415,3.0086,North America,United States
COMP_002740,Murphy Inc,professional_services,2,58,8022701.54,921119.91,4172252.75,1641051.34,2.5763,1.7889,0.6483,13.3611,North America,United States
COMP_002741,Cruz & Bryant Ltd,professional_services,41,319,36885234.45,6626019.79,22726286.53,12371953.91,2.116,1.3481,1.1949,7.7535,Europe,France
COMP_002742,Collins Group,financial_services,14,7453,1134652527.35,149428949.35,896625736.56,504214952.99,1.2708,1.0995,1.2849,7.5822,Asia Pacific,Hong Kong
COMP_002743,Perez & Russell Group,transportation,41,301,203874753.29,6756175.12,129584391.71,54008683.08,1.0709,0.7422,0.7146,3.0827,North America,Canada
COMP_002744,Lopez Inc,hospitality,1,58,29019786.83,3139583.13,22018482.14,15350990.49,1.444,1.1341,2.3024,4.1662,Europe,Germany
COMP_002745,Crosby-Richardson,technology,24,2306,311584407.14,49334679.35,172560614.11,53269874.1,1.7988,0.9541,0.4466,23.2976,Asia Pacific,Australia
COMP_002746,Smith & Craig Ltd,manufacturing,24,9016,1564830492.94,73576214.66,867702658.69,453719858.35,1.2924,0.704,1.096,4.1542,Asia Pacific,Australia
COMP_002747,Garcia & Kim Ltd,manufacturing,25,6771,1160813814.85,117335942.95,2150218743.35,1031623323.03,1.2786,0.8674,0.9222,4.3215,Latin America,Chile
COMP_002748,RequireBed Inc,professional_services,1,38,15122789.6,537413.44,23490762.18,10409098.79,1.6984,1.0235,0.7957,2.3192,North America,United States
COMP_002749,CharacterIndicate Group,healthcare,31,5258,812068151.08,106364716.37,428169623.65,149072722.53,2.8724,1.4628,0.5341,10.0386,Europe,United Kingdom
COMP_002750,"Garza, Garcia and Schaefer",healthcare,4,5970,637774933.63,59725481.95,1178439429.36,566138401.41,1.5936,1.1331,0.9246,2.7805,Asia Pacific,Hong Kong
COMP_002751,Brown and Sons,technology,15,1334,194694687.36,26045999.12,154973266.09,66176531.29,2.6239,1.3639,0.7453,14.0315,Europe,United Kingdom
COMP_002752,Gonzalez-Anthony,financial_services,43,8444,3373910174.72,235775591.37,6019397746.06,3243278328.13,1.7044,1.0756,1.1683,1.8057,Europe,Netherlands
COMP_002753,Powell and Sons,retail,47,1020,131432679.66,5974545.46,168266706.84,41773151.27,3.4617,2.4885,0.3302,4.2249,North America,United States
COMP_002754,Hardy-Ramirez,retail,17,647,173905719.83,4678658.45,94355689.88,51927914.87,2.4788,1.3118,1.2239,2.2953,North America,United States
COMP_002755,SellSpace PLC,energy,5,64387,9178984139.16,236255687.59,7626302500.45,4910066323.19,1.506,1.3259,1.8077,1.774,Latin America,Brazil
COMP_002756,PersonalExplain Ltd,hospitality,23,532,58810396.63,10027702.81,32915450.21,13869152.25,3.6493,2.6365,0.7282,10.3688,North America,United States
COMP_002757,Harding LLC,technology,29,2172,235524145.81,32778147.45,167484140.91,56698370.41,1.8916,1.4639,0.5118,8.5248,North America,United States
COMP_002758,Alvarez PLC,financial_services,22,27068,4451804275.61,592078201.37,3562095029.12,1647343687.11,2.3691,1.5789,0.8603,11.8534,Europe,France
COMP_002759,Clements & Archer PLC,healthcare,31,1532,709182743.52,21336219.33,971592595.02,262581026.91,2.2474,1.4213,0.3703,2.0541,Latin America,Brazil
COMP_002760,Ramirez & Tate Inc,retail,36,288,32977206.63,813041.26,21194219.24,7460411.21,1.6978,1.1559,0.5432,2.4549,Europe,France
COMP_002761,King Group,technology,40,549,74504219.1,12450799.2,51235000.36,22860366.16,1.5622,0.9484,0.8057,10.3477,Europe,France
COMP_002762,DuringProduction and Sons,manufacturing,30,186,25604765.64,4438366.31,17916722.61,9324765.56,1.5839,1.1902,1.0853,11.1221,North America,United States
COMP_002763,Garcia Inc,technology,40,1073,315829973.32,19536561.36,251748870.32,114070692.23,1.599,1.1874,0.8285,4.1416,Asia Pacific,Singapore
COMP_002764,Greer & Jimenez Inc,retail,38,1143,224941365.85,24952505.88,229850351.57,110975114.64,3.3167,2.1185,0.9335,4.4736,Latin America,Chile
COMP_002765,Reyes Ltd,manufacturing,31,2403,277206953.3,17417696.53,141434692.92,73162281.77,3.415,2.878,1.0716,4.3606,Europe,United Kingdom
COMP_002766,Hernandez-Howell,construction,13,1242,479177389.92,26391746.81,287050026.62,93542651.5,2.7731,1.5343,0.4834,6.8669,Asia Pacific,Singapore
COMP_002767,Davis Inc,retail,26,1135,265770542.52,13481756.96,147395351.75,61627989.87,1.5604,0.9157,0.7185,5.3494,Asia Pacific,Singapore
COMP_002768,RecentSociety PLC,financial_services,14,6453,1217047537.62,72577018.84,1300631670.74,429476027.14,1.1743,0.8066,0.493,4.937,Asia Pacific,Singapore
COMP_002769,Saunders Group,manufacturing,49,1681,1006201106.6,151755640.55,695051221.13,285021845.95,1.8959,1.5974,0.6951,8.734,North America,Canada
COMP_002770,Harris & Bates Group,healthcare,27,2233,681222231.07,45372994.13,550848149.38,239808573.48,3.6199,2.7665,0.771,5.2947,Latin America,Brazil
COMP_002771,MotherEvery PLC,energy,14,1253,808580218.84,91462315.63,564392277.65,265500781.93,2.2879,1.8438,0.8883,6.7364,Europe,United Kingdom
COMP_002772,Pacheco-Fernandez,healthcare,17,1129,278330295.97,21549483.15,145281146.44,41245502.69,2.4647,2.0769,0.3965,10.7019,Europe,United Kingdom
COMP_002773,Cisneros Inc,hospitality,11,1241,161586132.69,8868816.01,100350011.34,68747356.94,0.9979,0.6998,2.1754,4.447,Asia Pacific,Australia
COMP_002774,Beard-Wilson,manufacturing,20,6961,924733092.1,51851396.9,1619019057.81,812343493.3,1.2431,0.7551,1.007,2.2271,Latin America,Brazil
COMP_002775,Cole Group,professional_services,41,350,54884425.63,4855206.6,33776542.38,17975980.58,2.7764,2.3666,1.1377,8.3744,North America,Canada
COMP_002776,Ramos & Johnson and Sons,construction,22,223,219243921.09,5568106.64,355748049.88,173348142.96,2.292,1.4669,0.9504,1.8979,Europe,France
COMP_002777,Hawkins & Dalton LLC,healthcare,27,470,48680442.93,1503232.05,26106856.79,12627697.57,1.5755,1.4072,0.9368,4.2833,Latin America,Chile
COMP_002778,"Martin, Jordan and Edwards",healthcare,12,774,169921030.92,4914546.86,156369135.05,49834869.97,2.8846,2.1543,0.4678,3.1516,Latin America,Chile
COMP_002779,ImproveMethod Inc,professional_services,39,157,44831393.05,6771718.28,27526245.75,10593496.55,3.5428,2.0037,0.6256,9.4071,Asia Pacific,Japan
COMP_002780,Carroll & Henry PLC,manufacturing,17,2646,426279076.16,34499799.92,291481269.08,97546032.46,2.3523,1.4083,0.503,6.0657,North America,Canada
COMP_002781,"Ryan, Harrison and Hart",hospitality,46,99,10945826.7,1844926.58,11134148.42,4806297.65,3.52,2.1448,0.7595,5.9374,Latin America,Brazil
COMP_002782,Moore Inc,professional_services,33,421,84443141.57,4271817.66,99999800.62,34880385.55,2.4669,1.8006,0.5356,2.9842,Europe,Netherlands
COMP_002783,Myers & Simpson Group,transportation,20,8200,981380603.87,133765087.09,1510844838.12,540989692.59,1.6647,1.0139,0.5578,4.7271,North America,Canada
COMP_002784,"Rhodes, Miranda and Mitchell",professional_services,4,531,79417715.96,10258191.11,78514779.57,54819239.26,2.5785,2.1913,2.3135,4.4168,Latin America,Chile
COMP_002785,Brown & Garza and Sons,construction,46,3680,427623536.24,11268830.6,299854716.98,92257288.2,1.9187,1.3186,0.4444,2.4169,Latin America,Mexico
COMP_002786,Hood & Bailey Ltd,healthcare,4,2184,245767244.67,6816635.3,262446897.07,133968672.39,2.3948,1.5611,1.0427,1.6217,North America,United States
COMP_002787,Silva & Hubbard Ltd,financial_services,23,39436,4803528607.81,551727240.66,8123290333.01,2856902397.09,3.2885,2.4771,0.5425,5.1402,Asia Pacific,Australia
COMP_002788,Peterson & Davis LLC,transportation,50,1051,204956447.41,19407830.28,128511894.72,55135086.48,1.1489,0.78,0.7514,5.8791,Asia Pacific,Singapore
COMP_002789,Braun Group,transportation,17,4544,951915512.26,100723501.97,586073021.68,297725661.1,3.0124,2.4098,1.0325,8.1416,Asia Pacific,Singapore
COMP_002790,Bell & Stanley and Sons,healthcare,43,3929,994845197.5,100197549.23,1008018787.39,296727647.35,1.4913,1.0322,0.4172,6.1601,Asia Pacific,Hong Kong
COMP_002791,Young LLC,retail,40,1445,356437957.26,30652140.72,404036308.06,209895220.37,3.7576,2.7261,1.0811,5.2987,Europe,Switzerland
COMP_002792,Watkins & Lozano Inc,transportation,1,8832,981332294.47,22250145.77,1098495280.19,435363543.04,2.0856,1.1113,0.6565,2.2597,Asia Pacific,Hong Kong
COMP_002793,Melton & Wilson and Sons,hospitality,22,186,114338416.13,3978261.13,57462677.2,26216127.01,2.7797,1.9258,0.839,3.2584,Asia Pacific,Hong Kong
COMP_002794,Ryan Inc,construction,48,216,133473182.67,6692655.01,147211010.15,59408335.61,1.4425,0.9508,0.6766,3.5684,Latin America,Brazil
COMP_002795,Murray Group,hospitality,32,120,87962181.25,4702585.67,122872022.66,36549339.57,2.1337,1.365,0.4234,3.2708,Europe,Switzerland
COMP_002796,OutMyself Group,professional_services,5,330,59559313.07,4423630.15,34897916.11,23883294.09,0.9742,0.5826,2.1683,3.4317,Europe,United Kingdom
COMP_002797,Smith-Harrison,financial_services,19,668,374676994.51,13833384.66,253991175.96,83292528.29,2.8732,2.4307,0.488,5.9495,North America,United States
COMP_002798,Odom Group,hospitality,35,1180,124846309.66,3936600.65,169278849.34,89839936.56,1.1298,0.6735,1.1309,1.9529,Latin America,Mexico
COMP_002799,Hudson LLC,transportation,16,3191,981366058.39,143909656.06,968674378.6,581063874.25,2.0218,1.2996,1.4991,6.5581,North America,United States
COMP_002800,PageBillion Group,professional_services,22,55,19415711.15,2906996.62,12577266.96,3831709.09,3.2465,2.5608,0.4381,22.2552,Latin America,Chile
COMP_002801,Garcia Ltd,energy,14,34023,7936321407.07,433319329.48,13826960245.13,6962191606.57,2.9674,1.7118,1.0142,2.5264,North America,United States
COMP_002802,DescribeGreat Group,financial_services,42,20293,4540414980.96,477303662.29,4519886726.36,2220842215.57,2.3685,1.32,0.966,6.0274,Latin America,Brazil
COMP_002803,Shaw & Hubbard LLC,healthcare,21,5722,943983084.86,115760414.02,1378189968.83,694563137.73,1.9143,1.3454,1.016,4.0574,Latin America,Mexico
COMP_002804,Mendez LLC,financial_services,43,18938,4801076665.98,216943004.59,3105694110.58,1575485294.2,2.6957,1.6166,1.0296,4.4697,Latin America,Chile
COMP_002805,Montes & Harris Ltd,manufacturing,23,2564,1047704681.06,52558829.0,1903651359.09,596308771.15,3.3212,2.933,0.4561,2.4746,Latin America,Brazil
COMP_002806,Pittman PLC,hospitality,17,1869,195484273.69,19832459.18,118492137.46,55133157.06,1.2377,0.9505,0.8702,6.0765,Asia Pacific,Singapore
COMP_002807,DifficultField LLC,energy,40,24749,7585236560.99,871171030.41,4671545956.32,2168181736.81,1.8302,1.5273,0.8661,9.2878,Asia Pacific,Hong Kong
COMP_002808,AnyoneFinish PLC,manufacturing,16,1938,331726158.11,47261500.12,651903748.84,231266305.17,3.6342,2.064,0.5498,3.966,Latin America,Mexico
COMP_002809,Morales and Sons,financial_services,32,10471,2389731531.28,389359882.72,1421448574.87,569537582.87,2.384,1.6574,0.6685,11.7255,North America,Canada
COMP_002810,ProbablySituation Inc,professional_services,44,588,71973951.95,10186774.58,63397613.28,18121630.04,2.8752,1.8329,0.4002,18.2963,North America,United States
COMP_002811,Robbins & Lane PLC,healthcare,30,1185,251103614.24,24968491.99,160282849.27,80970052.37,2.4565,1.4934,1.0209,5.0687,Europe,United Kingdom
COMP_002812,GreatExplain Inc,financial_services,1,17284,3206669765.91,307775515.69,2321809258.45,961649893.85,2.3421,1.2533,0.707,5.2497,Asia Pacific,Australia
COMP_002813,Knight PLC,manufacturing,46,12877,1336534953.3,136918272.39,710022473.52,368978489.7,3.5259,2.8352,1.0819,6.4753,Asia Pacific,Japan
COMP_002814,Simmons-Reed,construction,26,747,85536373.19,9005843.23,67771151.58,23801795.4,3.1642,1.7211,0.5413,9.3144,Latin America,Brazil
COMP_002815,BallReach LLC,hospitality,38,694,113451977.18,18500829.29,57574332.54,24239681.28,2.2429,1.7909,0.7272,16.4131,North America,Canada
COMP_002816,Wagner LLC,energy,8,70760,7727687764.24,819221321.39,11450959845.51,7890961668.99,1.4358,1.055,2.2166,2.9202,Europe,France
COMP_002817,Alvarado-Edwards,hospitality,10,905,100280237.24,6870706.65,71096168.04,23244920.15,1.2455,1.0954,0.4858,5.7345,Latin America,Chile
COMP_002818,Perry LLC,professional_services,32,15,1704260.12,188043.93,1322781.08,559194.97,3.406,2.5579,0.7323,5.3246,North America,Canada
COMP_002819,Weber & Chavez PLC,energy,11,671,139932767.34,12033098.29,242759557.2,138804961.13,1.9282,1.639,1.3352,1.9632,Asia Pacific,Japan
COMP_002820,White Inc,retail,1,1398,179800613.3,20990223.37,256413093.99,124847497.11,2.1215,1.6704,0.9489,6.5077,Europe,United Kingdom
COMP_002821,Burton & Black and Sons,professional_services,33,442,92656309.81,14687169.3,107045900.99,59815375.2,2.9035,2.4237,1.2665,6.0388,Latin America,Brazil
COMP_002822,PartMoney and Sons,manufacturing,13,3672,465066791.41,10632991.1,594072870.39,260714348.05,1.4978,1.1904,0.7821,1.6976,Asia Pacific,Australia
COMP_002823,RecentThan Ltd,healthcare,1,4944,636191870.43,64637758.05,349592697.8,262048142.03,2.3973,1.4068,2.9933,4.6568,North America,United States
COMP_002824,Hurley LLC,hospitality,12,386,45193098.27,5274821.55,47228210.89,26201712.14,1.9329,1.5449,1.2461,5.4268,Europe,France
COMP_002825,Giles PLC,healthcare,36,3152,325061639.71,33909427.6,199523013.73,48707027.57,1.7345,1.5441,0.323,24.2165,Asia Pacific,Hong Kong
COMP_002826,Lamb Group,hospitality,22,909,169760375.83,9367349.27,115157610.45,52129577.68,1.2233,0.662,0.8271,3.7271,North America,Canada
COMP_002827,WorryOthers Ltd,retail,41,885,364972998.25,31038722.52,338751381.33,106073645.86,2.9017,2.5401,0.4559,7.3459,North America,United States
COMP_002828,"Brown, Gonzalez and Ford",professional_services,33,84,9992228.09,676088.63,19392730.28,5901915.52,2.9959,2.2303,0.4375,2.8066,Asia Pacific,Japan
COMP_002829,EffectCity Ltd,energy,14,41324,4315585108.82,302276855.7,2815596548.91,1467478893.38,1.2546,0.7281,1.0885,4.2395,Europe,Netherlands
COMP_002830,Jennings LLC,construction,29,99,19439033.0,2984919.98,14157338.06,4948515.61,3.366,2.7983,0.5374,9.8816,Latin America,Chile
COMP_002831,Richard & Jenkins Inc,transportation,5,1185,486081245.14,15903992.54,271981448.03,137385301.56,1.2189,1.0235,1.0207,3.0119,North America,Canada
COMP_002832,Walters & Singleton LLC,hospitality,33,819,132824368.33,21825157.49,71258305.18,37782518.26,1.2512,0.686,1.1287,10.7088,Latin America,Mexico
COMP_002833,ThanFew Ltd,construction,47,125,63658798.68,2370916.32,35649659.63,13580677.54,3.44,1.9094,0.6154,3.1909,Europe,Netherlands
COMP_002834,CollegeEstablish Ltd,financial_services,46,10216,1451535845.16,245191269.95,967939111.5,239645599.43,3.4922,1.9292,0.3291,23.7552,Asia Pacific,Australia
COMP_002835,Burke Group,energy,30,26568,4008474423.75,396519252.51,2339783922.55,867988126.5,2.17,1.7115,0.5897,11.9234,Latin America,Mexico
COMP_002836,EdgeBuild and Sons,technology,46,2795,459845981.3,75225140.01,258889789.38,119912743.43,2.7398,2.1593,0.8628,10.3359,Europe,Germany
COMP_002837,DarkAhead and Sons,professional_services,49,194,99328874.03,5301184.43,58066693.52,31099265.92,2.6964,1.6554,1.1532,5.504,Latin America,Mexico
COMP_002838,Robles LLC,retail,27,145,24365826.9,715299.69,18792391.32,7726878.04,3.8864,2.6246,0.6983,3.938,Europe,Germany
COMP_002839,Marshall & Castro Group,healthcare,11,5199,762202883.88,16701778.35,407718393.08,218610342.41,1.947,1.3448,1.156,1.9452,North America,United States
COMP_002840,KnowledgeRadio Inc,financial_services,50,8673,1864903091.35,117553135.8,2231591018.93,1175293130.7,2.0742,1.4378,1.1127,2.7274,North America,Canada
COMP_002841,Moore and Sons,transportation,19,1273,398533604.37,60697302.88,225189436.51,98897945.56,2.4107,1.2381,0.7831,15.3898,Europe,Switzerland
COMP_002842,Johnson LLC,financial_services,47,36614,3773782217.0,442026142.53,2723738979.57,1301027993.41,2.0173,1.8057,0.9145,5.6089,Latin America,Chile
COMP_002843,"Pierce, Newman and Williams",energy,34,78579,9188342999.85,1608186033.18,8037863221.97,2249346381.21,3.4705,2.1941,0.3886,9.8989,Europe,Netherlands
COMP_002844,"Tucker, Smith and Heath",manufacturing,21,15249,1902347903.06,126412980.07,1530440508.57,616285674.36,1.1793,0.6051,0.6742,5.2425,North America,United States
COMP_002845,BecauseFormer PLC,healthcare,21,1672,579236973.11,68876977.73,482589443.99,229066384.53,1.1569,0.611,0.9035,5.919,North America,Canada
COMP_002846,Evans Inc,financial_services,26,12053,1792034584.91,166301449.73,1094429416.92,343840842.68,1.9238,1.3437,0.4581,12.4217,Europe,Switzerland
COMP_002847,Lester Group,hospitality,39,443,157722268.09,10583468.11,193286673.01,81915021.06,1.9494,1.4232,0.7355,3.3633,Europe,United Kingdom
COMP_002848,WatchHimself Ltd,energy,19,7048,2547463763.46,109300962.4,1709198884.74,777800949.8,2.879,2.2568,0.8351,3.7594,North America,United States
COMP_002849,Sandoval Inc,professional_services,20,375,56625365.87,8954267.94,108560746.62,36261264.64,2.9328,1.798,0.5015,4.3895,Latin America,Chile
COMP_002850,IndustryYes Ltd,retail,49,1531,180572073.84,26069117.28,207469735.51,85792316.53,2.3203,1.5488,0.7051,6.83,North America,Canada
COMP_002851,Cameron & Young PLC,healthcare,13,2377,658347918.34,84818604.54,376807684.05,108625126.92,1.5145,1.128,0.405,10.9432,Latin America,Mexico
COMP_002852,"Mason, Martinez and Beck",technology,34,130,120959057.53,4788465.19,152182427.18,48153844.44,3.0151,2.1931,0.4629,3.5214,Latin America,Chile
COMP_002853,Carpenter PLC,construction,16,841,99838508.14,9647074.82,54971513.49,23644191.21,1.942,1.211,0.7547,12.9333,Europe,Germany
COMP_002854,King Inc,healthcare,31,8149,918647891.24,95042709.84,1571088687.05,597121114.06,2.3244,1.9452,0.6131,3.9489,Europe,United Kingdom
COMP_002855,Young Inc,manufacturing,34,1512,212589329.07,37275253.2,107019280.06,36629352.17,2.2923,1.1768,0.5204,19.545,Europe,Germany
COMP_002856,Murphy-Silva,retail,27,2376,253967038.05,6608652.38,219531486.98,89910573.55,1.3568,1.1516,0.6936,3.0136,Latin America,Chile
COMP_002857,InSure Ltd,energy,22,16293,2247485190.48,317123049.18,1876027695.83,563914641.72,2.1979,1.6055,0.4298,12.2689,Asia Pacific,Japan
COMP_002858,"Young, Henderson and Thomas",energy,15,986,437353135.09,37928522.98,265339715.45,105594558.06,2.9182,2.5943,0.661,9.1315,Europe,France
COMP_002859,Thompson & Booker Group,professional_services,37,21,4083872.42,714163.25,2616534.8,1311509.37,2.0848,1.1293,1.005,8.2667,Asia Pacific,Hong Kong
COMP_002860,Ortiz PLC,retail,35,692,89260442.51,14181499.58,145885785.64,56484503.05,1.8604,1.2431,0.6318,4.2114,North America,Canada
COMP_002861,Henry LLC,professional_services,35,336,86743650.27,4819016.12,54118415.25,30176245.39,3.4981,2.0616,1.2604,4.1702,Europe,Netherlands
COMP_002862,SceneBudget LLC,technology,16,526,141956893.24,22231205.64,149618427.68,78763937.49,1.9307,1.1219,1.1116,7.5945,Europe,Germany
COMP_002863,Gardner Group,manufacturing,18,5193,1901413749.44,264698584.83,1613958854.49,590554967.49,1.9011,1.6202,0.577,10.5528,Europe,Netherlands
COMP_002864,"Sanchez, Ramirez and Mueller",retail,11,2169,291647901.91,43133789.58,146332063.9,85411444.39,3.2592,2.2345,1.402,11.3984,Latin America,Brazil
COMP_002865,CheckHim Group,professional_services,30,314,43943111.88,7625843.98,50140135.91,18739842.05,3.3435,2.9459,0.5968,6.1472,North America,United States
COMP_002866,SeniorHold LLC,financial_services,31,7580,2904643285.0,323581780.02,2491436930.5,1291768945.08,1.5703,1.1159,1.0768,5.4262,North America,United States
COMP_002867,AgainstQuite PLC,healthcare,50,2147,519114893.3,76773432.34,266963290.97,143789349.07,3.0469,1.6934,1.1674,8.689,Latin America,Brazil
COMP_002868,Johnson Ltd,healthcare,33,2547,759982372.49,60983114.89,750533917.36,246944815.3,3.4519,2.5722,0.4904,6.5375,Europe,United Kingdom
COMP_002869,"Lindsey, Brown and Lowery",technology,15,535,141965536.92,10170888.83,169614987.33,58193055.35,3.4455,2.4189,0.5223,4.2665,Asia Pacific,Japan
COMP_002870,RemainEducation LLC,professional_services,49,98,35628513.96,3893466.78,33283522.98,12706624.88,2.2602,1.8472,0.6175,6.1496,Europe,United Kingdom
COMP_002871,Tran & Parker Ltd,technology,34,650,447153056.96,39877511.48,251824852.21,93298731.79,2.5737,1.6841,0.5885,6.3624,Latin America,Mexico
COMP_002872,Cox & Burnett Inc,retail,2,1382,473335343.55,37756483.68,266434021.4,160017601.32,1.2253,0.9057,1.5037,4.6878,Latin America,Chile
COMP_002873,Nichols & Young Group,healthcare,26,7078,893095436.35,49627306.59,1702206129.38,710356036.91,2.1481,1.1627,0.7162,2.8017,Europe,Switzerland
COMP_002874,Price & Browning Group,retail,45,1032,210885100.99,34358629.6,217992835.46,55743487.4,3.4006,2.0866,0.3436,9.294,North America,United States
COMP_002875,Turner-Mayer,financial_services,42,12156,3904023860.0,524501109.11,2183859838.08,999202984.65,1.6942,0.9115,0.8435,9.0696,Latin America,Mexico
COMP_002876,Evans and Sons,construction,12,1574,240786187.98,37065624.83,123060964.05,60211024.91,1.8859,1.183,0.958,19.4112,Asia Pacific,Hong Kong
COMP_002877,Welch-Suarez,manufacturing,11,7580,1000104305.77,139100062.07,972870744.06,577313757.74,1.1988,0.6003,1.4595,6.2535,North America,Canada
COMP_002878,SpeakQuickly Group,technology,48,671,103135374.42,13091241.04,174746103.37,90381763.75,3.5883,2.2193,1.0713,3.4869,Latin America,Mexico
COMP_002879,Hill Inc,retail,33,1407,296382891.02,45457003.62,206338826.2,109542095.22,3.0965,2.6521,1.1317,12.2306,North America,United States
COMP_002880,TestState Group,hospitality,35,349,38041043.65,2621441.76,19211417.75,9981578.76,1.6716,1.3893,1.0814,4.4526,North America,United States
COMP_002881,Ruiz & Gutierrez LLC,manufacturing,14,4811,669813751.14,87273942.89,493107197.92,198982862.81,2.9446,2.4701,0.6765,15.1175,North America,United States
COMP_002882,SeriesKnowledge Inc,professional_services,34,427,85575505.06,7058143.27,113586344.34,51294620.62,1.113,0.7106,0.8235,2.6107,Latin America,Mexico
COMP_002883,Holloway Ltd,hospitality,22,139,42208086.03,2553659.07,50635748.94,15380312.82,1.3891,1.119,0.4363,4.9151,Asia Pacific,Singapore
COMP_002884,Green Inc,manufacturing,37,1459,151604987.5,25375823.22,84246086.51,38955398.48,1.8771,1.508,0.8601,17.5529,Europe,Switzerland
COMP_002885,Bell & Guzman PLC,energy,42,7181,736625546.5,38478096.6,582996336.18,300271283.69,2.985,1.6581,1.0621,2.9231,North America,United States
COMP_002886,Rojas Group,construction,39,3647,470688337.65,42878461.72,470102300.67,119667284.98,1.977,1.0336,0.3415,6.556,Europe,France
COMP_002887,Neal & Gill Ltd,retail,39,1629,254446378.1,17830083.93,437745592.0,219690259.48,3.0077,1.7069,1.0075,3.6156,Latin America,Mexico
COMP_002888,PutCreate Ltd,retail,36,1396,205887211.76,12339889.93,106104227.02,35504606.97,3.2098,2.8011,0.5029,5.491,Europe,Netherlands
COMP_002889,LifeStrong Ltd,financial_services,14,23139,4056284119.23,427109825.1,2922802355.31,972721552.51,2.9148,2.3406,0.4988,7.3741,Europe,United Kingdom
COMP_002890,Smith and Sons,healthcare,19,7894,836646798.27,91183032.92,564142731.82,292266647.87,2.6981,1.3996,1.075,7.5954,North America,Canada
COMP_002891,ProductionFocus LLC,healthcare,22,1099,335530077.95,38649713.6,191250439.83,53116730.89,1.3982,0.8174,0.3845,14.2148,North America,Canada
COMP_002892,ParentBeautiful Inc,transportation,37,5148,696681876.9,91806024.36,515297196.8,237748234.83,2.389,1.6574,0.8566,10.1563,North America,United States
COMP_002893,CoachEnjoy PLC,construction,34,1409,386705793.85,50278629.76,307840865.29,101172870.63,3.7515,2.4702,0.4895,8.795,Europe,Netherlands
COMP_002894,Reeves Ltd,professional_services,25,126,65637743.34,5720878.36,34214067.77,13055905.74,1.6667,1.0856,0.6171,14.2345,Latin America,Mexico
COMP_002895,Hines & Bradford Ltd,hospitality,7,117,31167419.89,2654929.78,39480370.72,21205120.11,1.3962,1.0552,1.1603,3.7635,Asia Pacific,Japan
COMP_002896,Jenkins LLC,energy,8,52991,8765036680.99,608195332.27,12430938496.58,7021035979.02,2.6419,1.8315,1.2978,2.517,Latin America,Mexico
COMP_002897,Mendoza-Moss,retail,43,1093,270469087.26,37738059.16,237039302.64,87259502.97,2.5365,1.7349,0.5826,12.6747,North America,United States
COMP_002898,Green & Mcdaniel LLC,construction,18,926,144823851.05,6782852.7,82996172.12,47318507.98,1.6587,1.2363,1.3263,5.8714,Asia Pacific,Australia
COMP_002899,SuccessfulFather and Sons,construction,3,395,215487951.79,16280223.1,165004937.06,82444884.3,1.2518,1.0293,0.9986,3.9008,Asia Pacific,Japan
COMP_002900,Miller LLC,professional_services,39,5,4238323.49,424927.09,2682972.44,1034809.32,1.9811,1.567,0.6279,11.3918,Latin America,Mexico
COMP_002901,White Group,professional_services,27,85,13222746.72,1263778.19,21972790.59,7453382.46,3.3934,2.2252,0.5133,3.3524,Latin America,Brazil
COMP_002902,Duffy PLC,technology,43,2171,383007828.51,21176126.61,250209071.57,61750555.88,2.3846,2.0589,0.3277,8.0101,North America,United States
COMP_002903,Smith Inc,financial_services,8,91,10058057.43,1079018.92,8076365.69,5488707.63,1.9538,1.4764,2.1211,3.4507,Europe,United Kingdom
COMP_002904,Leblanc Ltd,transportation,5,1594,422400170.2,41082354.71,371662641.16,273620551.71,2.2511,1.4742,2.7908,3.5868,Latin America,Brazil
COMP_002905,"Sims, Meadows and Mccann",healthcare,3,2072,524897630.18,24502523.29,293481995.89,159208726.96,2.1141,1.6607,1.1857,4.0987,Europe,Netherlands
COMP_002906,Gonzalez Ltd,manufacturing,36,394,118722495.8,18256999.8,89275728.09,25527734.39,3.2428,2.711,0.4004,19.6634,Asia Pacific,Australia
COMP_002907,Christian & Williams PLC,professional_services,26,504,97321277.22,2727910.46,75166523.23,20443384.09,3.0297,2.3357,0.3736,3.234,Asia Pacific,Australia
COMP_002908,Patterson LLC,technology,46,618,113836540.29,16846548.48,138528260.13,73107514.4,1.6212,1.154,1.1175,5.7205,Latin America,Brazil
COMP_002909,Davis LLC,construction,49,206,155578366.22,18836115.1,176157660.82,73137086.9,3.6768,1.9788,0.7099,4.6171,North America,Canada
COMP_002910,Valentine Inc,energy,27,16528,3074227996.94,95427642.29,3584425990.45,1848361676.22,1.3919,1.1005,1.0647,2.242,Latin America,Chile
COMP_002911,Higgins Group,hospitality,48,155,46852915.76,2303629.19,29292872.95,11748106.42,3.6094,2.8863,0.6696,5.3123,Europe,France
COMP_002912,SpringWife Group,professional_services,48,5,646645.3,75965.58,350638.39,126211.19,3.3193,2.5122,0.5624,11.1363,Latin America,Mexico
COMP_002913,Wilcox Group,financial_services,29,33531,3649430522.5,504757076.43,3477841392.82,1837787075.22,2.3597,1.7087,1.1206,4.547,Europe,Netherlands
COMP_002914,ByDoor Ltd,energy,13,20146,9670112723.0,1502793710.16,5979229462.73,2007353337.78,2.6584,1.9567,0.5054,11.8021,Latin America,Mexico
COMP_002915,Harris LLC,retail,46,499,113698154.68,9846616.31,68833882.84,18873002.4,1.8679,1.1016,0.3778,17.654,Europe,France
COMP_002916,Roberts & Snyder and Sons,technology,19,661,331860548.71,13987506.64,179328843.79,68172733.97,2.1499,1.4999,0.6133,5.302,North America,Canada
COMP_002917,Gates-Greene,transportation,37,7441,744477363.69,133179256.6,464580319.33,181180845.13,2.2958,1.3435,0.6393,10.2428,Asia Pacific,Australia
COMP_002918,Carney & Campbell Ltd,manufacturing,37,7776,1698366504.39,231706807.26,905717597.35,416645785.61,1.6425,1.1811,0.8519,17.037,Latin America,Mexico
COMP_002919,CurrentKid and Sons,transportation,3,4267,428402905.04,14257647.57,419340481.2,190564273.16,1.0012,0.7571,0.833,1.9702,Asia Pacific,Singapore
COMP_002920,Ortiz and Sons,transportation,9,1525,309901596.58,19318659.61,533147144.61,224650068.28,2.9228,2.6175,0.7282,2.7386,North America,United States
COMP_002921,Roberts LLC,construction,45,210,166021091.34,27502288.82,169338655.95,83750248.56,2.0436,1.5639,0.9785,9.5329,Europe,France
COMP_002922,Young Group,retail,6,1277,356885423.88,43493784.3,487486200.32,320271773.01,1.0049,0.8296,1.9153,3.6076,Latin America,Mexico
COMP_002923,Solomon & Wood Ltd,energy,15,32826,8176955691.73,1040365061.68,10645137944.06,3474977572.93,3.5986,1.9633,0.4846,5.2855,Asia Pacific,Australia
COMP_002924,Holland & Miller Group,hospitality,48,188,37141179.58,3407941.43,60895370.81,25335391.66,1.0744,0.7753,0.7125,5.2191,North America,Canada
COMP_002925,Anderson LLC,healthcare,15,823,374086303.12,28459531.13,218804470.7,126603058.82,3.0207,2.613,1.3731,4.7941,Asia Pacific,Singapore
COMP_002926,Mccann Group,energy,8,85878,9024304957.65,207247785.89,17465213505.54,10789841998.19,2.536,2.2639,1.6164,1.817,Europe,Switzerland
COMP_002927,RightDifference Ltd,hospitality,26,413,161532010.42,17272619.21,88065515.07,28658252.31,1.3049,1.0556,0.4824,13.8432,Latin America,Chile
COMP_002928,Erickson-Fitzgerald,hospitality,26,846,196986822.15,23064293.64,108749341.96,34678309.43,2.2723,1.168,0.4682,11.5911,Asia Pacific,Japan
COMP_002929,Scott & Davis Inc,professional_services,49,643,75547701.84,7078125.02,39180786.05,10350701.95,2.7132,1.8717,0.359,13.2357,Europe,United Kingdom
COMP_002930,Williams and Sons,transportation,13,2870,399263249.02,23160816.2,221511062.83,129699212.56,1.8347,1.3917,1.4127,3.8641,Latin America,Mexico
COMP_002931,Ruiz & Gomez PLC,retail,18,957,296137641.33,25487095.71,467263967.38,161276082.71,2.0685,1.2989,0.5271,3.1762,Latin America,Mexico
COMP_002932,Crosby PLC,manufacturing,44,7624,1325418365.95,195333524.26,714734168.82,348511352.72,1.1519,0.8877,0.9516,17.3298,North America,Canada
COMP_002933,SecuritySmile Inc,manufacturing,38,835,166127074.47,22660469.53,273032086.48,114312640.86,1.8193,1.4732,0.7202,4.5828,Asia Pacific,Australia
COMP_002934,Smith & Wagner Group,hospitality,43,851,109354894.86,15663144.32,60860968.09,28773255.64,3.1372,1.7184,0.8967,15.7581,North America,Canada
COMP_002935,Turner & Foster LLC,technology,47,1210,354951093.41,9305392.7,199689397.63,68605642.38,2.5897,1.9089,0.5234,2.774,North America,United States
COMP_002936,Anderson & Mcclain Inc,retail,19,838,85326009.39,11338283.12,158674249.72,90765143.22,2.591,2.0635,1.3366,3.0867,Asia Pacific,Hong Kong
COMP_002937,"White, Jackson and Vasquez",energy,42,14656,7817285588.38,819574086.39,4504594334.97,1703986347.12,3.3338,2.454,0.6084,8.9751,Europe,United Kingdom
COMP_002938,Morgan & Mcdonald Inc,professional_services,20,467,58585391.66,5226465.5,31934257.7,17482620.98,1.2547,1.0854,1.2097,5.2019,Latin America,Mexico
COMP_002939,FreeSee PLC,hospitality,8,1256,190492135.35,7200459.07,124656791.02,76605070.61,2.2906,1.9369,1.5942,2.7499,Latin America,Mexico
COMP_002940,LeadChange LLC,professional_services,45,36,4721018.67,646795.45,3376431.16,1725745.38,2.1519,1.8179,1.0455,10.9105,North America,Canada
COMP_002941,ButForm Inc,construction,44,164,136336438.09,10800087.45,86664565.5,44974138.44,3.2108,2.1072,1.0788,5.5466,North America,United States
COMP_002942,CareMoney LLC,technology,20,2674,301175385.77,18274978.81,240562311.68,109728146.87,2.1728,1.6507,0.8387,4.2785,Latin America,Brazil
COMP_002943,Adkins & Howe LLC,retail,9,492,149686836.28,17596164.39,84543527.7,26662535.31,3.3955,3.0467,0.4606,10.0303,Latin America,Mexico
COMP_002944,Orr LLC,construction,7,1985,358639961.22,45861360.96,238417489.33,133286920.59,2.8646,2.5008,1.2678,8.0462,Latin America,Brazil
COMP_002945,"Gallegos, Mcintosh and Black",energy,33,53807,7602102561.09,419728095.4,8757171205.74,4580385247.03,1.1434,0.6719,1.0966,3.2297,Asia Pacific,Australia
COMP_002946,Stafford-Stewart,hospitality,34,92,21400676.85,1691675.6,16229988.61,6543651.75,2.726,1.3796,0.6756,5.2155,Europe,Germany
COMP_002947,MillionSouth and Sons,manufacturing,30,5980,1032570383.77,94947126.71,1386281732.53,439170806.2,2.5812,1.3762,0.4637,6.5225,Asia Pacific,Japan
COMP_002948,"Farrell, Sandoval and Yates",energy,41,5930,5113461028.13,912543550.04,2917740368.94,1466984752.99,3.2682,1.6769,1.0112,9.3794,Europe,Switzerland
COMP_002949,ArgueCurrent and Sons,transportation,6,1913,375587962.51,37364276.33,695399777.7,264346401.41,1.5823,1.3402,0.6133,5.6759,Asia Pacific,Singapore
COMP_002950,Hall Inc,retail,18,3939,466596581.56,17543447.47,256326150.78,119933186.06,2.9621,2.2172,0.8793,5.5257,Europe,United Kingdom
COMP_002951,Harrison and Sons,construction,30,3073,414615628.34,65365078.2,284817720.11,149329758.65,2.247,1.5606,1.1022,7.4987,Europe,United Kingdom
COMP_002952,"Mcdonald, Wilson and Woodard",healthcare,43,5681,698723335.0,111870708.55,741026183.91,308576162.53,2.4966,1.4949,0.7136,7.8105,Latin America,Brazil
COMP_002953,Simpson & Alexander Ltd,transportation,46,2083,717183369.38,70431537.22,501068192.73,175701354.8,1.674,1.4172,0.54,6.865,Europe,France
COMP_002954,Hoffman Group,professional_services,9,328,46440756.31,1702657.05,67089291.61,44755910.92,2.1379,1.4546,2.004,1.9561,Asia Pacific,Hong Kong
COMP_002955,Rodriguez-Cortez,manufacturing,7,5612,1842779096.98,182900856.97,1437707053.01,991960309.01,1.3379,0.7223,2.2254,3.4278,Latin America,Brazil
COMP_002956,Hernandez & Bailey and Sons,retail,34,1794,347908522.77,20848660.24,199871969.26,93476385.29,2.5679,1.8407,0.8786,4.9541,North America,Canada
COMP_002957,TroubleFederal and Sons,energy,43,18980,7303361563.48,748325044.32,5250105964.45,2011124826.33,2.3979,2.0435,0.6209,7.5078,Europe,Switzerland
COMP_002958,Brady LLC,retail,9,4118,431122070.09,43888341.8,740943277.3,526246371.79,3.2395,2.0221,2.4511,3.4164,Latin America,Chile
COMP_002959,Elliott & Alvarado and Sons,transportation,42,2609,281330873.45,26600374.4,187959992.19,49215340.65,3.8819,2.8252,0.3547,8.6775,Latin America,Chile
COMP_002960,PastAbove PLC,professional_services,21,206,80803554.93,9734439.38,86341081.94,38327528.77,3.8375,2.8179,0.7983,4.7205,Asia Pacific,Hong Kong
COMP_002961,"White, Knapp and Sanchez",technology,6,357,98425060.88,9094989.64,82644892.6,44425783.29,2.2411,1.244,1.1624,4.2142,Latin America,Mexico
COMP_002962,Jimenez Inc,transportation,37,2850,351888532.72,13160476.12,288898257.76,127304210.86,1.4796,1.2518,0.7878,3.6301,North America,United States
COMP_002963,Clay Inc,financial_services,12,5526,1684696166.81,149977105.85,1515423479.49,678647993.42,1.0938,0.6266,0.811,7.4402,Asia Pacific,Japan
COMP_002964,Maldonado-Becker,professional_services,45,551,97863284.1,8417808.97,151202692.56,70026739.36,2.9582,2.4311,0.8627,2.7055,Asia Pacific,Singapore
COMP_002965,Long & Garza Inc,manufacturing,18,7108,1714509075.26,80272096.45,2250770456.91,1215919144.98,3.5301,2.1788,1.175,1.9147,Latin America,Mexico
COMP_002966,Hood & Hernandez Inc,professional_services,20,184,70266401.23,10632256.16,88101450.34,22409449.7,3.8831,2.1201,0.3411,14.087,Asia Pacific,Japan
COMP_002967,Stevens & Zimmerman Group,financial_services,14,11846,3638013240.46,466193752.31,4267347724.71,1542138603.83,2.118,1.3751,0.5659,6.7656,Latin America,Brazil
COMP_002968,Gibson LLC,construction,50,518,283226033.23,21590264.8,158998670.8,54577036.85,1.6315,0.8612,0.5227,9.8541,Latin America,Chile
COMP_002969,"Barrett, Rivera and Williams",transportation,31,8131,947619760.44,33831831.79,514128278.55,226669128.49,3.5209,1.8025,0.7885,2.984,North America,Canada
COMP_002970,Dean & Chavez Ltd,construction,46,520,250648082.68,44309112.42,178223228.46,71148772.87,2.9519,2.0363,0.6645,10.0963,North America,Canada
COMP_002971,SimilarWhat PLC,financial_services,50,8554,1908783372.25,114376378.74,1759130122.62,703906486.45,3.3557,2.7283,0.6671,3.3209,Asia Pacific,Australia
COMP_002972,Anderson & Boyer Ltd,manufacturing,24,2324,334440320.49,25030938.28,286278557.46,136124491.48,2.1261,1.239,0.9066,3.7564,North America,United States
COMP_002973,Campbell Inc,hospitality,45,1120,157454924.8,9280958.41,113026422.2,56483995.98,3.4457,2.0922,0.999,3.5779,North America,United States
COMP_002974,SixAvoid PLC,financial_services,40,14713,3674875221.06,488157214.42,2183510195.67,667007913.5,2.198,1.9184,0.4398,21.7233,Europe,Netherlands
COMP_002975,Crane Group,financial_services,15,19259,1927931642.24,202343148.4,1173364239.17,563102981.93,1.1515,0.8545,0.9227,8.8263,Latin America,Brazil
COMP_002976,Davis LLC,construction,13,90,17470739.91,1309456.78,11152653.8,3640373.48,3.5603,2.291,0.4846,11.5265,Latin America,Chile
COMP_002977,Thompson & Hanna Group,financial_services,33,28058,4196596665.31,171484241.42,5202032140.27,2337228783.69,3.2283,2.766,0.8158,3.0177,Latin America,Chile
COMP_002978,Davis and Sons,professional_services,27,8,1636089.35,132397.11,2210521.26,1182656.17,3.5764,2.8831,1.1506,2.9048,Latin America,Mexico
COMP_002979,Martin Group,energy,24,55640,7051812807.31,497287443.89,5076582874.62,2378646714.21,1.1456,0.6137,0.8817,6.381,Latin America,Chile
COMP_002980,Holland-Best,energy,19,95347,9704058241.77,1276698902.8,12527490220.73,6459753973.04,2.38,1.2373,1.0646,6.3338,North America,United States
COMP_002981,Martinez Group,hospitality,37,373,88094604.3,4794600.41,51126947.41,19153258.29,1.4879,0.8926,0.599,4.8249,Asia Pacific,Japan
COMP_002982,Fitzgerald-Dorsey,healthcare,45,1856,238798537.97,10775446.36,169205587.74,44258681.92,1.8005,1.4047,0.3542,4.7327,Asia Pacific,Hong Kong
COMP_002983,"Munoz, Howard and Davis",construction,43,2482,353911149.97,63024837.53,338062391.1,141496690.58,1.4876,0.8748,0.7198,10.3503,Asia Pacific,Hong Kong
COMP_002984,Hunt-Burns,retail,1,3907,408929814.72,40875314.63,562456887.15,238358858.12,2.5498,2.0026,0.7355,3.7275,Europe,France
COMP_002985,ValueImportant Group,hospitality,40,629,109739632.9,11156687.06,103347930.96,54361765.37,2.0431,1.7616,1.1097,4.2067,Europe,Netherlands
COMP_002986,ExecutiveOrder PLC,transportation,18,9662,967364922.5,82597397.72,639017240.15,229945348.51,2.2869,1.2815,0.5621,7.2559,North America,United States
COMP_002987,Henderson Group,technology,34,157,26782692.11,2925409.76,14081738.7,5543397.32,2.1929,1.3688,0.6492,7.8137,North America,Canada
COMP_002988,Shepherd PLC,energy,34,27879,5072716203.13,130083913.27,10099728990.48,5347135373.27,2.6303,2.0311,1.1251,1.5146,Asia Pacific,Singapore
COMP_002989,Lopez & Mccoy Inc,professional_services,14,566,71986167.76,6067984.46,41926071.36,22832656.48,3.5096,2.284,1.1958,4.831,Asia Pacific,Hong Kong
COMP_002990,Palmer Group,retail,15,3512,431594954.63,28032028.91,370048237.71,136747915.54,2.5271,2.2482,0.5861,6.1253,Europe,Germany
COMP_002991,RequireDoor Ltd,manufacturing,33,1318,366718667.7,15348335.26,194308136.57,68081101.85,1.5586,1.0816,0.5394,6.7434,Latin America,Brazil
COMP_002992,"Reeves, Arias and Rose",technology,21,2648,400201737.4,69765694.98,594692371.08,197874116.6,1.9537,1.4719,0.4987,9.1238,Latin America,Brazil
COMP_002993,Holland Inc,manufacturing,39,7168,1109887080.68,39802206.39,1074322463.66,459809395.33,2.3296,2.0747,0.7482,2.5211,Asia Pacific,Japan
COMP_002994,FillManagement Group,transportation,49,3323,402588145.17,28380076.46,204829907.16,64355647.23,2.2865,1.3307,0.4581,9.4821,Asia Pacific,Hong Kong
COMP_002995,Miller & Solis LLC,energy,29,12611,1360564534.36,57373759.37,2031156471.53,898094890.95,2.5707,2.2717,0.7926,2.5959,Latin America,Brazil
COMP_002996,Joyce Ltd,professional_services,21,300,86596928.01,4524698.28,71077916.94,27918760.86,2.4224,1.4409,0.6469,3.4453,Europe,Switzerland
COMP_002997,Leach & Skinner PLC,transportation,24,722,165700476.1,13889701.54,96212728.96,47273542.37,3.6639,1.9512,0.966,6.1426,Latin America,Mexico
COMP_002998,Phillips-Williams,manufacturing,47,3096,626477839.83,33350084.24,450064591.15,200080785.63,1.1214,0.5875,0.8004,3.7312,Asia Pacific,Japan
COMP_002999,Lowery PLC,energy,36,25653,2935953043.03,237324807.09,5351469790.97,2533354925.16,1.2321,0.7265,0.899,2.949,Latin America,Brazil
COMP_003000,Rodriguez & Coleman Inc,healthcare,9,7757,872056964.02,38028436.7,1024214897.36,705270786.59,3.181,2.5763,2.2113,1.7257,Europe,France
COMP_003001,Marshall Ltd,energy,40,18026,6743394792.38,1155836120.93,6947278406.04,3683382574.18,2.714,1.9451,1.1285,6.5616,Europe,Switzerland
COMP_003002,"Hess, Kelly and Richards",professional_services,26,786,79769799.02,13316083.86,61932068.31,25964702.51,3.2248,2.0319,0.7219,10.6405,Europe,Netherlands
COMP_003003,"Smith, Yang and Ford",construction,16,160,128981609.9,3779386.54,67958342.59,28840913.71,2.5771,2.1266,0.7373,3.1255,Latin America,Mexico
COMP_003004,Cameron Inc,professional_services,32,435,62674972.91,6424572.69,63381368.91,22005538.47,1.0718,0.913,0.5318,9.9682,Asia Pacific,Singapore
COMP_003005,Miller & Mcdowell LLC,manufacturing,39,7471,1147774506.46,99119346.07,598506271.6,314999211.02,3.1259,2.7768,1.1111,5.7695,North America,Canada
COMP_003006,Edwards Ltd,manufacturing,26,8050,1667332449.81,132532946.46,1421475927.05,413178075.96,1.8684,1.1118,0.4098,7.8009,North America,Canada
COMP_003007,Todd-Cole,healthcare,30,6753,906556625.18,84277100.71,1126234076.01,468926242.98,3.244,2.5629,0.7134,3.4547,Asia Pacific,Japan
COMP_003008,SystemEvidence LLC,technology,33,54,7066228.97,909536.67,7389617.3,2943655.03,3.0759,2.4789,0.6621,5.9105,Asia Pacific,Australia
COMP_003009,Levy & Savage and Sons,professional_services,41,117,67564981.95,6651511.11,58443776.87,18083441.93,2.811,1.8226,0.448,6.4682,North America,Canada
COMP_003010,Clark & Miller PLC,technology,27,227,26866063.76,3184637.05,22910527.84,5973788.98,1.4075,0.7638,0.3527,11.6871,Latin America,Brazil
COMP_003011,Savage-Rodriguez,transportation,34,974,553370078.43,94156851.03,661457653.28,279222412.55,3.3687,2.7231,0.7305,10.6684,Europe,France
COMP_003012,NorAffect Inc,healthcare,31,1360,291194565.4,17951585.35,161219971.49,60675652.36,1.5897,0.8173,0.6035,4.7482,Europe,United Kingdom
COMP_003013,Wilson-Jackson,hospitality,14,249,62048543.3,9858270.49,54544444.72,33789975.71,2.3413,1.2864,1.6281,6.4738,Latin America,Mexico
COMP_003014,Woods Ltd,technology,26,337,177126293.22,17370655.3,167560251.14,90296701.58,2.6534,1.8031,1.1687,5.7268,Asia Pacific,Singapore
COMP_003015,Sullivan Ltd,energy,48,44844,6231859868.04,885706207.98,4144534034.68,1580783026.59,3.6146,1.9965,0.6166,8.0223,Europe,France
COMP_003016,Church PLC,technology,41,1117,167690932.87,18166027.26,171072144.36,58867069.3,2.32,1.356,0.5246,6.6081,Asia Pacific,Hong Kong
COMP_003017,"Tucker, Montgomery and Dickson",hospitality,2,301,146807111.07,4917807.35,76790018.29,27307843.5,1.4727,0.9542,0.5519,3.6867,Asia Pacific,Australia
COMP_003018,HerselfRock Ltd,technology,34,624,202859165.4,26106808.83,177606480.43,81302935.75,1.3677,0.8716,0.8442,7.5961,Latin America,Brazil
COMP_003019,"Leonard, Ballard and Miller",technology,46,76,35108246.95,2351439.54,23478318.32,8311654.52,1.1604,0.9848,0.548,7.2257,North America,United States
COMP_003020,CentralAddress and Sons,technology,26,1934,392096161.4,62878853.59,289152421.37,132480019.51,3.6908,2.4129,0.8456,8.7878,Europe,France
COMP_003021,Rodriguez Inc,hospitality,3,246,57865906.59,6949182.78,69060929.84,44259040.45,1.3215,0.7757,1.7845,4.373,Europe,France
COMP_003022,"Waller, Trevino and Clark",transportation,3,2991,438439210.8,33225229.04,527352581.76,264394585.41,2.6346,2.1317,1.0055,2.7755,Asia Pacific,Singapore
COMP_003023,"Thomas, Allen and Wilkinson",construction,45,2517,344294722.19,21571584.27,243972526.28,118700571.84,3.1267,1.8884,0.9475,5.6406,North America,Canada
COMP_003024,Garrison PLC,transportation,41,563,339131595.58,16906326.53,348089175.45,117135195.56,3.006,1.9557,0.5072,2.9766,Latin America,Brazil
COMP_003025,Lee LLC,professional_services,33,22,6130272.79,1073425.84,3347479.82,1842059.94,3.7834,3.2705,1.2236,17.7441,Europe,Switzerland
COMP_003026,SpeechMajor and Sons,manufacturing,36,1512,754102883.56,29383695.59,1295768061.28,468973576.47,1.971,1.7167,0.5672,2.1335,Latin America,Brazil
COMP_003027,MatterKnowledge Inc,retail,27,3838,472335394.18,19294324.28,406462917.23,174747048.98,2.3339,1.3277,0.7541,2.62,Asia Pacific,Hong Kong
COMP_003028,ButCompare and Sons,transportation,18,1165,645317053.33,50379955.17,484087218.3,224603074.0,2.8253,2.1098,0.8656,5.2535,Europe,Germany
COMP_003029,"Park, Maynard and Ruiz",transportation,7,1206,674764357.18,89603738.62,1215278604.81,529574552.01,1.8142,1.592,0.7723,6.092,Asia Pacific,Hong Kong
COMP_003030,Richards-Harris,energy,3,57871,6341207428.69,710372263.77,7095148897.02,2765573355.26,1.2621,0.763,0.6388,4.348,Europe,Switzerland
COMP_003031,"Gallegos, Myers and Cook",professional_services,19,28,20299717.83,2747295.02,19265803.28,5284803.42,2.931,2.1377,0.378,8.1426,Latin America,Chile
COMP_003032,Mccoy Ltd,construction,9,1927,212075262.73,4721845.43,270495165.94,143203667.88,1.3883,0.831,1.125,1.5948,Europe,France
COMP_003033,Reynolds Group,construction,1,1852,376715200.19,34490755.38,306580603.85,204020442.61,1.0823,0.7302,1.9893,3.4975,North America,United States
COMP_003034,ThusMission Ltd,retail,23,150,52483702.98,2825719.94,71661483.34,25298722.19,2.1422,1.5484,0.5457,4.1829,Europe,United Kingdom
COMP_003035,ParticularPick Ltd,healthcare,45,2475,281463512.21,22565859.04,462483705.85,112312324.27,2.9477,1.7959,0.3207,6.6728,Asia Pacific,Australia
COMP_003036,Spencer LLC,technology,24,334,138883235.12,12042044.24,105876217.72,47046738.97,2.5002,1.524,0.7997,4.6354,North America,Canada
COMP_003037,Johnson & Ross PLC,manufacturing,26,4053,869717665.91,46400296.91,905692155.06,417999788.45,1.5672,1.1712,0.8571,3.2137,Europe,Germany
COMP_003038,PerhapsShare PLC,transportation,16,6104,980565053.53,56778155.3,539482537.97,166231683.13,2.2118,1.7438,0.4454,7.5488,Asia Pacific,Japan
COMP_003039,"Stein, Dillon and Hall",construction,35,107,38413760.61,6731892.61,26306329.06,10167328.45,1.8815,1.457,0.63,9.3202,Europe,United Kingdom
COMP_003040,Rice Group,energy,41,15993,5211074894.09,844365106.25,7085322242.34,3664716324.16,3.1212,2.6648,1.0714,5.4718,North America,Canada
COMP_003041,Ray PLC,transportation,42,947,187571035.19,19173093.03,114032936.29,28526427.5,1.2563,0.6902,0.3336,11.3474,North America,Canada
COMP_003042,Adams Ltd,energy,16,18917,9708231626.83,644922364.71,5184059120.32,2380579615.64,2.4488,1.4099,0.8492,8.6479,North America,United States
COMP_003043,KeyVisit Group,financial_services,35,948,575384488.59,87215346.86,781475983.59,293428521.35,2.578,2.1848,0.6012,4.9292,Asia Pacific,Australia
COMP_003044,Wilson PLC,financial_services,50,12585,2023969001.78,328097806.86,1099301347.02,462011838.22,2.5963,1.3961,0.725,13.9981,North America,Canada
COMP_003045,"Reed, Terry and Smith",technology,44,3527,369204607.43,30607978.03,324017042.95,129618022.09,3.4597,2.056,0.6668,5.6427,Latin America,Brazil
COMP_003046,Roberts and Sons,manufacturing,10,13633,1412063311.77,85319841.25,732450768.64,381517415.78,2.451,1.3673,1.0872,3.8703,Europe,Netherlands
COMP_003047,Harrison & Kim PLC,retail,22,246,212518861.17,6529744.85,189121393.77,49326478.3,2.554,1.3109,0.3528,3.8602,Latin America,Chile
COMP_003048,Robinson & Stout LLC,professional_services,34,50,34979154.71,1190344.27,25977897.19,11320433.79,2.8777,1.6506,0.7723,2.3639,Latin America,Mexico
COMP_003049,Dorsey Ltd,construction,36,1992,201818127.38,7769815.65,185665251.22,99812971.86,2.9665,1.6778,1.1626,2.7245,Europe,Netherlands
COMP_003050,RealizeManagement and Sons,hospitality,44,494,53590976.37,9426184.38,85864315.27,28316636.14,1.6054,0.8142,0.4921,6.5022,Europe,United Kingdom
COMP_003051,Ware & Sharp Group,construction,12,705,106639804.66,7953527.59,190651453.49,55440001.96,1.4042,1.0683,0.41,4.1579,Asia Pacific,Hong Kong
COMP_003052,Moyer & Whitaker Ltd,healthcare,15,2998,485624499.07,22366926.94,576328067.35,179925887.2,1.8698,1.0651,0.4539,3.2092,Europe,Germany
COMP_003053,Delgado LLC,energy,17,9866,2721910872.87,77054537.23,2880107854.49,1407634604.94,2.8704,2.0674,0.956,1.8632,Latin America,Mexico
COMP_003054,Flynn & Marsh and Sons,hospitality,35,452,58204871.31,5045411.82,60195591.87,26007461.98,2.3399,1.2187,0.7607,4.6591,Europe,France
COMP_003055,PrettyDespite LLC,construction,27,2800,330094251.42,58747018.49,188221397.78,59759958.79,3.4489,2.2204,0.4652,16.8207,North America,Canada
COMP_003056,Vazquez & Miller Group,hospitality,16,395,193738929.01,19562761.41,186053912.81,50009628.42,3.0153,2.4094,0.3676,6.0322,North America,United States
COMP_003057,CarryConsumer and Sons,healthcare,41,4999,605619014.56,97562153.55,358269657.73,173790531.18,3.8753,3.033,0.9421,19.5163,Europe,United Kingdom
COMP_003058,Obrien Inc,construction,38,115,43104836.2,3862271.17,81702977.28,20883565.75,1.9334,0.9907,0.3434,3.5589,Europe,France
COMP_003059,Leon & Hahn Group,manufacturing,12,1370,160411391.57,20891651.81,149244145.47,82329789.22,1.4815,1.3273,1.2304,4.6304,Latin America,Mexico
COMP_003060,FloorEasy and Sons,retail,8,3054,475808763.98,31649225.53,506582390.95,348590406.99,3.2453,1.8697,2.2064,3.9777,Latin America,Brazil
COMP_003061,OntoAnyone Inc,energy,30,3161,3008043363.56,504489586.85,3437476967.34,1192886004.24,1.355,1.0384,0.5314,8.0245,North America,United States
COMP_003062,Howard & Green Ltd,construction,50,414,50573158.11,4692798.08,29525026.76,13110885.0,1.4899,0.9936,0.7988,9.7076,North America,Canada
COMP_003063,Moore PLC,energy,12,59793,6010493642.15,339332591.84,6991286206.36,4551113277.04,1.3336,0.7659,1.8651,1.9865,Latin America,Mexico
COMP_003064,AlmostSurface Inc,construction,27,542,313706145.25,23508891.07,276357269.31,81229717.75,2.702,2.396,0.4163,6.9682,Latin America,Mexico
COMP_003065,GreenLaw Inc,professional_services,3,528,65026229.6,3788031.38,103516082.27,51316207.63,1.1835,0.9295,0.9831,2.0582,Latin America,Chile
COMP_003066,Williamson & Martinez and Sons,manufacturing,26,4521,542130035.44,96317280.82,556680158.75,216364184.99,3.6503,2.7369,0.6358,7.0656,North America,Canada
COMP_003067,MessageEvening LLC,healthcare,31,199,20035130.79,3515073.6,20530476.34,11215228.22,1.3077,0.7889,1.204,5.5833,Asia Pacific,Singapore
COMP_003068,Glover Inc,construction,29,2973,482682607.88,27911618.35,257711077.84,138977018.76,2.3089,2.007,1.1705,4.8907,Asia Pacific,Japan
COMP_003069,Carrillo PLC,construction,26,137,129192057.62,15134765.62,133822577.8,72539597.78,2.9123,2.0884,1.1837,5.0053,Europe,France
COMP_003070,Adams & Hernandez Ltd,healthcare,32,1978,677646156.61,58899275.3,364417081.34,141277962.65,2.1467,1.2505,0.6331,6.4912,Europe,Netherlands
COMP_003071,"Munoz, Garcia and Williams",healthcare,43,6794,708096720.53,122195521.05,489287987.97,219197423.16,2.3415,1.1985,0.8116,14.1312,Latin America,Mexico
COMP_003072,Lloyd-Estes,financial_services,1,22920,3053937011.23,60063549.43,2254485968.98,1506475048.21,2.7147,2.3671,2.014,1.4441,Europe,Netherlands
COMP_003073,Villegas PLC,hospitality,10,207,63268571.45,8271356.83,103265107.35,48375397.61,1.6288,0.9911,0.8813,3.5752,North America,United States
COMP_003074,PoorStation Inc,energy,19,24866,2747407724.95,342524601.61,1435469760.93,421158197.43,3.5994,2.5601,0.4152,23.557,North America,Canada
COMP_003075,ThanOr Inc,manufacturing,48,7977,1199359882.58,42496638.52,1938042356.25,1036040416.84,1.7885,0.9335,1.1486,1.9131,Asia Pacific,Japan
COMP_003076,Romero & Jackson Inc,professional_services,10,233,86676515.54,4416044.94,46128456.26,21635527.7,1.7261,0.9077,0.8833,3.9305,Asia Pacific,Singapore
COMP_003077,Pitts & Bartlett and Sons,healthcare,28,6836,947000060.28,133831780.4,1045825538.76,516223018.82,1.0673,0.5481,0.9747,6.7427,North America,United States
COMP_003078,Chandler Ltd,transportation,42,676,114846746.36,4623640.43,137434308.34,62639154.23,2.8726,2.2898,0.8375,2.1154,North America,Canada
COMP_003079,LetterSound PLC,transportation,35,566,163280326.47,14826624.56,93121274.23,44680626.07,2.3352,1.5186,0.9224,10.4484,Europe,United Kingdom
COMP_003080,Oconnor-Garcia,financial_services,41,23092,4724233931.33,322301261.65,4922806621.59,1966459200.01,1.721,1.3439,0.6652,4.4372,Latin America,Brazil
COMP_003081,Holland LLC,technology,7,530,368531078.94,36869734.58,294131970.72,138461558.0,2.9166,1.8815,0.8895,7.3956,Latin America,Mexico
COMP_003082,TellCertainly Inc,professional_services,14,675,88357885.57,7785837.76,141619695.88,78050762.55,2.3478,1.7575,1.2278,2.8029,Asia Pacific,Japan
COMP_003083,Allison & Gonzales Group,manufacturing,37,2075,413238941.93,11287371.75,260490211.61,117299955.72,2.0533,1.5186,0.8192,2.8051,North America,Canada
COMP_003084,SpecificSpecific Inc,construction,26,548,295855006.2,30423045.35,270164452.17,82604596.35,3.5533,2.6374,0.4404,5.853,Latin America,Chile
COMP_003085,Sanchez & Lamb LLC,financial_services,3,15942,3508686576.14,379068909.65,2218455856.65,1691675289.75,2.2988,2.0048,3.2113,5.6632,North America,United States
COMP_003086,Mitchell and Sons,healthcare,49,1968,681711326.02,29413900.62,351390348.31,176727410.38,2.3566,1.7275,1.0118,3.919,Europe,Germany
COMP_003087,Adams Ltd,manufacturing,22,3964,822221864.82,69779683.22,659067269.53,231193677.91,3.3983,2.6621,0.5403,8.5546,Latin America,Brazil
COMP_003088,SomebodyJoin LLC,healthcare,17,148,20317917.23,740057.19,22111064.98,7031701.74,2.8061,1.9582,0.4663,3.7555,Latin America,Brazil
COMP_003089,"Ortega, Hernandez and Molina",manufacturing,7,2348,1170022853.04,118682207.43,1213367041.94,463566812.26,2.365,1.3576,0.6183,5.8222,Latin America,Mexico
COMP_003090,Fisher and Sons,healthcare,40,2458,256836031.48,34567516.0,275802229.83,96409822.28,3.8357,2.9344,0.5374,5.3464,Asia Pacific,Australia
COMP_003091,Taylor & Patterson Group,professional_services,24,319,45300297.49,3623455.67,25556147.59,11726178.85,2.4463,1.8179,0.8479,4.9848,Latin America,Mexico
COMP_003092,Villanueva PLC,transportation,14,5984,958005204.93,82609408.38,937058454.45,309995862.52,2.3538,1.7671,0.4944,6.286,North America,United States
COMP_003093,Norton LLC,retail,21,1908,200719588.19,8063372.53,134751177.03,59792533.12,1.7246,1.0054,0.7977,4.8056,Europe,France
COMP_003094,Acevedo & Ramos Inc,manufacturing,17,3790,1681205197.26,139240512.28,1231509350.04,722168740.63,3.3019,2.7241,1.4179,4.0911,Europe,Germany
COMP_003095,SeriesSure PLC,manufacturing,15,3647,385195805.44,55630978.77,207147617.23,97520483.5,3.0965,2.1969,0.8896,13.4591,Latin America,Brazil
COMP_003096,Acevedo Inc,retail,38,2210,336885328.02,51755945.14,512575707.57,201756070.89,3.8542,3.4301,0.6491,5.3917,Europe,Netherlands
COMP_003097,Morgan Group,retail,8,785,488549463.31,35247139.38,254520783.53,138057045.85,1.2423,0.9439,1.1854,5.6229,Europe,Netherlands
COMP_003098,Hamilton Group,professional_services,15,10,10638363.54,347399.64,9063886.5,4220547.05,1.7075,1.2626,0.8714,2.5293,Europe,Switzerland
COMP_003099,SongAlthough Ltd,financial_services,42,234,51516511.71,4753772.38,31985037.14,10043914.55,1.3926,0.8207,0.4578,12.5273,Asia Pacific,Singapore
COMP_003100,WinPut and Sons,energy,21,37909,4364148786.69,314827404.61,3764040844.48,1491496866.99,3.8534,1.9506,0.6563,3.9561,Asia Pacific,Australia
COMP_003101,Orr & Brown Ltd,hospitality,47,160,19432471.13,772914.16,28307481.04,11424210.18,2.9498,2.4319,0.6767,2.2602,Asia Pacific,Japan
COMP_003102,"Lloyd, Liu and Kaufman",hospitality,18,1488,149928485.59,14605573.58,108069100.63,47325628.65,1.4797,0.9415,0.7791,6.6235,Latin America,Brazil
COMP_003103,Barnes Ltd,financial_services,7,41278,4573597832.6,265459646.72,2577039524.54,1854485951.53,1.41,0.7238,2.5666,3.0395,Latin America,Chile
COMP_003104,Haynes & Russo Ltd,construction,14,886,219840381.49,28377723.24,258820889.12,80946716.96,3.0677,1.6186,0.4551,7.6396,North America,Canada
COMP_003105,Newton & Blankenship Inc,technology,39,139,130097109.44,8092671.59,160943061.73,44502116.56,1.5843,1.2264,0.3822,5.3771,North America,Canada
COMP_003106,Wilcox PLC,transportation,37,2489,440059285.82,53880784.69,538752758.94,200703705.48,3.3587,2.4596,0.5937,4.7885,Asia Pacific,Singapore
COMP_003107,PopularWife and Sons,transportation,10,2319,726213339.67,90659472.88,668255135.04,421836180.0,2.0554,1.5973,1.7119,6.8852,Asia Pacific,Hong Kong
COMP_003108,Graves Group,energy,4,927,140088907.72,14769995.24,73056679.03,51859001.88,2.1901,1.6259,2.4464,7.2468,Latin America,Mexico
COMP_003109,QuicklyDescribe PLC,manufacturing,2,4523,1183013439.07,125088749.42,597506414.66,459260004.16,2.5191,1.294,3.322,6.7804,North America,United States
COMP_003110,ProbablyStory PLC,technology,35,1196,307032550.76,12096991.78,218258868.16,108411981.54,3.8063,2.5341,0.9869,2.7039,Asia Pacific,Singapore
COMP_003111,ReachLetter Ltd,transportation,48,961,641311364.43,85124792.07,490320215.55,130141594.79,3.1254,1.8921,0.3613,9.0098,Asia Pacific,Singapore
COMP_003112,HairVery Ltd,healthcare,24,1674,245811969.58,41302693.34,163987040.88,61387682.06,3.321,2.0333,0.5983,12.4304,North America,Canada
COMP_003113,Sullivan and Sons,professional_services,48,296,71548245.98,8377827.75,82800732.74,44374716.36,1.1087,0.6538,1.1548,5.4545,Asia Pacific,Japan
COMP_003114,Ibarra Inc,construction,41,491,50238785.73,4957854.5,37039235.01,18879981.49,3.2806,1.9969,1.0397,6.006,Asia Pacific,Japan
COMP_003115,Medina Group,technology,19,761,100435897.9,2946659.43,106922556.29,40764093.8,3.4288,2.0599,0.6162,2.3727,Europe,France
COMP_003116,Hardy Ltd,energy,11,43828,8780826964.21,599782596.81,16618079000.35,11357810570.86,2.3457,1.7406,2.1592,1.6821,Europe,France
COMP_003117,UntilCard PLC,healthcare,13,3090,740029534.97,69771052.07,478977145.14,243567896.58,2.8975,1.5521,1.0347,6.0429,North America,Canada
COMP_003118,"Campbell, Davis and Arnold",technology,36,26,7859031.45,1016218.3,7469118.43,2581090.97,1.1043,0.6583,0.528,9.2016,North America,Canada
COMP_003119,Boyd & Sherman and Sons,financial_services,31,9016,1249397539.25,215030387.02,1018844022.81,494340097.79,3.1041,2.0329,0.9425,12.1387,North America,United States
COMP_003120,Johnson PLC,manufacturing,45,1529,436668901.16,27340169.01,317367899.04,116994559.67,1.2056,0.7775,0.5839,3.8293,Asia Pacific,Singapore
COMP_003121,Vargas and Sons,financial_services,24,7591,1361323576.9,194299647.33,928946471.3,403367632.02,3.211,1.9283,0.7675,11.783,Europe,Germany
COMP_003122,ThereStaff LLC,healthcare,16,1286,251321971.43,37243559.65,173436417.85,62383933.78,3.0268,2.3375,0.5618,9.9052,Europe,Switzerland
COMP_003123,SheKnowledge PLC,professional_services,6,29,6721366.43,700522.22,7474562.63,5116118.57,3.2014,2.7654,2.1693,3.2524,North America,Canada
COMP_003124,Dennis LLC,construction,16,1803,232175555.72,35015494.36,137111277.7,43662100.34,3.0347,2.1975,0.4672,12.1165,North America,Canada
COMP_003125,Green & Romero Inc,construction,43,1189,367703070.02,45456024.14,215242905.44,80453462.86,1.7683,1.2888,0.5969,8.3898,North America,Canada
COMP_003126,Sherman Inc,energy,8,29782,6086980660.94,544482066.98,3414847772.74,1711196072.47,1.9394,1.6265,1.0044,6.3541,Latin America,Mexico
COMP_003127,Evans-Doyle,technology,45,1695,336762962.63,40161001.32,243591398.44,105339699.28,3.5972,2.0341,0.7619,6.1508,Europe,United Kingdom
COMP_003128,Morgan-Young,technology,34,335,41493440.09,6132471.95,36697436.95,18875422.17,1.9511,1.0667,1.0591,6.4282,Latin America,Chile
COMP_003129,"Zhang, Cunningham and Kline",transportation,3,7848,951975803.08,86785888.76,533743822.24,373622941.35,1.9337,1.3391,2.3334,4.1048,North America,Canada
COMP_003130,ProductReduce PLC,technology,9,2834,419407425.09,60010553.54,210331226.27,128711392.31,2.6489,1.7059,1.577,6.8695,Asia Pacific,Japan
COMP_003131,ThreePhysical and Sons,transportation,21,3252,807039415.31,36010849.04,744388654.58,328705436.87,2.4431,2.1498,0.7908,3.6254,Asia Pacific,Singapore
COMP_003132,HardFirm LLC,transportation,25,1020,824753966.99,141023345.48,431968888.61,196716716.53,1.6421,1.365,0.8362,12.3044,North America,Canada
COMP_003133,ReflectStill Ltd,retail,50,2099,466489833.05,11913610.2,397358670.06,155182340.0,3.1385,1.7334,0.6408,2.3316,Europe,Netherlands
COMP_003134,"Chambers, Klein and Stone",hospitality,36,131,109306539.26,11114815.07,56926475.97,23778371.76,3.8742,3.2411,0.7173,7.4827,Latin America,Mexico
COMP_003135,Wright LLC,construction,40,752,104139598.84,11277044.33,61916405.66,18572950.05,2.369,1.8301,0.4285,14.4164,Asia Pacific,Australia
COMP_003136,Black and Sons,technology,31,1081,308775020.32,36464021.19,281432491.02,76784733.16,2.055,1.4206,0.3752,7.4449,Asia Pacific,Australia
COMP_003137,Carson & Ward Inc,construction,19,1523,372726339.37,41058098.11,624390371.68,176475433.44,1.5737,1.2151,0.394,4.7455,Latin America,Brazil
COMP_003138,Thomas Group,energy,3,39210,7392278063.87,209056069.58,5244026051.84,2627254538.09,2.2454,1.5989,1.004,2.4769,Europe,United Kingdom
COMP_003139,Miller-Brown,technology,34,805,261203063.06,8848698.51,317133199.52,162368899.23,1.9205,1.5264,1.0491,2.646,Latin America,Mexico
COMP_003140,Beasley & Alvarez Group,professional_services,46,15,7311642.57,375760.63,4378077.1,1924277.37,1.3193,0.6617,0.7842,4.0809,Asia Pacific,Japan
COMP_003141,BankHope Ltd,professional_services,20,183,37425737.37,3353446.14,41850899.26,13355824.25,3.874,2.7775,0.4687,5.5516,North America,Canada
COMP_003142,"Powell, Hansen and Maxwell",professional_services,23,591,92116277.54,3588717.73,147820401.58,42339793.23,3.3558,2.7872,0.4014,2.6201,North America,Canada
COMP_003143,TryEverything PLC,construction,44,1240,294302210.33,26929615.9,214898101.08,62178307.76,2.6815,2.3353,0.4071,7.0928,Europe,Netherlands
COMP_003144,Porter & Henderson Group,manufacturing,34,1175,1081280567.08,110443953.26,1003638207.37,393119393.31,2.4109,1.501,0.6439,5.9976,North America,United States
COMP_003145,Barker & Gould Ltd,transportation,31,1152,276164979.24,40677273.7,181011467.74,48037323.68,2.3383,1.3603,0.3613,25.9674,North America,Canada
COMP_003146,Colon-Thomas,construction,29,852,187382215.36,22544463.3,260783766.26,134515607.66,2.9123,1.8117,1.0653,3.4439,Latin America,Brazil
COMP_003147,Washington Group,transportation,38,8701,896392628.26,145276799.07,559999439.65,292039594.38,2.5458,2.1202,1.0899,7.6433,Europe,Switzerland
COMP_003148,Anderson & Bush PLC,manufacturing,33,11823,1336261464.58,133712331.77,1508763865.84,742771784.42,2.137,1.5955,0.9697,6.3292,Latin America,Chile
COMP_003149,Wilson and Sons,professional_services,25,551,78845009.16,12546386.52,40730007.34,14739680.57,1.5624,1.2495,0.5671,25.2351,Europe,United Kingdom
COMP_003150,Gibson & Johnson and Sons,manufacturing,2,7386,914147391.9,43873757.52,1020471595.68,688640238.62,0.842,0.6924,2.0753,1.9459,Asia Pacific,Australia
COMP_003151,Raymond & Wood Inc,transportation,4,804,633944747.26,82837879.11,823252884.77,411014778.45,2.0819,1.124,0.997,4.1919,Asia Pacific,Singapore
COMP_003152,"Phelps, Rodriguez and Wood",energy,14,20961,2521416906.99,374003273.68,1689297483.3,485113836.06,1.2709,0.7998,0.4029,18.05,Europe,United Kingdom
COMP_003153,Roberts PLC,technology,45,1671,353024954.31,11023611.69,228342925.92,59596009.57,2.9393,2.0118,0.3532,4.0063,Latin America,Mexico
COMP_003154,Wilson LLC,transportation,15,3685,433325320.37,9955250.49,226211037.12,118541725.02,2.867,2.5777,1.101,1.9514,Europe,Germany
COMP_003155,HouseFloor LLC,technology,6,2117,221830211.89,26406349.84,122414255.95,44829235.29,2.985,1.838,0.5778,16.1266,Europe,Germany
COMP_003156,MentionAhead and Sons,technology,1,2826,325011839.96,19740560.16,399732109.78,213440358.41,1.4147,1.0992,1.1457,2.7634,Europe,France
COMP_003157,Thomas PLC,retail,22,1896,468267749.49,50866859.57,833010702.28,273693205.11,2.3869,1.2547,0.4893,4.3537,North America,Canada
COMP_003158,Fisher & Zuniga LLC,energy,48,5820,686863148.76,42460534.33,1135162071.02,313306745.66,3.7391,2.7837,0.3812,2.9783,Latin America,Brazil
COMP_003159,Small and Sons,transportation,26,4077,826495804.97,97250747.95,1051774057.16,551528092.86,3.5065,2.8707,1.1025,3.2281,Latin America,Chile
COMP_003160,CoverTell Ltd,energy,17,13631,2959211948.6,467769078.58,1677539392.19,624559172.93,1.4172,0.9763,0.5931,25.5368,Europe,France
COMP_003161,Burns & Martinez LLC,technology,25,1984,222515807.8,25843745.86,248571606.31,119009093.23,2.4707,1.9833,0.9185,4.2504,Asia Pacific,Singapore
COMP_003162,AuthorTruth Inc,transportation,50,193,31694195.49,3227858.3,18753943.28,6301980.93,2.6361,2.1497,0.5061,11.3721,North America,United States
COMP_003163,KeyMedical PLC,energy,32,5550,3045408474.45,93061655.03,4030419391.14,1601726774.26,2.6084,2.1914,0.6595,2.0734,Asia Pacific,Singapore
COMP_003164,Collins Group,financial_services,48,21737,2518129900.72,114409287.4,1285164647.94,415602466.74,1.4546,0.9626,0.4779,4.7657,North America,Canada
COMP_003165,WeGreen Group,energy,8,2216,608951969.61,28968370.93,404989933.98,237201495.04,3.3094,2.8222,1.4137,3.3175,Latin America,Brazil
COMP_003166,Alvarez Ltd,healthcare,27,3396,493640250.74,67725754.85,329549217.24,91366643.55,1.4686,1.2668,0.3836,25.6712,North America,Canada
COMP_003167,Bass and Sons,construction,35,2180,463919761.28,16765224.66,517179746.73,194614451.2,2.6896,1.5107,0.6033,2.1631,Latin America,Mexico
COMP_003168,Gill PLC,technology,21,419,53591215.84,3389416.96,29800714.95,14623121.64,1.9622,1.0041,0.9635,5.0417,Latin America,Mexico
COMP_003169,"Murray, Cole and Cole",hospitality,1,882,153123704.89,2600096.16,130521717.23,75359978.05,1.3712,0.9636,1.3662,1.3835,Latin America,Brazil
COMP_003170,Cline LLC,transportation,31,2608,415574342.84,61782152.6,361305237.22,143146710.65,3.0078,2.2308,0.6562,12.4991,Europe,France
COMP_003171,Marsh Ltd,financial_services,14,9832,3279316835.48,75747343.89,2257493654.26,1283977995.54,1.2628,0.7114,1.3189,1.8583,Latin America,Chile
COMP_003172,"Ortiz, Hall and Foster",transportation,18,1925,267634232.01,37896996.84,460186687.01,196970403.35,2.626,1.4922,0.7483,3.7461,Asia Pacific,Singapore
COMP_003173,"Williams, Santiago and Ramos",professional_services,48,94,16369480.12,2556735.98,8253056.81,3405540.04,1.2991,0.9983,0.7025,20.7254,Europe,United Kingdom
COMP_003174,Ramirez Inc,healthcare,48,414,164660301.2,4325785.31,122969941.97,31019975.8,2.063,1.7113,0.3374,5.1961,Latin America,Chile
COMP_003175,Mann PLC,construction,46,180,39893513.09,2457017.93,67228353.9,35529455.57,3.6914,2.7598,1.1208,1.9805,Asia Pacific,Japan
COMP_003176,Mccoy Ltd,healthcare,28,1651,189718471.38,25426826.18,260777756.15,110364534.98,3.5452,3.1457,0.7337,4.9946,Europe,Netherlands
COMP_003177,ForOption Ltd,manufacturing,50,11796,1331796576.13,106703862.05,675618395.58,243377559.62,2.4362,2.1206,0.5631,7.2691,Europe,France
COMP_003178,Martinez PLC,technology,36,2417,440963615.31,78972404.86,235738600.2,85786998.75,1.8071,1.3463,0.5721,17.056,Europe,Switzerland
COMP_003179,Miller & Friedman PLC,hospitality,13,1618,163011011.43,17742233.14,175043162.89,57080007.55,1.103,0.574,0.4839,11.2403,Asia Pacific,Singapore
COMP_003180,"Todd, Bernard and Boyd",professional_services,15,506,68670863.83,10885412.69,42008203.04,15526028.58,1.147,0.8954,0.5863,16.4153,Latin America,Brazil
COMP_003181,Christensen & Shaw Inc,technology,25,433,56105499.84,3761507.34,31286099.46,14348973.01,2.3851,1.7877,0.8472,9.5745,North America,Canada
COMP_003182,Martinez PLC,technology,17,151,145304535.7,13431614.51,210667993.96,101809451.29,2.597,1.4645,0.9352,3.4051,North America,United States
COMP_003183,White Inc,energy,41,9046,3132578409.46,463720739.71,1697268862.85,471579182.28,2.8223,2.4584,0.3847,22.1942,Asia Pacific,Hong Kong
COMP_003184,Hill and Sons,hospitality,19,152,50741432.33,2598178.17,52790478.98,19614900.44,2.4712,1.7312,0.5912,2.8918,Asia Pacific,Singapore
COMP_003185,Gallegos PLC,energy,45,8928,5174306314.11,237218732.33,3966911813.27,1044682873.02,3.4487,2.9636,0.3575,7.2652,Asia Pacific,Hong Kong
COMP_003186,Wallace PLC,hospitality,33,192,107575209.16,10536067.16,65548518.85,31980815.6,1.0785,0.6952,0.9527,9.2982,North America,Canada
COMP_003187,PolicyFull Group,energy,48,27420,3601015452.95,138436512.26,3854486685.62,1081939633.06,3.8078,3.3301,0.3902,5.1455,North America,Canada
COMP_003188,PerformAnswer Group,healthcare,22,2162,357020212.94,32396020.5,254005495.24,129063940.75,1.6585,1.3412,1.033,5.7595,Europe,Netherlands
COMP_003189,TrainingWorld Inc,transportation,15,8143,830270041.93,78927754.28,472806162.67,162221370.38,2.509,1.4059,0.5223,11.1759,North America,Canada
COMP_003190,GrowLeave and Sons,construction,13,883,395699959.92,30825124.61,696593148.4,217642565.26,1.7491,1.4434,0.4544,4.9082,Asia Pacific,Japan
COMP_003191,JoinAgent PLC,hospitality,5,109,62251370.5,5253803.37,33825284.36,16957404.1,1.5391,0.8864,1.0053,8.0915,Asia Pacific,Australia
COMP_003192,Reyes-Davis,energy,45,84522,9142195016.54,1601456863.88,4658617858.21,1535403669.22,3.7637,2.7127,0.4916,29.8929,Asia Pacific,Japan
COMP_003193,BitNumber and Sons,retail,42,1327,476501878.47,80499055.3,720135604.83,276012717.7,2.6147,1.8082,0.6215,6.6617,North America,United States
COMP_003194,Mitchell & White Inc,manufacturing,14,821,660217658.64,36570066.78,792551807.98,369866395.79,2.6487,1.5779,0.875,2.5223,Europe,France
COMP_003195,Parker Group,transportation,2,491,360880699.31,16250031.25,672812641.62,331020643.79,2.5797,1.8535,0.9685,1.9,Asia Pacific,Hong Kong
COMP_003196,"Jackson, Mendez and Nguyen",manufacturing,25,2892,1016211965.31,31177995.86,1372724495.9,467595279.68,3.1384,2.3299,0.5166,1.7401,North America,Canada
COMP_003197,Johnson & Brown Group,retail,34,866,470678164.64,15546449.6,353327475.54,144254962.44,3.7887,2.1994,0.69,2.2707,Latin America,Brazil
COMP_003198,Garcia & Thomas LLC,financial_services,30,20309,4382833971.38,447038933.12,3030257408.06,1179824704.54,1.3239,1.0286,0.6376,8.4489,Latin America,Brazil
COMP_003199,Scott Inc,hospitality,42,152,21411024.55,2685514.4,11770513.24,4875602.55,2.6816,1.3529,0.7071,12.413,Latin America,Chile
COMP_003200,Williams and Sons,manufacturing,32,4680,791534179.11,91601858.79,818235753.58,423018027.79,2.0967,1.5049,1.0703,5.9285,North America,Canada
COMP_003201,Goodwin PLC,transportation,39,765,557837477.85,25063445.95,385528040.09,104970098.89,2.7879,2.2706,0.3741,3.9741,Europe,United Kingdom
COMP_003202,EconomicMind PLC,hospitality,14,623,101123362.04,5938195.88,63706946.64,32066952.74,3.4014,2.1711,1.0135,3.6972,Latin America,Chile
COMP_003203,Goodwin Group,hospitality,16,60,39578750.52,1995286.73,35190000.18,19149074.89,2.4629,2.1358,1.1938,3.0644,Europe,Netherlands
COMP_003204,Avery & Adams LLC,retail,5,3073,429690752.04,41416197.5,341965789.63,117295312.5,2.5231,2.0162,0.5221,7.7798,Latin America,Chile
COMP_003205,Marshall & Russell Group,technology,34,1676,338793450.72,34488221.42,254030285.02,129402142.9,1.6453,1.1675,1.0383,4.5584,Asia Pacific,Australia
COMP_003206,Johnson Ltd,construction,48,4010,419764645.55,67493771.75,325695152.3,129912404.94,1.8618,1.5976,0.6636,12.3111,Latin America,Chile
COMP_003207,EastWhite Inc,retail,41,4227,429664611.12,59510109.53,536792392.72,142198730.49,3.381,3.0065,0.3604,12.6252,Asia Pacific,Hong Kong
COMP_003208,Spencer-Willis,transportation,39,3128,750872295.13,88570685.53,385415156.11,123583361.98,1.6017,0.8721,0.472,9.9585,Europe,United Kingdom
COMP_003209,BloodEmployee PLC,construction,28,1751,222409247.62,10016988.13,172167974.3,86767873.02,3.6757,2.4856,1.016,3.8072,Asia Pacific,Japan
COMP_003210,ReachStock and Sons,transportation,29,4104,614441287.47,42956321.24,314165833.85,89365298.99,2.7557,2.1472,0.3975,9.5798,Latin America,Mexico
COMP_003211,Carroll-Griffin,energy,43,4045,1645635790.89,258742811.15,2271303979.66,787942864.16,3.2944,2.1768,0.5312,9.3509,North America,Canada
COMP_003212,Mathis & Mason and Sons,transportation,40,6307,676908963.3,44895362.0,588523268.89,145665802.31,1.9393,1.5697,0.3289,9.76,Latin America,Chile
COMP_003213,HourNow and Sons,hospitality,27,87,36671397.89,4718269.07,28462267.99,15838884.45,2.8022,2.3017,1.2547,5.2203,Latin America,Brazil
COMP_003214,Casey PLC,construction,42,1191,348505047.3,35601504.5,307893373.5,129364133.73,3.5952,3.2112,0.7246,9.2787,Asia Pacific,Hong Kong
COMP_003215,Ali-Peters,hospitality,20,48,46690033.99,2582906.82,31595678.5,8383745.38,1.9135,1.5476,0.3612,8.9558,Europe,France
COMP_003216,Williams Group,technology,4,212,59658098.77,6030411.18,82518203.4,43546870.44,2.8577,2.4066,1.1174,3.0541,Latin America,Brazil
COMP_003217,Woodward PLC,professional_services,6,22,16945806.77,324682.36,12139371.93,6186538.22,1.7248,1.3219,1.0393,1.6361,Asia Pacific,Australia
COMP_003218,FigureRead and Sons,transportation,34,110,11972213.87,1910872.14,6720988.85,1893260.72,3.1427,2.1884,0.3922,23.5798,Europe,United Kingdom
COMP_003219,Smith & Mahoney Group,manufacturing,46,11469,1440291839.53,63896033.47,961591424.61,399998382.44,2.4884,2.133,0.7123,3.6131,North America,Canada
COMP_003220,Nelson LLC,manufacturing,7,11386,1467478087.63,101410978.48,1339850212.6,892456298.34,3.0743,2.2375,1.9948,4.3189,North America,Canada
COMP_003221,"James, Bell and Chen",healthcare,32,5074,517358683.16,19939117.1,344121552.74,110430256.72,2.8685,1.8446,0.4725,3.2919,Europe,Germany
COMP_003222,Richards & Dixon Inc,financial_services,16,7032,815200377.27,55068605.09,598109095.93,222451825.92,2.8238,1.7941,0.5922,4.3319,Asia Pacific,Japan
COMP_003223,Stevenson PLC,financial_services,32,3182,426936144.18,69439993.2,283139160.89,91817140.01,1.2736,0.8463,0.4799,20.9317,Asia Pacific,Australia
COMP_003224,Jones & Davis Ltd,energy,23,2147,240333216.05,28244651.31,129882279.38,51684575.0,1.945,1.6976,0.6609,14.7866,North America,Canada
COMP_003225,Martinez & Taylor PLC,hospitality,48,312,33983887.22,4974872.39,18121117.31,8771782.0,1.1822,0.9989,0.9382,12.5267,Europe,United Kingdom
COMP_003226,FarUnit Group,manufacturing,39,13050,1782802514.62,309654812.36,1501969045.1,494688867.58,2.88,1.771,0.4911,16.2086,Europe,Switzerland
COMP_003227,Bishop LLC,transportation,34,539,249121473.28,22635078.13,132624324.68,53002462.15,2.8806,1.7656,0.6657,7.4511,Latin America,Mexico
COMP_003228,Henson LLC,financial_services,40,8988,1777813922.81,176019483.58,1057816063.42,521025585.09,3.3436,1.9541,0.9706,5.7602,North America,Canada
COMP_003229,Reid & Petty Ltd,technology,3,360,53567396.76,4493319.55,46042297.55,21868170.87,3.0989,2.31,0.9046,6.3995,North America,Canada
COMP_003230,Chavez and Sons,healthcare,9,1276,226249498.22,18926223.9,199249844.07,102098722.01,3.3061,2.2744,1.0509,3.8837,Europe,France
COMP_003231,RecognizeFund LLC,technology,22,1848,260093060.82,32341957.75,215959801.47,91427101.33,1.2934,1.0435,0.7342,6.0481,Europe,France
COMP_003232,Clark PLC,construction,23,379,305837578.13,53202381.17,207209228.6,115632714.83,1.6776,0.9761,1.2627,11.4575,Latin America,Chile
COMP_003233,Smith-Holt,construction,42,831,126449395.51,7304606.57,66204410.29,20959581.53,1.9803,1.5038,0.4632,9.4844,Asia Pacific,Singapore
COMP_003234,Lucas Inc,retail,45,299,30750615.29,4231426.2,44873847.48,18280487.04,1.2497,0.6752,0.6874,7.8529,Europe,United Kingdom
COMP_003235,Lynch Inc,energy,17,17060,3940777047.82,243200088.53,3168644742.39,1420970169.56,2.6154,2.1103,0.8131,3.7525,Latin America,Brazil
COMP_003236,WeekAct Ltd,transportation,2,632,241861337.22,20483573.02,125936459.02,85988325.78,2.2708,1.9825,2.1525,5.7246,Latin America,Mexico
COMP_003237,Thompson & Peters Ltd,retail,9,625,111337853.77,8244830.8,94393632.04,29012184.72,2.8282,2.1001,0.4437,9.8051,North America,Canada
COMP_003238,Warner Group,transportation,39,4320,960264174.69,161554009.14,769358335.94,348010909.87,1.5064,1.338,0.8259,12.7759,Latin America,Brazil
COMP_003239,Medina & Cobb Ltd,hospitality,20,1206,123643796.7,9948872.83,137144435.07,70936179.72,3.3466,2.4033,1.0714,4.4047,Asia Pacific,Hong Kong
COMP_003240,RatherBank PLC,hospitality,11,596,111818810.19,8208570.1,155258377.18,82448459.7,1.1899,0.9772,1.1324,3.0181,Asia Pacific,Australia
COMP_003241,Johnson & Collier Ltd,transportation,35,2600,421617352.49,64787075.34,211777788.45,115731764.42,2.0728,1.3112,1.205,14.7739,North America,Canada
COMP_003242,Wallace Inc,healthcare,43,1906,431799611.76,24722087.32,455418031.65,181453672.25,3.6047,3.071,0.6623,3.2096,North America,Canada
COMP_003243,Gomez Group,manufacturing,8,1637,1086400957.64,129681486.18,638062215.83,407678776.94,1.3186,0.938,1.7696,8.0532,Asia Pacific,Hong Kong
COMP_003244,Carey & Howard and Sons,energy,8,27765,6979476580.01,688421661.15,3647594607.0,1482961682.47,3.1074,1.6201,0.6851,8.3982,North America,United States
COMP_003245,"Terrell, Martinez and Wood",transportation,25,4992,705124635.22,125412928.77,868069172.03,411168822.98,2.3775,1.7361,0.8999,5.1389,Latin America,Mexico
COMP_003246,Lee & Smith Ltd,manufacturing,12,2057,351670876.33,26105951.18,276161500.82,144330929.52,1.7676,0.9466,1.0948,3.6251,Asia Pacific,Australia
COMP_003247,AgainSon LLC,technology,29,1738,250556263.29,18723259.89,178473136.83,84690665.88,1.928,1.466,0.9031,6.2386,North America,Canada
COMP_003248,Becker Ltd,professional_services,49,208,41489830.46,5933347.18,38539759.81,17056093.75,2.9537,2.1301,0.7939,12.5043,Europe,Netherlands
COMP_003249,Howard Inc,energy,29,36120,8711743314.38,1369318421.03,10336942279.27,4585190853.6,2.5499,1.2806,0.7972,6.6454,North America,United States
COMP_003250,Velasquez Ltd,technology,13,1538,316078041.69,10605482.49,243721923.29,110235934.76,3.5777,2.4713,0.8258,2.5415,Asia Pacific,Hong Kong
COMP_003251,Turner Ltd,professional_services,27,184,53484154.61,8008670.51,33589306.42,15438149.32,3.3171,2.9438,0.8505,8.6823,Asia Pacific,Australia
COMP_003252,Walker & Baird LLC,healthcare,1,924,119817668.97,14574618.82,110094451.63,58306306.83,1.8249,1.4193,1.1259,5.6777,Latin America,Mexico
COMP_003253,Johnson Group,manufacturing,38,3854,1215219399.75,151039528.85,996456105.23,335083643.42,3.2265,2.0489,0.5066,9.6549,North America,United States
COMP_003254,WestScore Ltd,professional_services,20,116,12161788.62,1982703.12,10674436.81,4962008.43,1.3754,1.0745,0.8686,7.6087,North America,Canada
COMP_003255,Obrien Inc,retail,30,1254,169928874.63,9903040.14,96935440.0,23658224.09,1.623,1.3797,0.3229,10.3572,North America,Canada
COMP_003256,Joyce Ltd,construction,10,346,75706772.58,7210431.67,127535024.24,67619116.73,2.5628,1.3957,1.1286,2.4447,North America,Canada
COMP_003257,Foster & Kane PLC,professional_services,4,449,69361327.88,2968458.85,39164037.59,21223723.89,1.6214,0.8487,1.183,4.8778,Latin America,Mexico
COMP_003258,Mason & Jackson and Sons,healthcare,39,1775,210220853.27,23910501.18,226618513.14,86525803.97,2.6637,1.9945,0.6176,5.361,Asia Pacific,Hong Kong
COMP_003259,Keller & Knight Ltd,manufacturing,39,4622,789800152.64,125262230.8,623407803.78,153288275.58,2.9549,2.0567,0.3261,15.7153,Latin America,Chile
COMP_003260,Morrison & Thompson PLC,financial_services,50,41593,4479417140.32,259000843.08,4381604874.19,1617012536.29,2.5587,1.6803,0.5849,3.6884,Latin America,Mexico
COMP_003261,Anderson & Brown LLC,retail,1,211,103749558.93,11353393.25,54105143.95,33706615.77,1.7951,1.5434,1.6524,8.9833,Asia Pacific,Japan
COMP_003262,Mahoney & Foley PLC,retail,25,295,254886921.85,24102902.78,350561822.36,157934300.04,1.2277,0.7747,0.8199,4.0106,North America,Canada
COMP_003263,"Casey, Lee and Gregory",hospitality,12,425,84435060.57,12571964.82,51848101.24,23009900.35,3.3796,2.5584,0.7979,8.7526,North America,United States
COMP_003264,Braun Ltd,energy,4,719,230334208.41,19018147.55,153029532.27,62912953.11,2.7375,1.6059,0.6981,9.7281,Latin America,Chile
COMP_003265,"Patel, King and Castro",retail,8,1381,396793540.56,51294268.49,227451705.25,76900881.17,1.1577,0.9156,0.5108,11.1425,North America,United States
COMP_003266,Gibson & Pace Ltd,professional_services,4,47,7370067.68,385911.63,4604883.34,2127811.23,1.4583,1.1783,0.859,3.8472,Asia Pacific,Japan
COMP_003267,Nunez Ltd,professional_services,17,386,47688374.59,7502990.6,38403525.31,17367374.32,1.2611,1.0671,0.8256,7.8768,Europe,Netherlands
COMP_003268,Nash LLC,technology,40,2454,280778469.17,28662742.78,141080804.42,77073665.18,1.1829,0.7915,1.2041,5.7153,Asia Pacific,Singapore
COMP_003269,Reynolds Group,construction,47,458,316071096.02,26753306.83,483112056.05,233322266.06,2.9986,2.5012,0.9341,3.7991,Latin America,Mexico
COMP_003270,EyeCampaign Ltd,energy,48,49400,6901884711.61,724318667.64,3507078822.65,1463850462.9,1.8412,1.4202,0.7164,12.6341,Latin America,Chile
COMP_003271,"Owens, Ward and Blake",transportation,12,1310,260739659.69,15465678.89,511109906.98,192433653.62,1.4562,0.941,0.6039,2.2018,Latin America,Brazil
COMP_003272,Stephenson & Walker LLC,manufacturing,50,261,29857765.55,1426115.1,30935129.78,10431318.15,3.6995,2.4703,0.5088,3.036,Asia Pacific,Singapore
COMP_003273,Patel-Stewart,manufacturing,24,7230,1449652888.09,51816678.79,1066797250.55,284280184.78,1.4298,1.2074,0.3633,4.5176,Europe,Germany
COMP_003274,IncludingDay LLC,transportation,4,1823,540300033.35,42361702.05,395568351.35,283602570.94,1.2338,0.8667,2.5329,4.6421,Asia Pacific,Singapore
COMP_003275,Miller PLC,financial_services,35,14588,4182227339.0,614381799.99,6564423689.82,2673217313.51,1.052,0.5768,0.687,4.6188,Latin America,Chile
COMP_003276,Aguirre & Mooney and Sons,energy,7,34984,8222814210.86,366327304.46,6236491441.56,4344312531.59,3.2729,2.6916,2.2959,3.15,Europe,Netherlands
COMP_003277,Spence & Coleman Inc,professional_services,32,275,84410953.69,5215353.71,70680061.19,37256380.73,3.3732,1.8885,1.1147,2.6594,Asia Pacific,Australia
COMP_003278,Stark & Gonzalez LLC,healthcare,48,1353,487669186.68,27262926.0,476168474.31,227366927.68,3.304,2.8227,0.9138,3.5649,North America,Canada
COMP_003279,ForeignAt Ltd,energy,2,21962,3369602538.58,61141034.57,2154220566.49,1605976091.51,1.562,0.9847,2.9293,1.8775,Asia Pacific,Australia
COMP_003280,"Davis, Castillo and Morton",technology,31,479,395987543.09,62500851.67,301916220.45,122639991.16,1.5753,1.2506,0.6841,10.1872,Europe,Netherlands
COMP_003281,Watkins & Sims LLC,manufacturing,41,4324,908075284.93,112426954.57,503534970.46,274204363.44,3.1105,2.0287,1.1957,8.2452,Europe,Germany
COMP_003282,Pittman and Sons,healthcare,27,1597,187524985.42,33567768.27,176924823.81,43599199.88,1.2813,0.7421,0.327,22.1072,North America,United States
COMP_003283,Wells LLC,financial_services,29,13373,4276320357.61,420707381.52,4249962256.78,1536418506.8,3.0362,2.1366,0.5662,5.1777,Latin America,Brazil
COMP_003284,Wall & Underwood PLC,professional_services,38,648,88314707.74,9519605.65,172539476.04,43122423.07,3.3531,2.979,0.3332,5.7357,North America,United States
COMP_003285,StudyEconomic Inc,professional_services,25,387,46897820.74,6986092.19,47126740.18,21684826.82,2.0804,1.2027,0.8523,6.2915,Latin America,Mexico
COMP_003286,StandPlan PLC,healthcare,11,681,80321228.67,8308632.33,42494805.37,15070245.6,1.3652,0.6892,0.5495,8.1098,Asia Pacific,Hong Kong
COMP_003287,Duran-Garrett,manufacturing,38,7225,781773918.93,87762927.81,488396050.92,136285769.99,2.5209,1.7118,0.3871,12.2653,Latin America,Brazil
COMP_003288,Riley & Miller Inc,professional_services,38,602,80451997.12,11939200.48,100111100.16,43210342.11,2.012,1.0357,0.7594,6.7536,Europe,Switzerland
COMP_003289,Rangel & Bennett Ltd,healthcare,25,6994,902265158.4,42162568.45,656994658.93,367902331.44,2.1203,1.3198,1.2726,3.9205,Latin America,Brazil
COMP_003290,Patton Inc,construction,42,758,105719007.54,5681501.82,203815209.24,73478085.89,1.9925,1.7562,0.5638,2.3059,Asia Pacific,Japan
COMP_003291,Ellison Group,professional_services,20,41,7163874.4,253870.78,8721689.36,2562394.05,2.5521,1.9033,0.416,2.6832,Latin America,Brazil
COMP_003292,AroundFish PLC,technology,30,554,438797876.11,17339584.59,314830546.15,93131392.45,3.7823,2.9562,0.4201,7.0635,Latin America,Chile
COMP_003293,"Reynolds, Garcia and Brown",hospitality,43,383,78491582.86,8074573.58,88033883.27,42816098.8,1.6389,1.3653,0.9469,5.9815,Europe,Germany
COMP_003294,AreaFinancial Group,transportation,27,1691,546343354.62,31216183.06,408144462.78,222394796.35,3.2587,1.7241,1.1973,3.4379,North America,Canada
COMP_003295,Morales PLC,retail,3,994,484096774.4,50062068.07,245104786.51,147532878.53,1.9584,1.7301,1.512,8.0413,Asia Pacific,Australia
COMP_003296,Hall-Greene,hospitality,49,30,14246380.85,2477147.87,23801088.36,9715485.42,3.1761,1.9428,0.6897,7.4926,Europe,United Kingdom
COMP_003297,Keller Inc,energy,40,52519,6500764174.15,857538350.21,6745251199.73,1634768522.55,1.2038,0.9322,0.3199,15.6703,North America,Canada
COMP_003298,Chavez & Marshall Group,financial_services,12,462,379786058.65,44009414.28,210641868.04,100617116.63,1.761,1.264,0.9145,13.4752,Asia Pacific,Australia
COMP_003299,Hobbs PLC,technology,17,570,188358995.3,7542432.24,185373634.84,103017592.31,1.4664,0.9656,1.2509,2.2963,North America,Canada
COMP_003300,Garcia Ltd,technology,5,2762,402103458.05,28864187.5,270191402.48,110666026.01,1.6259,0.9596,0.6937,4.4228,Europe,Switzerland
COMP_003301,WriterRepublican Inc,retail,43,364,217869171.91,20481901.53,397583563.91,99224031.35,2.6579,2.2723,0.3326,3.6115,Asia Pacific,Japan
COMP_003302,LongNation LLC,construction,40,3338,498605265.18,42108435.98,277317340.54,87518734.8,2.1925,1.9169,0.4611,9.943,Europe,United Kingdom
COMP_003303,Matthews & Rodriguez Inc,energy,4,17785,5612639885.22,545743758.6,4135719354.71,2411249876.23,1.8599,1.5567,1.3983,6.6994,Asia Pacific,Australia
COMP_003304,"Reeves, Watkins and Randall",energy,2,30655,3245563418.73,94232405.64,2941487669.31,1279538384.99,1.1232,0.9993,0.7699,3.4543,Asia Pacific,Hong Kong
COMP_003305,Strong and Sons,retail,3,556,111615440.3,12882066.06,106831614.42,40171455.52,2.5125,1.5959,0.6026,9.011,North America,Canada
COMP_003306,Walsh LLC,professional_services,10,111,35376793.16,2056953.12,70728013.02,29971686.58,2.5334,1.471,0.7354,2.2482,Latin America,Mexico
COMP_003307,Kelly Group,retail,25,1373,187521570.33,11090943.49,95166805.18,51951573.83,2.075,1.2682,1.2022,6.0393,Asia Pacific,Japan
COMP_003308,Hardy Group,hospitality,20,66,14674021.87,585604.7,20597448.61,7429541.66,2.0713,1.1123,0.5642,2.74,North America,Canada
COMP_003309,CulturalEight and Sons,technology,15,1621,185417525.51,19392630.72,112183399.95,66799377.3,1.9776,1.655,1.4719,6.2969,Asia Pacific,Hong Kong
COMP_003310,Robles Inc,manufacturing,4,5976,933834654.28,26870766.75,1418498215.88,886889041.98,2.2421,1.247,1.6683,1.6258,Asia Pacific,Japan
COMP_003311,Collins Group,construction,48,3022,362755187.36,9601553.79,260833776.25,133684086.59,3.2297,1.6566,1.0514,1.7635,Europe,Netherlands
COMP_003312,"Moyer, Webster and Collins",transportation,41,5017,660162189.87,52333592.0,1242429943.89,457707881.78,3.5722,2.7113,0.5833,2.8817,Asia Pacific,Australia
COMP_003313,"Rowe, Hernandez and Parker",energy,28,23535,7102218269.53,766452064.26,4397090318.22,1950842447.41,3.4184,2.583,0.7975,6.541,Europe,United Kingdom
COMP_003314,Carter-Cordova,healthcare,2,99,13321863.47,1428927.2,12390352.66,8184602.27,1.3395,0.9311,1.9461,3.4179,Asia Pacific,Australia
COMP_003315,Holmes Ltd,healthcare,44,2130,221579062.58,36665380.89,116411633.52,62868320.77,2.0042,1.0537,1.1742,14.0416,Asia Pacific,Japan
COMP_003316,"Thomas, Young and Fuentes",technology,10,734,331180459.91,33666754.56,179346070.92,124111987.38,2.7388,1.7529,2.247,6.2576,Latin America,Mexico
COMP_003317,Hansen Inc,manufacturing,38,1469,973138842.68,61946292.95,869458565.49,234499519.75,3.7683,2.8039,0.3693,5.7092,Asia Pacific,Singapore
COMP_003318,Henderson & Gonzalez and Sons,financial_services,46,40,36514243.59,3329170.6,38611165.81,9775790.05,3.4311,2.2897,0.339,7.396,North America,Canada
COMP_003319,PushWhen and Sons,energy,11,47634,8054721692.2,522783846.4,4325612971.3,1614510415.33,2.6195,1.507,0.5955,5.8021,Europe,Germany
COMP_003320,Peterson Ltd,financial_services,5,23133,3866319770.72,292057987.12,4301382293.92,1479225178.94,1.7785,1.5846,0.5241,4.5783,Asia Pacific,Australia
COMP_003321,MaybeRun Ltd,retail,40,1323,275112743.17,15365019.87,168500285.74,73384194.28,2.2015,1.656,0.7715,7.0583,Europe,Switzerland
COMP_003322,ManagePlan Ltd,construction,7,126,37899346.26,1345226.44,64088423.71,43225897.41,1.8145,1.1878,2.0719,1.6059,Latin America,Mexico
COMP_003323,Rivera & Lane LLC,construction,11,3132,384424949.52,24709500.5,672534403.9,266660895.23,1.8367,1.4655,0.657,3.8812,Asia Pacific,Australia
COMP_003324,Jensen & Barnes and Sons,energy,30,19084,5857950197.93,947316989.19,3216983464.34,1368068776.6,1.528,1.028,0.7399,23.7756,Asia Pacific,Japan
COMP_003325,Garcia Inc,energy,44,68516,7830501772.72,595398759.99,15151606891.68,4536550237.13,3.6869,3.1251,0.4274,3.2633,North America,United States
COMP_003326,Crawford Inc,energy,12,22392,7529882574.34,696267714.62,9322200165.24,4849560160.66,3.5391,1.83,1.0843,2.8435,Latin America,Mexico
COMP_003327,Fowler Ltd,hospitality,15,366,160797412.32,22205371.63,191312631.65,113726286.07,1.7602,0.9538,1.4658,4.7784,Latin America,Chile
COMP_003328,DrugMan PLC,professional_services,42,507,52041802.61,2247736.47,98926228.03,24144391.7,2.4403,1.3193,0.3229,2.8003,Latin America,Mexico
COMP_003329,DifferentEdge Group,energy,46,4143,1446228956.03,97282119.97,815009654.37,349762412.9,3.8666,2.1133,0.7518,7.1208,Latin America,Mexico
COMP_003330,"Tate, Briggs and Aguirre",retail,8,831,336236421.74,38838349.91,178032183.15,79055204.87,2.8696,1.9091,0.7987,10.5154,Latin America,Chile
COMP_003331,Bennett Group,manufacturing,48,2128,1244742832.25,109281212.88,1668338399.11,654451868.87,1.5188,0.92,0.6455,5.134,Europe,Switzerland
COMP_003332,Mckenzie Inc,energy,27,67179,7435419212.63,648799455.85,7573892247.49,3770600522.66,1.3523,1.1827,0.9914,6.0849,Europe,United Kingdom
COMP_003333,Cox Inc,hospitality,42,326,34806320.2,5482839.5,47977635.59,20377822.33,2.4901,1.6282,0.7383,4.9891,Latin America,Brazil
COMP_003334,Howard PLC,professional_services,7,64,19900032.39,1518983.23,38931825.85,23616834.39,1.3364,0.7953,1.5421,1.9299,Europe,Netherlands
COMP_003335,Wilson & Roberts and Sons,healthcare,14,6901,890957469.63,140580929.25,691577446.29,257756510.58,1.7326,0.9969,0.5942,8.4665,North America,Canada
COMP_003336,Welch & Durham LLC,construction,8,2006,376239010.23,10293660.93,233591650.21,100764729.58,1.8366,1.5772,0.7586,4.1501,Latin America,Chile
COMP_003337,Hester and Sons,energy,20,62401,9086873462.57,389668355.97,5230683581.02,1797050230.42,2.0381,1.7808,0.5234,3.9294,Europe,United Kingdom
COMP_003338,Gonzalez and Sons,hospitality,35,902,151984348.91,11396284.52,198884197.62,73343624.99,2.394,1.8923,0.5842,6.2103,Asia Pacific,Australia
COMP_003339,Robinson LLC,healthcare,20,5436,599169529.46,65509138.72,571256506.39,229800950.7,3.8869,2.1052,0.673,6.8299,North America,Canada
COMP_003340,"Thompson, Abbott and Sanchez",manufacturing,19,1712,1311724146.69,88169701.16,1188995874.48,571570902.26,2.5991,2.1123,0.9257,3.9758,Asia Pacific,Hong Kong
COMP_003341,Gonzalez & Thompson LLC,retail,49,2804,444785706.12,66764150.07,253909621.51,67291530.86,2.653,2.0582,0.3606,18.6522,Europe,Germany
COMP_003342,Lozano Inc,hospitality,48,709,116182544.15,20833647.3,121239032.2,29359446.95,1.6955,1.3742,0.3195,12.5399,Europe,France
COMP_003343,"Taylor, Pena and Dyer",construction,19,2830,318033705.54,31414976.63,360334192.98,110498019.58,2.3773,1.722,0.4423,4.6348,North America,United States
COMP_003344,Morgan & Clark Group,manufacturing,45,2312,321388664.85,15803631.49,261063777.91,120765197.4,2.637,1.9074,0.8608,3.8748,Europe,France
COMP_003345,Allen LLC,technology,12,1210,237486688.84,7777210.09,216628034.28,67667776.18,1.0773,0.6414,0.4543,2.9118,Latin America,Chile
COMP_003346,Guerrero PLC,manufacturing,33,5809,1435630252.8,144892767.21,1027820181.82,251403575.61,1.4972,1.2956,0.3238,9.9776,North America,United States
COMP_003347,Rowland PLC,retail,38,1297,136929463.76,5167702.03,112130820.67,29585935.22,2.5589,1.9644,0.3584,4.3989,Asia Pacific,Australia
COMP_003348,Johns-Jones,hospitality,10,158,41248581.92,6002511.67,24419331.31,15014442.67,2.555,1.8058,1.5965,10.1783,Europe,Switzerland
COMP_003349,Thomas and Sons,professional_services,34,277,31725767.42,4369999.11,36700183.18,20158612.98,1.5386,1.0393,1.2187,4.6439,Latin America,Brazil
COMP_003350,StudyCustomer and Sons,energy,28,3101,2452931248.53,364908279.97,1626566286.38,800577555.51,3.192,1.8912,0.9692,15.0601,Latin America,Chile
COMP_003351,Patel & Benson LLC,construction,32,216,111381755.33,3323129.4,177648481.26,82642306.82,1.2615,0.7067,0.8699,1.341,Asia Pacific,Hong Kong
COMP_003352,"Jordan, Fields and Mccall",technology,36,1452,213000570.59,11809004.73,188539006.26,62442200.39,2.3168,1.6253,0.4952,4.6578,Latin America,Chile
COMP_003353,SourcePower PLC,healthcare,31,8069,908299321.31,153103166.5,532890499.49,150050706.87,2.333,2.0707,0.3919,33.5999,Europe,Switzerland
COMP_003354,Lopez & Nichols and Sons,healthcare,46,3026,509524348.51,31319389.55,381381167.7,196464677.75,1.1808,0.7603,1.0625,3.797,Latin America,Chile
COMP_003355,Wright-Soto,construction,26,293,98020588.5,16596095.81,113249856.17,36116378.14,3.1602,2.6328,0.4682,9.8755,Asia Pacific,Singapore
COMP_003356,Ramirez & Martinez PLC,transportation,31,501,86201952.69,11676759.47,47007439.34,16730009.33,1.435,1.0673,0.5526,9.9242,Latin America,Brazil
COMP_003357,Schmitt Group,transportation,19,2379,699194583.69,49970867.79,385387362.47,209073737.07,1.5654,1.1706,1.1858,3.8224,Europe,France
COMP_003358,Clark Inc,manufacturing,23,7114,771769541.23,118764730.68,711369438.79,316515401.78,1.4845,1.3278,0.8016,6.184,Asia Pacific,Japan
COMP_003359,StillMany Ltd,technology,15,1202,411093642.35,34801812.74,368181293.45,200681034.49,2.5676,1.2864,1.1981,3.4218,North America,Canada
COMP_003360,Mendez and Sons,healthcare,41,3779,661213214.8,32039211.46,466820410.56,234827308.27,3.7221,2.6241,1.0122,3.7254,North America,United States
COMP_003361,MovieImportant Ltd,professional_services,38,171,79726024.33,7665880.44,40450154.19,20925685.53,3.4652,2.767,1.0718,10.1955,North America,United States
COMP_003362,SocietyMr LLC,technology,11,585,136701073.67,15046741.75,80815904.62,42389294.12,1.3975,1.2028,1.1031,11.8365,Asia Pacific,Hong Kong
COMP_003363,MomentNatural Group,transportation,20,3163,695435333.24,73258996.4,849871964.49,244344697.21,1.2438,0.6272,0.4035,4.9783,North America,Canada
COMP_003364,White Ltd,energy,31,25041,2677416747.7,152045656.62,1699286942.79,822789390.95,3.437,1.8777,0.9387,3.9555,North America,Canada
COMP_003365,Fox-Webb,construction,44,3402,469838897.33,74419084.21,315330862.93,95222723.69,1.2668,0.8251,0.4326,26.2533,Asia Pacific,Singapore
COMP_003366,MissMatter LLC,professional_services,30,326,63819241.01,8524421.33,100170778.68,26753507.93,1.649,1.3252,0.3644,5.3862,Latin America,Mexico
COMP_003367,"Morales, Morse and Silva",financial_services,26,10544,1629313882.87,238708070.9,1513165869.04,455420730.81,3.256,1.8633,0.4306,17.7477,Europe,France
COMP_003368,AlthoughDespite and Sons,professional_services,26,98,27316430.3,2262838.41,47484660.95,22096766.45,3.4851,2.7545,0.8704,2.5988,Asia Pacific,Japan
COMP_003369,Jacobson Group,technology,13,847,96272365.95,7600046.06,115353502.5,45793404.36,2.1257,1.3465,0.6583,5.5942,North America,United States
COMP_003370,Roy & Foster LLC,manufacturing,11,2454,1392335508.2,149323794.01,756387903.2,284136262.56,0.9884,0.7499,0.6017,12.6798,North America,United States
COMP_003371,Coleman & Bennett and Sons,financial_services,46,5910,1101390908.86,82023395.8,630411376.8,273681002.12,2.7462,2.3834,0.7672,6.5106,Latin America,Chile
COMP_003372,Walls LLC,technology,25,2886,298056329.7,36940821.69,155909595.24,54803247.49,3.5097,3.1239,0.542,13.7666,Asia Pacific,Japan
COMP_003373,Scott & Miller Inc,financial_services,7,9946,1330528784.36,63408626.33,1083031395.76,566326685.65,1.8069,1.2552,1.096,3.3615,Europe,Germany
COMP_003374,FindLight PLC,financial_services,39,4211,3313225034.52,277491715.32,4005434045.89,1063285908.2,2.246,1.4047,0.3614,4.8168,North America,United States
COMP_003375,Hall-Williams,energy,17,69871,8158650298.98,996141575.4,4330787287.83,1918989333.23,2.7285,2.1148,0.7957,7.7927,Europe,Netherlands
COMP_003376,"Oliver, Simmons and Mcdonald",construction,37,3450,390122495.36,26332299.77,572343143.37,261005147.07,2.1465,1.3047,0.8383,2.7314,Latin America,Chile
COMP_003377,IssueHold Group,hospitality,28,1094,152409414.86,9172523.31,81529921.92,45315027.98,1.8895,1.3523,1.2513,5.8568,Asia Pacific,Japan
COMP_003378,FreeExplain Group,financial_services,30,1465,946734804.4,63903309.6,797544334.66,306954103.68,2.0762,1.2646,0.6257,4.1314,Latin America,Brazil
COMP_003379,AgoCountry Group,financial_services,30,954,451040885.45,69029770.6,605697022.51,237482394.82,3.6278,2.4762,0.645,4.8279,Europe,Switzerland
COMP_003380,EastEvidence Ltd,construction,1,2119,350979670.1,14706860.84,266053431.55,217447233.28,2.9124,1.4923,4.4737,2.489,North America,United States
COMP_003381,BagHer Inc,hospitality,32,494,74301095.55,7350471.15,148413211.86,69793594.07,2.0645,1.1201,0.8877,2.8605,Europe,Switzerland
COMP_003382,Kirby-Hunt,construction,29,1723,219011382.07,33870923.14,115543200.5,64697426.3,2.4075,1.9468,1.2724,8.7489,Europe,United Kingdom
COMP_003383,"Miller, Hill and Perez",transportation,5,322,40837601.87,3213777.41,52902273.08,26917195.22,1.8998,1.5314,1.0359,2.9458,Europe,Germany
COMP_003384,ByAway LLC,retail,35,163,131269071.74,5595119.75,254631320.47,77235428.52,3.1685,2.104,0.4354,2.7321,Latin America,Mexico
COMP_003385,AmericanOffice and Sons,construction,26,210,21669819.92,1758239.67,12471218.67,5255957.09,2.3342,1.8932,0.7284,9.0285,Europe,France
COMP_003386,GoalDebate Ltd,financial_services,7,28764,4397137005.28,153570130.31,2972778393.6,1424683890.5,1.0017,0.7175,0.9203,4.2449,Europe,Switzerland
COMP_003387,GirlEnough LLC,hospitality,11,177,49435939.96,4500027.45,26356211.82,15909235.89,2.4422,2.0249,1.5229,7.0649,Asia Pacific,Japan
COMP_003388,Mcgee Ltd,construction,34,2318,280881898.94,25421314.65,248975842.22,62895577.63,3.6923,2.734,0.338,6.3499,Asia Pacific,Australia
COMP_003389,Bruce & Lee PLC,financial_services,8,1403,204506810.1,27607587.69,140467965.09,62937309.12,2.595,2.0191,0.8118,12.739,Latin America,Brazil
COMP_003390,CertainlyTop Ltd,transportation,29,6331,670178917.39,101204324.1,420875455.57,214400482.28,3.1643,1.8319,1.0384,12.1144,Asia Pacific,Hong Kong
COMP_003391,SisterOf LLC,manufacturing,2,5595,652824418.05,17645687.76,724052010.25,519570502.82,1.8386,1.6276,2.5409,2.1406,Europe,Switzerland
COMP_003392,Carrillo LLC,technology,47,3150,449061674.29,39808963.79,750947205.76,231605506.35,2.5691,1.3493,0.446,3.9001,Latin America,Brazil
COMP_003393,TestHalf Group,energy,9,26513,8886775979.89,414145792.53,6121184819.15,2942054794.17,2.6587,2.2839,0.9254,4.2931,Europe,United Kingdom
COMP_003394,Bautista PLC,construction,30,1508,166018856.09,21477051.45,143939932.76,48488866.29,1.1881,1.0088,0.508,6.8409,Europe,Switzerland
COMP_003395,"Smith, Valdez and Hays",financial_services,44,38139,4505794869.5,255859030.58,4501656509.55,1385819057.99,3.5468,2.6822,0.4448,3.5274,Latin America,Brazil
COMP_003396,Lynn & Grimes and Sons,technology,32,4294,498082679.08,65844513.48,393189610.77,199512395.28,1.7495,1.5447,1.0301,7.1512,Latin America,Mexico
COMP_003397,DreamSeveral Ltd,financial_services,50,6053,4128824163.98,127024600.22,2736150103.03,1198160325.35,2.4786,1.9682,0.779,4.5079,Europe,France
COMP_003398,DetermineMatter and Sons,energy,50,55965,8456469910.16,558396514.59,5391007839.0,1428539201.7,1.21,0.9036,0.3605,7.2532,North America,United States
COMP_003399,NamePeople PLC,professional_services,30,245,25276369.24,1468301.1,21800428.98,7521643.45,3.3013,1.9571,0.5268,5.1733,Asia Pacific,Australia
COMP_003400,Todd Ltd,financial_services,49,17831,2887744970.3,126838828.51,5504294553.43,1885405085.98,2.9641,1.5546,0.521,1.9582,Europe,United Kingdom
COMP_003401,Olsen & Peterson Inc,transportation,36,728,76583354.83,7769807.25,146532112.35,75116919.34,2.9978,2.1966,1.0518,2.3235,Asia Pacific,Australia
COMP_003402,FormThroughout and Sons,construction,10,467,51984378.73,1209367.93,52180716.95,23258097.62,2.7138,2.1242,0.8041,1.7655,Latin America,Brazil
COMP_003403,LaughSpeech Ltd,professional_services,32,621,99889814.9,8185864.44,58932501.39,27971444.52,2.3058,1.7906,0.9034,5.2048,Europe,Switzerland
COMP_003404,Butler Group,retail,5,1558,164666346.21,3532038.77,108115607.72,39457531.73,2.1359,1.5024,0.5747,2.3334,Europe,Switzerland
COMP_003405,ListenTonight PLC,professional_services,22,623,74944299.25,7437346.08,47162566.32,23850921.78,1.7328,1.1753,1.0231,8.8824,North America,Canada
COMP_003406,Johnson and Sons,construction,49,2734,404299201.25,59747842.85,262917924.23,64591642.87,2.3295,1.4372,0.3257,13.4558,Asia Pacific,Hong Kong
COMP_003407,ParticipantTv and Sons,retail,11,562,429295588.96,34231904.1,224886821.85,137278885.92,2.2329,1.435,1.567,5.672,North America,United States
COMP_003408,FocusYes Ltd,manufacturing,3,18508,1995280311.83,90551600.45,1180831705.64,719069384.72,0.944,0.6467,1.5572,3.8701,Latin America,Mexico
COMP_003409,Porter Ltd,transportation,32,1673,249081520.4,13366302.63,331392783.92,95339892.4,2.8393,1.7097,0.4039,2.7817,Latin America,Brazil
COMP_003410,Flowers LLC,healthcare,35,321,45149072.73,5680864.92,27809715.57,6678036.32,1.2332,0.6452,0.316,22.3367,Europe,Switzerland
COMP_003411,Perez Group,construction,40,1115,208539801.41,31208591.04,237243402.94,66452848.27,2.28,2.0326,0.3891,7.7799,Latin America,Mexico
COMP_003412,Jennings & Powell Ltd,transportation,45,1329,138779863.13,15738997.65,136078482.33,51947911.04,2.2421,1.2423,0.6175,5.4675,Europe,United Kingdom
COMP_003413,"Evans, Matthews and Bradley",technology,42,104,12190518.69,302396.16,7596446.9,2017747.3,3.5162,2.0692,0.3617,5.2037,North America,United States
COMP_003414,Johnson & Taylor LLC,financial_services,5,10861,1808529867.44,203384741.21,1682702104.07,834825585.71,2.5054,1.464,0.9846,8.5921,Asia Pacific,Australia
COMP_003415,"Soto, Morrison and Franklin",healthcare,26,3474,784819559.82,78917297.19,958980329.07,491397706.02,1.9,1.5859,1.0509,4.6816,North America,United States
COMP_003416,Baird-Harris,technology,28,383,283524164.92,26894679.86,193420522.11,76838631.91,2.3359,1.6647,0.6591,6.5737,North America,United States
COMP_003417,IncludeAttack PLC,manufacturing,39,979,632428198.53,17686639.81,424148323.38,165712907.8,3.3565,2.7949,0.6412,2.7077,North America,Canada
COMP_003418,Hughes & Wells LLC,construction,18,2713,328899292.72,30691090.57,182231517.98,72163089.57,1.9409,1.4594,0.6556,9.012,North America,United States
COMP_003419,Hudson & Hayes LLC,construction,41,1002,119848999.25,11498580.22,75265710.64,33315146.04,3.186,2.7672,0.7942,6.2179,North America,United States
COMP_003420,Davis & Garcia PLC,transportation,34,81,24237631.61,1649305.64,15395353.49,5676403.81,1.504,1.2158,0.5841,6.0218,Europe,Germany
COMP_003421,Johnson Ltd,technology,17,1544,382412339.83,43395798.18,290398341.86,77524143.06,2.2824,1.1707,0.3642,18.9141,Latin America,Mexico
COMP_003422,"Burns, Lopez and Jones",energy,13,10798,6256243694.4,833044513.55,3760376769.24,1674294581.76,1.72,1.3495,0.8026,7.3106,Europe,France
COMP_003423,Mccarty LLC,manufacturing,41,10942,1526982222.76,84842577.59,1936102760.39,966006010.26,2.4899,1.3343,0.9958,2.1235,Latin America,Brazil
COMP_003424,Harris LLC,hospitality,50,78,8748665.32,1447673.6,5225721.95,2506142.36,1.7786,1.5532,0.9215,9.0616,North America,Canada
COMP_003425,Keller Inc,healthcare,11,1794,837934029.69,102845554.36,668648141.11,275893141.28,2.7315,1.6188,0.7025,8.3993,Latin America,Mexico
COMP_003426,Gibson & Wood Inc,manufacturing,29,11313,1242857138.07,50577758.77,1122721859.82,307429253.63,2.6549,2.2832,0.3771,3.2435,Latin America,Mexico
COMP_003427,Murphy Group,energy,9,32844,5655783739.59,172278219.38,7765075594.72,3701098529.46,1.4123,1.0753,0.9107,2.1079,North America,Canada
COMP_003428,Myers & Mayo and Sons,financial_services,27,19146,3126824100.09,558974141.45,1789617955.59,487262780.74,2.3918,1.421,0.3741,16.6922,Latin America,Chile
COMP_003429,Herrera & Mendoza Inc,transportation,19,4624,865788914.4,150190672.8,853676750.64,298908738.68,2.2839,1.489,0.5388,9.523,Latin America,Chile
COMP_003430,Price and Sons,professional_services,24,498,58900182.4,2226204.04,40910500.27,14868463.88,1.6822,0.9495,0.5709,3.2611,Latin America,Chile
COMP_003431,Anderson and Sons,financial_services,44,19772,2908942395.64,398588026.66,1595893057.4,563254729.06,2.8889,1.5159,0.5455,14.6685,North America,Canada
COMP_003432,Reynolds-Mckinney,professional_services,40,399,99072576.13,16998186.57,62208362.46,27494508.03,1.6764,0.9881,0.792,10.8829,Latin America,Brazil
COMP_003433,Wells PLC,healthcare,45,6034,757946516.23,29005489.72,519871573.51,231645095.83,3.8333,2.445,0.8037,3.0927,Europe,Switzerland
COMP_003434,"Crosby, Matthews and Shaw",construction,9,1674,223935433.7,30752249.74,112978674.23,72199941.77,2.6147,2.2577,1.7705,7.1722,North America,Canada
COMP_003435,RevealLow LLC,construction,4,3331,355161515.02,33133568.45,210484057.55,88923179.39,3.1109,2.2718,0.7315,12.5024,Europe,France
COMP_003436,DefenseAccount and Sons,professional_services,14,211,39228431.93,3091227.18,39923198.47,18767940.7,2.8111,2.4545,0.8872,4.0442,Europe,France
COMP_003437,Griffin & Summers PLC,financial_services,7,6334,1152088557.79,120748408.56,963569005.62,365346979.21,2.8306,1.971,0.6107,8.2334,Latin America,Mexico
COMP_003438,Aguirre PLC,professional_services,41,517,59886761.75,3315451.78,55131198.36,17399527.59,1.9032,1.3193,0.4611,4.3451,Europe,Switzerland
COMP_003439,Murphy & Carroll Group,construction,44,4250,464450138.57,23376414.15,296899319.02,75105043.8,1.9328,1.1711,0.3386,5.4307,Latin America,Mexico
COMP_003440,Stevens PLC,healthcare,12,988,929493822.42,61761224.77,1442718185.4,786909181.6,3.4128,2.4714,1.1999,2.6671,Europe,France
COMP_003441,Mclaughlin LLC,professional_services,29,159,34519575.17,6077441.49,21395174.99,6923376.37,3.8637,2.5892,0.4784,14.4904,Europe,France
COMP_003442,RaceUpon Group,hospitality,22,389,106007815.78,18090503.07,157694368.67,67756514.28,1.2303,0.7976,0.7534,5.9301,Europe,Switzerland
COMP_003443,HandSchool Ltd,transportation,2,1041,219519539.58,20748290.14,125367004.03,44041025.4,0.8761,0.7204,0.5415,10.1363,North America,Canada
COMP_003444,StructureFinish Group,hospitality,30,826,199130590.79,20859825.93,296084299.36,122756462.86,1.7542,1.0026,0.7082,4.2796,Europe,Germany
COMP_003445,Austin & Patrick and Sons,hospitality,12,1737,196242463.67,20988169.58,108389204.92,36524817.54,1.6089,0.886,0.5082,9.1801,North America,Canada
COMP_003446,JustEnjoy and Sons,energy,16,44853,6512613850.59,439092868.07,5291348243.44,2701015535.18,1.9546,1.2958,1.0427,3.1496,North America,United States
COMP_003447,Yoder Ltd,transportation,15,2850,806369919.08,83256616.72,540939403.68,318743388.87,2.6761,2.2247,1.4345,5.7824,Asia Pacific,Singapore
COMP_003448,Reynolds Group,healthcare,9,6053,716524660.48,55915108.12,1174189935.3,784065624.12,3.3542,2.6126,2.0098,1.8958,Asia Pacific,Australia
COMP_003449,Bartlett & White PLC,professional_services,7,484,59519242.79,6073126.98,64507188.72,33845646.9,3.0963,1.8608,1.1038,3.1741,Europe,United Kingdom
COMP_003450,Davis & Hale Inc,manufacturing,37,277,116162514.01,14298826.03,64775096.37,20964843.54,1.3171,0.984,0.4785,14.814,Asia Pacific,Japan
COMP_003451,Mcclure and Sons,transportation,27,2738,460216699.13,29125042.67,666862941.37,248812731.38,1.9523,1.3296,0.5952,4.0149,Europe,Germany
COMP_003452,Hill & Fuller LLC,energy,27,7185,6764123706.57,350607932.3,6033568367.22,3354756272.95,2.6257,1.6962,1.2523,2.8952,North America,United States
COMP_003453,Estrada & Jones Ltd,technology,1,495,339088275.33,17568287.31,427776788.37,260076954.26,2.0316,1.3386,1.5508,2.1937,Europe,Germany
COMP_003454,"Barrera, Kerr and Jenkins",technology,30,974,187188186.59,6551814.43,94655696.99,39146364.27,3.613,2.4194,0.7052,3.6777,Europe,Switzerland
COMP_003455,Gill & Martinez LLC,manufacturing,8,9587,1883967053.45,122291099.83,3121002454.48,2078923848.63,2.613,2.3261,1.995,1.5627,North America,United States
COMP_003456,Jones & Garcia LLC,professional_services,43,64,17152024.71,857592.07,9902042.15,4259786.93,3.4678,3.0269,0.755,4.1536,Asia Pacific,Australia
COMP_003457,Ortiz & Martin and Sons,construction,13,1638,252677925.88,24836124.31,152487719.66,79512408.97,2.3773,1.8018,1.0896,8.1156,North America,United States
COMP_003458,Hunter Group,retail,24,1017,346060220.32,27915242.46,268949624.47,94535827.54,3.4574,1.9341,0.542,6.1829,Latin America,Chile
COMP_003459,AgreementBaby Ltd,construction,6,1639,350082223.92,34184967.79,648160409.78,299935932.37,3.0548,2.124,0.8613,3.9006,Europe,Switzerland
COMP_003460,Neal & Brady Group,professional_services,39,256,65039576.2,8351206.42,111055648.23,54710217.2,2.9748,2.4677,0.971,3.3494,Latin America,Chile
COMP_003461,Cooper Group,technology,12,838,138368818.51,11562104.95,82799880.94,39999045.75,2.7151,2.1066,0.9345,7.7486,North America,United States
COMP_003462,Sanders Inc,transportation,41,788,164644503.0,8105605.63,179089102.91,87865529.85,1.9004,1.5117,0.9632,3.0226,North America,United States
COMP_003463,King Ltd,energy,48,32599,6377606251.93,690377826.44,11961494055.32,6259293049.79,2.9184,2.6117,1.0977,2.5675,North America,Canada
COMP_003464,WhoseCentury LLC,healthcare,37,1298,601305605.56,99177555.65,648072527.58,199154534.22,3.2213,2.4667,0.4436,11.7334,Europe,Switzerland
COMP_003465,Santiago & Marshall Group,energy,41,3943,1834592302.38,164710128.76,3418047332.25,1572379570.13,1.808,1.4956,0.8519,2.3771,Asia Pacific,Japan
COMP_003466,Jones PLC,construction,10,723,354043877.06,19655031.78,453408822.38,248590977.06,3.4025,2.0897,1.2137,2.2743,Europe,France
COMP_003467,Sandoval & Reeves Group,construction,42,1234,230310135.91,21640335.24,325080705.06,150256071.26,3.274,1.7033,0.8595,2.9955,Latin America,Chile
COMP_003468,Taylor LLC,financial_services,35,7313,3342125352.1,330054569.74,3581100466.02,1302189900.83,3.7646,3.3234,0.5714,4.2959,Asia Pacific,Hong Kong
COMP_003469,Skinner & Jackson Inc,professional_services,7,702,83818024.44,10370601.44,55454188.17,18503305.19,2.5633,1.7098,0.5008,13.9126,North America,United States
COMP_003470,Lawson & Thompson Inc,technology,44,683,85694485.86,4115149.86,108181855.01,36904086.37,3.5223,2.4328,0.5178,3.2616,Latin America,Chile
COMP_003471,"Figueroa, Jackson and Powers",hospitality,31,20,4809828.73,399171.65,2483999.09,882252.62,2.0617,1.1453,0.5508,9.1831,Latin America,Chile
COMP_003472,Smith & Nelson Group,construction,18,570,390655780.27,67135294.3,312163534.13,133745884.85,2.854,1.7808,0.7496,7.3706,Europe,United Kingdom
COMP_003473,Howard and Sons,energy,23,21960,6116489380.27,396019510.27,4184756977.85,1460409089.95,1.7531,1.0769,0.5361,5.3789,Asia Pacific,Singapore
COMP_003474,Klein Ltd,financial_services,8,32160,3501201452.41,368471192.9,3620488002.82,1182647458.18,2.5379,1.6604,0.4851,5.5575,Latin America,Chile
COMP_003475,Patel & Ramos Inc,healthcare,34,5096,838964200.11,33805125.94,769090563.89,214268874.53,2.5696,1.7379,0.3862,3.2017,Asia Pacific,Singapore
COMP_003476,Copeland PLC,manufacturing,37,12007,1607593760.3,170116525.29,2455133791.1,739252607.43,3.5697,2.7097,0.4308,6.2245,Latin America,Mexico
COMP_003477,Davidson Ltd,hospitality,1,1135,192223109.24,20790148.67,122377225.91,65122562.6,2.3687,1.6209,1.1374,5.0213,North America,Canada
COMP_003478,ReceiveWatch Inc,professional_services,34,523,53825540.35,4078207.98,73444303.93,19961846.84,1.7787,1.3763,0.3732,4.3906,Asia Pacific,Australia
COMP_003479,InRoad LLC,transportation,25,2195,493610676.33,65536603.71,387094263.42,165032588.31,3.0858,2.0588,0.7432,9.1096,Latin America,Mexico
COMP_003480,Wallace PLC,hospitality,44,617,80975552.78,2647827.83,86201834.06,22930914.9,2.8084,2.1169,0.3624,3.8554,Latin America,Chile
COMP_003481,Williams Group,energy,13,10407,1579225876.3,177814644.64,2252025242.73,990644078.76,1.9301,1.5031,0.7854,4.118,Asia Pacific,Singapore
COMP_003482,Wang and Sons,construction,37,2538,288440580.28,21366375.47,213989542.81,108876154.72,2.8715,1.9133,1.0358,6.4983,Europe,Netherlands
COMP_003483,HouseWhen and Sons,hospitality,45,158,56125492.34,7386494.57,54872736.07,29302023.36,1.3521,1.0744,1.1459,4.8893,Asia Pacific,Australia
COMP_003484,Gonzalez & Smith Inc,hospitality,4,632,184340194.93,23586815.16,238879459.49,117455339.04,2.7992,1.4864,0.9673,6.6776,Europe,Netherlands
COMP_003485,Hays LLC,energy,7,30329,5852748502.56,761155717.76,6330780704.88,2350223213.8,2.8814,1.6725,0.5904,6.7328,Europe,United Kingdom
COMP_003486,Frazier Inc,manufacturing,34,3412,1189751959.21,166569080.03,2099410714.12,759374756.17,3.2742,2.7544,0.5667,5.573,Asia Pacific,Australia
COMP_003487,Benjamin Inc,technology,12,1201,178107405.78,19345941.89,91353368.96,52525185.83,3.4634,2.0199,1.3528,6.5206,North America,Canada
COMP_003488,Robles & Rivas and Sons,technology,11,142,26942686.64,1731354.6,41969624.34,24202567.24,3.1768,1.9302,1.3622,2.245,Asia Pacific,Japan
COMP_003489,"Jackson, Perry and Rodriguez",construction,33,82,20713163.86,1679289.0,23146898.05,11069337.28,2.925,2.0896,0.9165,4.7636,Europe,Germany
COMP_003490,Murphy & Hart and Sons,manufacturing,11,8226,852436936.86,46379312.55,463943239.37,305098091.99,3.3228,2.7284,1.9207,2.8497,Latin America,Brazil
COMP_003491,Weber PLC,professional_services,2,49,8914255.12,153914.03,8503077.33,5053409.88,2.1934,1.5119,1.4649,1.2874,Asia Pacific,Japan
COMP_003492,Foster & Patterson and Sons,energy,27,34899,6088127207.62,680261637.02,3284015617.65,1831314084.66,1.6848,1.0678,1.2606,5.7537,Asia Pacific,Japan
COMP_003493,Lewis & Kelly and Sons,hospitality,17,951,176313628.12,27091410.19,124270734.42,65316853.26,1.8243,1.4887,1.1079,7.8478,Asia Pacific,Singapore
COMP_003494,AdministrationInterest Ltd,retail,34,1442,441691578.63,10827835.92,307665684.15,146142490.23,1.3997,1.0524,0.9048,3.5352,North America,Canada
COMP_003495,Smith-Lewis,technology,7,1288,329863659.66,24541411.47,339382005.51,155862717.04,2.5356,1.6651,0.8493,3.2854,North America,Canada
COMP_003496,Robinson Ltd,professional_services,32,98,21517567.23,3421164.31,13257165.6,6204665.37,1.5085,0.8564,0.8798,15.0085,North America,United States
COMP_003497,Briggs Ltd,professional_services,7,546,86368184.72,10778465.42,49639056.24,33729364.31,2.0249,1.6976,2.1201,5.6716,Europe,France
COMP_003498,Hanson Inc,financial_services,46,38582,4431606242.21,207973717.97,7718983851.26,3918373237.37,2.6061,1.4165,1.031,1.6363,Latin America,Chile
COMP_003499,Jones & Robinson LLC,financial_services,1,3131,991301388.92,91894947.22,1421419779.34,696112715.03,1.5486,0.8588,0.9597,4.1034,Europe,France
COMP_003500,SpeakPlace Group,retail,45,2570,369238190.71,16436324.42,237652683.28,58183147.83,1.316,0.7261,0.3242,6.0572,Europe,France
COMP_003501,Marquez PLC,technology,42,968,143973254.91,16617977.22,116817674.44,31620496.95,3.7056,2.3503,0.3711,8.7763,Latin America,Brazil
COMP_003502,CongressEnter Inc,construction,12,2502,402306954.61,40371265.39,218478036.61,121340924.7,1.6574,1.3161,1.2492,5.6679,Latin America,Mexico
COMP_003503,"Nguyen, Mccoy and Price",retail,25,744,498624474.15,17343108.94,546373988.93,227611028.42,1.0408,0.7139,0.714,2.2295,Europe,Netherlands
COMP_003504,Middleton & Wise and Sons,retail,8,45,16952950.65,1851615.79,16926912.74,8589923.05,2.68,1.7918,1.0303,5.1286,Europe,Netherlands
COMP_003505,Rivera & Reid Ltd,financial_services,21,12333,4487855670.3,675950621.86,2986396381.96,1263545656.55,3.064,2.5921,0.7334,14.5405,Europe,France
COMP_003506,FriendToday Ltd,healthcare,18,3435,624517380.93,55190002.72,448966253.51,138143905.29,3.7866,3.3263,0.4444,6.3735,North America,United States
COMP_003507,Olson LLC,manufacturing,47,17322,1947031412.14,96340889.18,1933925152.97,1079527167.68,2.1405,1.4858,1.2635,3.8772,Asia Pacific,Japan
COMP_003508,Smith & Barr Group,financial_services,20,2881,2330397492.46,82980782.04,2409304139.93,1290956838.08,1.5706,1.4056,1.1543,2.4574,Latin America,Chile
COMP_003509,Dixon-Harmon,professional_services,46,575,84815099.09,5034990.89,46814564.64,20884739.16,1.139,0.7585,0.8054,7.5618,Europe,Germany
COMP_003510,MostPeople Ltd,financial_services,8,2183,321346402.31,20303097.87,404145159.04,183592840.03,2.914,2.3049,0.8324,2.3401,Latin America,Chile
COMP_003511,AddEarly Inc,professional_services,6,143,33860265.48,3584828.78,19801973.92,11629005.36,1.6881,1.3589,1.4229,6.3258,Asia Pacific,Hong Kong
COMP_003512,"Blake, Martinez and Young",technology,33,183,34441252.34,4583888.4,44283292.84,22086686.0,2.4042,1.4185,0.995,4.1675,North America,United States
COMP_003513,Patterson and Sons,healthcare,36,7499,975466417.81,89717684.07,567104823.1,227378242.3,1.8922,1.4618,0.6693,10.0033,Asia Pacific,Australia
COMP_003514,Harvey Inc,financial_services,36,20934,4086699797.29,257215065.75,3891726551.24,1738912800.69,3.5266,1.8216,0.8077,3.342,Europe,Germany
COMP_003515,CertainHouse Group,manufacturing,22,15409,1706569368.28,258932312.53,1125533743.71,403024897.73,3.333,2.5571,0.5578,15.9193,North America,United States
COMP_003516,FineDefense and Sons,energy,48,89576,9382754052.77,826009160.22,6339631918.02,3506489316.96,1.4485,1.1065,1.2377,5.664,North America,Canada
COMP_003517,HowDemocratic Ltd,professional_services,26,10,8967796.87,638021.75,16213585.01,4930896.05,3.3895,1.9259,0.437,4.017,Europe,Germany
COMP_003518,Johnson & Mclean PLC,financial_services,47,3173,1934131986.64,267433435.7,2722792883.2,1008937088.85,1.2321,1.1032,0.5887,6.7245,Europe,Netherlands
COMP_003519,Hinton Group,financial_services,13,1154,364464096.33,47648067.86,645622303.9,197834439.08,2.7327,2.3894,0.4418,5.3099,North America,Canada
COMP_003520,"Wiley, Taylor and Stewart",manufacturing,11,2123,429478272.08,65220234.96,576365071.12,363735132.77,1.9619,1.4412,1.7106,5.0868,North America,Canada
COMP_003521,Buchanan Inc,financial_services,19,8757,1154535227.42,56172944.6,1030498348.49,570032088.25,1.686,1.1577,1.2379,2.3773,North America,United States
COMP_003522,"Conner, Perry and Hess",healthcare,9,949,471761674.99,26936211.95,268204205.78,113803703.7,2.8341,1.8387,0.7371,4.8441,Europe,United Kingdom
COMP_003523,Christensen & Perez Ltd,financial_services,46,3410,1350125215.59,155912843.36,2549228908.95,839789869.56,2.7107,2.2517,0.4913,4.0636,North America,Canada
COMP_003524,GlassGuess and Sons,healthcare,47,159,105473216.28,16351805.1,112186753.98,47388243.96,3.8977,2.3904,0.7313,6.553,Latin America,Mexico
COMP_003525,DescribeNotice Inc,healthcare,9,506,171653633.65,4969233.53,144534533.28,83810950.24,1.5934,1.4135,1.3802,2.877,Asia Pacific,Japan
COMP_003526,Knox & Ortega and Sons,hospitality,33,61,30307837.15,2881992.26,31093057.74,11313270.99,1.0841,0.7288,0.572,4.1951,North America,Canada
COMP_003527,Solis & Horton and Sons,energy,5,39754,9732114139.23,553361792.67,18309645783.02,8871378912.73,1.4887,0.8227,0.9399,2.0,Europe,United Kingdom
COMP_003528,PoliticalTurn Group,hospitality,25,436,152099208.88,6375678.11,78122895.58,21803529.36,1.2667,0.9928,0.3871,8.6443,North America,Canada
COMP_003529,NearFund and Sons,professional_services,13,921,96792265.79,5563146.52,174828226.94,56206309.12,3.2091,2.8413,0.4738,4.1448,Latin America,Brazil
COMP_003530,Ramos & Smith Group,retail,8,859,220990762.28,27668027.6,398864323.59,157642508.38,3.1054,1.7849,0.6535,6.6419,North America,Canada
COMP_003531,Jones and Sons,financial_services,2,6530,1399058723.5,107347344.63,1210851710.71,865883127.71,2.5001,1.6786,2.51,3.0054,Europe,Germany
COMP_003532,Williams and Sons,technology,38,491,399348305.41,55397512.16,281300328.49,88895585.35,1.2527,1.063,0.462,9.0504,Asia Pacific,Japan
COMP_003533,WriterDemocratic and Sons,manufacturing,47,3749,659245296.9,104413449.4,559866140.42,261084369.73,3.8827,2.8533,0.8738,7.4772,Europe,Switzerland
COMP_003534,Thompson PLC,healthcare,22,708,302886456.84,40815950.86,168706710.12,54358375.04,1.4691,0.9437,0.4754,13.0699,Asia Pacific,Japan
COMP_003535,Guerra and Sons,financial_services,42,10424,1170204901.12,59796292.71,1353975402.37,730863005.78,2.2798,1.6827,1.1729,2.6216,Asia Pacific,Japan
COMP_003536,Romero Group,energy,5,7283,1340305833.33,173444627.53,1771507844.84,1083877380.25,1.1809,1.0051,1.5762,5.1847,North America,Canada
COMP_003537,Hardy & Collins Ltd,professional_services,34,143,26018074.57,1572490.97,24132803.63,9334736.9,1.2306,0.8581,0.6308,4.1897,Asia Pacific,Japan
COMP_003538,Sanchez and Sons,energy,6,25264,3585431497.32,372944618.22,2000958548.01,837601591.29,2.6523,1.4291,0.72,10.3507,North America,United States
COMP_003539,"Wright, Mitchell and West",construction,6,2408,338627133.03,39790041.69,313235445.33,123677088.92,1.0695,0.8882,0.6524,5.2773,Asia Pacific,Japan
COMP_003540,Reid & Nelson Group,construction,4,36,35969596.9,4260837.15,26775460.52,19354195.05,3.066,2.0521,2.6079,7.0333,North America,Canada
COMP_003541,Tapia LLC,professional_services,2,170,21445440.5,2098595.93,27822532.62,18140664.55,2.9679,2.0508,1.8737,2.4309,Latin America,Brazil
COMP_003542,InformationHuge and Sons,retail,14,436,404893772.87,21169295.28,294506232.42,151531401.57,1.8902,1.2408,1.0598,3.2027,Latin America,Mexico
COMP_003543,Ruiz & Henderson PLC,energy,2,10026,1511873139.66,112261047.52,2800991346.12,1022725818.89,2.7081,1.4068,0.5751,2.8361,North America,Canada
COMP_003544,SimpleLead and Sons,energy,4,28365,3459319207.9,334677465.31,2496244052.49,1403495498.26,0.9311,0.8319,1.2844,4.207,Asia Pacific,Singapore
COMP_003545,Weiss Group,healthcare,9,3972,865335627.25,45761682.09,768046981.65,357998022.58,1.8364,1.4318,0.8731,3.2378,North America,Canada
COMP_003546,Smith Group,hospitality,8,271,31830136.92,3558562.38,17203867.57,9742556.01,2.2182,1.4756,1.3057,7.5555,Europe,Germany
COMP_003547,Dickerson-Blake,transportation,29,322,91909467.26,6207288.26,52511124.01,24290172.54,3.8259,3.0865,0.8607,5.8691,North America,United States
COMP_003548,Dorsey & Larson and Sons,energy,42,18998,4871153051.05,778627333.95,3031745276.69,829694988.66,3.381,2.1698,0.3768,13.3343,Europe,Switzerland
COMP_003549,OnShort and Sons,hospitality,26,321,61181482.74,1809836.3,76789168.34,32761009.33,1.6489,1.1514,0.7441,1.9333,Asia Pacific,Hong Kong
COMP_003550,James-Torres,retail,50,2658,282577365.51,41814235.64,147656461.35,77424240.07,1.7502,1.3382,1.1024,7.8296,Europe,Switzerland
COMP_003551,Campbell & Hart Group,technology,34,413,402098640.35,16215017.02,687252164.67,284949153.82,3.2209,2.5319,0.7083,2.4253,North America,United States
COMP_003552,AwayGoal and Sons,technology,33,375,69437095.59,3315428.76,80834808.02,42852148.9,3.3644,2.2273,1.1282,2.3382,Latin America,Mexico
COMP_003553,"Harrison, Moore and Lopez",healthcare,26,2098,582795589.13,50224973.87,433705030.41,173299186.67,2.1733,1.3582,0.6655,4.6943,Europe,Switzerland
COMP_003554,Smith PLC,healthcare,28,2064,507981216.59,88156696.49,713491547.22,328654218.23,3.8576,2.9933,0.854,4.4739,North America,United States
COMP_003555,ShowShare LLC,manufacturing,47,2185,296716784.17,24783012.72,183328341.94,54563210.42,2.8981,2.4361,0.4237,10.0625,Europe,United Kingdom
COMP_003556,Henry Group,construction,35,1309,313879250.34,32365420.75,285069156.23,91238136.53,3.8369,2.8027,0.4707,9.5583,Latin America,Mexico
COMP_003557,Waller-Brooks,hospitality,3,506,55454443.15,2046379.5,42278599.05,25187261.72,1.78,1.4489,1.4737,2.7,Europe,Netherlands
COMP_003558,Burns & Davidson PLC,technology,40,474,244429324.95,42821301.21,412256513.14,142381955.07,2.0108,1.6311,0.5276,6.5552,Latin America,Brazil
COMP_003559,AvoidIssue Inc,financial_services,12,3626,420538898.14,49142897.05,802468831.66,279936427.71,3.3647,1.9057,0.5357,4.4041,Asia Pacific,Australia
COMP_003560,Cruz PLC,construction,47,1770,232494108.32,40053881.08,376427909.61,98701470.09,3.8328,3.388,0.3554,12.535,Latin America,Mexico
COMP_003561,Lee Group,technology,6,1172,153925270.55,3195474.75,80247155.05,40809646.73,1.633,1.395,1.0348,2.5686,Asia Pacific,Australia
COMP_003562,Krueger Ltd,energy,36,54616,8232693051.29,365565681.4,6031490075.65,2522208832.6,1.9828,1.5485,0.7187,2.9626,Asia Pacific,Singapore
COMP_003563,HappenMr Ltd,retail,37,303,30375406.04,3337753.64,38427611.14,20087868.93,1.6077,0.967,1.0953,3.2992,North America,United States
COMP_003564,Burns & Barker Ltd,professional_services,34,172,42151423.85,3584690.64,74561618.74,32330412.66,2.1967,1.3889,0.7656,3.7624,Europe,United Kingdom
COMP_003565,Brown Group,technology,31,1108,229757280.64,6111106.07,125000994.48,61916802.19,1.3386,0.692,0.9815,3.225,Latin America,Chile
COMP_003566,House & Fitzgerald and Sons,healthcare,23,1898,726381045.92,24471719.79,463791447.35,205890133.69,1.6861,1.4914,0.7983,2.4647,Asia Pacific,Japan
COMP_003567,MeanAlready LLC,professional_services,42,448,57641613.72,8072323.23,56478516.19,27174250.14,2.4927,1.4451,0.9273,6.4283,Asia Pacific,Hong Kong
COMP_003568,"Mann, Johnson and Wade",manufacturing,23,6674,1337752551.02,37038457.62,784993475.34,265895958.53,2.5454,1.408,0.5122,2.9988,North America,United States
COMP_003569,Hernandez & Jacobs Ltd,transportation,29,1197,779278792.8,124121586.72,778443306.34,195436966.74,1.9576,1.7398,0.3352,14.9444,Latin America,Chile
COMP_003570,Hernandez & Wright PLC,construction,29,3286,431790471.96,24439614.5,216311468.08,56619070.9,1.557,0.9362,0.3546,10.9989,North America,Canada
COMP_003571,RecognizeThought and Sons,professional_services,21,150,31730611.92,2923367.57,20298829.45,9037134.22,2.4938,2.0143,0.8025,5.4988,Asia Pacific,Australia
COMP_003572,Wilson Inc,healthcare,29,683,540332591.84,57431480.57,350164839.85,160368749.46,3.1695,2.1858,0.845,11.804,Asia Pacific,Hong Kong
COMP_003573,Newman & Rangel Group,financial_services,50,23518,4202139311.41,157208753.19,3939089164.99,977714666.01,3.1155,1.6343,0.3302,3.2829,Latin America,Chile
COMP_003574,Mccarthy Inc,energy,39,39148,9895038753.1,1248209330.36,8680313207.83,2434387791.22,2.528,1.8969,0.3898,7.5454,Latin America,Mexico
COMP_003575,Stone & Lopez Group,manufacturing,15,10298,1780143428.98,114935989.76,891792528.11,485390559.91,1.743,0.9513,1.1944,6.8791,North America,United States
COMP_003576,CompanyThemselves Group,construction,23,492,188876295.0,28035117.09,128723469.63,48669452.85,2.0176,1.4689,0.608,8.5646,Asia Pacific,Hong Kong
COMP_003577,EntireRole LLC,financial_services,22,4959,983880920.92,127094490.62,1108364928.24,349131357.95,1.9122,1.4409,0.4598,7.753,Europe,Switzerland
COMP_003578,"Ponce, Barrett and Reyes",energy,16,44122,4919455747.2,396210863.04,5191500614.43,3086678905.19,1.4863,0.7723,1.4665,3.1538,Asia Pacific,Singapore
COMP_003579,Parker & Jenkins Ltd,construction,23,2959,372112518.66,38206668.46,238067321.92,72440058.12,2.9321,2.3658,0.4374,8.0585,Latin America,Mexico
COMP_003580,TrueBehind Inc,transportation,4,1713,497643380.05,24275449.83,578658418.39,334463311.83,2.9578,1.6525,1.3697,1.9674,Asia Pacific,Australia
COMP_003581,ProvidePage LLC,retail,2,375,242624069.93,7558892.75,176517521.8,117873762.54,1.8803,1.4793,2.01,2.0404,Europe,France
COMP_003582,TeachCharacter LLC,hospitality,49,772,167807853.8,4221326.69,108380635.96,43891962.34,2.1418,1.6912,0.6806,2.6511,North America,Canada
COMP_003583,Goodman Ltd,manufacturing,32,6565,729193520.34,36333534.86,629269092.97,244730275.05,1.3587,0.9214,0.6364,3.8037,North America,Canada
COMP_003584,Sanders & Parker and Sons,construction,11,1561,430598364.03,12494260.86,349176449.87,154409194.92,2.1461,1.1467,0.7928,2.2949,Europe,United Kingdom
COMP_003585,Smith-Jones,healthcare,37,3081,409770776.95,53995857.92,606123633.48,227933905.82,3.52,2.7714,0.6027,5.5502,Latin America,Chile
COMP_003586,"Butler, Butler and Roberts",transportation,26,1824,334950774.62,17041513.27,208714720.17,83633384.61,1.5552,1.0666,0.6686,3.6417,Europe,France
COMP_003587,Jackson-Brooks,transportation,3,1042,459450012.09,58596240.17,388124937.77,202191686.9,1.8547,1.4006,1.0874,6.2089,Latin America,Chile
COMP_003588,Padilla & Gonzalez and Sons,hospitality,24,1195,152726944.78,20149195.45,193712157.82,66044881.87,1.4728,1.0326,0.5173,4.6695,Europe,France
COMP_003589,Shaw & Rodriguez PLC,transportation,16,762,134742007.59,7945089.26,149037853.81,91577916.07,2.2969,1.9496,1.5938,2.4651,Asia Pacific,Singapore
COMP_003590,Lopez Inc,manufacturing,5,2046,400874239.59,33357737.93,230390243.81,109810621.87,1.9115,1.5538,0.9107,4.8552,North America,Canada
COMP_003591,SoCover and Sons,professional_services,13,437,95168760.15,12859233.69,140896064.68,44881580.99,3.1848,2.7412,0.4674,7.2806,Europe,Germany
COMP_003592,Green & Barrera Group,manufacturing,23,466,359228338.49,26688308.78,701377181.66,218359191.97,2.0717,1.2373,0.4521,2.709,Europe,United Kingdom
COMP_003593,Alexander PLC,energy,20,7867,5698886813.41,757409511.8,4842984489.54,2354490679.45,2.7439,1.6927,0.9462,6.4543,Latin America,Mexico
COMP_003594,Oneill and Sons,transportation,1,2193,583521322.0,31986319.26,449108335.24,312786066.7,1.6375,0.9473,2.2945,4.3497,Europe,France
COMP_003595,BaseFinally Inc,retail,26,2130,245832982.1,39448167.34,172621358.28,69911226.06,3.3381,2.9679,0.6807,11.8566,Latin America,Chile
COMP_003596,Gray & Hill LLC,financial_services,47,25341,3227278790.4,233237825.8,2356843835.1,1226582924.99,1.1268,0.7454,1.0852,3.5469,Latin America,Mexico
COMP_003597,Johnson & Young Group,technology,25,208,115683536.17,17587022.86,69004591.88,22628071.22,3.5212,2.5783,0.4879,21.858,Europe,United Kingdom
COMP_003598,Chambers & Garcia Inc,financial_services,29,17112,2767784716.21,179829911.87,3380633294.99,1634833746.38,2.8438,1.4789,0.9364,2.8235,Europe,United Kingdom
COMP_003599,Adams Inc,hospitality,31,586,75062477.79,3375173.91,110711595.98,31474136.41,1.093,0.7702,0.3972,2.6668,Europe,Switzerland
COMP_003600,Ortega Inc,healthcare,24,3257,663358923.33,107894177.28,396862387.74,215973223.99,2.9778,1.9267,1.194,11.4434,Latin America,Brazil
COMP_003601,Davis PLC,construction,33,426,74905653.97,2200141.84,87483499.69,29684435.86,3.8054,1.9496,0.5136,1.9429,Asia Pacific,Hong Kong
COMP_003602,Conner Group,retail,8,2181,286296953.59,34799241.22,154413265.99,61745076.3,1.488,0.7446,0.6663,12.6742,Europe,United Kingdom
COMP_003603,Morrison LLC,healthcare,23,1442,189344003.61,12403178.47,189617077.69,83817306.67,2.9151,2.1844,0.7922,3.616,Latin America,Chile
COMP_003604,WorkMention Group,professional_services,25,191,28224984.78,4386792.08,14188483.34,6227288.13,2.9217,2.1647,0.7822,22.0917,North America,Canada
COMP_003605,Sherman PLC,professional_services,9,106,22261625.13,487573.27,12638670.23,5768239.11,2.3411,1.6782,0.8396,3.0619,North America,United States
COMP_003606,Jordan & Wood LLC,healthcare,49,690,186923590.97,6881098.42,101546423.53,51152879.65,1.6597,1.3224,1.0151,5.3071,Europe,Switzerland
COMP_003607,Key & Montoya LLC,financial_services,39,17468,4130297648.29,416716482.92,5993338361.18,1444121384.23,2.7085,1.3904,0.3174,8.9329,Europe,United Kingdom
COMP_003608,"Ross, Bishop and Hester",energy,28,28780,2892790298.23,405635551.43,1530091354.81,698778750.94,3.893,2.798,0.8406,9.0191,North America,Canada
COMP_003609,Marks Inc,technology,17,3457,463634767.15,38866009.47,349372038.4,174385223.16,1.895,1.6915,0.9966,7.3546,Europe,Germany
COMP_003610,Smith Ltd,energy,49,27077,9700768927.18,1199261229.05,8251050876.77,4073590955.85,3.7668,2.3191,0.9751,9.7079,Europe,France
COMP_003611,InterestShare and Sons,technology,16,472,286058974.5,27778139.62,171894287.05,49833004.62,2.0735,1.6747,0.4083,11.2319,Asia Pacific,Australia
COMP_003612,AgreePlay Inc,hospitality,25,234,29457223.41,3145453.38,18712294.91,6054765.91,3.8872,2.886,0.4784,14.7631,Europe,France
COMP_003613,TroubleNice LLC,transportation,33,906,380802760.95,56114997.34,269478867.21,135290716.93,2.5968,1.4975,1.0082,14.2811,Europe,United Kingdom
COMP_003614,Tapia and Sons,hospitality,36,528,159748720.41,14039386.29,109141217.1,36876317.75,2.0547,1.596,0.5103,8.2125,North America,United States
COMP_003615,Richardson PLC,professional_services,23,201,37055377.51,4885839.8,54784176.89,17948176.04,1.9535,1.5579,0.4872,5.6168,Latin America,Brazil
COMP_003616,Parks Group,technology,3,310,44421591.93,5573157.72,34921038.13,17640834.82,2.51,1.3646,1.0209,5.5428,Europe,Germany
COMP_003617,MyselfJob Ltd,technology,47,475,278835670.55,32037028.37,183737440.92,53822635.79,1.9747,1.1841,0.4143,11.0144,Asia Pacific,Hong Kong
COMP_003618,Lopez Ltd,healthcare,10,5880,845895247.24,89843497.24,537157579.26,309914481.08,2.7759,2.0142,1.3638,6.371,North America,United States
COMP_003619,Rosario LLC,energy,10,25936,7969467552.08,769417837.76,12041966665.14,7496410247.69,1.1973,0.6447,1.6492,2.4208,Europe,Germany
COMP_003620,Smith LLC,professional_services,26,108,17924752.44,2525871.53,9473380.54,2684451.39,2.9755,2.4559,0.3954,26.6736,Latin America,Chile
COMP_003621,Montes Ltd,technology,1,3311,336709542.59,8286400.36,450721622.6,203599473.29,2.9939,1.5244,0.8239,1.8301,Latin America,Mexico
COMP_003622,Nguyen & Wallace PLC,transportation,16,806,228299220.8,11321868.04,172623301.09,84894670.83,3.6773,2.1213,0.9677,3.2537,Europe,France
COMP_003623,MemoryInstead Ltd,manufacturing,33,3363,444232993.76,12229573.47,361165219.44,163242092.02,2.8794,1.8011,0.8248,2.9432,North America,Canada
COMP_003624,"Bauer, Bailey and Crosby",technology,40,4185,437161814.88,62546704.64,232518441.5,127987179.24,1.5028,1.1367,1.2244,10.3269,Europe,France
COMP_003625,YearWord Group,manufacturing,6,4686,506841215.95,10918874.25,404538595.8,163405595.17,1.5595,1.3563,0.6777,1.9934,Asia Pacific,Japan
COMP_003626,ReasonTough Ltd,transportation,37,1787,270614873.05,27979903.2,154113123.0,80151476.96,2.1071,1.3369,1.0837,7.0987,Asia Pacific,Australia
COMP_003627,Stein & Navarro LLC,retail,41,13,2325388.6,170961.39,3290992.71,1299456.38,1.4067,0.8752,0.6525,4.0535,Europe,Switzerland
COMP_003628,PolicyDay Ltd,technology,10,563,435463848.03,43650192.0,297178485.3,143710269.58,1.356,0.8485,0.9364,9.6591,Asia Pacific,Australia
COMP_003629,Thomas PLC,transportation,34,1227,794668865.08,112483262.34,401083227.94,127605436.38,1.8723,1.6542,0.4666,12.9024,Asia Pacific,Australia
COMP_003630,"Glover, Moran and Johnson",manufacturing,18,4452,1258384580.83,190467404.87,1517207640.76,390089101.43,1.3321,0.7011,0.3461,10.6669,Europe,United Kingdom
COMP_003631,Jimenez & Miller Ltd,transportation,33,912,752763106.3,97671469.71,496727509.19,272528383.63,2.1019,1.6091,1.2156,6.9845,Latin America,Mexico
COMP_003632,"Archer, Owens and Mosley",construction,4,213,80264040.88,8211967.61,59673873.85,30730647.98,3.0285,2.0873,1.0618,5.7015,Latin America,Chile
COMP_003633,Olson PLC,professional_services,28,115,46103197.66,5766711.42,48095293.27,12522296.42,2.0343,1.7121,0.352,8.2488,Latin America,Mexico
COMP_003634,EffectEither and Sons,construction,13,255,178853596.74,9158769.43,160217661.34,46765081.88,1.0613,0.5787,0.4122,6.6938,Latin America,Mexico
COMP_003635,ConferenceSome Ltd,manufacturing,9,424,196615287.25,4992881.26,328198330.52,218848738.33,2.8763,1.9945,2.0014,1.1267,Asia Pacific,Australia
COMP_003636,Graves Inc,professional_services,47,442,48869983.28,2876016.12,33167734.32,17616424.66,1.6413,1.183,1.1328,3.2116,North America,Canada
COMP_003637,LearnSenior Inc,construction,26,935,460766126.92,64152077.36,321723184.63,145621800.18,1.9192,1.1956,0.8269,6.9956,North America,Canada
COMP_003638,Hickman LLC,healthcare,8,422,44858823.46,1520241.18,36143478.04,24848237.71,1.2123,0.8888,2.1999,1.8064,Asia Pacific,Singapore
COMP_003639,Orr & Miranda and Sons,technology,12,1122,146438995.83,11011750.04,210600150.95,93260368.83,1.4054,1.1752,0.7948,3.5189,Asia Pacific,Hong Kong
COMP_003640,"Scott, Alvarez and Merritt",transportation,5,342,215465526.84,24359665.12,180679393.49,103461717.12,1.6792,0.8569,1.3399,4.6504,Latin America,Chile
COMP_003641,Martinez & Taylor PLC,hospitality,17,182,48391184.08,5636702.09,52676975.15,14686008.5,3.0286,2.5141,0.3866,6.6283,Europe,France
COMP_003642,Schultz Group,transportation,39,1887,909350206.36,138965322.86,819957808.16,309029690.33,1.1892,0.7418,0.6048,7.7479,Latin America,Brazil
COMP_003643,BelieveStuff Ltd,construction,5,2308,236694181.85,18829404.69,147038747.64,94900703.88,2.3845,1.4744,1.8202,4.7112,Latin America,Mexico
COMP_003644,GoTry and Sons,energy,45,22222,4689679158.75,204313576.72,2543254857.22,1173243991.46,1.7331,1.3061,0.8564,5.9655,North America,Canada
COMP_003645,"Miranda, Burke and Schneider",financial_services,8,31448,3805272455.85,462224912.37,2256032337.77,964117325.67,2.7871,2.0991,0.7463,11.1378,Latin America,Chile
COMP_003646,Bennett & Love Ltd,professional_services,47,26,15871974.3,532034.75,8625347.71,3841897.08,3.4207,2.5736,0.8032,4.0332,North America,United States
COMP_003647,Hardy & Valdez PLC,healthcare,50,2463,489829027.33,82675584.23,746128032.37,291468939.45,3.79,2.786,0.6411,8.8811,Asia Pacific,Hong Kong
COMP_003648,Burch & Kim and Sons,financial_services,4,10518,2155626218.46,128375617.63,2128183951.11,1330731202.4,2.3089,1.456,1.6687,2.3408,Asia Pacific,Singapore
COMP_003649,Walker Inc,construction,20,800,300470791.82,49984948.32,183331367.93,87931897.79,1.6578,1.033,0.9217,11.1401,Europe,United Kingdom
COMP_003650,Miller-Davis,financial_services,5,28097,4997792939.22,92023343.28,5323281460.79,3093720379.63,0.9592,0.5418,1.3876,1.7182,North America,Canada
COMP_003651,Yang & Pineda Ltd,technology,40,1735,384954998.15,33932538.63,199883731.95,76059506.71,2.1094,1.1011,0.6143,11.5039,North America,Canada
COMP_003652,YearBusiness PLC,manufacturing,4,2768,801752749.0,48458643.88,1598375731.78,1058561388.97,0.9452,0.8104,1.961,1.9778,Asia Pacific,Singapore
COMP_003653,Anderson-Edwards,manufacturing,14,9675,1656830574.03,128118695.61,1208870883.43,451264785.65,1.2435,0.9911,0.5956,5.1727,Europe,United Kingdom
COMP_003654,Ray-Smith,transportation,26,686,179001279.68,25148104.03,189176352.36,102769282.6,2.2181,1.3264,1.1894,7.3572,North America,Canada
COMP_003655,Brown & Nichols Group,transportation,38,365,40159049.45,5929834.44,21874778.48,8104128.42,2.0047,1.3475,0.5885,18.7191,Europe,France
COMP_003656,LandFront LLC,technology,32,535,103019737.86,15760180.16,55592461.84,17202324.9,3.2995,1.7095,0.4481,18.2283,Europe,Switzerland
COMP_003657,"Peck, Martinez and Alvarado",hospitality,37,465,68741899.67,3713893.94,62474436.18,33634219.04,1.5102,1.1946,1.1662,4.4834,Latin America,Chile
COMP_003658,PerformanceDoctor Inc,retail,33,1477,256269217.21,36652868.31,201169413.41,55882248.12,1.2223,0.7122,0.3846,11.3387,Europe,Germany
COMP_003659,Smith-Phelps,manufacturing,10,4329,1234106989.68,58433261.88,994689951.32,316007409.05,1.6449,1.1674,0.4656,6.9316,Europe,France
COMP_003660,Stewart & Cabrera LLC,hospitality,17,1216,182210537.73,15219443.93,198462662.11,58688921.66,3.5855,2.0356,0.4199,8.4481,Asia Pacific,Singapore
COMP_003661,Hood Group,transportation,38,3353,514755469.45,32239418.71,345930103.93,146210020.68,1.1993,0.6576,0.7321,4.0401,North America,Canada
COMP_003662,Frazier and Sons,financial_services,31,9150,2511365466.68,322522696.11,4121785722.91,1185512582.34,2.7867,1.8696,0.4037,5.0668,Asia Pacific,Singapore
COMP_003663,Guzman & Thomas Ltd,financial_services,13,1231,260712619.02,23105136.61,144815474.69,49928876.75,2.6918,1.8394,0.5262,7.191,Europe,France
COMP_003664,TimeSuddenly Ltd,retail,29,113,19385953.22,2937618.98,9837876.05,3224399.92,2.9492,2.3849,0.4875,12.64,North America,Canada
COMP_003665,Johnson LLC,healthcare,6,3567,553404162.11,48911919.96,1011602939.57,504574485.64,2.6771,2.1224,0.9952,3.373,Latin America,Mexico
COMP_003666,Parker & Mooney Inc,healthcare,32,2809,440987720.18,45577891.62,657130922.91,230813966.3,3.0747,2.3756,0.5414,6.2597,North America,Canada
COMP_003667,Shea-Mccarthy,manufacturing,9,2989,1679968986.01,221344419.14,1191136449.9,813562355.02,1.5242,0.9189,2.1547,5.6557,Latin America,Mexico
COMP_003668,Welch-Lewis,energy,44,8072,1648761867.88,164203214.55,2228612226.45,719113441.42,3.6533,2.3586,0.4764,5.2019,Europe,Netherlands
COMP_003669,Carter Group,professional_services,36,25,2984680.38,172338.36,1495614.97,494215.36,2.5094,1.9905,0.4935,5.961,Europe,Netherlands
COMP_003670,ArtistTake LLC,energy,41,19530,4517935740.9,514607660.64,2541236688.37,947086817.02,2.2006,1.6676,0.5941,18.6045,Latin America,Chile
COMP_003671,Hernandez Ltd,retail,4,629,120264321.26,2463967.76,154259470.39,61721978.08,3.1771,1.6057,0.667,1.9595,North America,Canada
COMP_003672,Clark & Oconnor and Sons,professional_services,10,27,5436630.15,504741.53,6378822.63,2480381.92,2.9484,1.7865,0.6362,4.0605,Latin America,Mexico
COMP_003673,"Fitzgerald, Leblanc and Parsons",transportation,37,1760,727352303.98,43289420.84,953109395.78,272629088.75,2.2059,1.7416,0.4006,3.7897,Asia Pacific,Singapore
COMP_003674,Gates & Luna LLC,manufacturing,40,1650,232070069.91,14489279.93,145648546.43,46446626.74,2.1703,1.5836,0.4682,4.8699,Asia Pacific,Japan
COMP_003675,Joyce Ltd,hospitality,6,780,122055580.5,13661052.2,85617577.78,40523637.38,2.0766,1.5621,0.8986,6.4892,North America,United States
COMP_003676,WhileThus and Sons,financial_services,2,7563,1412438253.33,120123386.2,1668194364.3,1140300747.8,1.8156,1.6306,2.1601,2.461,Europe,Germany
COMP_003677,AgeOfficial Group,manufacturing,25,1116,355257140.21,35600335.62,209481294.85,96495790.42,3.0731,2.132,0.8541,10.2542,Asia Pacific,Singapore
COMP_003678,Henderson-Kennedy,technology,50,336,190496009.94,7434716.2,133424014.38,56719894.79,3.2631,1.8742,0.7395,2.6878,Asia Pacific,Japan
COMP_003679,Todd-Myers,energy,45,24254,8024385473.42,1430230065.46,4799147789.75,1799999791.98,2.6034,1.4824,0.6002,11.3259,Asia Pacific,Japan
COMP_003680,Rose LLC,construction,47,316,199086320.57,4922587.14,124182910.11,43355779.94,2.3679,1.9832,0.5364,2.7916,Asia Pacific,Hong Kong
COMP_003681,FearSame and Sons,hospitality,6,1467,150403160.19,6584459.97,81529625.23,49603385.98,1.9594,1.1312,1.5537,3.2958,North America,Canada
COMP_003682,"Chase, Long and Anderson",energy,4,6652,1298588653.15,138029577.14,681354657.2,360994454.87,2.4689,2.0815,1.1268,9.2957,North America,Canada
COMP_003683,Goodwin & Carpenter Inc,energy,23,12018,7739075625.67,934324069.3,4054968199.95,1726393510.04,3.7328,2.7577,0.7414,7.7377,Latin America,Mexico
COMP_003684,ToWorry Ltd,manufacturing,13,3370,481497316.56,35304009.87,243776091.87,121183508.27,2.4633,2.0187,0.9885,5.6688,Europe,Netherlands
COMP_003685,FlyLot Ltd,retail,44,2502,339341778.68,21481316.66,463191126.34,201150611.52,3.4755,1.9537,0.7676,3.677,Latin America,Mexico
COMP_003686,Martin and Sons,manufacturing,12,11085,1135905294.13,45914410.79,635731527.6,349026281.81,1.2846,0.9741,1.2174,2.9834,Latin America,Brazil
COMP_003687,LetterSafe Group,professional_services,2,702,92949899.36,10866793.07,104902435.5,46435813.11,1.8521,1.0008,0.7942,4.7461,Asia Pacific,Australia
COMP_003688,Carter & Thomas and Sons,technology,33,1331,194273936.47,26954442.18,227827168.95,89232078.85,1.1098,0.6943,0.6438,5.4509,Europe,France
COMP_003689,SummerSmile and Sons,financial_services,15,2665,340164292.28,10666767.68,293436357.62,87451528.92,2.7956,2.1054,0.4246,4.8711,Europe,Germany
COMP_003690,"Curtis, Cox and Chase",transportation,41,107,28963930.7,1079711.96,27909490.19,9024532.06,3.8744,2.314,0.4779,2.9337,Europe,France
COMP_003691,Garcia and Sons,construction,35,3294,414294987.68,46875513.64,582600740.3,265487455.41,1.1333,0.985,0.8372,5.9965,Asia Pacific,Singapore
COMP_003692,HoweverLate Ltd,manufacturing,33,8109,1054223918.95,178443842.44,1033697255.23,287283965.36,2.632,1.9192,0.3849,10.4948,North America,Canada
COMP_003693,Howe Inc,financial_services,39,31338,3878467818.66,459161355.97,5874974934.81,1978573963.44,1.7516,1.1688,0.5078,7.519,Latin America,Brazil
COMP_003694,Kelly & Wells Inc,transportation,45,1881,242081344.01,16791433.46,224347840.33,84790996.65,2.2679,1.1438,0.6076,5.429,North America,Canada
COMP_003695,Baird Ltd,construction,31,451,175816454.03,6365173.9,140965136.01,45544666.61,1.0516,0.7805,0.4773,2.7956,Europe,United Kingdom
COMP_003696,GroundPersonal Group,hospitality,50,60,6990670.57,816446.03,3917665.43,1771468.84,2.1493,1.7363,0.8254,13.4868,Latin America,Brazil
COMP_003697,Sims Group,healthcare,36,7395,961684862.95,87595185.65,677583768.04,176753675.36,3.2019,1.7363,0.3529,11.1223,Latin America,Mexico
COMP_003698,ElectionAlong Inc,financial_services,32,32659,3342660854.44,583204422.87,6410803711.83,3136954365.96,1.3747,1.1386,0.9582,3.9408,North America,Canada
COMP_003699,Sanders LLC,technology,17,2999,466669338.79,37688122.63,713332235.83,211570711.44,2.9533,2.1163,0.4217,3.8445,North America,United States
COMP_003700,Watts and Sons,manufacturing,25,5062,538337850.78,52959301.91,583872665.62,222340048.97,3.381,2.5455,0.615,4.8663,Europe,France
COMP_003701,Delgado & Bennett Ltd,professional_services,23,125,61340629.32,5226311.38,55111474.89,26122701.46,1.6637,1.0515,0.9011,5.3421,Europe,Germany
COMP_003702,"Barrett, Strickland and Hancock",manufacturing,40,12028,1360214936.9,164133766.03,1191863816.32,481224049.98,3.597,3.0353,0.6772,9.4421,Asia Pacific,Japan
COMP_003703,"Reyes, Chen and Wallace",transportation,27,1748,324374203.26,20295604.39,311013540.81,167317573.35,3.0523,2.329,1.1644,4.1768,Asia Pacific,Australia
COMP_003704,ActivityCall Inc,retail,27,2704,424358399.04,37011854.24,338434873.98,91724351.19,2.3598,1.2893,0.3718,6.6816,Europe,France
COMP_003705,Martinez Ltd,energy,13,31956,9474256555.86,991359860.65,5018493066.22,2937587659.85,2.0733,1.5078,1.4117,6.5546,Europe,Switzerland
COMP_003706,Barnett & Hicks Inc,retail,4,1634,442657848.61,38516124.7,277263817.39,180592268.41,2.0618,1.2992,1.8681,4.3225,Europe,Switzerland
COMP_003707,"Berry, Armstrong and Hill",healthcare,20,3822,740371641.06,121381640.59,475444315.77,154166993.07,3.6445,2.3416,0.4799,18.453,North America,Canada
COMP_003708,"Davis, Watkins and Cruz",manufacturing,20,3783,562154712.65,93275898.76,424149668.29,231018922.43,2.4546,1.2597,1.1962,14.0815,Europe,Netherlands
COMP_003709,"Park, Evans and Martinez",technology,13,1175,141526405.01,10180739.41,75225770.07,33404619.27,3.4113,2.7971,0.7987,8.5168,Latin America,Chile
COMP_003710,Nguyen & Reeves PLC,energy,5,51925,9635435188.44,925492027.41,19244155396.85,6589005558.23,2.5249,1.6196,0.5207,3.1466,Asia Pacific,Japan
COMP_003711,Lopez & Hess Inc,financial_services,27,90,61319634.72,2452603.04,38575878.01,12615189.55,3.0767,1.6153,0.4859,6.8444,Europe,Germany
COMP_003712,Hawkins-Herrera,energy,6,35664,7174697233.76,781645499.47,8793466260.19,2956892226.8,1.302,1.0095,0.5066,9.313,North America,Canada
COMP_003713,"Freeman, Stone and Richards",manufacturing,40,9226,1415429863.48,160313898.22,905909663.77,507082577.85,1.9609,1.1692,1.2714,6.8049,North America,Canada
COMP_003714,SellTell Ltd,energy,31,49913,6245760932.45,834124709.32,6648404687.63,2397134954.7,2.5964,1.5927,0.5639,5.7776,Europe,Germany
COMP_003715,Molina and Sons,construction,22,678,495103878.81,16996302.12,263581168.31,80733986.3,1.8721,1.0857,0.4415,7.3023,North America,United States
COMP_003716,Sheppard Inc,technology,26,1463,156627838.45,19930073.04,92965232.71,41989970.62,3.1545,2.5924,0.8237,15.7553,Europe,France
COMP_003717,White & George and Sons,transportation,44,692,346572145.16,34486986.18,189782197.26,105111222.5,1.6231,1.2779,1.2414,6.4178,North America,Canada
COMP_003718,Peters LLC,healthcare,41,480,83544705.93,13091542.59,112989284.51,56073075.52,2.9577,2.5254,0.9852,4.7184,Europe,United Kingdom
COMP_003719,Martinez & Anderson and Sons,transportation,41,4154,448370155.18,57331055.82,668972619.8,178740087.78,3.344,1.7085,0.3646,5.7459,Europe,Germany
COMP_003720,"Martin, Hart and York",construction,37,1079,134219020.49,17457626.53,71976892.43,35017735.82,1.4416,1.2053,0.9475,8.1372,Asia Pacific,Australia
COMP_003721,Miller Inc,financial_services,18,7783,1723499643.87,211354291.7,928971847.16,423168312.59,2.9204,1.8675,0.8366,7.5963,Europe,Switzerland
COMP_003722,Hunter LLC,manufacturing,20,6858,1670797862.61,250504947.97,1117333965.41,350947181.78,3.0488,2.7047,0.4579,20.0811,Latin America,Chile
COMP_003723,OffCongress Group,financial_services,21,14847,4678067722.5,119585826.98,8256565659.82,3679659319.16,2.913,2.1814,0.804,1.6651,Latin America,Chile
COMP_003724,"Smith, Turner and Shah",retail,37,251,94495069.86,16283379.96,56472127.18,29412189.45,1.2963,0.8467,1.0869,9.2921,Europe,Switzerland
COMP_003725,NaturalWest LLC,energy,14,36308,3756463868.96,581140937.23,3982549015.66,2080893518.44,3.2549,2.5288,1.0943,5.7041,Europe,Germany
COMP_003726,ReasonNone Group,hospitality,23,692,185797481.86,25459902.02,115501298.64,28726328.34,1.0446,0.9079,0.331,12.2845,Asia Pacific,Singapore
COMP_003727,Taylor & Henry LLC,hospitality,20,129,13299883.68,1338511.24,18684690.66,7154492.39,1.2029,0.6519,0.6205,3.8945,Latin America,Brazil
COMP_003728,Mills & Andersen LLC,manufacturing,7,323,193797450.94,20755437.31,164500514.91,75202892.91,2.3725,1.3134,0.8422,5.1068,Europe,Switzerland
COMP_003729,PoliceNothing PLC,manufacturing,1,1698,333954068.52,30080967.23,506958276.11,191962780.7,2.2409,1.2381,0.6094,3.1231,Europe,Switzerland
COMP_003730,Clark & Garcia Inc,transportation,21,4615,599260705.79,107264292.0,328014534.48,90733935.23,2.2736,1.5581,0.3824,20.01,Latin America,Chile
COMP_003731,Young & Lopez LLC,technology,12,271,76085663.23,3211604.58,116123582.69,50706098.15,2.0782,1.4818,0.7751,1.8931,Europe,Netherlands
COMP_003732,Chase and Sons,healthcare,14,4434,968235999.54,50016554.43,925096544.1,558503393.06,1.8934,1.0808,1.5235,2.412,Latin America,Mexico
COMP_003733,Bernard & Guzman and Sons,professional_services,11,246,44948095.46,4480664.14,28303773.69,17696425.0,1.0163,0.8724,1.6683,5.4899,North America,Canada
COMP_003734,PerhapsHer LLC,transportation,28,2983,506502780.75,79000004.93,310180306.89,149962867.85,3.6343,3.2405,0.936,14.7727,Asia Pacific,Singapore
COMP_003735,Anderson PLC,transportation,28,2407,254192029.65,22663798.6,245086336.79,110899314.41,2.9762,2.0668,0.8265,7.6087,Latin America,Mexico
COMP_003736,KnowledgeBad PLC,construction,30,1558,238125324.96,27969235.77,143349820.98,53374673.36,1.8409,1.1687,0.5932,16.0184,North America,Canada
COMP_003737,Green-Santos,construction,33,2394,332647248.16,31665826.34,344494433.61,100944213.64,1.7903,1.5808,0.4145,6.6489,North America,Canada
COMP_003738,Ross Inc,technology,45,1788,375837391.34,64835421.52,346518275.18,139407692.5,3.2771,2.7249,0.6731,9.2339,Asia Pacific,Japan
COMP_003739,YouEnvironmental Ltd,energy,1,8400,7550987422.96,815214430.34,5227531032.27,2252141226.91,2.2398,1.2614,0.7569,8.5898,Europe,Switzerland
COMP_003740,LargeYard Ltd,financial_services,45,16214,2893676652.34,439656533.15,1469919066.48,766168390.82,1.4244,0.9929,1.0887,14.789,North America,Canada
COMP_003741,Thomas & Harris Ltd,professional_services,31,345,90483797.61,11064997.09,93026003.88,25229995.12,2.9646,2.6063,0.3721,11.1167,Europe,Switzerland
COMP_003742,SignificantExist Ltd,energy,33,77706,8183208080.7,1298976142.1,8706098214.09,3786401500.41,3.4309,2.6521,0.7696,5.5804,Asia Pacific,Australia
COMP_003743,"Brewer, Klein and Elliott",manufacturing,9,10625,1516525748.25,136010912.46,1253097599.15,730877062.19,1.1057,0.9913,1.3996,3.9951,North America,Canada
COMP_003744,Holland PLC,retail,50,113,29691549.8,1005657.82,47940620.64,25215775.5,2.2506,1.3143,1.1096,1.5757,North America,United States
COMP_003745,PointCommon Group,financial_services,44,55,44321031.48,7945252.24,45071906.52,21662160.06,2.8564,1.5447,0.9253,7.0078,Asia Pacific,Japan
COMP_003746,Underwood & Stewart Group,professional_services,32,161,21638504.08,1758253.99,16908598.39,5474193.03,2.963,1.8262,0.4787,6.2603,North America,United States
COMP_003747,Johnson-Munoz,technology,44,2822,332098273.36,34336376.01,352691149.2,94781329.1,2.5091,1.8019,0.3675,5.7101,Asia Pacific,Japan
COMP_003748,Nelson PLC,manufacturing,21,7052,828283002.88,62383134.47,531244214.57,180339523.27,1.9969,1.7069,0.5139,6.7651,Latin America,Mexico
COMP_003749,Rodriguez & Kelley Inc,technology,29,702,201800723.39,30921974.82,147419094.48,53263049.96,3.6217,3.2406,0.5657,9.8957,Latin America,Chile
COMP_003750,Murphy & Davis LLC,energy,7,51718,8851639537.88,352280216.54,6741729387.19,4396875608.37,2.2371,1.4585,1.8751,2.5256,Asia Pacific,Singapore
COMP_003751,StarExplain and Sons,transportation,30,4032,896607219.65,124611876.75,582302542.05,248391858.1,3.4611,2.9574,0.7439,11.0124,North America,Canada
COMP_003752,Melton & Perez Inc,professional_services,2,757,90962938.77,5848720.35,171219131.88,101191400.06,1.2276,0.8223,1.445,2.734,Europe,France
COMP_003753,BillionHuge and Sons,technology,40,1156,157625160.18,22539955.42,177459079.21,98962191.32,3.0662,2.0038,1.2607,7.5994,Latin America,Brazil
COMP_003754,Lynn-Patton,retail,36,1102,346145794.74,26995863.0,238367073.33,89482728.84,1.6249,1.0455,0.601,5.1921,Asia Pacific,Japan
COMP_003755,Thompson Ltd,hospitality,32,170,55055003.07,8799459.69,82233350.21,33310833.11,2.8415,2.1735,0.6809,4.7032,North America,United States
COMP_003756,Hutchinson PLC,professional_services,21,136,19465678.39,3131567.57,10221705.62,3135080.57,1.3082,0.7771,0.4424,23.8707,Latin America,Brazil
COMP_003757,Nicholson & Burns PLC,manufacturing,32,1029,377418590.12,38686512.01,227659562.31,84963258.05,1.7427,1.2268,0.5954,7.7452,North America,United States
COMP_003758,Graves-Grimes,manufacturing,48,1388,690794165.52,22022398.22,547712326.76,156289031.5,3.5545,2.2112,0.3993,3.5819,Europe,France
COMP_003759,OkExperience PLC,hospitality,50,607,86561566.34,13916867.92,64469556.54,24042170.26,1.7705,1.1354,0.5947,17.377,Asia Pacific,Australia
COMP_003760,Garcia & Williams LLC,professional_services,38,612,83179442.52,2217642.41,53493178.13,27655324.03,1.573,0.9719,1.0703,3.2936,Latin America,Brazil
COMP_003761,Potts Group,healthcare,16,315,124291638.01,11731661.84,82097746.84,27731276.73,1.0873,0.9729,0.5101,6.7485,Latin America,Chile
COMP_003762,Reed Ltd,transportation,15,4808,737576588.92,39743524.13,391785832.71,179202875.77,1.607,1.1254,0.843,4.0801,Asia Pacific,Australia
COMP_003763,Byrd & Kramer PLC,professional_services,27,74,53379763.96,5886375.74,26704116.86,9861678.22,1.2726,0.8325,0.5855,12.4048,Latin America,Brazil
COMP_003764,Wheeler & Atkinson Group,healthcare,9,691,291505615.96,15660060.61,245873474.07,152986582.95,1.8506,1.1359,1.647,2.5905,Europe,Netherlands
COMP_003765,PersonCare LLC,healthcare,49,4592,495355486.61,65681010.46,270249901.67,93631460.48,2.8503,1.5397,0.5301,17.6081,Latin America,Chile
COMP_003766,ActRight PLC,technology,38,1057,150671092.82,6732466.92,112012303.18,57058175.02,2.5462,1.7912,1.0383,3.0281,Asia Pacific,Singapore
COMP_003767,"Moore, Martinez and Gray",professional_services,29,425,59810154.55,2749160.28,63485006.18,32354842.91,2.9239,2.355,1.0393,2.8122,Asia Pacific,Australia
COMP_003768,SimplyExample Inc,energy,27,20898,4366747032.41,262116084.09,4930299196.46,1186262238.19,1.7918,1.1713,0.3168,7.2185,Asia Pacific,Singapore
COMP_003769,Sellers Ltd,transportation,20,761,172761473.79,18074752.47,101784895.89,48506373.11,1.4977,0.8295,0.9104,6.113,Latin America,Mexico
COMP_003770,Zimmerman-Wright,hospitality,40,193,24200031.84,1446596.77,45037456.07,14242360.91,1.2751,1.1111,0.4625,3.1035,North America,United States
COMP_003771,Franklin & Mann and Sons,energy,17,17908,5489622036.62,553856998.94,3858133494.32,1642641220.69,2.3395,2.105,0.7414,6.1997,North America,Canada
COMP_003772,Gonzales & Gomez Group,manufacturing,17,14113,1805801936.24,72105289.8,905935313.96,536238754.32,3.7328,1.8686,1.4505,4.3575,Europe,France
COMP_003773,"Mitchell, Cisneros and Meyer",financial_services,31,5090,1726348855.92,78447608.1,2044533748.49,1056583225.7,2.3422,1.3081,1.0695,2.5872,Latin America,Mexico
COMP_003774,SeriousUpon and Sons,technology,44,1059,366767053.5,11775209.54,320489901.06,93449210.38,2.7439,2.3868,0.4116,3.2289,Latin America,Mexico
COMP_003775,Torres & Hodge LLC,manufacturing,7,12543,1320736096.33,184970156.3,1018719483.32,719636054.63,1.3439,1.0161,2.4061,6.3962,Europe,Netherlands
COMP_003776,InvestmentSpend LLC,healthcare,34,8580,931897139.74,110116984.74,548127397.49,266772449.22,2.0969,1.1324,0.9482,13.4999,North America,United States
COMP_003777,ThroughBelieve Ltd,manufacturing,36,11378,1643752224.43,70248014.48,951876470.12,444954299.84,1.7125,0.9487,0.8778,3.5059,Europe,Germany
COMP_003778,Miller & Blair Inc,energy,13,8272,5687722326.11,756024888.26,7170605227.02,2787256288.08,2.7363,2.1478,0.6359,4.9416,North America,Canada
COMP_003779,Johnston Inc,manufacturing,19,3985,1317490691.49,61068054.25,792350001.21,410096014.36,3.7734,3.1491,1.0728,5.5226,North America,Canada
COMP_003780,Paul & Spencer Group,retail,15,2391,449396460.36,18483753.25,305314435.0,82852517.06,2.37,1.9399,0.3724,5.2481,Asia Pacific,Singapore
COMP_003781,Stokes Inc,professional_services,48,396,40252119.07,1144402.86,32754338.35,17248150.28,1.279,1.1024,1.1123,2.4217,Latin America,Chile
COMP_003782,Hayden Group,manufacturing,20,1709,660321464.66,103552424.78,487915355.06,195653432.04,3.3718,1.9275,0.6694,8.952,Asia Pacific,Singapore
COMP_003783,ResearchMovie Ltd,transportation,25,115,20702972.8,2339523.76,14349523.55,3797884.31,1.45,1.2505,0.3599,16.0366,Latin America,Mexico
COMP_003784,Castillo PLC,healthcare,28,4303,827418318.82,72223386.85,464396812.2,119828571.66,1.3448,0.9601,0.3478,19.3807,North America,United States
COMP_003785,"Cuevas, Barron and Wolfe",technology,8,1178,400689369.5,40965766.74,580975346.1,204781350.89,1.2351,1.0343,0.5444,4.9435,North America,United States
COMP_003786,Sullivan PLC,hospitality,23,181,21786449.1,2125275.19,22497765.0,9615267.17,3.7034,2.5551,0.7464,4.5762,Latin America,Chile
COMP_003787,Lee & Guerra Inc,hospitality,18,315,115794618.85,16689581.91,110369584.6,30577083.0,2.1012,1.7742,0.3832,7.997,North America,United States
COMP_003788,Klein & Park Ltd,transportation,9,1120,469341881.19,28943325.33,700700637.22,254251544.17,2.5654,2.2414,0.5695,2.5763,North America,United States
COMP_003789,HairElection Ltd,retail,29,377,61117129.56,1701635.45,110004768.89,53940317.5,2.9659,2.1438,0.9621,1.4822,Europe,Germany
COMP_003790,Guerrero PLC,financial_services,26,21255,4903035453.03,375179958.64,2841886916.05,1322150256.58,1.8367,1.1946,0.87,4.9931,North America,Canada
COMP_003791,"Lynch, Lawson and Oconnell",retail,25,537,108918551.96,8362658.17,105490185.12,50563517.96,3.4802,2.1329,0.9206,3.1899,Europe,France
COMP_003792,RepresentWonder PLC,construction,48,315,38280919.14,5965012.46,50970175.14,27100011.4,2.4181,1.2805,1.1353,5.8451,North America,Canada
COMP_003793,Thompson LLC,manufacturing,49,4298,1193746285.21,55246000.27,752633730.26,221743846.24,1.1637,0.8599,0.4177,6.041,Europe,France
COMP_003794,Palmer Inc,hospitality,4,1281,148034468.75,8963557.7,175371928.92,65454371.12,2.8115,2.4851,0.5955,2.6097,Europe,France
COMP_003795,KnowledgeMission Group,retail,5,33,18156836.13,557372.65,31877527.11,15400352.17,2.8605,1.6986,0.9346,1.5289,Europe,United Kingdom
COMP_003796,Jackson Inc,financial_services,12,28155,3297001017.25,182275231.8,5150901506.92,1528782744.52,2.8685,1.6794,0.4221,2.9685,North America,Canada
COMP_003797,Sloan-Wright,hospitality,33,415,106926083.31,6585575.25,82827236.27,39713365.83,3.5923,3.213,0.9211,3.844,Latin America,Mexico
COMP_003798,Ryan Inc,energy,49,7361,1077486838.31,128885723.42,791286317.39,385374553.26,3.0744,1.8568,0.9494,7.962,Europe,Switzerland
COMP_003799,Evans-Carter,financial_services,14,7194,870894145.96,65836765.52,1159083520.47,523553032.45,2.0423,1.2302,0.8238,2.7467,Asia Pacific,Japan
COMP_003800,Smith Ltd,hospitality,42,671,114026885.17,18283574.08,61268455.17,24138960.81,1.5586,0.9772,0.6501,24.0715,Asia Pacific,Japan
COMP_003801,"Long, Leblanc and Hickman",transportation,34,2497,303394037.38,39212922.54,160764982.99,69211764.1,2.1072,1.1442,0.756,8.3318,Europe,Germany
COMP_003802,QuestionMyself Inc,transportation,5,7055,938932571.36,87834900.67,641450094.48,385793854.23,1.2249,0.7772,1.509,6.7376,North America,United States
COMP_003803,Walls & Stafford Group,professional_services,42,497,81964652.83,6898278.26,83872579.72,41643932.47,2.6401,1.8332,0.9862,4.0945,Europe,United Kingdom
COMP_003804,ArtHeart Inc,construction,5,3635,491865767.22,21586680.14,339965213.62,121926697.16,1.5973,1.0589,0.5592,3.3901,Latin America,Brazil
COMP_003805,Gilbert LLC,healthcare,43,431,263372484.76,8676931.13,230815265.49,79629974.22,3.7655,2.4665,0.5267,2.4673,Asia Pacific,Japan
COMP_003806,Evans Inc,transportation,5,8246,970026396.47,111940594.21,530946811.53,350523226.59,3.1058,2.1549,1.9428,6.0797,Asia Pacific,Hong Kong
COMP_003807,Smith & Zamora and Sons,hospitality,30,356,86815540.09,8531388.06,56116627.72,22012068.3,3.8173,2.0699,0.6454,8.6568,Europe,Netherlands
COMP_003808,Gomez-Garcia,transportation,20,518,354043607.36,31350445.85,620080245.89,157378249.13,3.8127,2.8782,0.3401,3.7608,Latin America,Mexico
COMP_003809,MillionDecade Inc,technology,5,48,26124413.96,2040190.82,37406213.19,22708438.07,2.4896,1.6414,1.545,2.1658,North America,Canada
COMP_003810,Rice & Roach Group,retail,30,206,28277098.41,859575.27,22631801.59,11437908.44,1.3267,1.1511,1.0218,1.9661,North America,United States
COMP_003811,CandidateWhite Group,professional_services,3,422,69355119.97,3663541.87,39243489.24,14061174.59,2.9573,2.4631,0.5584,4.9849,North America,Canada
COMP_003812,Smith Ltd,professional_services,8,300,46063934.95,914270.56,42928275.39,21665555.13,2.4138,2.0768,1.0189,1.4007,North America,Canada
COMP_003813,Perez-Foster,healthcare,50,2173,230389017.91,41194901.32,272953993.99,81185086.93,1.4685,0.8234,0.4233,15.2043,Europe,Switzerland
COMP_003814,Evans Group,healthcare,28,2368,615900454.79,57639936.11,929209948.07,490100367.55,2.4262,2.0551,1.1161,4.0423,Asia Pacific,Hong Kong
COMP_003815,Mcclain PLC,manufacturing,46,3453,513187655.32,34365458.44,319100527.08,168592286.11,1.2792,0.9048,1.1202,3.4627,Asia Pacific,Singapore
COMP_003816,Cain & Rodriguez Group,energy,45,27655,5797435955.73,561136177.25,5695286078.72,2892521899.35,1.98,1.7685,1.032,5.8914,Asia Pacific,Australia
COMP_003817,Douglas Group,energy,12,3701,3624127032.48,186678937.72,2433612212.47,1289018872.45,1.6903,1.1444,1.1262,3.0147,Europe,Germany
COMP_003818,Martin & Gomez Group,construction,6,1553,412658352.17,41657264.26,289906851.92,173779632.06,0.9064,0.4916,1.4965,5.2452,Latin America,Mexico
COMP_003819,Howard Ltd,manufacturing,33,2105,1643185359.93,230551132.01,1233660451.75,493068608.27,1.5986,0.8388,0.6658,7.3071,Latin America,Brazil
COMP_003820,Gonzalez and Sons,construction,26,918,241288447.07,38424290.01,147444900.47,56005170.09,2.6635,1.3655,0.6125,19.2514,Latin America,Chile
COMP_003821,Williams-Foster,technology,17,1337,176058735.56,24679161.9,142082148.3,84750673.89,1.8262,1.6419,1.4783,7.181,Asia Pacific,Singapore
COMP_003822,Manning & Santana and Sons,energy,30,20181,3657469975.76,351276102.53,1905050475.74,606639632.09,3.3715,2.5398,0.4672,17.1614,Europe,Netherlands
COMP_003823,ReflectDecide Group,manufacturing,34,5345,1613371906.08,267483670.38,1348531040.97,416417452.57,3.7206,3.0165,0.4467,10.2453,Latin America,Mexico
COMP_003824,Moyer LLC,manufacturing,32,5987,663077170.77,105000941.13,401203763.93,195202516.26,1.8684,1.2543,0.9476,12.934,North America,United States
COMP_003825,Wilson & Burns Group,technology,10,630,105320627.48,10912908.2,59346103.26,23351046.87,1.9718,1.5828,0.6487,7.288,Asia Pacific,Australia
COMP_003826,"Klein, Nguyen and Duran",retail,9,351,44174794.25,6382375.8,46088084.72,32087386.01,2.7139,1.594,2.2918,5.034,Europe,Germany
COMP_003827,Shaw-Mclean,energy,50,13219,4693596552.8,467233414.62,4457857177.1,1932629952.41,2.8544,2.1859,0.7653,4.2646,North America,United States
COMP_003828,ThreatThat Group,construction,5,2272,243655388.97,26973512.04,394914364.98,193818919.84,1.9406,1.7239,0.9638,4.9045,North America,United States
COMP_003829,Rodriguez Inc,hospitality,7,1494,168340833.37,16262693.63,95833734.25,39083899.0,1.7437,1.297,0.6887,11.7727,Asia Pacific,Hong Kong
COMP_003830,Sparks & Martinez LLC,energy,3,14519,2251325029.64,183916263.15,3775440177.02,1638951352.2,2.2157,1.8882,0.7671,3.2751,Latin America,Chile
COMP_003831,Porter & Saunders and Sons,healthcare,24,436,384086317.3,13074010.18,258939524.57,112160100.68,3.4123,1.7909,0.7641,3.0153,Asia Pacific,Australia
COMP_003832,Williams & Gallegos Group,transportation,32,872,810321681.5,47926315.45,498652613.33,227758170.15,2.0007,1.4532,0.8408,6.6985,Europe,Switzerland
COMP_003833,"Mclaughlin, Hamilton and Roberts",construction,13,3185,412693687.32,61878538.07,228385749.34,133949270.47,2.0528,1.2122,1.4184,8.2779,Europe,United Kingdom
COMP_003834,MentionBeautiful Group,energy,15,29041,3876880205.99,561818572.44,3090604635.89,1783789666.9,3.3007,2.9608,1.365,8.0946,Europe,Netherlands
COMP_003835,Wright and Sons,manufacturing,38,7022,923656806.34,53974458.02,546162491.13,248222168.41,3.3303,2.6383,0.8331,3.834,Europe,Switzerland
COMP_003836,ShoulderMuch and Sons,construction,32,1071,155126515.97,10994182.45,97790205.41,45078215.77,3.1171,2.5973,0.8552,4.3829,Asia Pacific,Singapore
COMP_003837,Campbell Inc,retail,36,1867,466412329.45,68710430.43,496592135.01,258565002.84,1.422,1.0002,1.0863,5.5887,Europe,France
COMP_003838,Lin Ltd,professional_services,36,25,12305054.69,2104739.12,9358880.37,2806572.68,3.3212,2.1121,0.4283,12.42,Asia Pacific,Australia
COMP_003839,Wright Group,healthcare,20,2688,934080675.89,115119640.38,659367759.98,183241581.3,3.2167,2.685,0.3849,12.9464,Asia Pacific,Singapore
COMP_003840,Gonzalez & Mccarthy Inc,energy,29,41803,6854471195.76,916719560.52,5194396969.17,1885502948.42,1.4062,1.1216,0.5698,9.28,Europe,Germany
COMP_003841,Haynes & Shaw and Sons,technology,3,1225,266254504.19,26787632.1,184482227.71,73848219.7,1.6324,1.0455,0.6675,10.0556,Europe,France
COMP_003842,Lopez PLC,transportation,32,126,42332470.18,5428636.49,51169790.44,15157898.85,2.0662,1.2905,0.4209,7.4702,North America,United States
COMP_003843,ProfessionalProtect and Sons,healthcare,5,1928,478218210.86,33501216.16,700293431.88,304313241.45,1.3478,0.9743,0.7685,3.3339,Europe,United Kingdom
COMP_003844,Perez and Sons,construction,38,1874,206835311.98,14935159.37,249073893.53,99268656.78,2.6062,1.376,0.6627,2.8568,Europe,France
COMP_003845,InstitutionAmerican LLC,technology,23,529,81448187.18,11909320.9,88732384.58,46754251.7,3.2597,1.8569,1.1138,6.0193,Latin America,Brazil
COMP_003846,Hickman Group,retail,44,1908,328891982.54,47848590.34,184413462.92,69661731.21,3.2343,1.6174,0.6071,12.3094,Latin America,Chile
COMP_003847,AffectPractice and Sons,hospitality,19,1700,194259030.57,9148877.81,125981510.96,50884335.81,1.3189,0.7767,0.6776,3.9761,North America,Canada
COMP_003848,BenefitTreatment Inc,technology,25,1116,281532216.72,23248392.18,202661374.56,93001632.08,2.8751,2.5839,0.8481,5.547,Latin America,Chile
COMP_003849,James & Warren Ltd,financial_services,6,34617,3576618849.46,245629414.72,2064527979.78,879901010.83,1.1102,0.9571,0.7428,9.0776,Asia Pacific,Singapore
COMP_003850,PropertyDuring and Sons,construction,48,98,38882974.02,6046803.26,59905075.34,15168691.21,3.0894,2.3558,0.3391,13.9729,Latin America,Brazil
COMP_003851,Rogers & Mendoza PLC,healthcare,36,3201,420578660.84,31439378.61,555161109.21,238887038.43,1.2944,1.0714,0.7553,3.5146,North America,Canada
COMP_003852,LateQuickly Inc,professional_services,33,12,12077669.27,2088736.16,19549437.33,8884260.72,2.5019,1.9331,0.833,3.9505,Europe,United Kingdom
COMP_003853,FlyBreak LLC,energy,44,51793,6147318563.59,879532626.69,3151913617.21,1500902751.5,2.381,1.4677,0.9091,10.3066,Latin America,Chile
COMP_003854,HimselfFast LLC,healthcare,33,2602,938789747.42,53280920.53,851847675.87,259136129.15,1.5406,0.9964,0.4372,3.9984,Europe,Netherlands
COMP_003855,"Barnes, Flores and Williams",transportation,48,3397,665159955.15,52612295.94,434389672.26,217352188.32,2.1951,1.1465,1.0015,3.9012,Asia Pacific,Japan
COMP_003856,Smith Ltd,construction,28,205,43017508.92,1331792.3,39837273.37,17729008.18,2.0614,1.4558,0.8019,2.4225,North America,United States
COMP_003857,SizeFund and Sons,energy,23,9397,3578928739.6,565772060.94,2232821142.58,633010202.48,3.2229,1.9397,0.3957,21.3626,Asia Pacific,Japan
COMP_003858,Mitchell LLC,technology,44,293,275781026.34,38995195.7,309868734.52,130770030.6,2.5283,1.7848,0.7302,8.3929,Latin America,Brazil
COMP_003859,Kerr & Garcia and Sons,hospitality,43,542,81238343.47,10648572.22,158794255.73,64211043.2,1.3422,1.0105,0.6789,3.9527,Europe,Switzerland
COMP_003860,Vaughan-Cox,transportation,6,1801,835307570.37,71953099.32,663505965.42,379991795.8,1.4005,1.1714,1.3403,6.4099,Latin America,Chile
COMP_003861,FlyBrother Inc,energy,1,60477,8155976496.86,218376505.93,6336712436.23,2464547214.06,2.4578,1.6778,0.6365,2.1591,North America,Canada
COMP_003862,RelationshipAdd Ltd,manufacturing,9,10864,1227543730.01,88413476.42,1279598546.61,800174017.32,1.7415,1.3487,1.669,2.6865,North America,Canada
COMP_003863,Arnold & Atkins LLC,healthcare,32,1187,376590655.41,64738516.97,469931356.33,143795541.6,3.4588,2.7916,0.4409,9.4033,Europe,United Kingdom
COMP_003864,Ward & Patrick Ltd,transportation,44,482,262783010.03,45258614.69,154563925.44,75843619.61,2.0256,1.5126,0.9635,8.6569,Asia Pacific,Japan
COMP_003865,Maxwell & Rice LLC,energy,28,3604,1103449466.22,156181085.8,971527625.33,473788569.63,1.3553,0.7939,0.9519,10.1573,North America,Canada
COMP_003866,Santos and Sons,construction,12,834,180674353.33,16826671.18,100225869.53,66847657.77,1.4508,0.7959,2.0027,4.4464,Europe,France
COMP_003867,Silva & Miller Inc,financial_services,38,15288,2071730860.87,184109774.75,1426758199.5,572991568.91,1.9717,1.2236,0.6711,5.7494,Asia Pacific,Singapore
COMP_003868,Soto PLC,healthcare,33,3787,677443810.48,105807091.97,380048840.98,150612082.33,2.7983,2.0234,0.6564,19.1885,Asia Pacific,Singapore
COMP_003869,Williams Ltd,transportation,18,982,661578226.05,97297831.72,357648740.75,132350554.51,1.6249,0.8548,0.5874,22.9912,Latin America,Mexico
COMP_003870,Roth and Sons,energy,45,2284,747575989.43,66704090.78,556238183.55,209827317.53,3.171,2.2774,0.6057,5.494,Latin America,Brazil
COMP_003871,"Griffin, Garcia and Mcmahon",manufacturing,22,3835,796566037.71,111603271.19,544916791.31,221215977.87,3.0308,2.6084,0.6834,9.0417,North America,United States
COMP_003872,Montgomery LLC,manufacturing,40,3108,371739945.76,51274866.19,189064613.6,82932680.68,2.3142,1.9337,0.7814,13.8974,North America,Canada
COMP_003873,Swanson and Sons,retail,39,502,80092727.25,4834640.84,40688415.13,15501961.81,2.9851,2.0348,0.6155,7.6819,Asia Pacific,Australia
COMP_003874,Ferguson & Hernandez and Sons,healthcare,34,6321,828165638.99,43907332.43,531925200.44,281215157.5,1.663,1.4416,1.1217,4.6162,Europe,France
COMP_003875,Barnes Ltd,transportation,48,359,51496064.55,6732162.07,27402258.35,10834883.2,3.0062,2.6105,0.654,9.945,Europe,United Kingdom
COMP_003876,Snow-Malone,construction,26,1945,212495523.57,14429357.33,184237204.73,65419737.17,3.4497,2.4169,0.5506,6.0928,Latin America,Chile
COMP_003877,Mathis PLC,hospitality,36,214,34472527.5,3580685.91,36027421.86,18487002.25,2.8296,2.2357,1.054,4.329,Latin America,Chile
COMP_003878,Hester & Jacobson Group,healthcare,19,5543,879933564.6,138713384.67,1396928588.97,763981947.21,2.7288,1.685,1.207,6.591,North America,Canada
COMP_003879,"Love, Bartlett and Jones",retail,41,2195,279406175.61,37990732.32,163917839.85,44398599.64,2.5813,1.961,0.3715,12.8684,Europe,Germany
COMP_003880,KindNeed PLC,construction,34,1130,119533415.01,18842806.54,91038548.38,41084773.64,2.7744,1.97,0.8225,13.1025,Europe,Netherlands
COMP_003881,Gibbs and Sons,technology,42,1098,251711216.3,15006214.59,438102813.16,149565258.1,1.4399,0.7739,0.5184,3.167,Latin America,Mexico
COMP_003882,Greene Ltd,retail,14,599,366280207.13,25258016.07,208263708.98,79111394.9,1.9624,1.3244,0.6125,8.7195,Latin America,Chile
COMP_003883,Roberts PLC,hospitality,18,1091,191665483.77,27180649.62,100199906.55,48134315.13,1.4759,1.1621,0.9245,11.3983,Asia Pacific,Australia
COMP_003884,AskStudy Ltd,hospitality,29,166,44868754.84,3865677.72,62734525.82,30133655.82,2.3231,1.6177,0.9243,4.5902,Europe,France
COMP_003885,CustomerSit Group,construction,49,2673,443659977.2,15371158.27,481654767.9,150535190.05,3.4731,2.2151,0.4546,3.6272,Europe,France
COMP_003886,Cohen-Berg,retail,5,1643,467283448.86,18156539.41,236339356.28,83245866.76,2.0893,1.3219,0.5438,3.7896,North America,United States
COMP_003887,Martin PLC,technology,14,716,458293851.72,35923468.71,522395640.28,314210013.2,3.0929,2.4407,1.5093,3.6781,Europe,France
COMP_003888,Cruz & Chan Group,healthcare,33,6153,637237285.08,72189902.73,520822550.38,262723737.76,1.5046,0.7974,1.0179,6.2398,Asia Pacific,Australia
COMP_003889,Lawson and Sons,healthcare,3,4989,631671551.16,68466467.49,508380374.48,288786840.16,1.4511,1.1707,1.3151,7.9,North America,Canada
COMP_003890,Smith PLC,transportation,44,2700,409178526.85,46040487.95,479179069.5,149490422.27,1.8232,0.9556,0.4534,5.3742,Latin America,Brazil
COMP_003891,Robinson & Horton PLC,energy,6,37100,7536358928.92,688788557.5,6925187298.66,3684026018.44,1.5347,1.0646,1.1366,3.2797,Latin America,Chile
COMP_003892,Gordon-Le,transportation,33,4335,535981078.17,43970551.96,329598815.58,127883268.5,2.9736,2.6432,0.634,10.3379,Europe,Switzerland
COMP_003893,Green & Phelps LLC,construction,47,2980,340331845.26,47608646.93,678544338.55,350165468.49,3.8444,2.9017,1.0663,5.3896,Latin America,Chile
COMP_003894,Erickson PLC,financial_services,20,14464,2148004940.21,164421264.72,1845869097.47,1028028516.19,1.87,1.0816,1.257,3.266,Latin America,Chile
COMP_003895,ByCongress and Sons,construction,19,2499,367090749.7,32518885.33,190478212.26,98931753.84,1.8973,1.4016,1.0807,6.365,Latin America,Chile
COMP_003896,Ferguson LLC,professional_services,42,493,82534916.0,8562799.72,53405725.75,23109204.87,1.5932,0.9103,0.7628,10.187,Europe,Netherlands
COMP_003897,Bowman LLC,hospitality,31,161,30140815.06,843908.75,19731154.29,7705805.09,2.1044,1.8841,0.6408,2.5854,Asia Pacific,Singapore
COMP_003898,Nelson Inc,energy,14,21342,8337650669.96,185076121.16,11661577596.59,6425359092.06,2.0822,1.2119,1.2271,1.2259,Europe,Germany
COMP_003899,QualityEnergy and Sons,energy,2,46363,5425950491.31,244429927.08,7672598323.97,4170864282.25,1.5172,0.9034,1.1911,1.9309,North America,Canada
COMP_003900,"Wilson, Wong and Chen",energy,48,45838,8454425795.45,1056053663.62,7255197099.54,1968874191.45,3.2425,1.8167,0.3724,7.8576,Europe,France
COMP_003901,Nguyen-Potts,technology,13,1239,216219551.46,33784479.2,296869787.61,159660949.19,2.2766,1.5766,1.1636,7.1335,Asia Pacific,Singapore
COMP_003902,Henson & Baker and Sons,financial_services,8,15006,1901412022.06,185757246.13,1282256565.5,527705170.68,2.3818,1.5616,0.6994,7.4266,Europe,Switzerland
COMP_003903,Villanueva-Phillips,hospitality,13,1028,183097085.77,22160017.66,141883652.59,83700040.62,2.4122,1.409,1.4386,4.9717,Europe,France
COMP_003904,Galloway & Garrett Inc,retail,36,688,127082295.24,20308512.02,110455937.15,45543965.35,3.6456,2.3753,0.7016,12.2825,Asia Pacific,Japan
COMP_003905,Holloway & Robinson LLC,transportation,35,1077,845770202.03,148929355.31,995883229.92,440356605.25,1.4206,1.0397,0.7927,6.9752,Asia Pacific,Hong Kong
COMP_003906,Scott Inc,retail,19,1692,243042245.11,12316550.52,130453811.41,65466343.21,3.0767,1.6091,1.0074,4.6447,Europe,Netherlands
COMP_003907,Medina & Irwin PLC,manufacturing,35,7268,1033049930.68,39003371.48,1766299094.29,652348898.68,2.3468,2.0942,0.5856,1.8655,Latin America,Mexico
COMP_003908,Rodriguez & Reese Group,professional_services,31,40,31192594.01,1114724.16,15644735.48,8677427.29,1.1699,0.8901,1.2454,3.6385,Europe,Germany
COMP_003909,"Scott, Sims and Munoz",transportation,18,3165,577311778.61,17128729.5,507884328.39,294295768.69,1.408,0.7701,1.3779,1.7858,Asia Pacific,Hong Kong
COMP_003910,Montoya and Sons,energy,7,12191,3285851402.95,273843246.66,3608384800.51,2074086728.87,2.3769,1.9717,1.3518,2.7822,Europe,Switzerland
COMP_003911,GardenExist and Sons,retail,24,157,21556168.29,3785092.35,27860024.02,10850757.9,3.4666,2.5645,0.6379,8.4637,Latin America,Chile
COMP_003912,"Soto, Garrison and Foster",technology,1,849,136727304.07,9020851.15,102869439.08,69282097.54,1.4798,0.874,2.0627,3.1639,North America,United States
COMP_003913,LikeEach Ltd,construction,44,12,8157626.49,1382910.67,6030780.16,2960637.41,3.8311,2.9038,0.9643,7.2523,North America,Canada
COMP_003914,"Hamilton, Hernandez and Mendoza",professional_services,2,304,97846301.31,4961019.47,59907148.81,41629759.12,1.6052,1.1926,2.2777,3.3355,Asia Pacific,Singapore
COMP_003915,White-Lopez,financial_services,40,11813,4829078577.0,541785795.68,7423690436.7,1927780662.01,2.4685,2.1407,0.3508,5.6417,Europe,Germany
COMP_003916,TravelControl and Sons,financial_services,25,10190,1981824934.39,273396783.81,3161509484.26,1760343681.24,3.7122,2.2079,1.2563,5.7573,North America,United States
COMP_003917,OverMilitary Ltd,technology,31,2633,364457056.32,56640233.41,213457478.05,118417322.06,2.7889,2.2467,1.246,8.4767,Europe,Switzerland
COMP_003918,White LLC,healthcare,17,2742,349077067.92,26497303.6,193259683.4,74947017.31,2.645,1.3328,0.6335,5.6259,North America,United States
COMP_003919,Smith & Martin and Sons,transportation,22,6306,674382225.52,107960027.87,1158741753.25,427359918.71,3.4958,3.0132,0.5843,5.115,Asia Pacific,Singapore
COMP_003920,TelevisionIndeed Ltd,professional_services,43,301,80640289.28,3907592.55,112708526.21,36368326.6,1.9518,1.7128,0.4764,3.174,Europe,United Kingdom
COMP_003921,Franklin & Jones Inc,financial_services,50,44691,4734313661.01,175603778.28,3304119543.46,1610945556.96,2.6833,2.0457,0.9514,2.4047,Europe,Germany
COMP_003922,Simmons Group,hospitality,6,348,80642242.89,4539596.98,58619125.91,33863984.45,0.9717,0.491,1.368,3.0733,Latin America,Chile
COMP_003923,Stout Group,technology,28,2878,391865693.5,59668086.23,481998241.51,255027207.63,2.9013,1.5246,1.1236,7.4626,Asia Pacific,Japan
COMP_003924,Ramsey and Sons,healthcare,30,590,269598808.38,41270458.82,136695841.3,62851035.65,2.6928,1.9939,0.8511,10.0238,Asia Pacific,Singapore
COMP_003925,ShortSocial Inc,hospitality,38,709,198076128.45,23370910.22,144519588.97,60818360.61,1.426,1.0417,0.7266,5.7962,Europe,Switzerland
COMP_003926,PlayerBlack Group,manufacturing,5,90,61281501.54,4705661.78,107322702.31,53517854.12,0.9834,0.8598,0.9947,2.3368,Europe,Netherlands
COMP_003927,Smith-Serrano,hospitality,37,1149,121102232.49,10860692.47,135284554.48,72977672.22,1.2344,1.0977,1.1713,4.2182,Europe,Switzerland
COMP_003928,"Michael, Anderson and Carrillo",energy,20,24824,6612084517.43,632199143.43,4613161901.07,1382836794.24,2.4688,2.0683,0.4281,15.2169,Asia Pacific,Hong Kong
COMP_003929,Thomas-Burton,technology,22,1187,344334732.98,29702745.5,471844472.88,117387174.47,3.2876,2.5995,0.3312,4.4868,North America,Canada
COMP_003930,AddStructure Inc,healthcare,24,568,124785640.9,3199512.24,193141665.79,98273784.63,3.6365,2.7969,1.0359,1.6579,North America,Canada
COMP_003931,Daniels LLC,construction,28,3411,469572242.82,72533892.41,265345980.47,134156606.04,1.1232,0.7184,1.0226,18.4223,Asia Pacific,Singapore
COMP_003932,"Miller, Taylor and Malone",energy,32,6297,1852773626.55,199916039.26,1360601140.15,686213188.85,2.4022,1.8733,1.0175,7.7043,Asia Pacific,Hong Kong
COMP_003933,Stafford and Sons,manufacturing,37,7910,1249279272.45,194337598.51,2220938750.22,668552125.84,3.527,1.8801,0.4307,5.2907,Latin America,Brazil
COMP_003934,Parker Group,manufacturing,30,782,453125397.45,40746674.26,270912647.17,108112781.56,3.6405,2.9405,0.6641,9.1976,Europe,Germany
COMP_003935,Moore & Brown Ltd,professional_services,4,296,31068033.49,1011576.16,21105250.84,14295380.11,1.1597,0.8048,2.0992,2.8396,North America,United States
COMP_003936,Adams & Stephens Inc,technology,40,1034,273682812.32,45260004.34,209580183.85,56854159.3,1.7927,1.5978,0.3723,19.7471,North America,United States
COMP_003937,Bryan Inc,retail,48,1645,209762322.45,33897775.65,164847845.83,53504029.29,1.4788,0.9549,0.4805,14.9604,Latin America,Mexico
COMP_003938,"Phillips, Hunt and Copeland",energy,36,3358,1644244729.72,49910682.52,2862388762.66,1017001573.45,2.6306,2.0073,0.5511,1.7252,Europe,Switzerland
COMP_003939,Thomas and Sons,energy,4,3429,1750817204.09,213655394.58,983682303.95,449309041.61,2.4445,2.1878,0.8408,8.2527,Latin America,Chile
COMP_003940,Johnson Group,transportation,30,2979,423963340.28,51246655.11,227175384.67,112694361.6,2.811,2.2195,0.9844,13.7835,North America,Canada
COMP_003941,Cruz & Gomez LLC,financial_services,18,17941,3788842061.59,332262609.41,5929468182.08,2682876823.19,2.6754,1.608,0.8264,3.1639,Latin America,Mexico
COMP_003942,Dorsey Ltd,construction,26,2462,449492500.19,40813274.91,337982807.07,112534160.65,3.2816,2.5164,0.4992,9.8369,Latin America,Brazil
COMP_003943,Cruz Ltd,construction,28,421,46643192.82,3743118.3,32593014.96,11495637.54,2.7546,1.5632,0.5449,8.7716,Europe,Germany
COMP_003944,Carson & Rodriguez and Sons,construction,12,891,199586434.24,9131286.29,174530604.28,68318450.5,3.1409,2.3417,0.6432,4.8364,North America,Canada
COMP_003945,Ewing and Sons,hospitality,34,139,20948867.18,1266499.85,25334678.99,8797429.78,3.7298,2.8484,0.532,3.0101,Asia Pacific,Japan
COMP_003946,Garcia & Sosa LLC,retail,23,52,10263055.36,936317.53,5957038.41,3233462.5,3.6046,2.0385,1.1872,6.2227,Asia Pacific,Singapore
COMP_003947,Jones & Cook LLC,transportation,11,1625,665101495.82,79548949.38,791793323.16,425408917.78,2.9986,1.6315,1.1611,3.573,Latin America,Chile
COMP_003948,Huang PLC,energy,34,22604,6044371947.57,660169420.34,4031138619.67,1641696441.93,3.7504,3.0962,0.6871,7.2233,Asia Pacific,Hong Kong
COMP_003949,Thompson PLC,financial_services,29,3354,823465377.94,54944585.12,458019283.65,138549882.84,2.4033,1.7541,0.4337,8.8752,Asia Pacific,Hong Kong
COMP_003950,GoodPlan and Sons,professional_services,37,151,23764376.89,3573257.98,40737402.14,11402631.53,3.6089,2.8738,0.3887,8.1977,North America,United States
COMP_003951,Shelton and Sons,energy,21,1693,285892148.76,10336936.59,154799682.78,69970766.94,1.8677,1.2096,0.8248,5.2343,Europe,France
COMP_003952,Barry & Mcdaniel PLC,healthcare,28,3137,835772469.67,130216669.13,1325167282.18,509465489.63,3.5875,2.7267,0.6246,6.2556,North America,Canada
COMP_003953,TelevisionFew LLC,retail,32,3491,487395916.83,64091995.12,475824127.12,141485935.02,1.3156,0.847,0.4232,8.3793,North America,Canada
COMP_003954,Nelson Group,healthcare,23,229,139782239.11,22567862.15,166041661.04,65097380.66,3.6013,2.5464,0.6449,12.4665,Europe,France
COMP_003955,RecentlyHome LLC,hospitality,5,179,47063567.54,933051.86,92526463.27,35063953.47,1.7453,1.3211,0.6102,1.343,Asia Pacific,Japan
COMP_003956,"Lindsey, Mccormick and Hensley",healthcare,18,2236,869067476.33,96491681.85,565851105.01,210876735.54,2.503,1.4412,0.5941,9.3092,North America,Canada
COMP_003957,Spence & Strickland and Sons,construction,47,4041,463599579.99,16759147.3,257067638.81,65777539.97,1.7757,1.5234,0.3439,5.3829,Asia Pacific,Australia
COMP_003958,Flores & Myers Ltd,retail,42,857,210974436.64,34202857.27,121615198.69,52698940.46,2.3432,1.188,0.7647,15.412,Asia Pacific,Singapore
COMP_003959,Robles Group,technology,43,80,26260613.66,658336.93,17421706.84,5640262.69,3.0798,1.6931,0.4787,2.748,North America,Canada
COMP_003960,TeacherAudience Inc,technology,12,175,20656525.01,1806433.41,11897510.36,4519115.31,3.5262,2.9024,0.6125,8.4302,Latin America,Brazil
COMP_003961,Lane & Moyer LLC,technology,17,1134,287400983.17,41953709.39,399605190.6,192310733.26,3.463,2.1913,0.9277,7.7182,Asia Pacific,Australia
COMP_003962,Thomas & Morris and Sons,manufacturing,27,4128,791861266.7,112593814.24,533113580.96,190394426.71,2.7266,1.4205,0.5555,9.5903,Europe,Switzerland
COMP_003963,Saunders LLC,financial_services,24,1137,152975613.61,5975497.23,100936023.99,35423542.36,2.7977,1.8849,0.5407,5.3518,Latin America,Brazil
COMP_003964,Flores Group,manufacturing,30,9506,1170672260.7,74712843.1,2266080175.66,771740398.09,1.7789,1.387,0.5164,3.851,Asia Pacific,Japan
COMP_003965,Steele-Gutierrez,retail,28,10,7628663.22,620066.75,7899571.28,2020728.01,2.873,2.3113,0.3437,5.8973,Europe,Netherlands
COMP_003966,StudentProvide LLC,manufacturing,35,10748,1576870196.72,222947477.41,1157112757.35,345523780.86,1.5815,0.9551,0.4257,14.4276,Europe,Switzerland
COMP_003967,Pham Ltd,professional_services,20,197,30990065.86,2519371.54,16687873.77,7023497.64,1.485,0.7804,0.7267,7.7737,Asia Pacific,Australia
COMP_003968,Dorsey & Reyes PLC,transportation,23,140,49855422.98,4293113.66,51290166.77,14974981.2,3.4596,2.8511,0.4124,5.5506,Asia Pacific,Hong Kong
COMP_003969,Ryan-Vasquez,construction,32,894,296234349.39,25957009.07,290259435.19,111837116.04,1.6411,1.3032,0.6268,7.6948,North America,United States
COMP_003970,NotTerm and Sons,energy,14,28381,4006959923.61,447165408.88,2635420978.74,981202139.87,1.1642,0.7159,0.5932,9.3314,Asia Pacific,Singapore
COMP_003971,IfBecause PLC,transportation,19,2295,974062409.22,107246169.48,755341026.09,341577130.51,2.7763,2.3716,0.8255,5.0229,Europe,France
COMP_003972,SeniorKnow PLC,retail,3,753,273010933.93,23719229.63,346267544.81,172361140.59,1.4082,1.1297,0.9911,4.3867,North America,Canada
COMP_003973,ParticipantStandard Ltd,construction,27,738,141243394.61,24224255.78,265556002.04,130549847.18,3.7652,2.9726,0.967,4.1157,Europe,France
COMP_003974,Shepherd and Sons,transportation,50,1863,712344475.99,52755433.46,387734817.32,95188604.93,1.1728,1.0133,0.3254,18.2346,North America,United States
COMP_003975,ScientistBegin and Sons,manufacturing,14,3301,550269085.06,56859733.4,283386045.27,89332432.39,1.225,1.0109,0.4603,11.5308,Europe,Germany
COMP_003976,Ward & Harris Inc,healthcare,17,3055,904722074.95,151513695.11,475364295.66,189572309.06,1.6409,0.9078,0.6633,12.9936,North America,Canada
COMP_003977,HimOpen Group,transportation,7,2709,380974750.8,22808363.78,687031290.75,312230508.84,2.9132,1.9143,0.8331,2.2538,North America,United States
COMP_003978,Rosario Inc,professional_services,7,261,55211922.0,2441704.22,48684516.62,21643656.19,1.3597,0.775,0.8004,2.6304,Asia Pacific,Singapore
COMP_003979,Brown & Bailey and Sons,retail,13,87,27185405.7,3263313.65,15680814.23,7739249.9,1.451,0.7459,0.9745,6.6394,North America,Canada
COMP_003980,Phillips & Thomas PLC,hospitality,7,90,85798126.35,5324606.38,84856082.08,31936592.08,3.2348,2.8328,0.6035,3.4827,Europe,Netherlands
COMP_003981,Sanchez-Carey,retail,22,463,416517042.75,37904083.43,781675133.39,356670491.39,1.7056,1.2775,0.8392,2.5766,North America,Canada
COMP_003982,Burgess Inc,transportation,37,4892,807592317.31,144258001.69,596336960.24,258896707.55,1.6615,1.1794,0.7672,16.7628,North America,Canada
COMP_003983,SafeScore and Sons,financial_services,25,2278,1129349608.68,47842335.46,1325957381.08,598033965.29,2.7521,2.1049,0.8216,3.4309,Asia Pacific,Singapore
COMP_003984,Quinn-Horton,hospitality,49,254,45989735.13,3948067.07,55636121.02,29767836.54,2.3358,1.4793,1.1507,4.4564,North America,United States
COMP_003985,Coleman Inc,construction,28,1005,409566129.55,41879414.86,238963038.59,128865612.48,2.0953,1.4997,1.1705,5.7137,North America,Canada
COMP_003986,ScienceBorn Ltd,technology,46,4379,465268811.66,59886669.39,420049070.48,216843729.76,3.1979,1.9887,1.0671,5.6802,Europe,Switzerland
COMP_003987,"Jones, Monroe and Harrell",financial_services,48,1931,485850997.15,26891036.12,921378837.84,325406411.19,2.4565,1.8797,0.546,2.1508,Europe,Netherlands
COMP_003988,Johnson & Diaz Inc,technology,36,639,225579261.07,37812546.4,171063276.09,72706858.18,1.9857,1.2971,0.7392,10.7688,Asia Pacific,Singapore
COMP_003989,Sanchez Inc,retail,7,819,170052230.92,8636127.14,185888665.39,85391899.73,2.6873,1.5251,0.8497,2.7335,Latin America,Brazil
COMP_003990,OutsideTheory Group,professional_services,33,184,87133501.32,3552246.79,153738398.15,50304985.69,2.9084,2.4696,0.4864,2.1608,North America,Canada
COMP_003991,Cannon Group,healthcare,19,857,88107290.11,2108149.76,52403112.92,22488310.02,1.0683,0.568,0.7517,3.1328,Asia Pacific,Australia
COMP_003992,Manning & Adkins Ltd,retail,27,820,107140719.39,6827719.15,58434499.55,17236014.97,2.2181,1.5103,0.4184,9.5158,Europe,Switzerland
COMP_003993,FirmMany Group,financial_services,22,27748,3764817004.56,214796276.25,1989565779.58,730782946.61,3.4631,1.9068,0.5805,10.5698,Latin America,Mexico
COMP_003994,"Rogers, Harrington and Dominguez",manufacturing,24,912,112074759.47,14450971.73,59184548.36,27448270.16,3.3924,2.7888,0.8649,11.5884,Europe,Netherlands
COMP_003995,Mitchell & Moore Ltd,hospitality,12,932,99014540.76,2316003.74,153072906.69,82146001.41,1.2091,0.6782,1.1582,1.5153,Latin America,Brazil
COMP_003996,Johnson and Sons,hospitality,3,286,88979299.9,7553323.81,72204381.97,30007932.82,2.2337,1.8693,0.7111,5.0475,Latin America,Chile
COMP_003997,"Martin, Sanders and Henderson",energy,40,18540,3377291730.94,121838545.81,2805592229.15,1256359879.98,1.7142,1.1587,0.811,3.7761,Europe,Germany
COMP_003998,Spencer-Gallegos,technology,35,1029,197891585.34,16766780.81,205586736.08,91916737.33,2.3777,1.644,0.8086,4.8425,Asia Pacific,Australia
COMP_003999,"Shaw, Fletcher and Henderson",manufacturing,3,9809,1064581767.99,99798200.77,1080797991.51,487977716.47,0.893,0.5179,0.8231,3.7196,Latin America,Chile
COMP_004000,CloseExpert Inc,financial_services,29,2479,815223118.36,116662514.11,434947598.93,113733539.13,3.6825,2.1887,0.3541,14.4131,Latin America,Chile
COMP_004001,NearlyHuge and Sons,hospitality,49,1144,114827179.78,16899986.95,120654343.17,34401570.35,2.9162,1.6885,0.3988,11.3037,North America,United States
COMP_004002,"Lewis, Montgomery and Robinson",professional_services,8,371,80640516.77,4031716.62,78013449.46,36704407.14,1.7402,1.4679,0.8885,2.6505,North America,United States
COMP_004003,CreateTest Ltd,retail,22,3225,380560143.04,14088805.66,201176434.94,69193186.8,1.5655,1.2555,0.5243,6.3912,Asia Pacific,Australia
COMP_004004,Daugherty & Jacobs Inc,manufacturing,46,1881,316260810.34,36974532.13,192446235.35,81173889.74,3.0764,2.2717,0.7295,10.2421,Latin America,Mexico
COMP_004005,Velasquez Group,energy,12,14378,1535032223.93,56684655.36,1087798776.17,313337557.78,2.718,1.6789,0.4046,3.2427,Europe,Germany
COMP_004006,Woods & Delgado Group,energy,18,12501,2718334959.06,79834995.75,2824959289.72,1642053673.5,2.4215,1.2188,1.3882,1.7847,North America,United States
COMP_004007,Wilcox & Martin LLC,transportation,41,2446,367463979.08,10019199.12,468489936.69,152816580.98,1.369,0.7405,0.4841,3.0654,Latin America,Chile
COMP_004008,"Coleman, Nelson and Garcia",construction,20,585,207185512.8,10374306.78,109111464.45,51687616.19,1.5762,1.339,0.9001,3.4991,Asia Pacific,Singapore
COMP_004009,Morrison-Bradford,construction,33,2172,341450122.33,42704565.5,206725523.32,90046474.07,2.2798,1.741,0.7717,10.6339,Europe,Netherlands
COMP_004010,Johnson LLC,retail,1,255,30226855.22,3370930.38,47714462.98,22126308.61,1.3046,0.9071,0.8647,3.3108,Europe,United Kingdom
COMP_004011,Weaver Inc,manufacturing,42,164,78998681.41,13603555.66,52685703.65,20803691.41,2.7647,1.8079,0.6525,15.6272,North America,Canada
COMP_004012,Harper LLC,energy,28,4989,3949510101.29,680648447.55,2012994271.94,959162083.91,3.3172,2.3814,0.9102,12.926,Europe,Netherlands
COMP_004013,CupOk and Sons,hospitality,12,620,139735574.74,18788804.71,71438095.83,33149640.17,1.7575,1.1628,0.8658,13.334,North America,Canada
COMP_004014,Little Inc,professional_services,11,95,19746816.62,2027958.03,25155665.39,14611252.13,3.375,2.2974,1.3857,3.4794,Asia Pacific,Japan
COMP_004015,Allen & Miller PLC,retail,4,853,321469231.67,35591958.21,176857160.44,77058928.08,2.5642,2.2623,0.7721,8.0379,North America,United States
COMP_004016,Cunningham & Elliott Group,transportation,14,1936,267229856.56,6692002.32,151450604.04,49545922.0,1.5919,1.1322,0.4862,2.8539,Asia Pacific,Japan
COMP_004017,AnswerAnything LLC,professional_services,41,267,88665567.83,4258865.86,45972678.37,17869723.52,1.4609,0.7572,0.6359,6.8724,Europe,Germany
COMP_004018,Harding Inc,healthcare,7,7540,896211494.55,93372709.22,462928582.23,270176893.04,3.2953,2.4155,1.4017,6.0586,Europe,Switzerland
COMP_004019,Walton-Benjamin,professional_services,11,65,30080076.83,2364654.45,15139195.01,6765532.54,2.0536,1.465,0.808,10.1985,Asia Pacific,Australia
COMP_004020,"Lee, Walton and Swanson",construction,22,996,118846908.21,4781458.71,134503341.06,43480875.63,2.4957,1.5861,0.4777,3.3352,Latin America,Brazil
COMP_004021,Dickson Ltd,hospitality,5,120,82849490.44,4490664.77,54708922.99,38379439.82,2.3641,1.9475,2.3503,2.7763,Latin America,Brazil
COMP_004022,Leonard LLC,healthcare,14,1904,244328927.25,5623868.41,481852912.99,181167047.64,3.4226,2.0104,0.6025,1.7786,North America,United States
COMP_004023,InvolveWatch Ltd,transportation,38,5953,675660004.86,59453286.06,367359296.18,90651844.99,2.0056,1.0038,0.3276,13.6188,Asia Pacific,Japan
COMP_004024,Gordon PLC,retail,11,3249,413380212.91,32606994.85,237756217.87,124944199.47,2.3939,2.0461,1.1075,4.1925,Asia Pacific,Singapore
COMP_004025,Johnson Group,construction,6,3212,338180604.8,33490394.19,243671590.04,181999955.48,3.1778,2.6171,2.9511,5.0389,Asia Pacific,Japan
COMP_004026,Willis-Christian,retail,9,1314,412526522.73,20726601.93,629187273.03,318322174.48,3.3524,2.6633,1.024,2.2686,North America,United States
COMP_004027,Martin-Fleming,manufacturing,12,3319,800014402.79,61462168.4,501875123.91,260360869.71,1.2612,0.7952,1.078,6.0682,Europe,Switzerland
COMP_004028,Miller & Garrett Ltd,retail,21,156,79845851.41,8057939.12,130914821.26,64889834.3,2.2165,1.8063,0.9828,3.802,Asia Pacific,Hong Kong
COMP_004029,Hall and Sons,manufacturing,44,10595,1478522385.32,245526316.29,2514276461.9,1328916107.35,3.2595,2.7867,1.1211,3.6399,Asia Pacific,Singapore
COMP_004030,"Pena, Mack and Martin",hospitality,24,655,72734426.52,7709968.4,38821714.05,19586526.52,1.1921,0.7321,1.0183,13.0702,Asia Pacific,Australia
COMP_004031,Stuart PLC,hospitality,11,410,134582894.22,11851233.71,257762910.38,155059783.74,3.3972,2.4295,1.5098,2.1322,Asia Pacific,Hong Kong
COMP_004032,"Franklin, Mills and Mack",construction,32,780,138968751.28,21046007.08,127165492.74,36333100.19,1.3119,0.9504,0.4,15.8627,Asia Pacific,Hong Kong
COMP_004033,West and Sons,healthcare,35,838,85823486.63,3086828.25,60289336.3,30747577.03,2.5609,1.5951,1.0408,2.5591,North America,Canada
COMP_004034,Morgan & Ward Group,financial_services,31,36106,4962983159.48,299191955.44,9876351055.66,4352187818.02,1.1276,1.0139,0.7878,2.6359,North America,United States
COMP_004035,AmongVote Ltd,financial_services,41,5242,789445524.57,128055728.29,1236337371.62,589264680.48,3.1506,1.6016,0.9107,4.1189,Latin America,Chile
COMP_004036,Schroeder & Hughes and Sons,manufacturing,21,11335,1976957777.99,220962656.81,2377301499.38,1011506792.68,3.4321,1.7376,0.7406,7.8687,Latin America,Mexico
COMP_004037,"Lawson, Rubio and Bradley",retail,18,3901,488685406.42,37845283.5,825800076.75,236956311.79,2.0331,1.5587,0.4024,4.8198,North America,Canada
COMP_004038,Gamble Inc,healthcare,31,6488,794849013.39,19591568.37,511399645.69,140126565.47,2.9999,1.9823,0.3774,3.2385,Asia Pacific,Australia
COMP_004039,SupportAdministration and Sons,professional_services,34,149,66112584.73,6627440.42,50997200.53,24778490.58,3.6673,3.1324,0.9451,5.8249,Latin America,Chile
COMP_004040,Miranda & Collins Inc,financial_services,17,13567,2893257180.75,89871877.89,2742879289.21,841821062.12,3.5549,2.4863,0.4428,2.8452,Europe,Switzerland
COMP_004041,Porter & Gibson and Sons,construction,10,2295,433720264.96,10117918.29,221514480.31,73044903.51,0.9393,0.718,0.492,4.246,Asia Pacific,Japan
COMP_004042,Villa & Martin LLC,retail,5,1221,146140881.77,17921324.7,269202366.03,140821802.35,2.5126,1.6486,1.0969,2.613,Latin America,Brazil
COMP_004043,PartHimself LLC,healthcare,45,2508,470342806.42,51316761.5,450292618.91,188009151.25,1.6562,1.0572,0.7168,4.634,North America,Canada
COMP_004044,BehindAvoid and Sons,transportation,6,4440,623196069.67,73103720.73,365287337.58,249599121.41,1.6337,1.4451,2.1575,7.1151,Asia Pacific,Japan
COMP_004045,Page Group,construction,25,242,208539285.56,18655204.58,324478220.39,125470351.26,3.3071,1.8019,0.6305,5.2004,North America,Canada
COMP_004046,EveningMaterial LLC,energy,41,18306,4303490218.2,456724267.18,3187590256.69,1545551226.99,2.6693,1.8584,0.9412,5.8422,Latin America,Brazil
COMP_004047,Santos-Taylor,manufacturing,23,5714,667266488.33,63941909.04,1080992963.66,269219897.08,3.0774,2.5809,0.3316,4.0908,Asia Pacific,Japan
COMP_004048,Martinez & Carroll Inc,healthcare,33,5428,566410657.6,51687163.92,345372610.17,159280134.96,2.5173,2.2215,0.8559,5.9286,Europe,France
COMP_004049,Cox & Mitchell Group,professional_services,39,252,85132165.54,13653346.22,48332681.56,19954609.99,1.6603,1.3789,0.7032,19.9804,North America,United States
COMP_004050,Vincent Ltd,technology,37,916,101562660.63,2654412.76,198738605.14,63423242.07,3.7064,3.1504,0.4687,1.8098,North America,United States
COMP_004051,Anderson & Richardson PLC,energy,28,60715,9347608735.6,709681924.71,18672546617.51,9465288019.88,2.3273,1.6184,1.028,2.3051,North America,Canada
COMP_004052,Brooks-Fleming,transportation,48,5478,692196777.21,81603550.69,1356170119.46,495125967.54,2.1695,1.83,0.575,3.4976,North America,United States
COMP_004053,"Cole, Rich and Esparza",financial_services,34,29016,4118133331.27,583339454.62,5269330547.85,1489039926.56,2.7181,2.3906,0.3939,12.6105,Latin America,Mexico
COMP_004054,AndPressure Ltd,healthcare,30,3688,558409739.17,93298830.37,470619876.19,140842028.62,2.2156,1.9257,0.4271,12.2381,Europe,Netherlands
COMP_004055,Brown & Gibbs Ltd,financial_services,46,15408,3899788340.11,422268323.2,2744070021.34,1470940832.52,2.5964,1.3895,1.1554,5.4817,Europe,France
COMP_004056,TendOption Inc,transportation,49,64,26038393.37,3966216.85,47071199.31,11872071.0,2.565,2.2823,0.3373,8.0596,Asia Pacific,Hong Kong
COMP_004057,ClearTonight Inc,hospitality,6,925,163857704.53,13665631.13,84957426.04,59416623.72,2.9698,2.6487,2.3263,5.1889,Latin America,Mexico
COMP_004058,Roberts and Sons,technology,7,186,21029290.68,975430.25,15451684.21,10941967.46,1.3724,0.9394,2.4263,2.6286,North America,Canada
COMP_004059,Hudson Inc,healthcare,16,6209,890463809.48,55792832.27,620476554.73,307146741.6,2.4596,1.5344,0.9803,4.3083,Europe,Switzerland
COMP_004060,Walker & Sawyer Ltd,financial_services,2,23286,4959894108.72,241998782.41,6480571585.6,3682822307.95,1.8153,1.436,1.3164,2.0781,Europe,Germany
COMP_004061,Davis & Owens Ltd,transportation,15,2914,301126787.56,16640895.1,240453970.28,114304237.17,1.6319,1.0239,0.9061,4.2058,Asia Pacific,Australia
COMP_004062,Nichols & Cardenas Inc,healthcare,48,1761,214266963.5,36617614.52,380585706.02,202822433.89,1.9606,1.7318,1.141,4.6257,Latin America,Mexico
COMP_004063,Miller Ltd,technology,31,1919,382916318.57,43016408.26,759040423.96,332858420.74,3.0279,2.3874,0.781,3.3057,Asia Pacific,Hong Kong
COMP_004064,Lowery Group,transportation,2,1391,260496077.51,21349979.98,246137017.15,96239637.46,0.9138,0.7182,0.642,5.7566,Europe,France
COMP_004065,Tate and Sons,manufacturing,5,2095,1732469142.51,42688138.03,869158244.87,526161211.72,0.9396,0.6678,1.534,2.8177,Asia Pacific,Singapore
COMP_004066,Murphy-Stewart,financial_services,20,4742,523184534.87,34934295.61,514654290.32,263741181.91,3.4234,2.2351,1.0511,4.3384,Asia Pacific,Hong Kong
COMP_004067,PmMention and Sons,energy,28,9519,1303254203.97,62741326.03,713554157.08,369989335.61,1.1022,0.6012,1.0769,4.7165,Europe,Switzerland
COMP_004068,Park & Alvarez LLC,retail,30,510,489617474.44,13984030.88,302901215.88,134931037.49,3.0673,2.3955,0.8033,4.4731,Latin America,Brazil
COMP_004069,LookAmerican PLC,manufacturing,47,7327,1350939407.56,91270317.55,685559238.67,206939742.96,3.2596,1.9263,0.4324,9.448,Asia Pacific,Hong Kong
COMP_004070,Moore Group,construction,25,4154,424209176.09,67447412.32,429457309.38,217237726.33,1.833,1.626,1.0236,7.8626,Latin America,Chile
COMP_004071,ChildPush and Sons,transportation,29,2779,331086083.58,26488313.44,183698356.84,99068810.53,2.2904,1.4608,1.1706,6.7962,Asia Pacific,Hong Kong
COMP_004072,Flores & Johnson PLC,healthcare,50,3110,678101330.77,89850351.01,881534088.62,250368581.34,2.664,1.6148,0.3967,7.1572,Asia Pacific,Japan
COMP_004073,Brown-Stokes,manufacturing,43,4130,1192541236.34,125615135.46,607497201.41,186195473.03,1.3485,0.9713,0.442,13.4444,Asia Pacific,Japan
COMP_004074,Irwin-Lewis,transportation,29,974,607118618.92,43038549.09,317672969.91,155284213.49,2.7108,2.0699,0.9562,9.3712,North America,United States
COMP_004075,DevelopmentTrip Inc,manufacturing,32,9589,1368239594.48,136668494.06,1011423412.29,378086788.57,1.1966,0.7945,0.597,7.463,Latin America,Mexico
COMP_004076,SonReturn Group,manufacturing,1,5367,1154964754.53,59633708.23,743049895.93,496155587.68,2.6907,1.8519,2.0096,2.4945,Europe,United Kingdom
COMP_004077,Nelson & Reid Inc,construction,22,1610,217385872.8,8359001.56,137425457.17,70694151.05,3.2476,2.0735,1.0594,4.2733,North America,United States
COMP_004078,Jones Group,professional_services,33,137,27954308.09,3468999.01,22793323.48,5812457.67,3.1814,2.522,0.3423,10.4372,North America,Canada
COMP_004079,Miller & Russo Group,technology,7,2779,384522084.13,30448202.51,226216623.64,142719547.39,2.2616,1.6863,1.7093,4.8564,Asia Pacific,Singapore
COMP_004080,Savage & Warren Ltd,manufacturing,25,2785,460282135.71,33179810.72,286432510.14,92846546.94,2.1435,1.8439,0.4796,8.7207,Asia Pacific,Hong Kong
COMP_004081,Orozco and Sons,energy,8,47688,6938925346.24,461770301.0,8089909016.94,2543183101.0,2.9072,1.6386,0.4585,3.5343,North America,United States
COMP_004082,Davis Group,technology,10,497,117433078.5,3604524.01,128057662.29,64993892.03,1.0006,0.8064,1.0306,1.9556,Asia Pacific,Singapore
COMP_004083,GuessSome LLC,retail,19,1486,313414424.64,40409117.42,379945073.33,163304809.84,1.6751,1.2439,0.7538,7.4762,North America,United States
COMP_004084,Gonzalez Group,professional_services,34,463,74834287.58,4702489.96,54171501.94,24115154.24,2.5397,1.6661,0.8023,4.5964,Europe,Germany
COMP_004085,MeetMay PLC,energy,33,10087,2226203194.62,148195649.65,2220973325.49,633723707.6,1.3461,1.0219,0.3993,5.4365,Asia Pacific,Singapore
COMP_004086,Barker and Sons,energy,37,1800,646435843.57,70152495.22,454684847.62,113359086.55,1.2153,0.8017,0.3321,9.7869,Latin America,Chile
COMP_004087,SameLeave LLC,construction,10,689,69832002.78,9765951.96,61335102.28,28348661.29,3.4115,2.3908,0.8594,7.1134,Latin America,Brazil
COMP_004088,Gaines & Hudson Inc,financial_services,25,15554,3033924866.68,502526383.6,1552038798.29,413267822.51,3.1217,2.4154,0.3629,18.4873,North America,United States
COMP_004089,OptionStay PLC,professional_services,3,578,85019917.42,7059887.8,133244960.31,50429441.17,1.1542,0.6609,0.6089,3.0076,North America,United States
COMP_004090,Miller Ltd,healthcare,14,53,49771837.13,3753433.0,54198080.32,21434894.5,3.2047,2.519,0.6542,3.6254,Europe,Netherlands
COMP_004091,"Jensen, Morris and Downs",transportation,31,5777,736809746.45,60417727.89,518247400.72,248908531.6,1.6281,0.9172,0.9241,4.4735,Europe,France
COMP_004092,Mcmillan & Newton Ltd,hospitality,48,550,68922410.54,4739225.41,92994289.23,36236611.98,1.7738,1.2643,0.6384,3.7575,Europe,United Kingdom
COMP_004093,SignificantFree Inc,manufacturing,14,1439,962271456.14,153777718.88,730577394.99,380160305.97,1.9103,1.1519,1.0849,8.7039,Latin America,Brazil
COMP_004094,Hernandez Group,hospitality,22,639,185843050.42,20059462.55,301822207.31,113275295.45,3.1668,2.5487,0.6008,3.9904,Europe,Germany
COMP_004095,Peck Group,manufacturing,44,797,670623294.42,85697145.77,1081835382.57,382783908.66,3.8441,3.3706,0.5476,5.0717,Europe,Germany
COMP_004096,TreatmentFree Inc,financial_services,8,7655,2332031300.36,81913290.25,1402025396.02,629813292.38,0.9471,0.6298,0.8156,2.7136,Europe,France
COMP_004097,Conner & Craig LLC,financial_services,48,665,78275249.66,11961450.85,65048068.94,29226594.25,3.7964,2.0036,0.8159,10.6993,Latin America,Chile
COMP_004098,NearSeven Inc,healthcare,44,496,86190726.4,2626475.26,90944983.87,33095364.73,1.8856,1.3964,0.5721,2.2862,Asia Pacific,Hong Kong
COMP_004099,Mcneil & Harding and Sons,hospitality,14,230,52459726.64,6353286.23,30656995.87,17490317.2,1.0068,0.8485,1.3284,7.2291,Latin America,Brazil
COMP_004100,"Cole, Montes and Davis",transportation,23,223,37573718.41,1103786.75,48111496.42,21305230.14,2.773,1.8178,0.7948,2.4196,Europe,Germany
COMP_004101,DiscoverSkill and Sons,manufacturing,34,1743,1266436898.84,218947439.48,958675668.13,379977521.96,2.2832,1.5199,0.6566,9.7275,Asia Pacific,Hong Kong
COMP_004102,Fisher & Payne and Sons,professional_services,46,176,42926636.5,5185442.3,26960200.46,12365213.58,1.3746,1.1391,0.8472,7.7674,Europe,Germany
COMP_004103,Burke and Sons,retail,38,2652,274976310.96,20897209.86,509281595.71,134147808.51,1.2611,0.6914,0.3576,3.0347,North America,United States
COMP_004104,Bailey and Sons,hospitality,9,353,35754789.99,1515171.57,18037794.38,8161187.19,1.2357,0.7003,0.8263,4.146,Asia Pacific,Hong Kong
COMP_004105,Bonilla & Ray Inc,hospitality,37,525,59890473.86,6373594.79,63903708.42,23168362.86,3.469,1.8962,0.5688,4.9424,Asia Pacific,Hong Kong
COMP_004106,Cervantes-Smith,financial_services,30,13016,3322484129.52,507053822.3,1800422278.55,785761429.65,1.3249,0.727,0.7744,12.8992,Latin America,Mexico
COMP_004107,WatchFood PLC,hospitality,34,227,193095242.0,23599239.62,153984914.4,59723887.97,2.2687,1.1695,0.6336,8.5894,North America,Canada
COMP_004108,TellTrip Inc,technology,10,62,26157970.03,2865175.07,14142768.99,6167779.53,1.9166,1.6999,0.7734,12.7213,North America,Canada
COMP_004109,"Porter, Duarte and Gutierrez",healthcare,43,4224,890932399.25,156275433.07,780699391.77,390635340.15,3.2649,2.4626,1.0015,9.9132,Latin America,Chile
COMP_004110,Bell PLC,construction,50,335,290556194.65,35777516.77,194977242.31,91196523.91,2.2176,1.8689,0.8787,11.7623,Asia Pacific,Japan
COMP_004111,Simmons & Dickson LLC,healthcare,14,3152,566099968.92,72636221.79,291075679.17,108518245.51,2.1588,1.3136,0.5944,10.8597,Latin America,Brazil
COMP_004112,Wilson & Thompson Group,retail,12,2219,251138710.53,10224083.06,141836517.55,92129943.82,2.7226,2.1125,1.8535,3.6672,Europe,Germany
COMP_004113,Brooks PLC,retail,18,50,36558254.78,2664694.0,54288319.34,18714099.9,2.3312,1.5431,0.5261,3.8817,Latin America,Brazil
COMP_004114,Larson & Daniels Group,technology,2,356,45848549.02,5212099.88,32803213.64,24390414.39,1.1018,0.9463,2.8992,6.6965,Latin America,Chile
COMP_004115,FeelThrough Ltd,retail,20,2901,301254178.82,31113375.77,220400856.13,73008898.68,1.4072,1.2499,0.4953,7.8172,Europe,United Kingdom
COMP_004116,Barker & Kim LLC,energy,44,19211,3442537785.78,364939846.14,2337494136.0,937522285.44,2.0997,1.6985,0.6697,8.1775,Europe,United Kingdom
COMP_004117,Park & Pace Inc,hospitality,9,357,183536345.25,25523557.56,148395387.1,85689637.94,2.2501,1.3722,1.3665,7.2017,Asia Pacific,Japan
COMP_004118,BeginSure Inc,hospitality,6,783,81911516.93,3902963.54,77988407.0,58554246.88,2.4938,2.0974,3.013,2.0836,Europe,Germany
COMP_004119,BehindRate Inc,energy,30,2102,1475650514.09,45989762.51,1224703707.42,611338786.94,3.7903,2.5756,0.9967,2.9641,North America,United States
COMP_004120,Jensen & Jenkins Group,retail,26,3187,357929979.08,11059545.86,380058386.2,179299947.34,2.6558,1.416,0.8931,2.0429,North America,United States
COMP_004121,"Walton, Ho and Garcia",transportation,30,613,300419887.23,21904775.41,169348577.03,90730710.69,2.7499,2.1489,1.1541,4.5517,North America,Canada
COMP_004122,Wallace PLC,professional_services,25,326,52784295.58,1354809.16,27007137.19,9802274.68,3.5106,1.8962,0.5697,3.0908,Europe,Switzerland
COMP_004123,SureAlone Ltd,technology,31,972,349218559.97,25444450.2,304686083.86,94513526.8,2.6476,1.5753,0.4497,5.4718,Europe,Netherlands
COMP_004124,FigureTogether Group,professional_services,9,440,90076279.06,7521665.97,64914570.45,46044207.95,1.1438,0.8858,2.44,5.5272,Latin America,Chile
COMP_004125,Lewis & Frank PLC,energy,43,63171,7932302388.28,530497991.87,5718244612.67,2071463089.14,1.8401,1.4236,0.568,7.5964,Europe,France
COMP_004126,James and Sons,technology,1,2606,338504172.87,12701625.56,193470316.99,117316390.61,2.2944,1.797,1.5405,2.5197,Europe,France
COMP_004127,Gates & Sampson LLC,technology,33,2558,340136958.02,35634925.64,192797442.18,64179072.83,2.6345,1.893,0.499,8.457,Europe,Netherlands
COMP_004128,Gutierrez-Hoover,transportation,29,4235,946465397.59,97436307.2,1161932211.8,296370083.27,2.7072,2.096,0.3424,5.5184,North America,United States
COMP_004129,ScoreStill Ltd,healthcare,32,477,299344977.01,28287858.19,467220153.12,113144531.47,1.8536,1.0562,0.3195,4.1932,Europe,Netherlands
COMP_004130,Foster LLC,energy,30,474,61065337.25,8675540.61,68415359.84,26790914.35,2.7942,1.9581,0.6436,6.0302,North America,United States
COMP_004131,Casey & Romero LLC,retail,16,253,137433370.58,4258731.06,78208237.77,38215742.12,2.9601,1.8072,0.9556,2.7496,North America,United States
COMP_004132,"Baker, Roberson and Pope",professional_services,11,79,22180192.27,772886.93,14878528.89,7632097.52,2.7942,1.4843,1.0532,3.8076,Europe,France
COMP_004133,Perry & Allen Group,construction,19,3038,332608119.63,24294150.23,542369577.74,263542612.38,3.1246,2.7121,0.9452,2.8258,North America,Canada
COMP_004134,Johnson Inc,retail,26,1790,317588376.68,54392000.98,221848213.73,84701902.73,2.4339,1.2603,0.6176,9.2233,North America,Canada
COMP_004135,Gibbs PLC,professional_services,12,285,59549407.58,6853003.56,42130308.08,12375142.44,2.2703,1.3388,0.4159,8.3325,Latin America,Mexico
COMP_004136,Wilkins & Greene LLC,hospitality,41,32,4232445.2,631955.73,3087178.33,1277797.45,1.2416,0.808,0.7062,10.8263,North America,Canada
COMP_004137,Haley Group,transportation,29,3174,731490273.91,94474073.24,483595778.07,193804300.99,2.8534,2.2211,0.6688,10.9631,Asia Pacific,Hong Kong
COMP_004138,EffortOnly Group,transportation,43,3012,330295108.36,57057052.71,235808054.02,125234587.84,2.4427,1.6927,1.1326,8.1703,North America,United States
COMP_004139,DataPractice Ltd,technology,47,1733,332862938.51,50307000.71,258691619.85,77991718.57,3.1307,2.5425,0.4316,16.6101,Europe,France
COMP_004140,Long Inc,healthcare,43,4783,558795536.36,76078830.17,485484696.48,203886387.91,2.1964,1.395,0.724,12.341,Asia Pacific,Singapore
COMP_004141,Solis & Lane and Sons,energy,10,20913,3460172708.01,105799807.78,2908039926.72,1893532238.17,1.4516,0.7645,1.8665,2.4216,Latin America,Chile
COMP_004142,Ayers & Myers Ltd,hospitality,34,127,27780677.15,4511948.19,14068270.29,7802526.1,3.2586,2.8577,1.2453,10.8584,Asia Pacific,Hong Kong
COMP_004143,Thompson LLC,technology,33,103,48115029.93,5077537.29,58467809.87,29265810.06,1.1312,0.8364,1.0022,3.7628,North America,Canada
COMP_004144,"Moore, Hall and Mckinney",energy,48,48868,8323607414.47,565985693.77,5016051877.73,1675123961.26,1.2652,1.0509,0.5014,8.5636,North America,Canada
COMP_004145,CardMother Inc,transportation,8,2590,919213566.66,30474638.27,792583749.88,501591244.58,1.6183,1.1512,1.7237,2.3606,Europe,France
COMP_004146,"Ray, Myers and Gill",technology,40,1804,325244235.34,20521413.92,288765817.28,82358426.63,3.0304,2.3566,0.399,6.0067,Asia Pacific,Japan
COMP_004147,Rangel PLC,manufacturing,36,336,215833888.57,27561495.67,368814646.09,193602074.27,1.7453,1.464,1.105,4.0699,Latin America,Mexico
COMP_004148,Moore LLC,hospitality,30,671,81003416.16,3444908.02,121480794.17,39564388.44,1.9941,1.4837,0.483,2.1055,North America,Canada
COMP_004149,Harris Inc,manufacturing,12,12871,1460589008.21,45935060.79,2223280947.51,1114347991.43,2.6258,1.3469,1.0049,2.466,Latin America,Brazil
COMP_004150,Johnson Inc,transportation,16,2893,782022675.17,51148188.49,409991332.03,177867028.96,2.92,2.5244,0.7663,7.6784,Asia Pacific,Singapore
COMP_004151,"Carrillo, Hernandez and Montgomery",manufacturing,16,1692,245255058.36,36181378.65,129053936.28,49527461.95,2.5934,1.7272,0.6228,10.1233,North America,Canada
COMP_004152,OfWife Inc,retail,2,6,2015297.99,185761.65,1878592.45,856582.63,1.7577,1.0952,0.8381,5.1466,Latin America,Mexico
COMP_004153,"Reyes, Newton and Anderson",manufacturing,21,7016,1427152721.3,222870536.42,2842029050.02,1575727719.71,1.2906,0.8342,1.2444,3.82,Latin America,Chile
COMP_004154,Chavez Ltd,transportation,32,1260,363030214.23,37441062.75,559690530.11,285850079.93,1.7972,1.1207,1.0439,3.69,Asia Pacific,Hong Kong
COMP_004155,Lopez-Delgado,energy,14,24601,2582089249.6,181243134.62,4810517584.82,1358347010.77,1.6747,1.4828,0.3935,2.8295,Asia Pacific,Japan
COMP_004156,DoctorFinish and Sons,retail,39,12,8422939.96,403736.52,5376287.79,2386180.26,2.1955,1.1841,0.798,3.1075,Latin America,Brazil
COMP_004157,Nichols and Sons,professional_services,42,401,54259790.97,6235772.88,30170536.68,11385274.21,3.7672,3.2461,0.6061,13.5452,Asia Pacific,Hong Kong
COMP_004158,"Deleon, Hartman and Townsend",professional_services,11,712,85189498.17,9047720.56,81633668.27,53754871.73,1.1757,0.768,1.9282,5.176,Europe,Germany
COMP_004159,Hopkins LLC,manufacturing,21,18788,1915686976.08,220064618.39,2307935836.63,1197309674.76,2.2655,1.5764,1.078,3.4979,Europe,France
COMP_004160,Miller & Thomas Inc,manufacturing,33,10452,1135832451.72,163572291.32,608969689.66,187447936.69,3.5677,2.3941,0.4447,12.9679,North America,United States
COMP_004161,Little PLC,financial_services,24,21358,2577162025.42,108463320.66,2077004981.87,557821143.63,2.3274,1.2776,0.3672,3.9313,Latin America,Chile
COMP_004162,TrialBoard Inc,transportation,10,269,94205821.63,9390636.87,50284528.3,18089105.58,1.4978,1.3378,0.5619,12.0582,Europe,France
COMP_004163,Stevens PLC,retail,23,2056,275338655.17,25153893.22,175624057.25,72689274.95,2.3568,1.3078,0.7062,8.5379,North America,Canada
COMP_004164,Martinez & Thomas LLC,professional_services,17,223,38307918.36,1461185.58,22666597.01,11034186.84,1.2526,1.0435,0.9486,3.3145,Europe,United Kingdom
COMP_004165,Davis Group,financial_services,19,10831,3039605051.61,251794243.09,4098862984.59,2241706096.47,2.1593,1.4039,1.2071,2.6769,Latin America,Chile
COMP_004166,Kirk and Sons,retail,10,1097,195585721.24,28599247.79,263036565.3,174257943.82,3.3437,2.0092,1.9628,3.1343,Europe,Netherlands
COMP_004167,IncludeBlood Group,manufacturing,22,3172,488195255.67,30860927.48,519128685.85,290580660.19,3.7109,3.01,1.2714,2.3946,Latin America,Mexico
COMP_004168,StuffAge Group,financial_services,30,2167,483876723.39,32977718.84,761509847.89,286147005.14,1.6544,1.0051,0.602,4.8026,Asia Pacific,Japan
COMP_004169,Jones Ltd,manufacturing,49,4801,636687704.73,50023104.39,832390997.81,265492256.93,1.4066,0.8715,0.4683,5.3533,Europe,France
COMP_004170,Jones Ltd,professional_services,38,22,10116161.01,825184.92,5384953.69,2590796.1,2.905,2.154,0.9272,7.0517,Asia Pacific,Hong Kong
COMP_004171,Barnes & Preston Ltd,energy,43,2238,1810124660.7,170646413.19,969316657.83,364003195.39,2.0304,1.5944,0.6013,14.2987,Europe,Germany
COMP_004172,Odonnell & Stokes and Sons,transportation,29,2028,987462796.99,176030308.19,1111291184.66,574631297.19,2.6071,1.7999,1.0708,7.8485,Europe,Netherlands
COMP_004173,Smith-White,hospitality,49,106,89376607.82,11693766.91,58894268.33,14244046.81,3.1892,2.2957,0.319,13.5065,North America,United States
COMP_004174,OurProgram PLC,hospitality,1,728,106842481.53,8517173.47,84020192.03,36978655.19,3.0409,2.2263,0.7861,7.1865,North America,United States
COMP_004175,Bond Inc,manufacturing,13,15059,1748500872.19,190118686.1,1151766058.67,537481912.47,1.1716,0.6091,0.875,10.4937,Europe,Switzerland
COMP_004176,Daugherty & Chaney Group,manufacturing,21,12244,1991182111.98,74785701.53,3805859703.61,1732507721.05,1.52,1.0513,0.8356,1.8625,Asia Pacific,Hong Kong
COMP_004177,Cooley PLC,energy,40,8435,5848008770.98,771019016.1,3635029144.29,1163961125.79,1.6454,1.1065,0.471,21.7692,Europe,France
COMP_004178,OfficeAccept and Sons,transportation,31,3216,814349082.83,101082360.2,1569606658.78,618384918.68,2.5677,1.7878,0.6501,3.1768,Latin America,Chile
COMP_004179,Boyd LLC,construction,1,1587,166835807.05,11739629.81,90859464.85,56267793.81,2.1195,1.7565,1.6266,6.5484,Asia Pacific,Japan
COMP_004180,WithCampaign and Sons,manufacturing,9,2231,618430475.32,63027496.43,488747120.34,332291908.75,3.311,1.684,2.1239,4.2846,Latin America,Chile
COMP_004181,PoliceAll PLC,healthcare,7,2126,405690202.39,46258808.7,610087847.8,450721050.18,3.0672,1.8216,2.8282,3.4601,Latin America,Brazil
COMP_004182,Johnson & Hunt and Sons,professional_services,44,528,67414472.64,10049652.0,40468639.16,19487616.35,1.4575,1.0799,0.9288,10.9635,Europe,France
COMP_004183,DirectionTrial LLC,professional_services,44,492,68378073.08,8976889.87,52138573.8,23530995.7,2.8381,1.5035,0.8225,9.5397,Europe,Switzerland
COMP_004184,Wilson and Sons,professional_services,39,166,31866323.75,4537126.44,32317678.71,12770944.11,3.2926,2.0441,0.6534,6.6502,North America,United States
COMP_004185,Murphy and Sons,professional_services,6,27,13754387.45,1473215.49,8833076.18,6376629.97,1.4288,0.8222,2.5959,5.5023,Asia Pacific,Australia
COMP_004186,Miller Ltd,manufacturing,13,4095,1268468550.37,73335653.24,655032281.6,370250622.46,1.1838,0.7437,1.3001,3.708,Latin America,Mexico
COMP_004187,Case LLC,financial_services,43,4231,650346052.32,38054725.79,542218086.02,195264958.39,1.2239,0.7607,0.5628,3.8722,North America,Canada
COMP_004188,EyeMeet and Sons,professional_services,10,344,58060004.57,6634924.6,53778430.02,30576561.32,1.7696,1.2216,1.3178,6.273,Latin America,Mexico
COMP_004189,Ashley LLC,retail,6,2928,347324219.77,15446586.13,295387289.0,129376061.49,3.2489,2.592,0.7793,2.8636,North America,United States
COMP_004190,Erickson Ltd,construction,16,2460,351802690.72,36320651.23,455849551.62,254768122.88,1.6336,1.068,1.267,3.2627,Asia Pacific,Japan
COMP_004191,Phillips Ltd,professional_services,32,468,75470475.01,7704878.63,50452103.95,25972151.71,1.2261,0.8338,1.061,9.2379,Europe,Netherlands
COMP_004192,Lamb Group,retail,18,2827,436683991.94,34310944.42,278043756.44,119939646.76,2.677,1.3691,0.7586,4.633,North America,United States
COMP_004193,Hunt & Ross and Sons,technology,1,1146,250479536.99,15226187.66,253314688.94,162993326.26,1.0205,0.729,1.8046,3.4635,Europe,United Kingdom
COMP_004194,Wright and Sons,construction,25,1283,366473348.82,25263872.7,223000026.82,113175095.26,1.7197,0.893,1.0305,5.6492,North America,Canada
COMP_004195,Mcdaniel Ltd,technology,25,2624,309967194.95,29073960.43,528882382.45,144627304.05,2.8242,1.8295,0.3764,7.6311,Asia Pacific,Australia
COMP_004196,Hayden-Garcia,hospitality,25,218,38141348.02,2867963.59,24041420.52,7995625.14,1.8166,1.4101,0.4983,6.3428,Europe,United Kingdom
COMP_004197,Mcguire PLC,construction,47,100,17716374.21,2406287.9,20038248.3,8430170.78,1.7429,1.5119,0.7262,4.5125,Europe,Netherlands
COMP_004198,Martin-Harris,technology,31,247,142986151.45,17433619.86,84307993.33,40237721.32,3.5373,3.174,0.913,7.7085,Europe,United Kingdom
COMP_004199,Bowen Group,technology,41,892,222073819.46,33580491.28,415621455.06,183204559.48,2.5422,1.7432,0.7883,4.4804,Europe,France
COMP_004200,UseLike Group,healthcare,42,3125,619020414.71,86375574.65,353304399.89,158311930.32,1.5131,1.0228,0.8119,11.8656,North America,United States
COMP_004201,"Burgess, Cabrera and Dean",financial_services,9,27524,4251297059.21,225910209.74,3535544378.01,2211629549.61,2.8968,1.4709,1.6705,3.4557,Europe,France
COMP_004202,Lawson Group,energy,32,12728,2002644881.23,76950156.61,1986921387.79,666498772.59,2.0412,1.2666,0.5048,2.4844,Asia Pacific,Japan
COMP_004203,DecisionOur LLC,financial_services,37,2375,636493451.59,100048259.36,447315597.35,246246531.02,1.2308,1.024,1.2247,7.0443,North America,Canada
COMP_004204,Brooks Ltd,financial_services,37,14230,4817764937.9,433374661.51,3269055399.03,1750771508.75,1.4538,0.7906,1.1531,6.2354,Latin America,Chile
COMP_004205,TenAttack Group,transportation,26,998,116964113.78,9930066.28,105996077.77,37535318.03,1.474,0.8884,0.5483,6.7009,Europe,United Kingdom
COMP_004206,Preston PLC,transportation,38,3947,483706159.41,56410457.92,941827657.29,503634272.81,2.0329,1.4697,1.1493,4.0413,Asia Pacific,Japan
COMP_004207,Matthews-Carter,hospitality,15,603,117527182.03,9905800.04,118601132.43,60868328.27,2.6615,2.1132,1.0543,5.8578,Europe,Germany
COMP_004208,TheUnderstand Ltd,construction,11,2383,272980338.35,13036902.39,146629559.7,80248317.53,1.8499,1.5936,1.2089,6.3887,Latin America,Brazil
COMP_004209,Clements PLC,energy,33,8411,906019962.48,31261646.41,490802806.78,137766181.32,3.8138,2.0573,0.3902,5.9691,Europe,Netherlands
COMP_004210,Bell & Johnson and Sons,healthcare,43,154,61741779.43,10991126.45,31562547.88,13138507.31,1.6516,1.2526,0.7131,12.6136,North America,United States
COMP_004211,Lamb Group,technology,18,165,53636230.3,7957741.88,29731631.85,11478877.72,3.0674,1.5546,0.6289,14.1829,Asia Pacific,Australia
COMP_004212,Gibbs LLC,energy,26,16101,5876597454.53,411496108.1,4661629550.92,1601730305.59,2.2261,1.9598,0.5235,4.3622,Latin America,Mexico
COMP_004213,Jones Ltd,hospitality,17,467,109324632.64,11289047.33,57542274.61,19533223.13,2.0496,1.4861,0.5139,17.1227,Latin America,Mexico
COMP_004214,Watson & Thomas LLC,healthcare,25,244,237572088.08,19933179.35,161153585.28,49467146.7,1.1748,1.0549,0.4429,11.5641,North America,Canada
COMP_004215,Martinez LLC,healthcare,45,1217,639585271.14,97528744.12,351763757.71,122065748.91,2.4396,2.1653,0.5314,12.0617,Europe,France
COMP_004216,RiseActivity Ltd,hospitality,35,1632,164193432.91,8818479.23,89659005.59,27113773.9,1.0835,0.8241,0.4335,7.1694,Asia Pacific,Singapore
COMP_004217,Murphy & Marshall LLC,energy,31,2489,463710650.47,75908872.57,288861026.1,155101094.18,3.1999,2.0823,1.1595,11.3353,North America,United States
COMP_004218,Roach & Hoffman Group,technology,15,2449,249566841.83,16377833.59,237640990.12,147278801.31,2.8448,1.5614,1.6299,2.3858,Latin America,Mexico
COMP_004219,Campbell & Lewis and Sons,retail,1,1053,345276585.23,7403770.19,496300200.37,244221412.07,1.2101,0.7168,0.9688,1.2254,Latin America,Mexico
COMP_004220,BoardOption LLC,retail,48,203,127651339.68,18983132.02,65997583.72,23349300.83,1.2816,0.948,0.5475,14.3765,Europe,United Kingdom
COMP_004221,"Franklin, Ware and Heath",manufacturing,40,5170,622464101.53,30640119.59,382363576.08,92833773.7,3.3095,2.4696,0.3206,6.0355,North America,Canada
COMP_004222,Jones Ltd,financial_services,9,4181,3072053135.92,78789910.13,1594381872.48,942196397.74,1.1992,0.9704,1.4447,2.6261,Europe,United Kingdom
COMP_004223,Fleming-Graham,professional_services,8,759,89844561.7,2071293.84,59048263.29,24868917.8,0.9844,0.8153,0.7276,3.2889,Asia Pacific,Singapore
COMP_004224,Li & Gonzalez Inc,hospitality,26,1289,162174959.64,21856376.76,256030990.34,77852770.3,3.4477,2.218,0.4369,6.29,Europe,Netherlands
COMP_004225,Jimenez-Mooney,professional_services,12,465,58521456.8,7054963.16,114246024.08,47842287.13,1.5008,0.935,0.7205,3.6305,North America,Canada
COMP_004226,KnowCall Inc,professional_services,47,446,73157060.92,9868425.02,70659509.94,27655958.71,2.1809,1.3625,0.6431,7.2754,Europe,Switzerland
COMP_004227,LocalCongress PLC,construction,16,864,185587122.75,24762798.43,247685285.35,122598316.61,1.798,1.3907,0.9801,5.6065,North America,United States
COMP_004228,GeneralPerhaps Group,transportation,35,3278,644555872.82,83914288.73,946740820.79,275125728.64,1.5072,1.1412,0.4096,7.9478,Asia Pacific,Singapore
COMP_004229,EconomicPart Inc,hospitality,20,243,93770136.63,9934021.72,55890588.5,20479749.73,2.8111,2.3861,0.5783,11.8445,North America,Canada
COMP_004230,Mitchell & Schneider PLC,transportation,9,615,198036775.09,19540192.96,143542610.83,58959188.53,1.8554,0.9689,0.6971,10.8605,North America,Canada
COMP_004231,Travis Group,transportation,26,6389,704720891.14,103297676.47,471483421.99,130546303.57,3.2311,1.889,0.3829,14.105,Asia Pacific,Australia
COMP_004232,Mitchell & Skinner Group,retail,29,345,279119389.4,14222666.72,143450406.34,72257732.04,3.3108,2.2399,1.015,3.5821,Latin America,Chile
COMP_004233,Johnson & Ferguson PLC,financial_services,26,10691,1799521693.95,200200376.37,2427357945.49,1137496283.34,2.0229,1.7779,0.8819,5.1807,North America,United States
COMP_004234,AmongGreen Ltd,hospitality,44,739,182356498.83,20433306.99,291405683.63,148319298.53,1.6428,1.4247,1.0366,3.9704,Asia Pacific,Singapore
COMP_004235,Jones Inc,technology,26,18,11446124.8,1184350.04,11237351.49,5159065.48,1.7982,0.9949,0.8488,3.8594,Latin America,Brazil
COMP_004236,ThemselvesSuffer Group,manufacturing,44,5628,638388570.99,61335253.18,405781936.13,137610255.21,3.3795,2.8093,0.5131,6.6423,Asia Pacific,Hong Kong
COMP_004237,SeveralFish LLC,healthcare,46,363,61596990.79,9606494.49,68227197.67,29529567.96,2.0208,1.536,0.7631,10.6193,Europe,Germany
COMP_004238,Stewart & Reed Inc,energy,19,21804,7676946796.41,574089171.04,15203246682.88,4363895070.14,1.4302,0.7571,0.4026,3.2365,Asia Pacific,Japan
COMP_004239,Hawkins LLC,technology,23,830,351351619.6,56446561.16,404984086.75,168949588.29,2.5283,1.9847,0.7158,11.7382,Europe,Germany
COMP_004240,Snyder & Williams LLC,manufacturing,46,1882,669390915.29,115739202.74,695010814.54,182168672.6,2.4695,1.6373,0.3552,10.1662,Latin America,Chile
COMP_004241,SameLook Group,hospitality,11,405,135456917.54,9555487.16,121688871.42,49587353.78,2.6843,1.3619,0.6877,7.5257,Latin America,Mexico
COMP_004242,Allison Inc,professional_services,43,369,39895754.01,3506163.15,38067706.52,19236523.11,2.0411,1.0354,1.0215,5.9328,Asia Pacific,Singapore
COMP_004243,ThreatHour PLC,healthcare,11,3999,757472522.47,49411470.12,862014306.22,589947333.52,2.0383,1.2299,2.1684,2.5161,North America,Canada
COMP_004244,BoardAir and Sons,construction,20,603,229820913.05,15929661.59,281714025.03,75391679.79,2.513,1.4409,0.3654,7.3603,Asia Pacific,Hong Kong
COMP_004245,Williams & Smith Inc,energy,21,16006,4152183291.93,734883864.77,5580234044.21,2047542786.93,3.8116,3.028,0.5796,6.8594,Asia Pacific,Singapore
COMP_004246,Holder & Callahan Ltd,construction,39,2584,467691308.17,32028460.72,444961674.66,157002645.82,2.5354,1.4792,0.5452,5.0987,Europe,Switzerland
COMP_004247,LeastDraw and Sons,professional_services,10,32,25462470.44,3135227.02,14637546.56,8104909.82,2.3344,1.8312,1.2407,8.6433,North America,United States
COMP_004248,Miller Ltd,manufacturing,34,2200,249690206.59,19410786.86,129200592.6,61365517.12,1.1315,0.6448,0.9046,8.9959,North America,Canada
COMP_004249,WeekTask LLC,construction,15,779,294348841.06,33945197.31,558757164.76,279196530.44,2.3183,1.4009,0.9987,4.1008,Asia Pacific,Japan
COMP_004250,TeamWeight PLC,technology,29,3039,484691584.33,54740774.17,243118424.58,105190693.17,2.3065,1.8306,0.7627,10.1879,Asia Pacific,Singapore
COMP_004251,AcceptWorld Ltd,professional_services,2,74,38095001.77,3723200.86,21206044.31,9058913.21,2.6917,1.9446,0.7458,8.7631,North America,Canada
COMP_004252,Green Inc,transportation,7,279,71416395.99,3614091.31,46989878.58,32067957.09,3.0899,2.1854,2.1491,3.1023,Asia Pacific,Japan
COMP_004253,BringAnything LLC,professional_services,38,205,34260874.1,5258831.23,48895117.38,13528480.47,2.887,1.9702,0.3825,6.497,North America,Canada
COMP_004254,Jones LLC,technology,20,2020,253459895.51,33712202.01,143183348.87,65961642.88,1.6971,1.3785,0.8542,9.0863,Asia Pacific,Hong Kong
COMP_004255,"Salazar, Burnett and Nelson",financial_services,7,6865,817995803.09,105719238.45,552063135.14,365246199.19,1.3361,1.1782,1.9551,6.112,Latin America,Mexico
COMP_004256,Buckley PLC,financial_services,7,9400,3293930068.1,236387391.38,3816760498.36,1933238766.63,3.1148,2.4731,1.0264,2.7701,Asia Pacific,Hong Kong
COMP_004257,Wilson-Flores,healthcare,25,3787,997760642.07,70103496.14,910694630.39,408882187.81,3.0589,1.6449,0.8148,4.4197,Asia Pacific,Australia
COMP_004258,Hernandez PLC,healthcare,28,813,454480778.6,47927711.57,477794665.07,198401568.56,1.9395,1.4648,0.7101,6.6308,Europe,France
COMP_004259,Barron Group,healthcare,2,604,357954913.95,12484027.64,189809239.04,148363367.86,2.0101,1.5628,3.5797,2.2438,North America,Canada
COMP_004260,Walsh Ltd,healthcare,48,2469,403700646.0,17827973.18,236092206.39,105538756.56,3.363,2.3103,0.8084,3.4356,Asia Pacific,Hong Kong
COMP_004261,Boyd and Sons,professional_services,18,104,11957044.75,1875183.18,15266361.29,6415201.01,1.536,0.8096,0.7248,7.9386,Europe,France
COMP_004262,Lane & Stanley LLC,technology,33,3200,441753527.11,77343558.24,271992052.09,69038102.68,1.5561,1.1001,0.3402,17.14,Europe,Netherlands
COMP_004263,Morris & Simon and Sons,energy,18,19430,4177515272.44,209345130.63,4331791982.54,1763770060.17,3.6628,2.3972,0.6868,2.6579,Asia Pacific,Hong Kong
COMP_004264,Baker LLC,technology,31,1083,194249931.3,28149961.11,255127574.84,98712951.4,1.4162,1.1352,0.6311,7.6728,Latin America,Brazil
COMP_004265,Dawson LLC,retail,14,2024,330525755.92,45552759.0,346514182.06,189093770.03,1.9008,1.393,1.2012,4.2661,North America,United States
COMP_004266,Hansen & Salas Ltd,retail,33,1123,222132643.62,30256681.85,225912994.17,104856494.32,2.7422,1.4215,0.8662,8.7367,North America,United States
COMP_004267,RadioSimple and Sons,construction,45,2084,325875567.06,14525262.86,305183046.08,167928132.6,3.0923,1.8875,1.2235,1.9993,Asia Pacific,Hong Kong
COMP_004268,Neal & Jones Group,financial_services,30,2869,316616987.75,23714049.15,310615424.83,163575795.32,2.8503,1.6153,1.1125,2.748,Latin America,Brazil
COMP_004269,Brown & Smith and Sons,retail,44,2172,407234225.17,42654442.71,787583377.93,361154411.78,1.0794,0.8145,0.8469,2.9927,Latin America,Chile
COMP_004270,Mcdonald & Cruz Group,financial_services,28,31091,4703114724.87,343297955.48,4847209204.27,1170723477.18,1.4617,0.8367,0.3184,8.4672,North America,Canada
COMP_004271,Garcia and Sons,energy,35,14595,6505215592.29,987541293.96,3917907514.41,2075069094.29,3.0903,1.7299,1.126,13.2765,Asia Pacific,Singapore
COMP_004272,Cervantes & Gill PLC,construction,4,4735,477510134.79,36578176.14,357874773.07,270011427.98,2.4046,1.4469,3.0731,3.4291,Asia Pacific,Australia
COMP_004273,Garrison LLC,retail,44,109,77413292.56,13397771.85,112135326.61,44929926.9,3.12,2.0904,0.6685,5.0491,Latin America,Brazil
COMP_004274,SectionLong Ltd,hospitality,26,769,96005821.71,5251700.84,50395983.66,26722103.45,1.7261,1.0196,1.1288,3.6348,Europe,United Kingdom
COMP_004275,Moore & Wagner and Sons,energy,20,48004,6037977002.76,387320637.22,8664797342.71,3405130121.67,3.0832,2.6186,0.6474,2.5935,Latin America,Mexico
COMP_004276,Rangel Group,manufacturing,43,9399,1167655928.37,90545690.62,766001049.02,294743170.97,1.1311,0.788,0.6254,6.6321,North America,United States
COMP_004277,Parrish-Palmer,financial_services,15,13592,2013294277.65,86054746.73,3497792989.43,2083488174.66,3.6621,1.9075,1.4732,1.7886,Europe,United Kingdom
COMP_004278,StateInstead and Sons,transportation,16,2600,344703565.27,55647949.95,212780263.2,84772855.87,3.0665,2.7038,0.6622,14.7444,Latin America,Brazil
COMP_004279,AuthorityFall Group,transportation,15,1018,135555782.32,7368651.31,135746629.83,47519171.08,1.551,1.2506,0.5386,3.4215,Europe,Switzerland
COMP_004280,Martin LLC,technology,21,1510,196479482.83,18104355.64,123021926.16,56257205.27,2.3513,1.8924,0.8426,5.0147,North America,United States
COMP_004281,Lynn PLC,transportation,39,675,171034206.95,20967012.47,233615938.31,96508573.69,3.5548,2.9115,0.7039,5.4225,Europe,Netherlands
COMP_004282,RaiseBlue and Sons,transportation,46,3696,737022019.73,45909049.04,375977031.56,108429102.57,1.2656,1.0636,0.4053,7.7246,North America,United States
COMP_004283,Murray Inc,energy,45,7115,2127867808.17,181011324.74,1788972295.21,597823532.17,1.7487,0.9526,0.5019,5.0458,Asia Pacific,Singapore
COMP_004284,Mcgee & Allen Group,transportation,8,670,67979652.23,7252329.62,55164799.71,28494398.3,3.1042,2.4692,1.0684,5.4584,Europe,France
COMP_004285,Lopez Inc,retail,44,2039,277078336.63,35886068.96,550954813.29,294403267.7,2.6418,1.558,1.1475,4.3962,North America,Canada
COMP_004286,Alvarez & Schmidt LLC,retail,40,581,298424406.89,36276488.94,512616393.55,260845997.27,2.4973,2.1038,1.036,5.6621,Asia Pacific,Australia
COMP_004287,Wilson-Pierce,transportation,48,6388,873193930.67,50930958.34,1201899668.01,561991995.62,2.0958,1.63,0.8782,2.2078,North America,Canada
COMP_004288,Reynolds-Hernandez,retail,9,2486,289336842.98,31260324.16,197740382.78,71252756.5,2.9894,2.1227,0.5633,8.0381,Europe,Switzerland
COMP_004289,Shaw PLC,retail,37,1377,174049465.15,6733329.81,311642765.83,92597218.22,1.8306,1.2293,0.4227,2.3379,Europe,United Kingdom
COMP_004290,GoalArgue Group,construction,38,1389,402490881.36,13891813.63,296572904.42,95609025.99,2.1638,1.1157,0.4758,3.406,Latin America,Mexico
COMP_004291,Nelson & Davis Ltd,professional_services,5,487,54257749.87,1738421.58,52852287.36,18424434.15,1.6713,1.2828,0.5352,3.0026,Asia Pacific,Singapore
COMP_004292,Dennis-Henderson,technology,48,99,40560862.03,1621886.82,32289700.14,8229622.25,2.4538,1.5581,0.342,5.5143,North America,United States
COMP_004293,Carter Group,manufacturing,32,1841,1136042615.02,149778324.33,650245783.13,188983634.08,3.0055,2.5157,0.4097,21.7498,Europe,Germany
COMP_004294,Wheeler PLC,financial_services,15,9929,4541012541.65,286390417.89,2851758047.59,1163901423.58,3.3075,2.371,0.6896,5.8101,Asia Pacific,Hong Kong
COMP_004295,Lawson PLC,transportation,8,1439,402349499.24,40538864.52,318467461.89,135809177.05,0.9615,0.5533,0.7435,5.0962,Asia Pacific,Hong Kong
COMP_004296,Rodriguez-Williams,professional_services,25,217,29984417.29,4426101.41,35342283.37,16293270.67,2.5672,1.732,0.8553,5.4342,North America,Canada
COMP_004297,Wright Inc,manufacturing,40,522,295504219.47,12892570.02,461695973.53,184309612.52,3.1904,2.0924,0.6645,3.1551,North America,United States
COMP_004298,DiscussBuilding Inc,technology,3,216,76571315.45,5444416.82,49262079.0,28987535.87,3.0722,1.6798,1.4298,3.748,Europe,Netherlands
COMP_004299,Jacobson & Johnston and Sons,healthcare,38,2885,435607626.92,47149775.82,286905884.25,73233592.68,3.647,2.0948,0.3427,20.6185,Europe,Germany
COMP_004300,Patel LLC,manufacturing,31,11385,1195402850.08,210100132.51,1347247654.13,448837685.95,2.0958,1.601,0.4996,11.0418,Asia Pacific,Hong Kong
COMP_004301,Andrade Ltd,hospitality,32,64,17042465.63,2294006.95,9712930.81,3232980.07,3.3196,2.7439,0.4989,11.6629,North America,Canada
COMP_004302,Baldwin & Myers Inc,construction,36,2285,470086451.57,39697752.8,347523126.07,147667549.93,1.786,1.5126,0.7389,5.1475,Europe,Netherlands
COMP_004303,Gross Ltd,retail,29,2139,378056541.49,31238942.52,218115475.07,61484999.7,3.8334,2.8445,0.3925,7.9653,North America,Canada
COMP_004304,Simpson-Jackson,professional_services,2,252,58869079.87,4846797.78,76934806.42,61855739.11,1.2232,0.652,4.1021,3.0207,Asia Pacific,Japan
COMP_004305,DemocratHand Ltd,healthcare,3,3958,829296477.58,30302178.11,447014722.31,187809170.01,2.4669,1.9794,0.7246,3.4583,Europe,France
COMP_004306,Roberts & Carlson Ltd,financial_services,15,3679,410131916.49,37601046.3,529249208.9,245994900.64,3.3606,2.3525,0.8685,6.0253,Europe,France
COMP_004307,Davis PLC,technology,3,2205,238942599.99,11199023.14,306611566.88,183508788.44,0.9959,0.5604,1.4907,1.7433,Asia Pacific,Hong Kong
COMP_004308,Velez & Howell Ltd,construction,28,2071,316896097.8,52675862.05,212471890.46,85877543.75,1.1144,0.9902,0.6784,12.2914,Asia Pacific,Japan
COMP_004309,Torres Ltd,transportation,23,4527,830366377.06,30339831.63,674936187.22,353458359.69,2.9911,2.6271,1.0995,2.8461,North America,Canada
COMP_004310,EdgeConference LLC,hospitality,19,1271,156910442.45,23275719.09,260463930.31,77176342.46,2.4662,2.2008,0.4211,4.8888,Asia Pacific,Australia
COMP_004311,Maldonado and Sons,healthcare,37,418,280683903.46,18224856.69,264842353.17,97728382.87,1.8695,1.4458,0.5848,4.1882,Europe,France
COMP_004312,CultureGo Group,technology,30,3796,470499204.61,37977848.47,617541165.21,237687733.66,3.3679,2.5035,0.6257,3.8315,Asia Pacific,Hong Kong
COMP_004313,ChangeAdd Ltd,technology,9,274,63048574.87,8539067.86,62766765.04,25570318.21,2.7005,1.4773,0.6874,9.9347,Latin America,Brazil
COMP_004314,Wells & Cook and Sons,professional_services,24,849,87575795.05,14797277.38,60909807.68,19437990.98,1.0782,0.7878,0.4687,14.2192,Latin America,Mexico
COMP_004315,Ibarra-Jackson,retail,40,505,485528244.3,40068400.75,323588070.6,131522920.68,2.6517,2.3439,0.6848,7.4598,Europe,Switzerland
COMP_004316,Wolf & Smith LLC,manufacturing,26,2712,362535511.21,51387481.76,253117666.14,84961258.53,2.7814,2.0342,0.5053,9.1196,Europe,Netherlands
COMP_004317,Montes & Aguilar Group,professional_services,47,88,72345573.39,2993130.59,66662316.8,27364799.17,1.6621,0.8769,0.6963,2.88,Asia Pacific,Singapore
COMP_004318,TvEnd Group,professional_services,6,44,4508409.12,575175.76,3181272.39,1556171.95,0.9184,0.7636,0.9576,6.3983,Asia Pacific,Japan
COMP_004319,Rodriguez Inc,professional_services,12,372,40839571.1,5310152.37,31256022.31,19048534.96,2.7953,1.4356,1.5604,8.7333,Europe,France
COMP_004320,"Frazier, Roberts and Perez",transportation,50,3048,521120466.21,36900535.84,273150698.54,110227036.88,2.2015,1.4667,0.6766,8.9617,North America,Canada
COMP_004321,"Jackson, Thomas and Davis",technology,31,1435,290741967.73,7248679.65,151549151.17,77428245.5,1.6945,1.3018,1.0446,3.606,Europe,United Kingdom
COMP_004322,Lara-Rogers,healthcare,3,7394,936257562.01,72744435.78,539354103.25,264785695.74,1.2981,0.9839,0.9644,4.9539,Latin America,Brazil
COMP_004323,Navarro-Fritz,energy,4,43194,6738894338.58,525322362.94,4299964264.21,2611035801.04,1.6879,1.0701,1.546,3.7229,Latin America,Chile
COMP_004324,Alvarado-King,hospitality,33,657,96774312.29,14990822.54,84980518.53,31796336.15,2.8559,2.1407,0.5979,10.9806,Latin America,Mexico
COMP_004325,LowAdd LLC,retail,12,1852,405218168.06,13002930.17,277418666.36,185798565.53,2.9292,1.8083,2.0279,2.4769,Latin America,Brazil
COMP_004326,FishSee LLC,energy,36,82545,9507801568.5,1298518981.57,6318479253.33,2147397361.72,3.3033,2.7904,0.5148,14.8651,Europe,Germany
COMP_004327,"Hampton, Vincent and Barrera",financial_services,6,295,120110081.92,16203325.53,198071800.17,134712743.63,1.893,1.0604,2.1262,3.4479,Asia Pacific,Hong Kong
COMP_004328,Larson Inc,professional_services,37,450,98260866.59,10601511.94,75022750.32,37744743.64,1.3997,1.2525,1.0125,5.5396,Asia Pacific,Singapore
COMP_004329,ExpectRich PLC,construction,47,149,47635408.84,6803484.55,51982216.25,24340470.14,2.2099,1.4583,0.8806,5.4001,Europe,Germany
COMP_004330,ShouldPush Inc,energy,45,34397,8153148453.72,1239189240.86,9992936653.95,4063413194.69,3.1155,1.838,0.6853,5.7695,Europe,Germany
COMP_004331,Hernandez & Jenkins and Sons,hospitality,21,278,56786615.76,9610757.62,37147486.97,14879191.65,3.7167,2.7953,0.6682,10.7786,Latin America,Mexico
COMP_004332,Hopkins & Thomas Group,financial_services,32,906,669576492.19,79843672.87,357265076.27,173644752.65,1.14,0.5797,0.9457,13.2494,North America,United States
COMP_004333,Johnson PLC,manufacturing,48,6415,885312723.03,78995500.35,794698689.16,213623935.41,2.6437,1.8592,0.3676,7.6166,Asia Pacific,Singapore
COMP_004334,Figueroa Group,construction,10,505,323758506.83,46602109.77,209936466.05,128326510.25,1.7946,1.0033,1.5724,6.5568,Europe,France
COMP_004335,Clark-Davis,manufacturing,9,1272,768094171.6,94609412.12,564424021.55,255974008.78,1.4107,0.8198,0.8299,9.0024,Europe,Netherlands
COMP_004336,Fowler-Sheppard,construction,48,252,32009877.1,2737571.54,47466036.95,13931778.98,1.4298,1.1452,0.4154,5.9872,North America,United States
COMP_004337,"Shelton, Nolan and Cole",technology,8,1851,300131108.69,22188191.19,183931532.37,126752966.22,1.6562,0.8412,2.2168,5.4603,Latin America,Mexico
COMP_004338,"Thompson, Lozano and Bailey",energy,1,31189,9028912597.3,586742923.51,5510241770.64,4340480974.98,1.0245,0.5664,3.7106,4.2049,Asia Pacific,Australia
COMP_004339,GlassInclude PLC,construction,12,381,194691606.14,6762264.47,157640418.13,49729069.05,1.0214,0.8187,0.4608,3.179,North America,Canada
COMP_004340,Butler & Mcknight LLC,hospitality,47,389,44050222.75,6119935.92,28565252.76,11684378.04,2.6922,1.5475,0.6922,7.7957,Latin America,Chile
COMP_004341,CutAnalysis PLC,manufacturing,29,3827,890728918.41,94907793.29,1624815121.04,812262447.72,1.869,1.4013,0.9996,2.8132,Europe,France
COMP_004342,NatureScience LLC,technology,5,97,25132992.81,867497.95,16906711.51,10569215.46,2.2003,1.1714,1.6677,2.1137,Asia Pacific,Australia
COMP_004343,Flowers Inc,professional_services,24,348,82138514.66,5003366.95,160638073.42,78326253.88,2.1486,1.3077,0.9516,1.7835,Asia Pacific,Singapore
COMP_004344,Pope-Knight,financial_services,21,6842,4133440646.64,194515990.59,2181621207.88,526747119.92,1.1475,0.9231,0.3183,7.754,North America,Canada
COMP_004345,Sparks & Reed Inc,technology,19,1543,294412231.25,49511371.4,490659336.35,274590793.02,1.3088,1.1141,1.2709,6.6519,Latin America,Chile
COMP_004346,Montes & Porter Ltd,healthcare,3,2015,356337374.49,41899719.5,276359744.73,163981203.32,1.5572,0.8878,1.4592,4.932,Latin America,Chile
COMP_004347,Thomas & Becker PLC,manufacturing,11,8778,1601568895.25,163773331.01,830216132.08,453460052.31,2.9999,1.8398,1.2036,11.2342,Asia Pacific,Hong Kong
COMP_004348,Levy & Hanson Ltd,professional_services,14,126,55691358.97,6660580.27,32520308.42,13900098.28,2.4943,1.28,0.7465,7.163,Asia Pacific,Hong Kong
COMP_004349,CommercialFloor Group,energy,49,42655,8268026470.07,874887700.06,4961979168.58,2426370514.43,3.1242,2.7455,0.9569,6.8804,Asia Pacific,Japan
COMP_004350,Roberts & Marsh Inc,manufacturing,4,11244,1266602997.24,66365623.4,1034226197.85,365951017.75,2.0631,1.6073,0.5476,3.7966,Europe,Netherlands
COMP_004351,Williams-Campbell,energy,22,31699,7854834458.47,449854804.64,10666117595.25,5435767660.6,1.9179,1.3874,1.0393,3.317,Europe,Germany
COMP_004352,"Martinez, Freeman and Smith",retail,20,2719,300084370.62,31989309.2,253622868.92,134027613.92,2.9852,1.6562,1.1207,4.2209,North America,Canada
COMP_004353,Bell & Flowers Inc,financial_services,28,12195,2076563930.4,206220208.59,1098035705.4,597000464.65,1.752,0.9154,1.1915,6.6771,Asia Pacific,Japan
COMP_004354,King LLC,technology,14,633,479014984.1,49678139.82,728338052.19,212711620.03,3.3686,2.6169,0.4125,8.6407,Europe,Germany
COMP_004355,Glover-Shaw,professional_services,35,410,54340825.58,1756905.67,39624796.4,20858269.42,1.7304,1.0411,1.1115,2.4687,North America,United States
COMP_004356,SpecificOption and Sons,construction,33,1373,304519311.68,21167079.18,236044296.11,84865484.48,2.5313,1.5726,0.5614,7.4139,Latin America,Mexico
COMP_004357,Mckay & Reeves and Sons,transportation,22,405,228282763.02,18520404.83,198146951.2,96262297.71,1.8787,1.6675,0.9448,4.255,Asia Pacific,Japan
COMP_004358,SignificantDebate Group,manufacturing,24,5608,1255045070.96,55669816.24,1128915493.81,430333394.16,2.784,1.5452,0.616,4.4265,North America,Canada
COMP_004359,"Hull, Carter and Johnson",manufacturing,13,5862,1147499222.47,104844609.92,1756015854.83,676511334.55,2.3954,1.2702,0.6267,4.5902,Europe,France
COMP_004360,Wright-Gregory,transportation,40,1920,192990013.97,11267570.98,252200115.83,64621587.97,2.7262,1.9273,0.3445,3.5448,Europe,Germany
COMP_004361,Henderson-Rasmussen,energy,41,5695,642891618.66,50652983.86,777247781.73,302681262.3,2.8467,2.4628,0.6378,3.1747,Europe,United Kingdom
COMP_004362,Garcia LLC,energy,35,38084,6063375231.16,482292401.51,8488800722.71,4434494970.85,2.273,1.4603,1.0938,2.4793,Latin America,Chile
COMP_004363,WifeFive PLC,energy,44,70961,7648738080.04,943375609.85,5745150767.39,2278446849.93,2.8571,2.1603,0.6572,7.4107,Asia Pacific,Japan
COMP_004364,ForeignConsumer PLC,manufacturing,37,1795,1051568728.13,111199880.51,671443499.53,248860485.83,2.3769,1.2973,0.5889,15.314,Asia Pacific,Hong Kong
COMP_004365,Graham LLC,energy,24,4099,2306387621.93,344355412.51,4081722764.96,2195429655.27,3.3469,2.5109,1.1639,5.3496,Latin America,Brazil
COMP_004366,Brock and Sons,healthcare,32,1953,668189366.81,23532165.36,532763709.0,270025245.93,2.7351,2.3564,1.0277,2.316,Latin America,Chile
COMP_004367,"Saunders, Wright and Butler",energy,49,5611,847051979.77,73972600.28,575360538.48,186106630.08,1.2124,0.6297,0.4781,7.607,North America,Canada
COMP_004368,Gonzalez LLC,construction,40,1653,223707683.88,5735551.3,248980390.46,86342321.3,1.4752,0.9769,0.5309,2.0037,North America,Canada
COMP_004369,Evans Ltd,professional_services,47,68,16754992.46,405330.15,24056254.68,7677082.63,2.4603,1.3338,0.4687,1.7642,Europe,Germany
COMP_004370,MainOffer and Sons,energy,40,8837,1885367558.05,289891648.9,2769983368.17,825182219.73,3.3616,2.7658,0.4243,9.6715,North America,Canada
COMP_004371,Patton-Bass,retail,6,588,102742386.68,7332302.64,61792292.13,22119341.92,1.0097,0.769,0.5575,5.5607,North America,United States
COMP_004372,Davis PLC,transportation,2,2582,392839986.47,34567111.58,291093336.04,168150031.39,2.9531,1.7237,1.3677,7.5592,Asia Pacific,Singapore
COMP_004373,Ramos & Edwards Ltd,hospitality,7,93,11178890.92,513901.35,17394194.4,8179117.8,3.077,1.5429,0.8876,1.853,Europe,France
COMP_004374,"Howard, Gomez and Owens",energy,42,27446,4008044737.24,625494710.88,7533149357.6,2632434473.12,3.0205,2.0534,0.5372,4.1695,Latin America,Brazil
COMP_004375,Ali Group,manufacturing,41,3633,1028297819.76,118890759.1,1305267885.0,542292883.94,1.3565,0.7261,0.7108,4.1292,Europe,Switzerland
COMP_004376,Johnson PLC,transportation,9,2843,488461342.12,58178176.92,282727147.04,137343784.39,2.2363,1.342,0.9447,6.7747,Asia Pacific,Singapore
COMP_004377,Johnson & Wang Inc,manufacturing,9,1650,771740359.8,31016125.66,488548420.53,344724460.76,2.6208,1.4463,2.3969,2.3811,Latin America,Mexico
COMP_004378,SomeoneChallenge PLC,transportation,38,4170,840755141.99,45353584.89,528773207.31,265216204.68,1.7677,1.0755,1.0063,3.1463,North America,Canada
COMP_004379,WhatFive and Sons,manufacturing,5,576,299200117.92,31030148.13,584773222.57,388058934.17,2.1765,1.1012,1.9727,2.8885,Europe,Netherlands
COMP_004380,"Hunt, Martinez and Daniels",manufacturing,22,6189,1016336520.12,94845030.73,639040831.36,224096406.06,1.811,1.4932,0.5401,8.8794,Europe,France
COMP_004381,OthersUnderstand LLC,manufacturing,20,327,133462419.74,23725927.51,118202750.59,51770365.28,2.4977,2.2103,0.7793,8.5082,Europe,Germany
COMP_004382,Campos Group,retail,22,211,37435528.08,1051840.87,19339791.03,5767576.78,3.7116,2.2441,0.425,4.6954,Europe,Germany
COMP_004383,Martinez Ltd,healthcare,15,1521,575996520.43,89093094.49,314702094.05,123432376.72,3.3563,2.8593,0.6453,12.0923,Europe,Germany
COMP_004384,Ford PLC,manufacturing,47,3448,1136376665.53,188155816.07,2064923030.02,697374378.52,2.8529,1.6716,0.5099,4.2887,North America,United States
COMP_004385,Combs-Miller,retail,36,2586,439260689.4,31216887.93,233774994.43,119202033.11,2.0665,1.0604,1.0404,8.8434,Latin America,Brazil
COMP_004386,ExpectThemselves Ltd,construction,27,1652,281147469.45,31564470.79,192581540.02,57849917.55,3.5323,2.4835,0.4294,9.3684,North America,Canada
COMP_004387,BothGoal PLC,healthcare,15,2600,959992065.3,118552209.53,520532950.99,195591567.63,1.8294,1.1494,0.6019,10.3904,Latin America,Mexico
COMP_004388,BillTerm LLC,professional_services,20,16,5345137.42,855136.39,7279752.97,2233988.2,2.48,1.7792,0.4427,6.9323,Latin America,Mexico
COMP_004389,OthersMeet Ltd,manufacturing,33,215,205035292.71,30843886.48,145950100.97,39577139.17,1.7824,0.9714,0.3721,14.952,Latin America,Mexico
COMP_004390,Rivera Inc,financial_services,43,1050,229888649.24,26097784.07,379364200.95,172938825.86,2.9718,2.5365,0.8378,2.9267,Asia Pacific,Hong Kong
COMP_004391,Martinez & Richards PLC,manufacturing,28,724,378700932.16,37592372.52,259247685.04,116022005.8,1.8222,1.3464,0.8101,11.4358,Europe,France
COMP_004392,Stevenson & Brown and Sons,financial_services,24,6489,2710937853.6,239819918.45,1564932167.1,483835004.83,1.9037,1.4092,0.4475,10.6326,Asia Pacific,Australia
COMP_004393,NameCharge PLC,technology,39,566,323140518.53,49214796.9,340505088.57,125427261.77,2.0185,1.354,0.5832,8.8789,Asia Pacific,Hong Kong
COMP_004394,Yang & Simpson and Sons,professional_services,36,38,5035723.22,657718.15,5957917.2,3186345.66,1.7786,1.1114,1.1497,4.8343,Latin America,Chile
COMP_004395,Jacobson & Bowman and Sons,hospitality,38,1277,189248207.08,8962378.03,125465540.15,64146449.33,1.3286,0.8165,1.0461,3.5079,Europe,France
COMP_004396,Fuller-Ball,professional_services,4,675,84295454.98,6490908.95,100707125.53,68150916.29,1.0352,0.6794,2.0933,2.4814,Asia Pacific,Singapore
COMP_004397,Zuniga & Shaffer PLC,hospitality,28,512,60025883.95,9247881.17,32009343.11,9724777.18,1.0493,0.5512,0.4364,28.537,Asia Pacific,Singapore
COMP_004398,"Gonzalez, Jones and Hernandez",construction,49,323,43207827.46,5100270.18,22585207.64,10257398.42,2.4824,1.9984,0.8321,8.8152,Asia Pacific,Australia
COMP_004399,Meyer and Sons,financial_services,2,7392,857736495.36,47262086.88,944852302.6,582063487.79,2.145,1.8066,1.6044,2.2892,Asia Pacific,Japan
COMP_004400,Harris & Wells PLC,financial_services,11,4579,643452624.64,46442577.07,665234890.1,232572254.47,2.0697,1.0584,0.5375,5.3636,Europe,Switzerland
COMP_004401,Wallace & Brown Inc,transportation,2,167,132050941.51,10287699.25,229980976.45,105206434.47,1.8502,1.1295,0.8432,2.3189,North America,United States
COMP_004402,Evans & Webb and Sons,financial_services,26,11957,2597622826.44,77134502.89,1587075504.95,832364272.44,3.7952,2.7205,1.1029,3.0001,Latin America,Brazil
COMP_004403,Skinner PLC,healthcare,42,1056,249618205.28,19033806.48,196862607.51,47743434.49,2.2836,1.5459,0.3202,13.3857,Europe,Switzerland
COMP_004404,EverTerm PLC,professional_services,2,313,36134901.79,4444751.54,36748769.57,24225861.32,2.7053,1.7718,1.9345,5.9557,Europe,Germany
COMP_004405,Maldonado Ltd,hospitality,33,1962,197911561.34,32863358.46,180311992.27,79221521.88,1.2651,0.9959,0.7837,9.3309,Asia Pacific,Japan
COMP_004406,PracticeCandidate Group,manufacturing,16,3139,1371785355.36,86995879.9,1282800068.76,496776682.89,3.4335,1.9973,0.632,4.2671,Europe,Netherlands
COMP_004407,Fields and Sons,manufacturing,26,13985,1898471527.42,125634433.26,975789947.36,299681458.45,1.295,0.7748,0.4432,6.4037,Latin America,Brazil
COMP_004408,Thomas Ltd,healthcare,28,483,146843772.26,7228396.35,102623661.46,33830914.48,3.1358,2.7172,0.4918,5.0571,North America,Canada
COMP_004409,"Allen, Hunt and Lyons",financial_services,25,9415,1916875979.41,217453744.64,2085111944.84,663774121.16,3.342,2.3562,0.467,5.3311,North America,United States
COMP_004410,Gonzalez & Castillo LLC,hospitality,22,879,111391628.85,12298558.23,67864410.08,26158093.4,3.2854,2.3349,0.6272,11.1725,Asia Pacific,Hong Kong
COMP_004411,"Garcia, Chapman and Richardson",professional_services,14,65,8137427.16,222838.41,5565370.41,3445139.58,3.2959,2.4003,1.6249,2.5512,North America,United States
COMP_004412,Myers-Wolfe,healthcare,41,53,9166506.41,750721.9,7918748.86,3527573.66,3.8843,3.4715,0.8033,4.0364,Europe,Netherlands
COMP_004413,Rodriguez & Butler Group,hospitality,1,1081,134416432.43,11869567.24,114089041.65,65552015.32,2.0398,1.2826,1.3506,3.2549,Asia Pacific,Hong Kong
COMP_004414,Hernandez LLC,technology,17,885,321267938.88,47163568.48,319107462.64,118178895.78,1.8807,1.2336,0.5882,7.2853,Europe,Netherlands
COMP_004415,Wilson-Price,retail,40,311,206572827.38,9564681.97,138685490.15,39521312.84,1.5433,1.3032,0.3985,4.4027,Europe,United Kingdom
COMP_004416,Carpenter Inc,professional_services,48,369,49219585.57,8643297.16,36294986.88,18177304.41,3.6247,2.2505,1.0033,9.3884,Europe,Netherlands
COMP_004417,Brewer Ltd,manufacturing,15,6384,836731571.18,42444404.91,504624981.21,287669116.09,2.5131,2.1931,1.3259,4.6064,Latin America,Chile
COMP_004418,PresidentLight Inc,healthcare,12,222,28885019.62,2945327.46,20863384.75,11457350.55,1.2809,0.7198,1.2181,9.1324,Latin America,Brazil
COMP_004419,Odonnell & Kelly and Sons,transportation,18,3364,342017890.16,44732890.02,229066853.26,126141330.58,1.1539,0.9112,1.2256,7.5317,North America,United States
COMP_004420,Mcdonald & Sharp LLC,hospitality,9,109,36239368.82,1616595.0,18353837.71,9958189.32,2.7774,2.081,1.1861,3.6922,Latin America,Chile
COMP_004421,Smith & Moore PLC,hospitality,1,162,20586413.63,1846800.3,13100797.51,5986348.88,1.3697,0.7932,0.8414,8.3612,Latin America,Chile
COMP_004422,TotalTraditional PLC,construction,5,4381,478576614.78,25366263.66,250148392.29,113791687.02,2.4522,1.3012,0.8345,5.9635,Latin America,Brazil
COMP_004423,Clark Ltd,hospitality,7,1127,120272585.28,9685086.66,81939916.53,26462919.98,2.5844,1.9223,0.477,9.398,Europe,Germany
COMP_004424,Warren PLC,professional_services,32,115,73001300.28,10216492.52,53319346.95,28349337.46,2.0208,1.5573,1.1353,5.4173,Europe,United Kingdom
COMP_004425,Thompson and Sons,hospitality,39,635,63757384.91,9421673.41,41599713.21,22211632.97,2.415,1.4294,1.1456,7.2481,Latin America,Mexico
COMP_004426,HeReality Ltd,hospitality,16,257,79236278.77,11014900.58,124589804.43,71932663.94,1.8349,1.0082,1.3661,3.7761,Asia Pacific,Singapore
COMP_004427,Hart & Stevens and Sons,retail,32,287,119988148.96,8337787.43,133309181.27,64332780.09,1.3034,0.9103,0.9327,3.6877,Latin America,Brazil
COMP_004428,Glover-Barrett,hospitality,43,155,20296168.52,2514032.17,32610021.54,14118745.52,2.1102,1.8255,0.7635,3.8122,Asia Pacific,Australia
COMP_004429,WindIndeed Inc,professional_services,46,75,18313647.93,2754027.47,9674131.44,3064251.07,1.9274,1.0336,0.4636,15.3052,Asia Pacific,Australia
COMP_004430,"Webb, Estes and Obrien",professional_services,44,649,79852647.51,6775238.99,121066206.69,64580807.34,3.221,2.1565,1.1433,2.7209,North America,Canada
COMP_004431,White Ltd,construction,44,2557,340385173.57,57074709.63,240304837.78,64394718.5,2.3814,1.5981,0.3661,16.7231,Latin America,Brazil
COMP_004432,Pennington Ltd,financial_services,11,3897,2739175091.17,334971003.4,2211485168.12,1337711134.97,2.3316,1.248,1.531,4.3081,Asia Pacific,Japan
COMP_004433,NeverEvent and Sons,hospitality,47,234,95542884.7,16421163.22,94026374.54,40387924.74,1.5519,0.8053,0.753,9.4556,Latin America,Chile
COMP_004434,Wolfe PLC,healthcare,21,3201,922822112.24,149907741.92,501976596.69,253978409.7,2.5095,2.2437,1.0241,14.1361,North America,Canada
COMP_004435,PartnerHappen PLC,energy,3,6395,773712730.4,57076276.62,528196174.67,321993483.96,1.6044,1.4439,1.5615,4.4653,Asia Pacific,Australia
COMP_004436,PrepareThemselves Group,transportation,14,716,287794805.11,40145497.45,156873836.09,91142064.71,2.4558,2.0353,1.3866,10.3084,Europe,Germany
COMP_004437,Jones Inc,financial_services,8,13582,1756189889.32,84771004.26,1156841722.01,515703514.63,2.5028,2.1141,0.8044,3.3913,Europe,Netherlands
COMP_004438,TogetherSignificant and Sons,technology,10,2749,391430480.29,19975441.87,476305594.11,246290277.17,1.4217,1.1685,1.0708,2.0855,Latin America,Mexico
COMP_004439,EachBig Ltd,transportation,4,4392,992589473.96,118971661.51,520182262.36,378622200.02,2.0858,1.1825,2.6746,5.0806,Asia Pacific,Japan
COMP_004440,BornMoney Ltd,retail,22,1026,121853916.35,18877488.93,146855480.46,68765265.52,2.7128,1.4783,0.8806,5.142,Europe,France
COMP_004441,MaybeGame and Sons,transportation,47,6126,875564260.8,60125775.75,774098377.37,258881862.55,1.7053,1.5276,0.5025,8.2026,Europe,United Kingdom
COMP_004442,Zavala Ltd,hospitality,50,393,166293929.33,6100921.96,245474495.58,110965589.37,3.8586,2.2939,0.825,2.9721,Europe,Switzerland
COMP_004443,Flynn & Garcia and Sons,professional_services,39,36,22853411.07,1532431.55,38440381.83,16229840.79,3.4781,2.0889,0.7307,3.4215,Europe,Germany
COMP_004444,Chandler Group,hospitality,25,542,80467183.46,11234250.4,45100753.21,15677207.13,3.2586,2.0738,0.5328,12.5377,Europe,United Kingdom
COMP_004445,Campos & Fisher Inc,energy,13,12012,4126245049.46,396784114.9,4363332855.7,2044094782.99,3.1034,2.39,0.8814,3.4919,Asia Pacific,Japan
COMP_004446,AssumePopulation LLC,financial_services,26,9924,4891321135.95,365605714.36,3707728033.91,1700539981.15,3.5524,2.6205,0.8472,5.8744,Europe,United Kingdom
COMP_004447,Wilson Ltd,technology,47,140,91265058.79,8645979.65,49149841.06,26407489.2,1.8252,0.9166,1.1612,5.7212,Latin America,Chile
COMP_004448,BabyLetter LLC,hospitality,47,412,160032436.25,23923207.79,192666014.2,53008180.23,3.6949,3.0374,0.3796,10.9726,Latin America,Brazil
COMP_004449,"Welch, Johnson and Thompson",energy,15,28199,3375217506.02,388232392.95,3917392939.04,1927348866.11,2.231,1.9425,0.9685,6.0207,Asia Pacific,Australia
COMP_004450,BoxSay Group,healthcare,12,6262,732215994.05,107822413.39,992371771.26,666557853.12,3.2742,2.4767,2.0458,5.8538,Europe,Netherlands
COMP_004451,Anderson-Walsh,hospitality,6,831,84582189.85,6948579.91,83292266.66,49980896.81,1.3157,0.9529,1.5004,2.6972,Latin America,Mexico
COMP_004452,Hawkins and Sons,hospitality,47,440,116093592.86,7516476.45,164781161.7,51618185.49,1.2719,0.9214,0.4561,3.3697,Europe,Netherlands
COMP_004453,King & Kim LLC,financial_services,38,21719,4164732748.9,190577272.92,3206797075.58,1293525551.73,1.2478,0.9842,0.6761,2.9971,Asia Pacific,Hong Kong
COMP_004454,Perez Ltd,transportation,42,3481,806123909.33,97511246.21,568419005.66,289095825.17,3.1671,1.8353,1.035,6.4323,North America,Canada
COMP_004455,ColorLeader PLC,energy,48,28192,8670910676.22,1087308124.85,17056521688.01,5463591552.37,2.0553,1.6164,0.4713,3.8698,Asia Pacific,Australia
COMP_004456,Stokes & Lee PLC,hospitality,8,90,12863847.74,827608.48,9523883.52,6607681.61,2.9405,2.2826,2.2659,3.1607,Europe,Germany
COMP_004457,Johnson Ltd,healthcare,17,4484,693590300.27,80640070.76,1341623520.11,627357153.77,1.6316,0.8289,0.8783,3.3617,North America,United States
COMP_004458,BigDemocrat Inc,healthcare,42,471,144287439.84,10208011.04,116608870.99,41930958.4,2.6732,1.9114,0.5615,5.5242,Latin America,Brazil
COMP_004459,Patrick & Barry LLC,financial_services,15,16960,2084934654.41,325848950.06,2084148740.33,788669793.24,1.6828,1.348,0.6088,6.6856,Asia Pacific,Japan
COMP_004460,Schroeder & Carroll Inc,retail,36,1490,275197030.7,12850579.38,189422993.26,79304164.93,3.6833,1.9598,0.7202,3.1554,Asia Pacific,Japan
COMP_004461,Peterson Ltd,transportation,8,2041,408712089.9,23535734.29,489539828.23,222634195.83,1.2471,0.7759,0.8341,2.6212,Europe,Switzerland
COMP_004462,ShowWhether Ltd,retail,11,2530,260766614.55,12214650.85,312527131.62,110861166.35,1.257,0.659,0.5497,2.7174,Europe,Netherlands
COMP_004463,May Group,technology,11,628,498266628.09,35255032.15,491250981.5,206767383.3,1.3948,0.902,0.7268,3.0995,Europe,United Kingdom
COMP_004464,CustomerThere and Sons,hospitality,23,84,27908245.43,3489708.26,17650443.06,8357944.69,3.3788,2.698,0.8994,6.9216,Europe,Netherlands
COMP_004465,Hudson & Wells LLC,professional_services,3,571,67707876.51,5602648.27,76177758.11,35781788.25,3.1175,2.2249,0.8858,3.0837,North America,United States
COMP_004466,Kelly & Yoder and Sons,financial_services,49,16220,1986044822.26,59497502.91,2740579404.16,720612276.33,1.8552,1.2312,0.3567,2.9243,Latin America,Brazil
COMP_004467,SuddenlyAudience Group,transportation,4,287,141679700.92,5229075.34,85793447.3,41205733.59,2.6085,2.0869,0.9241,3.4781,North America,Canada
COMP_004468,Garrett-Sawyer,transportation,30,1432,167149395.74,21329600.06,83917525.45,21657912.37,2.3273,1.398,0.3479,27.8984,Europe,Switzerland
COMP_004469,"Miller, Patton and Evans",energy,9,33261,9495267407.14,830210988.89,9055995215.64,3159390521.81,1.5547,1.1464,0.5358,5.8615,Europe,Netherlands
COMP_004470,Wilson & Hall PLC,financial_services,24,23207,4399211468.59,387976592.46,2464779666.53,1050197144.85,3.1953,1.7896,0.7424,8.601,Europe,Germany
COMP_004471,Fernandez Inc,construction,19,699,453985770.41,69689624.26,566206796.26,279636423.72,1.6799,0.9154,0.9758,8.0975,North America,Canada
COMP_004472,Walker & Shepard LLC,professional_services,22,158,99157511.19,10585036.71,58032866.71,18706491.5,3.2464,2.7725,0.4757,8.3863,Europe,Germany
COMP_004473,Myers & Howard and Sons,construction,23,425,108116118.05,14198569.81,56492190.44,22545661.15,2.4044,1.8591,0.6642,11.4266,Latin America,Brazil
COMP_004474,Donaldson & Jones PLC,healthcare,26,2827,358662140.68,9508978.63,411907004.87,104944535.22,3.6472,2.5641,0.3419,2.6277,North America,United States
COMP_004475,Allen PLC,financial_services,40,8287,3349402959.33,441507627.23,2185983136.68,720241285.0,3.3427,2.4728,0.4914,16.2823,Asia Pacific,Hong Kong
COMP_004476,Frederick PLC,energy,19,37021,4863835271.61,226370788.32,2854175833.54,827136778.83,2.1975,1.8417,0.4081,4.5359,Europe,Netherlands
COMP_004477,Ross-Brown,healthcare,14,3339,421297585.71,34601527.37,306428825.47,131077040.35,2.1373,1.228,0.7475,8.1921,Latin America,Chile
COMP_004478,"Snow, Aguilar and Giles",energy,38,27373,3610221930.89,242627628.34,6011998610.56,1953351763.57,2.4104,1.3771,0.4813,2.7526,Europe,Netherlands
COMP_004479,Mercer Ltd,professional_services,30,177,59581172.88,6990061.6,38589557.95,10961125.58,2.1805,1.7811,0.3967,15.6362,North America,Canada
COMP_004480,Johnson & Morgan LLC,transportation,38,3189,579837494.35,61915272.81,301549882.48,92423295.6,1.6582,1.3407,0.4419,11.1265,North America,Canada
COMP_004481,Cook Inc,energy,27,11238,1656505448.94,96866164.46,2130109897.64,585146209.68,3.7554,2.7101,0.3787,3.5422,Europe,Netherlands
COMP_004482,Harris Ltd,transportation,15,1765,477022439.14,32893204.32,316263665.6,191125455.96,1.932,1.4958,1.5273,3.4867,Europe,France
COMP_004483,Glass-Alvarado,hospitality,22,345,111140883.47,16634425.88,220960706.55,96884510.78,2.3223,1.7895,0.7808,4.3161,Europe,Switzerland
COMP_004484,Young Inc,healthcare,25,2600,572435504.04,90096653.44,318624226.92,169020727.69,3.0486,2.2676,1.1298,17.6209,Europe,Switzerland
COMP_004485,"Strong, Warner and Cannon",retail,42,562,106633382.07,15977191.38,93512184.94,44720779.51,2.3354,1.5672,0.9166,6.7943,Asia Pacific,Australia
COMP_004486,Johnson Inc,technology,2,2289,371393424.73,38295257.89,314942769.52,163345859.9,1.406,1.0692,1.0775,6.4381,Europe,Switzerland
COMP_004487,George-Salazar,healthcare,30,160,30073099.35,2210698.51,41549546.12,17205280.51,1.4148,1.1661,0.7067,2.7087,North America,Canada
COMP_004488,Miller & Arnold and Sons,healthcare,34,442,358057696.27,18322320.08,319302864.61,83644412.33,2.2595,1.166,0.3549,6.7378,Europe,Switzerland
COMP_004489,Nelson & Williams Inc,manufacturing,44,7159,1562623170.59,110852400.7,887134254.23,335868805.81,3.8211,2.5422,0.6093,10.6118,Asia Pacific,Hong Kong
COMP_004490,ModelMovement and Sons,construction,23,2804,284126995.92,49968953.37,165042672.28,55386046.69,1.6646,1.3733,0.5051,23.6254,Europe,Germany
COMP_004491,RateHard Group,technology,40,656,131320053.82,14990749.89,193798829.39,94536949.66,3.5857,1.9043,0.9524,4.0569,Asia Pacific,Hong Kong
COMP_004492,MeanFloor and Sons,manufacturing,29,10452,1392956707.49,78995861.13,1432121049.23,597071383.99,1.7889,0.934,0.715,3.2197,Latin America,Brazil
COMP_004493,AgainstWord Inc,financial_services,30,21172,2841280811.34,136605142.88,1744106459.57,493043919.49,1.8061,1.5348,0.3941,5.4253,Latin America,Mexico
COMP_004494,Johnson and Sons,transportation,8,1004,798281173.36,65241332.44,453207178.6,156060697.29,1.9541,1.3996,0.5252,8.8217,North America,United States
COMP_004495,Ferguson & Dalton Ltd,transportation,37,2782,737674934.33,71906903.92,669041436.02,362126330.1,1.1729,0.6704,1.1799,7.5303,Europe,Netherlands
COMP_004496,Sutton Inc,retail,33,817,305833745.17,15295801.02,350583637.25,119992111.01,1.4433,1.0694,0.5204,4.8316,Asia Pacific,Hong Kong
COMP_004497,"Olson, Hughes and Bennett",manufacturing,48,6009,981473573.87,158659154.04,1835277091.51,652504505.59,3.8997,2.9586,0.5517,8.6653,North America,United States
COMP_004498,CarLaw Ltd,energy,17,5127,1375162150.39,102305030.03,1383443547.97,505956003.08,2.2317,1.4635,0.5766,5.0268,Europe,Netherlands
COMP_004499,Simmons & Taylor Group,technology,39,1276,131405175.92,16573854.97,171741891.51,49325112.95,3.6932,3.0416,0.4029,8.1119,Europe,United Kingdom
COMP_004500,Wilson PLC,healthcare,19,570,422003975.55,54785146.27,236713351.31,89702738.64,1.8744,1.5458,0.6102,12.1812,Asia Pacific,Hong Kong
COMP_004501,Bell-Cooper,construction,39,1872,301653147.07,34312271.2,187042772.1,51693060.83,2.6592,1.5668,0.3819,10.0266,Asia Pacific,Singapore
COMP_004502,Hull and Sons,healthcare,43,1975,516139315.94,20804767.57,346549906.37,111329071.02,2.5856,1.9282,0.4733,3.4852,Latin America,Chile
COMP_004503,EachBest PLC,retail,39,244,145515893.93,5773772.28,99214432.95,38435080.87,3.4633,2.5876,0.6324,5.5916,Latin America,Mexico
COMP_004504,Perez Ltd,retail,47,40,5219250.18,744588.83,2688627.67,1496921.32,2.6916,2.0364,1.2561,16.2427,Latin America,Chile
COMP_004505,SoldierView PLC,retail,15,1786,249127132.51,39076025.62,493502978.95,138669387.86,3.4183,2.0595,0.3908,4.5041,Latin America,Chile
COMP_004506,Bradley & Ritter Inc,financial_services,8,8493,1435273682.93,168193508.31,827880512.43,521984565.15,3.2198,2.6583,1.7064,5.0206,Latin America,Mexico
COMP_004507,"Wright, Brown and Brown",retail,15,2502,367834933.75,21744217.37,299353301.58,88042217.49,1.5972,1.3474,0.4166,4.1245,Asia Pacific,Hong Kong
COMP_004508,Gonzales & Campbell LLC,transportation,21,172,33706802.62,5321335.91,27414908.81,8061906.22,1.9458,1.5241,0.4166,16.4585,Latin America,Brazil
COMP_004509,Bailey Ltd,healthcare,12,3029,586903672.25,34411661.87,810132967.85,460193232.43,2.1334,1.8821,1.3151,2.7434,Latin America,Brazil
COMP_004510,VoiceElection LLC,retail,21,2544,470854170.28,58064793.45,583862338.39,147120285.72,3.2392,2.7985,0.3369,7.9517,Latin America,Brazil
COMP_004511,CarryPolice Group,technology,26,724,88030224.29,9871182.37,47384820.23,23654662.87,1.7914,1.0585,0.9968,7.03,North America,United States
COMP_004512,Mendoza Inc,technology,36,2104,236353095.88,40588617.16,144956140.31,40904426.93,2.7941,1.623,0.3931,17.5283,Europe,Germany
COMP_004513,Douglas & Jones PLC,financial_services,43,612,466195739.17,34599499.58,300735281.7,93018958.41,3.8941,2.5852,0.4478,12.941,Asia Pacific,Australia
COMP_004514,DescribeMiss Ltd,hospitality,30,951,125510700.54,6687974.2,137683551.77,38484960.31,2.6802,2.2259,0.388,3.9307,Europe,Switzerland
COMP_004515,SimpleTax LLC,hospitality,25,1075,110555804.44,11263289.92,69927198.83,19455736.69,3.6259,1.8704,0.3855,8.4849,Latin America,Brazil
COMP_004516,WaterWhole and Sons,hospitality,29,529,82065739.32,12405719.67,49221986.22,17508572.36,2.1612,1.8714,0.5521,21.3848,North America,Canada
COMP_004517,Marquez-Pugh,energy,50,23261,5237701363.66,254748728.96,7618971222.66,1915374490.98,3.3942,2.7285,0.3358,4.2348,North America,Canada
COMP_004518,Deleon LLC,transportation,46,2088,897608911.88,99056886.44,892118551.62,340756033.47,1.339,0.8132,0.618,9.3276,Europe,Switzerland
COMP_004519,Melton and Sons,technology,18,958,98950856.85,4810746.66,120872442.44,56039381.18,1.9227,1.1005,0.8644,2.5938,Asia Pacific,Singapore
COMP_004520,NewWalk LLC,hospitality,21,33,5490337.83,408499.29,4187575.51,2191795.84,2.7578,2.3229,1.0982,3.5816,North America,Canada
COMP_004521,Wolfe-Gordon,retail,38,3709,431109112.58,63089570.05,355529743.67,145408050.73,3.7859,2.769,0.692,10.8219,Asia Pacific,Singapore
COMP_004522,Brown Group,technology,10,2827,288981424.11,35397350.74,210985176.95,141872695.85,2.3648,1.5284,2.0528,6.437,Europe,United Kingdom
COMP_004523,Thornton & Howell LLC,manufacturing,1,4393,1782410326.37,180316836.53,1431001892.03,843459332.4,0.9261,0.817,1.4356,4.7127,Europe,United Kingdom
COMP_004524,Miller & Barr PLC,retail,13,1127,299278721.26,45666573.18,176431170.41,80596559.8,1.1153,0.6206,0.841,11.2209,Europe,Switzerland
COMP_004525,Hall Ltd,transportation,38,3032,812059479.06,99564256.26,483044716.64,138103576.28,1.6702,1.0012,0.4004,12.076,Asia Pacific,Japan
COMP_004526,OnDevelop Inc,construction,12,1493,217688314.86,18838139.31,284190083.84,92452542.2,2.6878,1.4644,0.4822,4.1363,Asia Pacific,Singapore
COMP_004527,Watson & Velasquez and Sons,hospitality,49,819,150222126.33,11819726.51,209055052.58,70153085.69,2.2058,1.1675,0.5051,3.4635,North America,United States
COMP_004528,Johnson & Young Group,transportation,32,999,913911052.22,118645410.1,516623803.27,204950844.24,1.0823,0.8095,0.6576,10.5834,Asia Pacific,Hong Kong
COMP_004529,"Duran, Benton and Smith",transportation,12,1397,576401734.08,16432571.83,1030048847.3,547751558.88,3.3862,2.7614,1.1357,1.9065,North America,United States
COMP_004530,ThinkAlong LLC,hospitality,22,128,36976244.96,6394377.62,19018150.96,10607770.91,3.5691,2.0775,1.2613,10.5229,Latin America,Brazil
COMP_004531,Chapman-Evans,technology,6,668,135130009.9,5013612.94,258001036.34,110210706.98,3.0595,2.177,0.7457,2.028,Latin America,Mexico
COMP_004532,Hanna Inc,financial_services,26,6125,1001236438.72,163871300.26,513306575.27,257238601.35,3.2466,1.8847,1.0046,16.2356,Europe,United Kingdom
COMP_004533,Bond-Cruz,construction,33,992,127194228.66,19702357.58,161846563.44,84623386.51,3.61,2.7577,1.0958,8.7492,North America,United States
COMP_004534,Roy Group,healthcare,33,2538,309883372.1,30139325.9,159336842.29,78216399.65,3.0577,2.1115,0.9642,6.5767,Europe,France
COMP_004535,LifeAnother and Sons,hospitality,50,253,111471623.56,6696045.8,116450952.64,53653872.42,2.15,1.2106,0.8544,2.823,Europe,Germany
COMP_004536,Harris & Lopez Group,retail,40,2813,294819831.47,25974172.18,217275323.83,111355882.06,3.1064,2.764,1.0513,4.7403,Latin America,Brazil
COMP_004537,Patel Ltd,transportation,11,4036,432234749.77,23473657.13,236795801.02,135835515.07,1.3541,0.7668,1.3454,5.9249,Asia Pacific,Japan
COMP_004538,FocusAlmost PLC,hospitality,26,153,123468735.18,16160721.41,84076692.96,31053179.66,2.0627,1.5169,0.5856,8.0522,Asia Pacific,Singapore
COMP_004539,Hines Inc,construction,40,302,45379588.18,3627168.1,35293860.85,12788873.08,3.6324,3.1021,0.5683,5.0814,Asia Pacific,Australia
COMP_004540,WherePolitics LLC,manufacturing,49,682,184698591.75,14199413.97,97406949.37,29156765.65,3.5131,1.9943,0.4272,9.0278,Latin America,Brazil
COMP_004541,WinThem LLC,technology,20,286,86742900.72,4072881.0,130866755.37,37541596.61,2.9771,1.8638,0.4023,3.7021,Latin America,Brazil
COMP_004542,Patrick & Garza Inc,retail,2,427,260002594.02,29315359.05,480947947.65,203120667.47,1.8732,1.2314,0.7311,4.0004,Asia Pacific,Australia
COMP_004543,Peterson & Calderon Group,professional_services,46,164,21792470.53,2157090.5,16849151.5,6535884.09,2.4063,1.5688,0.6337,6.1067,Latin America,Mexico
COMP_004544,Glenn Ltd,financial_services,50,6705,1423589173.43,199684203.17,772912553.07,227267029.59,2.4985,2.0313,0.4165,27.2836,Latin America,Chile
COMP_004545,WithoutSimply Inc,manufacturing,49,5229,806622543.98,111981477.89,1125104162.09,621126719.1,1.4961,1.2474,1.2324,4.1941,Latin America,Mexico
COMP_004546,Aguirre PLC,hospitality,5,593,162561358.68,14011312.33,105591078.41,36572634.0,2.5316,1.3891,0.5299,6.2344,North America,United States
COMP_004547,Hughes & Griffith Ltd,hospitality,28,16,3758565.05,367074.39,1901387.29,543462.78,3.3028,2.889,0.4002,13.1502,North America,United States
COMP_004548,Mitchell & Ritter PLC,financial_services,30,5285,3250400312.98,115649555.75,1701936207.11,597673345.96,2.1601,1.2479,0.5412,3.7385,Latin America,Mexico
COMP_004549,Coleman-Ball,technology,22,358,334769388.99,21760804.44,324311559.13,91199775.49,1.1153,0.7734,0.3912,5.774,Latin America,Mexico
COMP_004550,Mack & Green Group,professional_services,25,347,79966250.15,14379942.82,42556576.41,22264809.72,1.4717,0.8768,1.0972,14.1735,North America,Canada
COMP_004551,Mcdonald and Sons,hospitality,5,1277,186617834.87,7909830.21,154441980.76,91256005.85,3.0955,2.4016,1.4442,2.0588,Europe,France
COMP_004552,Anderson Inc,manufacturing,38,180,50074319.41,8871386.42,51776509.84,21455328.36,2.6584,1.7711,0.7076,7.2644,Asia Pacific,Australia
COMP_004553,Campbell Ltd,energy,3,6890,1580147869.86,37278658.7,907357288.46,636739750.22,2.5525,2.2448,2.3529,1.9357,Latin America,Brazil
COMP_004554,EyeBed and Sons,professional_services,21,212,88674043.76,9996027.02,60653349.2,18654883.44,2.8695,2.1842,0.4442,16.8377,Europe,Germany
COMP_004555,Wise LLC,transportation,4,4132,463933376.57,17111384.67,701904040.24,406555252.26,1.7586,1.5623,1.3765,1.4578,Europe,Switzerland
COMP_004556,GreenOwn Group,financial_services,40,5636,2827307288.28,290983732.55,2591995286.02,912269380.69,2.2827,1.7413,0.5431,5.8933,Latin America,Chile
COMP_004557,Gilbert LLC,financial_services,44,31647,3318505746.58,467917242.53,2143700549.28,1177305789.19,3.3371,2.6568,1.2182,12.7794,Europe,Germany
COMP_004558,ExistReceive LLC,financial_services,19,26252,3398542356.43,387954411.19,3677634902.29,1750201419.04,1.6746,0.9932,0.908,4.5388,Latin America,Chile
COMP_004559,"Patrick, Franklin and Martinez",energy,26,59339,9320817013.0,855111723.87,4775428859.94,1244706837.79,3.2349,2.8253,0.3525,14.8125,Latin America,Brazil
COMP_004560,"Guerrero, Huff and Abbott",financial_services,43,12054,4984777592.88,164376014.25,4304261932.69,1712600696.16,2.2635,1.1566,0.6608,2.5869,Latin America,Chile
COMP_004561,Wallace & Smith Inc,healthcare,19,5349,721556673.63,99933076.2,598004796.03,150453131.85,1.8545,1.3287,0.3362,22.1196,Latin America,Chile
COMP_004562,ManAlthough LLC,transportation,13,574,294348997.11,6748383.97,169587401.93,105063698.46,2.0795,1.6969,1.6283,2.0425,Asia Pacific,Australia
COMP_004563,Castillo PLC,energy,42,75562,8803536402.83,749038680.29,6600179287.62,3507559215.31,2.6018,1.5782,1.1342,4.0136,Asia Pacific,Singapore
COMP_004564,Robinson Inc,construction,34,175,29364352.7,1958192.56,16896168.54,6076465.11,3.5878,2.3015,0.5616,7.8986,Latin America,Brazil
COMP_004565,Riley Inc,energy,41,6326,2349254486.1,211821478.98,1994303281.96,1078068257.69,3.8712,2.9315,1.1766,4.4169,Latin America,Brazil
COMP_004566,Prince-Arnold,manufacturing,41,5127,1795797577.75,106599489.41,2421158312.15,953786770.9,3.7971,2.226,0.65,2.4528,Asia Pacific,Hong Kong
COMP_004567,Ashley & Alexander LLC,construction,34,554,131814799.65,12701271.89,85509420.6,30550210.75,3.6353,2.2474,0.5559,6.5434,North America,Canada
COMP_004568,SpaceStop LLC,financial_services,3,9144,1111048787.51,91272439.91,1679399206.51,1059572972.29,2.9163,2.1786,1.7095,2.3908,North America,United States
COMP_004569,Booth-Martinez,construction,14,359,73372020.1,10050045.73,79344970.7,30055576.53,2.0659,1.1589,0.6098,11.3749,Latin America,Brazil
COMP_004570,Mccoy & Thomas PLC,professional_services,27,712,85981619.89,14450161.67,115591833.3,56432483.15,3.2941,2.3116,0.9539,4.7628,Europe,Germany
COMP_004571,Douglas and Sons,construction,14,2269,252528838.3,40027586.79,315986758.18,152852873.45,3.0887,1.7597,0.937,7.6333,North America,United States
COMP_004572,Wilson Inc,construction,31,2797,339072135.51,37565122.05,238324487.84,69243886.53,2.3518,2.1083,0.4095,7.9666,Asia Pacific,Hong Kong
COMP_004573,Cohen Group,healthcare,11,2163,242871052.15,24878113.25,126468657.1,47661746.14,2.6634,1.9571,0.6048,8.7001,Asia Pacific,Japan
COMP_004574,Riley & Williams Ltd,financial_services,25,15112,3792621700.85,107148645.9,2480861891.26,874212049.9,1.0433,0.7887,0.5441,2.8572,Europe,Switzerland
COMP_004575,Perez & Lynn LLC,technology,3,898,380242766.94,17607966.39,358131963.21,235968460.56,2.0067,1.3245,1.9316,1.9546,Europe,Germany
COMP_004576,Hester Inc,technology,2,541,156986414.43,15824774.58,83049458.18,42252118.65,2.3625,2.0339,1.0357,6.9306,North America,Canada
COMP_004577,"Kirk, Atkinson and Fernandez",healthcare,33,665,413629219.85,52403833.61,821081354.94,438744348.36,3.7436,1.8737,1.1475,3.5345,Latin America,Brazil
COMP_004578,Williams & Young Inc,technology,18,686,105635448.44,15745759.31,92372273.21,39570099.78,2.3365,1.9077,0.7494,6.2258,North America,Canada
COMP_004579,Jones Group,healthcare,6,6284,976678218.21,129599736.64,797212481.23,308867216.51,0.9696,0.6359,0.6325,9.7899,Latin America,Mexico
COMP_004580,Wilson Inc,healthcare,27,6237,647374564.17,83214044.35,624307646.62,312928381.54,1.3311,0.7851,1.005,4.8839,Europe,Germany
COMP_004581,EconomicDemocrat LLC,hospitality,25,1200,186974232.26,29678084.14,122422545.26,34841428.44,1.7196,0.8742,0.3978,13.9332,Latin America,Brazil
COMP_004582,OwnHot Ltd,transportation,36,2255,310351688.19,16849549.76,329465300.23,136749682.23,3.0279,1.9942,0.7096,3.0094,Europe,France
COMP_004583,Jones-Simmons,technology,48,1717,391163565.59,37971418.44,254708544.8,85785650.97,1.6338,1.0206,0.5078,7.3997,Latin America,Mexico
COMP_004584,Campbell Inc,healthcare,39,6358,767029350.67,66083524.83,1214931258.79,357771508.19,3.8355,2.8133,0.4174,5.682,North America,Canada
COMP_004585,Nguyen LLC,technology,49,2429,346136170.28,18799921.83,203083943.82,74219589.92,3.4745,2.4353,0.576,9.4017,Europe,Netherlands
COMP_004586,Rogers Group,energy,43,64131,9658107803.9,345840972.32,14377949768.56,4483051118.15,2.5391,1.4869,0.4531,2.2469,Asia Pacific,Singapore
COMP_004587,WatchReach LLC,construction,43,1924,199809891.37,32677988.96,113758603.81,49179332.6,1.2758,1.1186,0.7615,22.6441,North America,United States
COMP_004588,Ruiz & Beltran PLC,professional_services,4,125,13506373.7,1430300.13,18248970.21,7989686.92,1.0304,0.7418,0.7788,3.3641,Latin America,Mexico
COMP_004589,AllowCollege LLC,financial_services,7,31780,3361827207.63,127540663.17,3100282899.14,1426711755.33,0.9415,0.5643,0.8525,2.1611,North America,United States
COMP_004590,Carter and Sons,professional_services,39,544,73066325.15,8916360.73,93657514.25,27911649.71,2.714,2.1067,0.4245,8.4489,Asia Pacific,Japan
COMP_004591,Buck & Johnson PLC,construction,6,461,289654983.86,34847631.52,212907675.11,85241211.74,1.1788,0.6143,0.6677,7.9962,Asia Pacific,Hong Kong
COMP_004592,Morton PLC,hospitality,11,148,42156760.73,2807959.09,23156410.95,13059091.24,1.2365,0.7268,1.2933,4.1787,Latin America,Brazil
COMP_004593,Baldwin & Harmon PLC,technology,50,2341,252723514.89,19630292.73,199368672.84,51386343.26,2.866,2.0663,0.3472,11.8848,North America,Canada
COMP_004594,Marquez & Case Group,energy,15,4837,3156287878.86,503352491.55,2000540722.37,858717384.21,1.5089,1.3475,0.7521,16.3519,Asia Pacific,Hong Kong
COMP_004595,ThenPass Inc,construction,24,220,216595931.44,24414478.86,204130499.01,61193336.25,2.4076,1.6781,0.4281,11.2948,Europe,Switzerland
COMP_004596,Sandoval and Sons,construction,48,743,324383195.04,36937431.64,200524974.55,82652901.05,3.5682,3.0789,0.7012,7.1272,North America,Canada
COMP_004597,ISound Ltd,retail,31,880,373116941.86,11934643.81,240187657.12,113289819.78,2.1351,1.1464,0.8928,2.3842,Latin America,Brazil
COMP_004598,Miller Inc,healthcare,3,1743,236063567.45,24798157.99,209511479.74,80970281.8,2.0648,1.0434,0.6299,8.4695,North America,Canada
COMP_004599,Cunningham PLC,professional_services,16,125,40829873.38,4100508.03,23360595.39,8265722.79,1.1734,0.7414,0.5476,8.0736,North America,United States
COMP_004600,Mccoy Ltd,retail,6,1255,136042462.35,6251321.08,113940246.82,64866954.64,2.1177,1.7505,1.3218,2.8789,North America,United States
COMP_004601,Ryan-Martinez,financial_services,10,7654,1001171753.17,131097100.73,793826242.26,451077538.01,2.1959,1.1177,1.3161,5.7004,Latin America,Chile
COMP_004602,Johns Inc,financial_services,11,25707,3919102227.78,453086826.68,2160082588.23,1259233219.53,2.486,1.7029,1.3978,6.0633,Europe,Switzerland
COMP_004603,PolicyMarriage Ltd,retail,34,3709,454807841.83,33807100.24,472514786.8,123700983.05,1.3905,1.0929,0.3546,5.3588,Asia Pacific,Japan
COMP_004604,Warren Group,financial_services,18,17143,1857458606.57,307918818.09,1232842240.91,395668946.09,1.7299,0.9862,0.4726,12.8731,Asia Pacific,Singapore
COMP_004605,Adams-Huff,hospitality,34,259,150504505.95,17847698.21,103788566.08,28344360.26,1.3146,0.658,0.3757,12.1926,Asia Pacific,Australia
COMP_004606,Carter and Sons,financial_services,44,17833,4486006493.93,684268969.34,2899730757.08,1214745388.67,2.3229,1.2866,0.7209,8.8346,Latin America,Mexico
COMP_004607,Sanchez-Saunders,transportation,28,2000,847662968.42,91342159.22,805102345.1,226556941.48,2.3887,1.2705,0.3916,6.4302,North America,Canada
COMP_004608,Cox Group,financial_services,50,4145,922238808.81,165752185.87,814619956.19,395773853.33,1.6164,1.0791,0.9449,7.6036,Asia Pacific,Japan
COMP_004609,Goodman-Wilson,professional_services,2,740,95651042.21,6761549.15,66035542.69,50674407.05,1.5971,1.1814,3.2989,3.8649,Europe,Germany
COMP_004610,Allen & Oconnor Group,construction,5,1863,191454838.01,22489629.34,99876920.67,33560355.92,1.9923,1.2127,0.5061,13.1802,Asia Pacific,Australia
COMP_004611,Cox LLC,financial_services,27,15685,1702810899.26,264880404.7,904045751.0,251496967.32,1.6635,1.0864,0.3854,14.9776,Asia Pacific,Hong Kong
COMP_004612,Castro & Jones LLC,hospitality,31,41,13423834.13,1060766.1,13287335.21,5969431.28,2.6415,1.4918,0.8157,4.9533,Asia Pacific,Japan
COMP_004613,"Washington, Hall and Hartman",healthcare,46,2054,488742785.83,82864310.48,302772484.31,108776360.19,1.8076,1.0003,0.5607,20.4144,Europe,France
COMP_004614,Hudson and Sons,professional_services,32,34,11346854.76,1248770.32,6721763.07,3026274.45,2.4608,2.0413,0.8189,8.4912,North America,Canada
COMP_004615,WishNote and Sons,healthcare,33,2362,252297121.82,26238581.75,166142861.04,47408763.92,3.4589,2.7496,0.3993,9.3283,Latin America,Mexico
COMP_004616,StandardWhere Group,retail,39,1226,159837425.64,25251523.64,214981879.43,69538904.86,3.5381,3.1056,0.4781,7.8558,Latin America,Mexico
COMP_004617,Craig Ltd,financial_services,1,12501,4046043354.22,246565206.39,3169309566.59,2010567966.91,2.4369,1.3641,1.7351,4.009,Latin America,Chile
COMP_004618,Taylor LLC,healthcare,7,1158,876111207.14,85808175.39,499611137.02,262538385.69,1.1596,0.6679,1.1074,6.5919,North America,United States
COMP_004619,Peterson-Wilson,energy,28,18068,3059539858.74,372747498.09,3022765217.09,1582650317.3,1.5101,0.8776,1.099,5.4277,North America,United States
COMP_004620,Ortiz PLC,healthcare,38,2953,859404630.64,35109380.65,483205039.94,261690360.49,3.2376,2.819,1.1814,3.1759,Latin America,Chile
COMP_004621,Lucero & Johnston Ltd,construction,38,3939,429329314.0,32581734.27,327365787.71,160485866.31,2.0732,1.7924,0.9617,4.5754,Asia Pacific,Hong Kong
COMP_004622,UponSpring and Sons,energy,3,75419,7658276956.33,333403653.21,11238759212.34,7867285196.09,1.5303,1.0467,2.3335,1.904,Europe,Germany
COMP_004623,Yoder Group,energy,27,6069,1509616384.45,238119035.3,808580814.5,406623811.13,1.6983,1.126,1.0116,9.1518,Europe,Germany
COMP_004624,AdministrationCompare Inc,transportation,41,5765,693419618.43,78704542.81,989545435.42,519311564.61,1.3769,0.9958,1.1044,2.9753,Europe,United Kingdom
COMP_004625,KidEveryone PLC,healthcare,2,1381,945298944.26,31884332.89,1503297972.5,535453477.5,2.8643,2.029,0.5532,2.5757,Latin America,Chile
COMP_004626,SeekWonder Group,construction,9,1968,342857536.99,17343293.89,184947217.72,59250397.88,1.5462,1.1298,0.4714,5.0559,Latin America,Chile
COMP_004627,Newton & Martinez Inc,retail,17,479,167145190.86,23407252.97,155015821.87,85827833.09,1.76,1.2362,1.2405,5.4095,Europe,Netherlands
COMP_004628,Bass Inc,technology,3,809,250789079.4,10558435.95,491411552.98,270313639.53,1.7123,1.1335,1.2226,1.4215,Europe,France
COMP_004629,Vaughn Inc,healthcare,9,947,647496418.13,64942279.61,378392058.33,239874848.44,2.3887,1.2057,1.7317,9.8021,Asia Pacific,Australia
COMP_004630,Anderson & Camacho Group,hospitality,32,685,102603511.34,14207540.88,109376757.98,36868023.18,2.0351,1.6901,0.5085,7.1395,Latin America,Brazil
COMP_004631,Strong & Gomez Group,transportation,13,986,128753412.31,16310654.35,108752796.38,45690764.5,1.627,1.0567,0.7245,9.4341,Asia Pacific,Hong Kong
COMP_004632,"Hawkins, Joseph and Wilson",manufacturing,44,4302,631007448.86,67849951.16,403586471.5,156036004.07,3.6831,2.4117,0.6303,14.244,North America,United States
COMP_004633,Vargas-Jensen,healthcare,39,1220,803384050.4,47660036.35,602994235.19,215880129.22,1.891,1.357,0.5577,4.056,Asia Pacific,Japan
COMP_004634,"Williams, Rodgers and Kelly",energy,28,36596,8621109558.65,217378821.96,9852358084.26,4140135473.86,1.8146,1.1048,0.7248,1.8823,Latin America,Mexico
COMP_004635,ListWhether Group,healthcare,11,943,141613532.55,7506732.78,269271052.8,182990240.4,2.8665,1.8092,2.1209,1.8641,Asia Pacific,Japan
COMP_004636,Mccoy & Yang Group,technology,31,3014,476240989.45,43409677.95,342529807.64,171029220.76,1.5281,0.8241,0.9973,4.7565,Europe,United Kingdom
COMP_004637,Todd-Graves,financial_services,12,8419,1650824863.06,76169864.65,1293028564.99,440629285.63,3.449,3.0997,0.5169,3.7344,Asia Pacific,Hong Kong
COMP_004638,"White, Cannon and Hendricks",retail,19,2235,331832241.89,13450133.65,210973544.62,118345388.44,1.4494,0.7476,1.2776,2.635,Latin America,Brazil
COMP_004639,WriteMr Inc,healthcare,33,2928,753066020.23,70308842.1,854701437.58,341162322.3,3.6423,2.6841,0.6643,6.2425,Asia Pacific,Australia
COMP_004640,Huang PLC,retail,21,1283,406349224.85,30266634.67,253127075.56,106964727.4,1.383,0.841,0.7318,4.5051,North America,Canada
COMP_004641,Watkins & Craig Group,manufacturing,19,7004,1892041907.43,112940667.2,956990479.46,396341130.7,2.6066,1.7249,0.7069,10.1499,North America,Canada
COMP_004642,Gray Group,energy,48,22607,3163549502.89,474807368.28,2060246024.29,868782618.71,2.9772,2.1781,0.7292,13.885,Latin America,Chile
COMP_004643,Thompson & Sharp LLC,energy,23,57111,8592139222.79,1489128531.82,6641156149.25,1596001017.13,2.2642,1.6509,0.3163,17.5857,Asia Pacific,Japan
COMP_004644,YouSpring Inc,professional_services,25,80,13602846.89,1056415.04,11113753.13,5677168.47,3.6725,2.5327,1.0443,3.9624,Asia Pacific,Hong Kong
COMP_004645,EachFinish Group,technology,23,520,352815412.27,13848785.52,273761536.91,89920805.81,3.8972,2.2327,0.4891,4.1053,Latin America,Chile
COMP_004646,GrowthAnything PLC,manufacturing,38,1872,1486535681.73,114421088.3,1727658710.4,525879880.47,2.6869,1.7527,0.4376,6.0894,North America,United States
COMP_004647,Holmes & Fox PLC,financial_services,49,22766,3391838973.59,383315575.04,6037682443.69,2660011411.52,3.7371,2.8124,0.7875,3.8721,Europe,France
COMP_004648,Anthony & Simmons LLC,technology,40,689,126905053.33,11419648.22,70489160.69,37484678.28,1.6044,1.1895,1.1357,7.1478,Asia Pacific,Singapore
COMP_004649,Cruz and Sons,professional_services,3,636,87367793.13,4051573.54,86963989.81,41470795.09,1.793,1.03,0.9116,3.2092,Europe,United Kingdom
COMP_004650,Williams Ltd,technology,36,812,85260373.22,3700310.52,55984298.7,31324528.3,1.6603,1.155,1.2703,4.0769,North America,United States
COMP_004651,UsSide and Sons,hospitality,39,110,11673323.51,1708399.28,9157127.65,4714427.77,3.0172,2.1747,1.0612,5.9233,Latin America,Mexico
COMP_004652,Jordan LLC,retail,13,2909,359297565.32,54065377.04,312347798.01,91896487.97,2.3834,1.4063,0.4169,11.4562,Latin America,Brazil
COMP_004653,PaperUntil PLC,healthcare,18,3302,478098336.66,15018683.75,499409843.0,292943911.07,1.6592,1.0795,1.4188,1.8798,Asia Pacific,Hong Kong
COMP_004654,FormerBit LLC,retail,38,2971,424850813.94,31176928.79,516844175.65,204611726.79,3.8417,3.0298,0.6553,6.1015,Asia Pacific,Australia
COMP_004655,Martin-Roberts,hospitality,19,533,77296031.07,8595336.87,106003069.71,26692618.68,1.606,1.3426,0.3366,10.9418,Europe,Netherlands
COMP_004656,Gonzales-Mcclure,technology,8,733,84971015.67,6840327.55,67370862.44,30080174.9,1.7934,1.1506,0.8066,5.86,North America,Canada
COMP_004657,Roberts LLC,healthcare,20,1491,837259981.51,40890140.01,496299499.89,141115850.2,1.9142,1.2725,0.3973,6.4611,Asia Pacific,Japan
COMP_004658,PoliceSome Inc,technology,41,2365,274905906.19,44648972.01,187476067.83,68572964.66,1.828,0.9894,0.5767,9.5903,Latin America,Mexico
COMP_004659,Estrada and Sons,construction,18,787,98651917.23,4366354.3,136048074.81,49770279.82,1.6161,1.0945,0.5769,2.4697,North America,Canada
COMP_004660,Davis PLC,manufacturing,23,1771,1443564157.19,126995431.43,1339917833.24,705028290.09,2.4604,2.1703,1.1105,5.4746,North America,United States
COMP_004661,ThisMovie and Sons,technology,11,1116,256045705.61,13736831.66,480137274.18,289874812.54,2.9916,2.0334,1.5236,1.7828,Latin America,Brazil
COMP_004662,Johnson & Orr PLC,transportation,35,1996,608269852.42,59419389.91,641977041.23,174030504.1,3.1332,1.9559,0.3719,8.5356,Europe,Netherlands
COMP_004663,Medina and Sons,healthcare,46,2268,463593846.52,56108518.17,795936584.23,379910703.05,1.8615,1.5712,0.9132,3.5782,North America,United States
COMP_004664,Smith & Wall Inc,construction,5,1849,415210946.99,38107325.08,322511000.13,148233401.65,2.251,1.8901,0.8506,5.3455,North America,United States
COMP_004665,Wood & Campbell PLC,hospitality,45,1471,166082980.42,25017395.83,141091258.56,60700306.36,1.2877,0.8243,0.7551,6.3774,Latin America,Brazil
COMP_004666,LastSign Group,retail,3,1941,355275633.27,30078899.91,277110959.12,100640255.22,2.8014,1.9766,0.5703,5.7192,Asia Pacific,Australia
COMP_004667,NearCard Group,professional_services,29,36,10987437.05,1338381.97,12972177.81,4383948.15,1.9147,1.5901,0.5105,5.2508,Asia Pacific,Hong Kong
COMP_004668,Phillips Inc,professional_services,28,823,83965959.26,13166498.18,62128616.5,19869283.21,1.2776,0.6747,0.4702,10.4703,Europe,United Kingdom
COMP_004669,Moran & Calhoun Inc,energy,49,8729,6726579156.3,775186226.57,3528235082.45,1448036197.33,1.5089,1.0113,0.6961,7.824,Latin America,Mexico
COMP_004670,Wallace Group,retail,10,1485,349118034.67,17746408.05,330242763.69,108518138.95,2.5812,1.6299,0.4894,5.2042,Asia Pacific,Singapore
COMP_004671,Baker-Lin,retail,6,955,182765454.52,13628744.79,138586877.67,51051976.95,2.835,2.3474,0.5832,4.4114,Europe,France
COMP_004672,FamilySign Ltd,retail,4,4365,439881218.97,33462595.77,468555424.78,215664178.22,3.0602,2.0674,0.8528,3.8992,Asia Pacific,Singapore
COMP_004673,Wilson LLC,healthcare,29,3139,726744742.23,103568518.37,857309112.43,381695967.43,1.0545,0.6987,0.8025,5.0861,Latin America,Mexico
COMP_004674,Garner and Sons,energy,48,2697,1170275141.97,130948463.97,1034675165.68,556801947.54,3.8094,3.0952,1.1652,6.0956,North America,Canada
COMP_004675,Luna & Murphy PLC,financial_services,10,17055,2044812391.69,61242607.17,2478514856.08,796083070.8,1.2077,1.0233,0.4732,2.6955,Europe,Germany
COMP_004676,Rogers Group,professional_services,45,525,88694846.02,13186214.61,89055082.78,48339522.09,2.6537,2.0765,1.1872,6.9008,Asia Pacific,Japan
COMP_004677,"Moss, Powers and Jones",energy,18,608,519607181.89,79105908.42,958951596.12,346422104.92,1.6439,1.3057,0.5656,4.3174,Asia Pacific,Australia
COMP_004678,Watts Inc,professional_services,26,735,96160953.65,12707007.25,62276857.42,26728228.88,3.5011,2.6126,0.7519,9.1007,Latin America,Mexico
COMP_004679,Hamilton Ltd,retail,7,3121,340222959.02,10774017.22,186241199.41,60964876.9,2.9416,2.5571,0.4866,4.4332,Asia Pacific,Hong Kong
COMP_004680,Bauer & Stewart PLC,construction,32,2407,317531108.93,10956454.48,174289350.4,66010930.65,1.1805,0.8619,0.6096,3.1861,Asia Pacific,Japan
COMP_004681,RecentThird Ltd,technology,13,1200,136009068.99,20975631.53,68332340.95,40582101.27,1.3397,0.9463,1.4624,10.5978,North America,United States
COMP_004682,Avery Ltd,financial_services,45,5537,1251471025.81,46315057.97,1190119724.18,292531104.96,2.5106,1.8429,0.3259,4.2111,North America,United States
COMP_004683,Smith and Sons,hospitality,32,823,188469585.68,10394904.91,148754428.07,38348614.72,3.2556,1.7798,0.3473,7.5183,Latin America,Mexico
COMP_004684,"Bennett, Hahn and Nunez",construction,37,922,152644864.85,11199274.1,284556960.91,85778242.66,3.8649,3.4376,0.4315,2.8338,Europe,Netherlands
COMP_004685,EvidenceMany and Sons,professional_services,40,372,77662777.02,6032674.11,120850751.37,37506913.86,3.606,2.7179,0.45,3.2524,North America,United States
COMP_004686,Washington and Sons,energy,5,11199,3961561892.16,361295788.41,5264271835.15,2364703525.68,2.3503,1.2334,0.8155,4.8253,Europe,United Kingdom
COMP_004687,Gross & Campbell and Sons,financial_services,47,6441,704877813.22,68094086.88,366904304.84,94084460.68,1.0475,0.6897,0.3449,12.0158,Latin America,Brazil
COMP_004688,"Liu, Tapia and Vincent",manufacturing,23,82,31323442.41,4566453.0,23172404.61,12952432.27,2.0609,1.395,1.2674,10.3222,Asia Pacific,Australia
COMP_004689,"Lewis, Hamilton and Henry",manufacturing,29,10321,1093072100.66,162978740.85,644495712.56,162965311.98,2.1751,1.4083,0.3384,23.913,North America,Canada
COMP_004690,"Clark, Thompson and Barnes",retail,2,505,487937851.64,21012181.73,495130064.04,227844960.55,2.5808,1.677,0.8524,2.4041,North America,United States
COMP_004691,Baker & James PLC,hospitality,9,465,74458102.57,6806315.65,58422742.77,38265000.43,3.2131,1.6729,1.8983,3.381,Latin America,Brazil
COMP_004692,Little Group,transportation,47,1245,363620410.65,43902242.31,580420068.85,247832671.85,1.2411,1.0712,0.7452,3.2936,North America,United States
COMP_004693,"Sandoval, White and Evans",manufacturing,1,5490,694742319.52,23732153.86,435885712.53,347126849.49,2.0551,1.1663,3.9109,2.6578,Latin America,Brazil
COMP_004694,Hall & Carter Group,transportation,3,4891,525338398.93,59642024.64,539357445.21,225827865.72,2.5469,1.9725,0.7203,4.2469,North America,United States
COMP_004695,MightStyle Ltd,professional_services,37,279,44346155.9,2566412.1,62107480.61,15335975.0,1.6543,1.0945,0.3279,3.5765,North America,United States
COMP_004696,Myers & Howard Group,financial_services,10,35150,4400773987.37,372298146.36,2603813892.01,1317451750.83,1.1929,1.008,1.0242,5.0647,North America,United States
COMP_004697,Phillips & Robinson LLC,technology,30,310,253254875.07,10212129.95,146017854.48,71603286.12,2.8766,2.4524,0.9622,2.9601,Asia Pacific,Singapore
COMP_004698,KindLikely LLC,transportation,41,2848,512680259.81,40946873.12,279785430.18,115908463.2,3.0701,2.1717,0.7073,5.2566,Latin America,Mexico
COMP_004699,Bates Inc,construction,42,78,73493939.39,6800937.8,55671319.01,16144645.64,1.5833,1.2925,0.4084,9.6347,Europe,France
COMP_004700,Marshall LLC,financial_services,30,47709,4913870309.14,189675760.5,3180868824.64,1621827249.46,3.0431,2.1124,1.0403,4.1112,Asia Pacific,Japan
COMP_004701,Guerrero LLC,construction,6,1094,128736580.98,16415368.57,142276416.78,47664667.23,1.0403,0.7983,0.5038,5.7462,Asia Pacific,Japan
COMP_004702,Terry Ltd,healthcare,45,593,77997247.12,6853838.84,65850866.34,19567710.91,1.3295,0.9756,0.4228,5.9921,Europe,Netherlands
COMP_004703,Anderson & Khan Group,construction,36,1176,333257393.24,22099774.14,432293099.35,106317793.38,1.1749,0.679,0.3262,3.8315,North America,United States
COMP_004704,"Jenkins, Young and Carter",manufacturing,38,11403,1194779076.61,95269824.25,644185116.56,215848034.47,2.9402,2.4079,0.5039,7.1332,Asia Pacific,Australia
COMP_004705,"Lewis, Rosales and Ortiz",healthcare,46,2392,418069925.72,70354940.04,550577675.34,180955644.98,3.8975,2.6627,0.4896,6.7508,Europe,United Kingdom
COMP_004706,Hart LLC,technology,28,1310,211673924.71,35276196.95,219796374.38,80132678.26,1.0896,0.7378,0.5738,6.843,Latin America,Brazil
COMP_004707,Green LLC,construction,44,2717,393606640.92,38728357.8,426740155.23,122650600.37,2.8331,1.7047,0.4033,4.9082,North America,Canada
COMP_004708,Myers-Ramos,retail,28,360,99464894.77,12683256.29,57427929.02,24763535.93,3.402,1.7146,0.7581,16.5911,Europe,Switzerland
COMP_004709,InsideEver Inc,healthcare,48,6962,821152052.35,47915962.6,914934412.23,306727636.48,1.2023,0.9222,0.5043,4.549,Europe,Germany
COMP_004710,ExecutiveMention Ltd,transportation,49,2199,652259642.76,25551366.23,411140697.05,136930828.03,3.3099,2.0259,0.4994,4.5701,Asia Pacific,Australia
COMP_004711,Robinson Ltd,retail,41,1753,210646947.34,14284269.14,120462033.4,56017228.95,3.0236,2.0306,0.8692,6.0161,Latin America,Brazil
COMP_004712,Parker Group,healthcare,9,1593,460738473.5,52003481.81,812602251.43,317401020.5,1.7916,1.5757,0.641,4.4565,Latin America,Chile
COMP_004713,Walker and Sons,energy,26,9697,2603639711.5,249561069.93,2308464194.21,833770298.44,2.2471,1.4626,0.5654,5.0204,North America,United States
COMP_004714,NorthDesign Ltd,construction,38,3751,377296594.69,54046833.54,225001895.79,122776803.74,3.6413,2.1302,1.201,10.62,North America,Canada
COMP_004715,Rodriguez & Donaldson PLC,energy,13,5910,5153103685.94,607550890.8,2849588125.61,1107546979.14,3.5797,2.7796,0.6358,15.8857,North America,United States
COMP_004716,Rivera PLC,energy,40,14924,3242502700.36,99521559.08,5598551238.71,2853537272.71,1.3267,0.9914,1.0395,1.57,North America,Canada
COMP_004717,Fernandez & Clements Inc,energy,39,30677,5980698651.82,765007785.53,4581524248.06,1432220859.04,2.2204,1.2919,0.4548,11.2047,North America,Canada
COMP_004718,SufferHundred Inc,financial_services,6,17183,4978714915.74,101746929.9,8671327591.09,4150297555.61,3.1946,2.3517,0.918,1.9174,Europe,France
COMP_004719,StatementSea LLC,healthcare,14,3061,438085968.26,65480694.31,222868190.74,64576258.35,2.8987,2.1539,0.408,23.7626,Europe,United Kingdom
COMP_004720,Barr & Wang PLC,professional_services,21,565,92108794.38,2247678.32,117066842.94,57730852.76,1.4544,1.1678,0.9729,1.4861,Asia Pacific,Singapore
COMP_004721,Pena PLC,financial_services,5,3433,1731634031.22,154267368.41,1493900019.7,777851363.69,1.6595,1.4334,1.0863,5.9807,North America,United States
COMP_004722,Clark PLC,technology,14,276,28311620.76,1127619.7,49990076.61,18375575.56,2.8151,1.634,0.5812,2.3629,Asia Pacific,Singapore
COMP_004723,DecideClose PLC,transportation,38,1862,212199685.3,10258889.22,350225331.92,130947285.82,1.2495,1.0418,0.5972,1.8355,North America,United States
COMP_004724,Foster & Robbins LLC,construction,36,291,212254095.95,21605163.51,276875125.02,76683832.71,2.4518,1.6949,0.3831,8.2395,Asia Pacific,Singapore
COMP_004725,SuddenlyColor LLC,energy,21,8478,2235367539.52,272317735.35,1598669183.84,857878170.79,1.6797,0.9734,1.1581,9.8233,North America,United States
COMP_004726,GlassJob and Sons,construction,25,15,5112383.92,678687.52,7385637.62,3201580.77,3.7856,3.2891,0.7652,4.2058,North America,Canada
COMP_004727,"Quinn, Case and Johnson",financial_services,1,15192,4575857673.36,447255096.65,9091387851.07,6821105574.91,1.4628,1.1573,3.0045,1.816,Asia Pacific,Singapore
COMP_004728,Smith & Bentley Inc,energy,15,26354,8446600141.75,933589799.3,7419124888.6,2167842405.69,2.2723,1.6049,0.4128,6.8013,Europe,France
COMP_004729,MoreInformation Group,construction,40,1499,372434654.59,24934363.49,206158957.43,72577383.49,2.474,1.9037,0.5433,7.4941,Asia Pacific,Australia
COMP_004730,Moore LLC,financial_services,33,6699,847394832.27,117889526.65,672857107.35,281755870.1,3.8158,3.2931,0.7204,6.7732,Europe,France
COMP_004731,Johnson & Welch Ltd,professional_services,1,55,12476175.83,1431509.82,24617657.84,18149805.61,0.9056,0.72,2.8062,3.5297,Asia Pacific,Singapore
COMP_004732,Johnson Ltd,construction,28,109,38464350.99,3346290.71,48648173.36,25884839.51,1.6512,1.2231,1.1371,3.4456,Latin America,Brazil
COMP_004733,CandidateTax Group,energy,20,22096,7254090428.29,727907475.35,10716570070.32,2844432178.14,1.2788,0.7401,0.3613,4.9482,Europe,Switzerland
COMP_004734,"Morales, Cardenas and Mcdowell",manufacturing,29,8012,1858327841.77,330337672.73,1466006465.09,701478782.1,1.4664,1.1995,0.9175,7.1824,Asia Pacific,Hong Kong
COMP_004735,Jones PLC,technology,19,681,215837374.64,6873728.99,161931385.88,64514660.34,1.8903,1.2966,0.6623,4.3567,North America,United States
COMP_004736,SevenScore Ltd,hospitality,11,146,24708993.73,2528555.03,17861926.77,6338516.84,3.1491,1.9323,0.5501,12.0751,North America,Canada
COMP_004737,Perry & Smith PLC,retail,49,711,257171624.72,29919793.3,185574620.56,57775246.26,3.4104,2.9825,0.4521,9.2888,Europe,Netherlands
COMP_004738,"Ellison, Davis and Chapman",retail,40,1448,175718289.91,7222960.94,248900813.01,83285905.89,3.678,2.9351,0.5029,2.3355,Asia Pacific,Singapore
COMP_004739,IncludeDaughter PLC,technology,13,1199,188037637.25,21185544.9,127608488.75,76235716.59,2.3822,1.6717,1.484,4.8432,Europe,Netherlands
COMP_004740,TownForget LLC,hospitality,8,680,124644794.21,15144688.38,162961301.99,94281112.51,1.6225,1.4414,1.3728,4.7654,Europe,Netherlands
COMP_004741,Coleman Ltd,professional_services,6,176,72012452.27,9521668.53,105517184.11,68330832.71,1.5034,1.2499,1.8375,4.2877,Latin America,Mexico
COMP_004742,Johnson LLC,healthcare,35,1117,115050580.88,11779550.21,124374390.69,42207599.07,3.1389,1.7154,0.5137,7.6341,North America,United States
COMP_004743,Stevens Inc,professional_services,25,38,4041227.97,166504.56,2742031.46,967723.41,3.4879,1.9303,0.5454,3.6289,Asia Pacific,Australia
COMP_004744,Costa-Johnston,hospitality,2,487,198871730.23,9088015.32,201092982.43,157236793.29,3.0364,2.6432,3.5853,1.8311,Asia Pacific,Japan
COMP_004745,Bennett & Jordan and Sons,financial_services,49,2479,1171314461.09,194936101.88,627196397.2,313256413.96,3.699,3.2668,0.9978,10.3133,Latin America,Mexico
COMP_004746,Rasmussen & Hoffman Group,transportation,2,511,63292219.66,3157927.38,112352446.44,47650159.27,2.7804,2.2395,0.7365,1.9206,North America,Canada
COMP_004747,Mitchell Ltd,healthcare,47,1347,193925952.45,33589375.92,379442763.65,203890240.6,3.8384,3.4299,1.1614,4.0689,Latin America,Chile
COMP_004748,NoneMove and Sons,professional_services,44,13,4376305.71,759536.46,3016092.8,1401541.37,2.1106,1.2787,0.8681,12.2223,Latin America,Brazil
COMP_004749,Smith-Crawford,professional_services,5,252,39485184.01,4360771.27,29195205.3,18197644.93,2.0728,1.4654,1.6547,6.4139,Europe,Germany
COMP_004750,Long LLC,transportation,3,1946,804377766.61,30206278.38,556260200.86,391446324.92,1.4877,1.0773,2.3751,2.6039,Asia Pacific,Australia
COMP_004751,"Klein, Chavez and Lane",energy,19,19072,3445382275.09,466446078.7,2749738057.88,1492532192.78,3.6666,3.0655,1.1872,5.2879,Europe,Switzerland
COMP_004752,Johnson and Sons,transportation,16,656,449741572.81,26344569.5,428695291.22,243733184.33,1.635,0.8362,1.3177,2.8534,Europe,Germany
COMP_004753,West Group,transportation,6,6078,678830905.83,61886713.95,379394975.4,180919190.54,3.2484,2.7615,0.9115,7.3243,Europe,Switzerland
COMP_004754,"Rodriguez, Collins and Thomas",construction,27,1405,256902564.68,11225810.51,141668537.56,65313736.05,2.857,2.3859,0.8554,4.9744,Latin America,Brazil
COMP_004755,Soto Inc,technology,16,2413,430861397.32,49985639.74,526153123.43,211722411.94,3.5994,2.5433,0.6734,4.5459,Latin America,Chile
COMP_004756,Davis & Jackson Group,transportation,22,5131,867375318.3,147325901.13,978132630.54,536155428.76,1.9943,1.7688,1.2131,9.2932,Latin America,Mexico
COMP_004757,PersonalEnjoy Inc,manufacturing,33,53,29722284.03,3097690.54,24694152.46,11725344.62,2.3159,1.5861,0.9041,4.3773,Europe,France
COMP_004758,Thomas PLC,hospitality,36,630,155831214.99,7935331.91,120593088.01,30024875.99,1.7138,0.9178,0.3315,8.736,Latin America,Mexico
COMP_004759,Massey & Mills PLC,professional_services,31,330,46342993.22,1471753.21,51433674.9,23223045.43,1.7776,1.4589,0.8232,2.0449,North America,United States
COMP_004760,Hodges & Brown Group,financial_services,27,29869,4944314301.11,200713606.33,5007982508.63,2558314652.83,2.8302,1.6216,1.0444,2.1121,Europe,Netherlands
COMP_004761,Jenkins-Yang,technology,8,484,242132805.86,15585111.04,406425498.15,165539824.08,0.9701,0.6845,0.6872,2.3952,Asia Pacific,Australia
COMP_004762,Flowers Inc,professional_services,21,802,98696146.57,12153906.45,56120274.07,15684701.88,3.3389,1.8656,0.3879,12.5789,Asia Pacific,Singapore
COMP_004763,Morris PLC,hospitality,37,1250,151159302.88,13593633.92,98733344.3,53185859.78,3.2843,2.83,1.1677,4.4987,Latin America,Mexico
COMP_004764,George & Savage LLC,hospitality,4,90,50472372.04,3105789.1,98014551.37,35260107.95,1.649,1.4024,0.5619,2.2591,Asia Pacific,Japan
COMP_004765,Vaughn & Fischer Group,manufacturing,36,3048,1081406008.78,149108933.47,2028925525.71,939956530.17,1.3182,0.814,0.8632,4.5852,North America,Canada
COMP_004766,Gardner LLC,energy,15,68059,9921749612.81,361942352.5,12635557603.17,4077718520.19,1.7636,0.9588,0.4765,2.125,Europe,France
COMP_004767,Chung & Young Group,healthcare,16,3715,858242954.71,135630894.68,1387881168.77,795570103.38,3.2389,1.7542,1.3432,4.3796,Europe,Netherlands
COMP_004768,"Webb, Peters and Singh",energy,41,1265,1018800593.22,52184794.32,1184931105.66,361982735.95,3.7945,2.8839,0.4399,3.4855,Asia Pacific,Hong Kong
COMP_004769,"Miller, Garcia and Lyons",professional_services,18,383,70784013.68,5111773.72,63856116.6,29594598.8,1.7811,0.9273,0.8638,3.7479,North America,Canada
COMP_004770,HowCare Inc,energy,37,3643,3488516879.41,140184473.13,1790284951.65,569522383.05,3.1776,2.6953,0.4665,4.6618,Asia Pacific,Australia
COMP_004771,Meyer Inc,energy,30,635,119473505.71,18850627.4,95324997.77,30517645.55,2.9019,1.5229,0.4709,9.9124,Europe,United Kingdom
COMP_004772,Martin & Kim Inc,healthcare,20,4059,406463564.18,51327095.7,234101988.41,125153819.68,1.1304,1.0169,1.1487,6.3817,North America,United States
COMP_004773,Williams Group,transportation,27,1273,242406877.51,37396590.23,121229033.67,30319890.73,1.2479,1.0733,0.3335,22.5499,North America,United States
COMP_004774,Jackson-Pratt,healthcare,8,3395,819774924.17,20235740.1,689719878.26,361134459.59,2.4814,1.5158,1.0991,1.7099,Europe,Germany
COMP_004775,Freeman & Curry PLC,manufacturing,6,5135,681287911.6,91836884.77,365190289.52,128465765.53,2.5033,1.5839,0.5427,10.0104,Asia Pacific,Singapore
COMP_004776,Barnes Inc,construction,23,3586,414624228.51,68060258.72,321911474.59,173663133.73,1.2426,0.791,1.1714,12.5065,Europe,United Kingdom
COMP_004777,Phillips & Graham LLC,hospitality,33,10,1118989.83,121496.74,873113.48,481643.18,2.3884,1.5968,1.2303,4.5944,Europe,Netherlands
COMP_004778,Cortez Ltd,manufacturing,12,2611,622560108.55,55629623.43,629548423.48,411310217.34,2.9923,2.6508,1.8847,2.9366,Asia Pacific,Australia
COMP_004779,Mills-Gilbert,technology,47,610,121341441.94,20541486.07,151444077.73,58805842.66,3.5044,3.0727,0.6348,5.8506,North America,United States
COMP_004780,HotOrganization Ltd,transportation,16,693,241231687.46,8508642.69,469295186.49,151976801.88,3.2654,2.5344,0.4789,2.3935,Asia Pacific,Australia
COMP_004781,Thomas PLC,healthcare,45,160,72845686.67,13028031.86,48538334.37,21368787.0,2.6834,1.3839,0.7865,20.5728,Latin America,Mexico
COMP_004782,Cohen PLC,professional_services,34,166,19118864.91,2058729.35,30728114.38,12534963.06,2.4839,1.3376,0.689,3.2446,Latin America,Mexico
COMP_004783,Crane & Watson PLC,energy,43,12811,5577718220.36,986171310.0,4080622910.15,1453982841.48,1.9498,1.4883,0.5536,11.5262,North America,Canada
COMP_004784,Kennedy-Clark,transportation,30,379,298447462.11,26078655.16,189585696.22,70160166.79,3.0857,1.7045,0.5875,8.5469,Latin America,Mexico
COMP_004785,Rivera Ltd,technology,12,2047,209279996.38,19853779.65,173773637.61,113630537.53,3.0095,2.5149,1.8893,5.1293,Latin America,Brazil
COMP_004786,Cortez & Phelps and Sons,construction,48,586,191549105.77,33605632.76,103544152.64,39292655.09,2.7646,2.1255,0.6115,18.3991,Europe,Netherlands
COMP_004787,CommunityNeed Ltd,hospitality,37,1748,175305080.07,27976997.8,118402491.37,38477792.31,2.1755,1.3702,0.4814,12.2222,North America,Canada
COMP_004788,ThemselvesMatter Inc,hospitality,39,1683,181154500.8,21542414.12,100079022.93,55532159.34,1.2411,0.6588,1.2466,6.5302,Europe,United Kingdom
COMP_004789,Butler-Hernandez,manufacturing,7,3516,990984373.6,76559976.09,1003015037.22,408360385.39,3.2118,2.2894,0.6867,4.863,Asia Pacific,Japan
COMP_004790,Holder Inc,manufacturing,17,3217,667010341.13,17658727.03,401061760.57,197979002.0,3.0962,2.3519,0.9749,1.9557,Europe,United Kingdom
COMP_004791,Collins and Sons,financial_services,7,1113,542935512.97,42512109.52,936561033.0,385488268.69,1.9552,0.99,0.6995,2.5522,Asia Pacific,Australia
COMP_004792,Gonzalez Inc,construction,44,3586,476934425.29,40809512.08,448939199.65,204605962.55,2.4718,1.9217,0.8374,4.4439,North America,United States
COMP_004793,"Ellis, Davis and Weber",transportation,4,672,69624675.45,5214306.3,55242087.85,18850228.19,2.7373,1.6703,0.518,4.558,Europe,United Kingdom
COMP_004794,Wheeler Inc,transportation,10,2974,304673774.79,12094912.73,173911539.18,81647987.56,3.4329,2.2541,0.8849,3.7467,Asia Pacific,Hong Kong
COMP_004795,Fields-Ware,energy,46,4848,3015758701.64,89221590.31,2330878730.86,1147632767.95,1.9627,1.1941,0.9699,3.2462,Latin America,Mexico
COMP_004796,Fuller-Reilly,professional_services,11,169,32379927.97,4778662.89,45319996.22,14481721.26,2.477,2.0831,0.4696,9.7343,North America,Canada
COMP_004797,Hill & Hoover Group,hospitality,16,173,33693081.81,4964260.47,21460133.25,11709756.38,1.3748,0.7023,1.201,13.6734,Asia Pacific,Singapore
COMP_004798,Silva & Torres PLC,retail,9,1463,392014392.6,40940625.74,294547203.4,174369585.08,2.6675,1.5565,1.4509,4.9039,North America,United States
COMP_004799,Wang LLC,construction,10,268,65636441.67,9661581.21,44871197.31,20478439.36,1.2111,0.7669,0.8395,7.1346,Europe,United Kingdom
COMP_004800,Hoffman Ltd,hospitality,32,1237,127346425.17,16821243.7,170264549.61,56235111.63,1.8429,1.2374,0.4932,9.7765,North America,Canada
COMP_004801,"Harris, Watkins and Garcia",professional_services,23,35,12822679.66,1794601.46,7180832.1,3545526.23,1.3019,0.9698,0.9753,8.724,Latin America,Mexico
COMP_004802,Robinson & White PLC,construction,50,147,39915140.61,1660364.56,38567594.85,17526242.1,2.6228,1.9004,0.8329,2.7846,Europe,Netherlands
COMP_004803,BlueCard PLC,construction,42,1731,455167604.32,16235546.83,451090293.09,149387663.34,3.2076,2.4506,0.4951,2.8008,North America,United States
COMP_004804,Matthews Group,manufacturing,5,2775,388356244.97,14058758.38,229604797.91,155598475.04,2.3372,1.9075,2.1025,3.2064,North America,United States
COMP_004805,Johnston-Castaneda,retail,42,3157,410982576.97,20103736.29,216715338.8,87076295.4,2.3095,1.8776,0.6717,4.7471,Europe,Netherlands
COMP_004806,"Ramirez, Aguirre and Savage",energy,28,12256,5469077167.52,941759845.89,3384913849.55,1821977533.06,3.6618,2.7734,1.1657,17.6661,Asia Pacific,Singapore
COMP_004807,RelateWhere Group,manufacturing,50,1561,164934474.02,12642397.17,83063015.71,39717766.66,1.5921,1.0414,0.9163,6.4526,Europe,Germany
COMP_004808,Clark Inc,energy,24,53380,9556709504.81,461612889.13,5093972718.12,2563813059.73,1.9659,1.7367,1.0133,3.8499,Europe,Germany
COMP_004809,Logan & Hays Inc,financial_services,6,3602,1242336223.29,155500939.05,762839935.39,489842551.89,1.2267,1.0456,1.7943,6.6015,North America,United States
COMP_004810,Noble & Mendez and Sons,retail,1,970,430103381.99,22999377.65,662401311.16,514642175.83,2.8239,1.5338,3.483,2.2973,Europe,Netherlands
COMP_004811,Martin Inc,construction,31,149,88560952.86,12030900.91,61900763.8,24990686.17,3.1634,1.7395,0.6771,13.0153,Europe,Germany
COMP_004812,Morris Inc,healthcare,7,2443,854673167.73,70017827.37,1568361985.07,879374888.72,1.4092,1.1166,1.2763,2.4719,Europe,Germany
COMP_004813,Taylor & Aguirre Group,retail,34,9,8587948.83,1285157.19,6103383.4,2695790.73,2.7771,2.4344,0.7911,7.8824,North America,United States
COMP_004814,Ortega & Murphy PLC,hospitality,37,268,102844310.86,8998274.91,54709207.04,25950100.37,2.8585,2.0531,0.9023,8.89,Asia Pacific,Hong Kong
COMP_004815,Allen Group,energy,33,10216,7705953665.24,1047867869.75,15034437966.41,8316699310.65,2.5405,2.0563,1.238,3.5009,Latin America,Chile
COMP_004816,Bennett Group,hospitality,32,1052,187024307.98,21085744.29,243653066.8,80597108.24,1.7872,1.0069,0.4943,7.4812,Latin America,Mexico
COMP_004817,SeatMatter LLC,professional_services,12,849,90965612.55,10333700.82,75321522.59,47165789.09,2.4414,2.0093,1.6752,3.8095,Europe,Germany
COMP_004818,Collins PLC,hospitality,38,1120,164105349.04,18081544.89,258044457.82,100215080.93,2.5869,1.8627,0.635,3.3716,Latin America,Brazil
COMP_004819,FreeNice Inc,energy,40,51982,8887503929.13,756294781.04,5396355069.58,1943012861.97,2.9766,2.3461,0.5626,11.8376,Europe,France
COMP_004820,"Wilkinson, Moses and Dougherty",energy,18,6798,2032235874.08,146552644.78,1795146409.29,794184740.16,3.4853,2.0051,0.7934,3.8855,Europe,Germany
COMP_004821,Dawson-Larsen,technology,33,991,142807963.56,18343552.99,235067499.69,92067444.23,3.8441,3.2799,0.6438,5.1974,Asia Pacific,Singapore
COMP_004822,Castro Group,energy,34,4063,2925236822.96,374777158.19,1538368575.7,398081050.26,3.0238,2.4806,0.3491,15.3372,North America,Canada
COMP_004823,RunStory LLC,healthcare,17,1670,380168661.35,57618575.23,199220942.81,62826924.07,1.595,1.2061,0.4606,13.4404,Latin America,Brazil
COMP_004824,Jennings PLC,hospitality,22,232,79270813.41,12463627.86,104244000.85,54649470.72,2.7196,2.2329,1.1019,5.7786,Asia Pacific,Singapore
COMP_004825,Pearson-Thompson,financial_services,35,9703,2727331070.03,284210612.41,1380001258.05,566935267.93,3.0503,2.3535,0.6973,8.4227,North America,Canada
COMP_004826,Cline & Wyatt Ltd,energy,29,15567,1640803645.5,142445193.24,850722368.67,321850504.72,1.6509,1.1118,0.6086,7.6237,North America,Canada
COMP_004827,Reed Group,technology,15,953,345932085.23,28584043.07,177470906.22,92631413.43,3.0373,2.0838,1.0918,8.0285,Asia Pacific,Australia
COMP_004828,DifferentPractice PLC,professional_services,46,143,17172870.66,2239372.45,29581442.24,10298737.33,3.2978,1.7943,0.5341,3.8907,Europe,Germany
COMP_004829,UnderWife and Sons,retail,48,862,156533624.09,5935767.92,94860977.89,44779197.85,3.8288,2.66,0.8941,4.1597,Europe,United Kingdom
COMP_004830,Reyes & White Ltd,retail,48,1119,252665875.04,16206714.35,153616101.22,56099143.89,1.3953,1.0763,0.5753,9.0969,Asia Pacific,Australia
COMP_004831,Cowan and Sons,retail,6,904,398627399.64,9527112.62,256508562.55,170731976.1,2.9059,2.1817,1.9904,2.1813,Asia Pacific,Hong Kong
COMP_004832,Ramos PLC,energy,19,56950,7407718870.73,327606491.99,4559862094.72,1252900246.24,2.4937,1.6384,0.3789,5.6962,Latin America,Brazil
COMP_004833,DayAccept PLC,healthcare,50,3345,647306684.63,66967800.05,1014899456.79,427142609.63,3.3581,2.2698,0.7267,4.6824,North America,United States
COMP_004834,ForceGet Inc,healthcare,50,462,159994394.28,8671034.56,240595502.13,78578067.59,1.5249,1.0908,0.485,2.6045,Europe,France
COMP_004835,Bartlett & Moon PLC,construction,15,1448,275787446.08,20703655.77,172296527.45,79518021.84,2.8462,2.025,0.8571,5.3139,Asia Pacific,Singapore
COMP_004836,Dorsey PLC,transportation,19,899,96572036.78,7210473.23,144880017.25,75272876.05,3.7952,2.5764,1.0814,3.0036,Latin America,Chile
COMP_004837,Nelson & Holland Ltd,professional_services,35,130,38047636.09,1066628.03,62255055.64,19877202.65,2.2525,1.5883,0.469,1.9256,Asia Pacific,Singapore
COMP_004838,Sanders-Forbes,retail,29,364,207931232.08,12943313.21,136337795.83,52431449.07,2.9387,2.5739,0.6249,6.509,Asia Pacific,Hong Kong
COMP_004839,SeaEnvironment LLC,financial_services,13,810,208659082.83,8760939.26,198379115.24,112038405.7,3.3759,1.7321,1.2976,3.0126,Latin America,Mexico
COMP_004840,ProcessArt PLC,financial_services,47,10004,1377200616.36,246519415.43,1482453652.18,755642162.3,1.8486,0.9745,1.0397,11.9869,Latin America,Chile
COMP_004841,Morrow & Roy Group,transportation,27,5828,956092972.59,128840576.57,1583939199.93,669724898.61,3.0892,2.6738,0.7326,3.5227,Europe,Switzerland
COMP_004842,Osborn & Chen Group,transportation,35,7273,954096281.75,123090684.69,1204626996.7,535152988.63,1.1317,0.918,0.7994,4.166,North America,Canada
COMP_004843,Thompson & Brady Ltd,technology,32,1617,176811200.07,22417834.17,110965561.0,44796482.54,1.7107,1.5229,0.677,12.6965,North America,United States
COMP_004844,"Aguirre, Johnson and Johnson",construction,9,210,26334553.93,1457157.72,20889657.68,8019486.31,2.43,1.9831,0.6231,6.0328,Latin America,Mexico
COMP_004845,"Hernandez, Fitzgerald and Pitts",financial_services,17,3876,903683747.25,144643794.91,809207425.08,455176446.9,3.0123,2.5179,1.2857,9.5938,Asia Pacific,Japan
COMP_004846,CatchBeautiful Group,transportation,48,1337,398295615.5,42016488.9,310941930.12,140354559.59,2.4724,1.7859,0.8228,4.971,Asia Pacific,Singapore
COMP_004847,TheyThroughout Inc,manufacturing,1,16648,1896081598.96,36845901.91,1458786867.29,909070873.28,1.1452,0.7117,1.6537,1.5728,North America,Canada
COMP_004848,ArriveLife Ltd,retail,44,420,72317133.64,7413637.02,56914812.34,28028403.0,1.7433,1.3741,0.9703,4.4797,Asia Pacific,Australia
COMP_004849,Page LLC,technology,48,3275,381994405.99,56488275.01,345834977.13,168210487.49,1.9452,1.146,0.947,6.1529,Latin America,Mexico
COMP_004850,Davis & Stephens and Sons,manufacturing,10,237,226278253.36,4875981.9,320637996.34,201924444.57,1.7237,1.2551,1.7009,1.5947,Asia Pacific,Hong Kong
COMP_004851,Rios Ltd,manufacturing,18,11403,1962702579.01,192342249.39,3547948496.92,1095260041.48,3.5908,2.7861,0.4466,5.3353,Europe,Netherlands
COMP_004852,Cook Ltd,technology,25,822,191426633.06,20643308.21,371403979.19,170832016.16,1.8344,1.65,0.8517,2.9538,Asia Pacific,Singapore
COMP_004853,Charles LLC,professional_services,13,553,77635836.62,3520875.52,38860713.62,22068165.91,1.0557,0.8267,1.3142,3.8865,Asia Pacific,Singapore
COMP_004854,"Jackson, Andersen and Bowen",retail,3,568,172610359.24,15089071.84,97782188.9,33447998.86,1.6889,1.2879,0.5199,9.2206,Europe,Netherlands
COMP_004855,Diaz Inc,financial_services,7,13681,3142067697.02,202912793.31,4734599115.48,3289705836.84,2.122,1.2152,2.2768,2.2798,Europe,Switzerland
COMP_004856,Shepard Group,technology,9,371,96816026.29,4915960.13,122234617.73,74282490.98,2.7089,2.171,1.5491,2.8632,Europe,Switzerland
COMP_004857,Butler Ltd,financial_services,12,1087,738644886.29,64787867.51,757260511.65,268125366.36,1.2033,0.731,0.5482,4.1922,Latin America,Brazil
COMP_004858,RelationshipAsk Inc,professional_services,38,168,93837381.89,7221346.7,61579861.57,33773624.28,1.0402,0.7742,1.2146,4.798,Europe,Switzerland
COMP_004859,Lee PLC,retail,41,3714,458988344.4,34191172.72,674089167.94,302549278.32,2.8923,2.2418,0.8143,4.2731,Latin America,Chile
COMP_004860,Daniel Inc,transportation,27,6739,888594250.81,54810695.83,593642232.05,255425136.26,2.9146,2.4502,0.7552,4.0192,Asia Pacific,Australia
COMP_004861,ConsiderLife Inc,transportation,4,2930,629179115.66,16713368.71,670364325.07,508615349.27,0.8509,0.7402,3.1445,1.9201,Europe,United Kingdom
COMP_004862,Hill & Gonzalez PLC,construction,10,2768,405092764.55,42208483.6,743926715.44,230805334.96,2.3041,1.7344,0.4498,3.6777,Asia Pacific,Australia
COMP_004863,Ortiz Ltd,professional_services,30,55,7369175.22,327241.5,3723191.25,1762822.88,1.4011,1.1171,0.8992,3.9513,Latin America,Chile
COMP_004864,Francis Inc,construction,29,319,170720575.74,29294842.66,280972281.13,155584583.07,2.3668,1.948,1.2408,3.4512,Asia Pacific,Japan
COMP_004865,Collins PLC,energy,37,22227,3171346091.33,299008070.11,3230255345.87,984211180.47,2.8951,1.6387,0.4382,5.461,North America,Canada
COMP_004866,Bell & Peterson PLC,construction,36,2676,319644434.37,28880377.3,241762997.92,94586565.21,2.6161,1.7653,0.6427,9.404,North America,United States
COMP_004867,Huff Inc,hospitality,45,515,71835596.92,5586152.29,126548842.08,30938323.88,2.1936,1.1778,0.3236,3.5809,Asia Pacific,Singapore
COMP_004868,Knight & Ford Inc,energy,28,6096,1527642477.35,215033480.79,2198048160.58,768404589.77,2.5864,1.8295,0.5375,5.3838,North America,Canada
COMP_004869,Hardin and Sons,transportation,36,1387,600502404.66,20499454.63,324512067.98,179231298.03,2.0167,1.6072,1.2337,3.6488,North America,Canada
COMP_004870,Blair & Lopez PLC,manufacturing,26,1937,1630624002.13,182449679.44,2536601961.63,1277300150.2,1.6773,1.479,1.0143,3.8547,Asia Pacific,Australia
COMP_004871,Sims Inc,construction,39,1395,194151129.76,18401252.62,153500535.53,46527604.29,1.3771,1.2291,0.4349,11.2966,North America,Canada
COMP_004872,SpeakCondition Inc,energy,26,10393,1366073715.23,87932434.96,960980243.71,233634298.44,1.5809,0.952,0.3212,9.125,Latin America,Mexico
COMP_004873,Robinson & Brooks Inc,healthcare,38,1766,200704756.33,30346269.41,123866285.43,57429992.31,3.2601,2.6349,0.8644,7.749,Asia Pacific,Singapore
COMP_004874,UnderstandShake and Sons,technology,38,1075,119504169.28,9803729.59,121910266.48,39806181.99,2.7634,1.5835,0.4848,5.2023,North America,Canada
COMP_004875,Hood-May,professional_services,19,72,30339810.5,4921898.15,16277507.31,4985280.0,2.4801,1.3796,0.4415,16.9144,Latin America,Mexico
COMP_004876,Burgess Ltd,retail,1,2213,322111945.11,34543225.52,226410279.75,114428690.47,2.256,1.149,1.0219,5.0043,Latin America,Chile
COMP_004877,Anderson & Brown Ltd,financial_services,5,12424,3008717967.84,364494582.37,3780485455.6,2167482083.62,1.2585,0.9667,1.3438,6.2681,Asia Pacific,Australia
COMP_004878,FewCould LLC,healthcare,8,3015,697599462.26,89227168.77,555448894.53,341480388.65,1.5917,0.8972,1.5959,4.4852,Latin America,Mexico
COMP_004879,Taylor LLC,construction,15,1148,184438482.34,27556615.8,161933178.72,56697881.78,1.1103,0.8572,0.5388,7.9682,Europe,France
COMP_004880,Gutierrez and Sons,healthcare,23,2945,824877663.62,70810608.68,874757296.62,338272338.06,3.6014,2.3267,0.6305,3.5758,Latin America,Chile
COMP_004881,Stephenson-Thompson,financial_services,25,4439,1028397429.17,181215351.59,551799615.62,308573153.95,2.013,1.7754,1.2687,16.7559,Latin America,Brazil
COMP_004882,Green-Gonzales,transportation,17,4325,474350340.04,60031838.72,319409140.67,95873093.5,3.2659,2.186,0.4289,9.7937,Latin America,Mexico
COMP_004883,Davis & Kelly LLC,financial_services,1,24589,4006684220.49,235467746.76,4629735066.0,2420291351.21,1.948,1.0633,1.0954,3.5406,Latin America,Mexico
COMP_004884,Bailey Ltd,professional_services,12,169,18425785.45,1082528.09,13381470.22,5943566.91,1.3446,0.8397,0.7991,5.5888,Europe,Switzerland
COMP_004885,Mills & Gallegos Ltd,energy,27,3363,1143137981.72,60539092.81,886002929.23,495945498.99,2.7517,1.6889,1.2715,3.2469,Latin America,Chile
COMP_004886,TheoryConference Inc,construction,48,1297,442423564.01,75546204.43,656747471.07,358443526.98,3.7534,3.2926,1.2016,5.0197,North America,Canada
COMP_004887,Herring PLC,technology,14,1118,172121901.72,11649785.8,130251968.27,69067759.02,3.5561,2.3871,1.1288,3.5836,Asia Pacific,Singapore
COMP_004888,ImageClearly PLC,construction,7,3131,343515711.83,27919202.52,355011938.43,158279516.68,2.8007,1.9538,0.8045,6.8286,Asia Pacific,Hong Kong
COMP_004889,Carroll Ltd,construction,2,40,17547559.11,685152.27,16495982.66,12469132.04,2.3223,1.9799,3.0965,2.6169,Latin America,Brazil
COMP_004890,Hamilton Ltd,professional_services,41,637,69159665.4,3188933.7,58354371.93,21663046.81,3.1787,2.0173,0.5904,3.8267,North America,Canada
COMP_004891,"Hogan, Clark and Lyons",transportation,11,1658,322940298.43,27907230.36,259969011.28,93051071.09,2.9506,1.7058,0.5575,7.1403,North America,Canada
COMP_004892,Gordon & Gallegos LLC,construction,23,310,32591722.53,4305038.32,20181081.17,11022412.05,2.8382,1.8921,1.2035,13.3008,Latin America,Brazil
COMP_004893,Davis & Ayala LLC,retail,17,1490,305686755.25,45977362.88,222608261.58,76973605.13,3.5645,2.8188,0.5285,16.5042,North America,Canada
COMP_004894,Robinson LLC,construction,7,351,124197888.96,6907033.56,96429278.39,33653112.78,2.2898,1.9737,0.5361,5.4241,North America,United States
COMP_004895,AlmostWin Inc,transportation,1,2277,392939169.63,15705134.23,457702469.2,187058667.11,1.6912,1.1282,0.6912,2.4861,Europe,United Kingdom
COMP_004896,Holmes Ltd,healthcare,39,653,85177908.23,9160689.24,64792186.16,23542339.12,2.1763,1.4386,0.5707,11.1399,Asia Pacific,Hong Kong
COMP_004897,CulturalMay and Sons,healthcare,3,226,151427434.84,16866740.25,291105793.59,171576578.45,2.9286,1.9808,1.4354,3.0052,North America,Canada
COMP_004898,ManagePeace LLC,financial_services,7,5324,1496906405.12,198580043.33,2447668383.64,1199468802.4,2.4455,1.8833,0.961,4.9341,Europe,France
COMP_004899,Elliott-Barrett,retail,37,178,46700231.28,7936985.66,73866550.77,36849388.64,3.2764,2.8615,0.9955,5.8421,North America,United States
COMP_004900,Valenzuela & Morris Inc,financial_services,44,35842,4555023060.78,523359336.84,2913042885.61,1151044945.41,2.5557,2.2946,0.6533,7.7198,Europe,France
COMP_004901,ProfessionalHer Inc,hospitality,30,15,2203361.59,75788.81,2676392.99,1156170.16,3.2087,2.1927,0.7605,1.9529,Asia Pacific,Singapore
COMP_004902,Moore Group,hospitality,48,213,97288183.55,15672672.56,68204470.76,23831702.98,3.141,2.7098,0.5371,17.2198,North America,Canada
COMP_004903,GoodGreat Ltd,financial_services,45,1830,625004816.08,49375474.16,411363804.06,182985473.81,1.5274,0.944,0.8012,5.008,Europe,Netherlands
COMP_004904,Leach & Lopez LLC,healthcare,9,862,311140694.03,26586691.16,497268305.06,191808282.83,2.0013,1.4693,0.6279,4.1814,Latin America,Brazil
COMP_004905,Torres Group,hospitality,23,734,185285852.4,15892927.29,128321911.64,46995410.24,3.2253,2.0428,0.5779,11.6655,North America,United States
COMP_004906,Payne & Walton Group,retail,18,687,82523887.53,4456416.04,41412614.12,16397104.01,2.7187,1.5781,0.6555,6.7709,Europe,France
COMP_004907,"Bryant, Johnston and Graham",energy,29,46593,9660031581.2,365110425.05,5699761233.84,1398190850.06,3.8563,2.68,0.325,5.4196,Europe,Switzerland
COMP_004908,InsideMaterial and Sons,hospitality,12,158,41953081.02,3883114.86,35666718.94,12095180.66,2.6754,1.8847,0.5131,11.3332,Asia Pacific,Hong Kong
COMP_004909,Cummings-Burke,retail,8,2206,371299922.02,38437722.44,645556858.27,308377804.31,2.3363,1.2202,0.9146,5.0651,Latin America,Brazil
COMP_004910,Olson Group,transportation,20,2567,551210492.25,35920492.83,375854786.64,129040887.58,3.3527,2.7069,0.5228,7.5239,Latin America,Brazil
COMP_004911,Evans & Arellano and Sons,energy,42,63429,8850563339.59,1100364396.75,7773532627.58,2477293332.69,1.094,0.8441,0.4677,14.1431,North America,United States
COMP_004912,Hines PLC,healthcare,12,2614,556223289.23,25852901.9,660591786.76,291483289.38,1.3582,0.9527,0.7897,2.9031,North America,United States
COMP_004913,BoxKnow Group,retail,22,598,268210491.14,7635738.23,169022064.8,55267724.84,1.4059,0.9281,0.4859,3.5388,North America,Canada
COMP_004914,Finley-Morales,healthcare,41,1336,199480710.37,7176163.98,174036053.33,81842302.18,3.141,2.3052,0.8877,3.432,Asia Pacific,Australia
COMP_004915,Martin and Sons,hospitality,23,319,34079643.05,3625492.47,40067037.0,22088571.5,3.1659,2.8187,1.2286,4.5015,Latin America,Mexico
COMP_004916,Tanner-Sanford,hospitality,9,663,183381341.07,17979714.12,315258300.05,99855921.58,2.1272,1.4651,0.4636,5.2888,Latin America,Mexico
COMP_004917,Bender & Gonzalez PLC,financial_services,15,5404,1645912612.26,155675381.64,1625602890.14,746042844.88,3.2771,2.1262,0.8482,4.884,Asia Pacific,Singapore
COMP_004918,Anderson LLC,energy,41,29962,3752218436.88,389677204.24,1948817802.33,859773850.25,1.5318,0.7947,0.7895,11.6041,North America,Canada
COMP_004919,Waller LLC,professional_services,42,604,76102454.01,10467776.32,47052755.07,20177202.97,1.7046,1.4504,0.7508,10.3876,North America,United States
COMP_004920,Mcguire and Sons,energy,46,27546,3421293650.11,583605810.17,1710963509.97,536195018.27,3.051,2.2455,0.4564,15.9075,Latin America,Mexico
COMP_004921,Solis & Ellis and Sons,financial_services,12,33977,4760791608.73,407389815.49,3437466559.55,1306352524.83,3.489,2.7915,0.613,7.7615,Asia Pacific,Australia
COMP_004922,Murray Ltd,hospitality,42,807,147847626.03,26409343.17,78961120.64,28227829.57,3.6993,2.4578,0.5564,23.0838,North America,Canada
COMP_004923,Hernandez & Andrade LLC,financial_services,50,12360,2991171920.44,451947373.91,1574039100.14,601438181.6,2.9426,2.6284,0.6184,23.7604,Asia Pacific,Singapore
COMP_004924,Parker & Lopez and Sons,professional_services,11,604,88149068.47,6130454.25,113072949.09,44859654.55,1.2077,0.8678,0.6576,3.2629,Europe,United Kingdom
COMP_004925,LeaveBelieve Ltd,healthcare,50,323,54357878.81,7343883.83,53299877.48,27951610.08,2.1521,1.5242,1.1027,4.8249,Latin America,Brazil
COMP_004926,Moore PLC,healthcare,25,1028,260777378.73,19370290.77,209091607.02,67585109.31,2.9331,2.5229,0.4776,5.5987,North America,United States
COMP_004927,ThroughStand LLC,retail,9,1782,233588094.44,16826105.1,304400796.57,127496625.59,1.4526,1.2631,0.7207,4.49,Latin America,Chile
COMP_004928,Smith & Moore Inc,retail,22,230,115035312.66,11384597.36,106977664.98,39062740.29,3.6183,2.4265,0.5752,5.1147,Europe,United Kingdom
COMP_004929,MarketOil Ltd,financial_services,21,21972,3722086884.64,415491141.89,5973912703.37,3115741316.71,2.4199,1.7694,1.0901,3.5637,Asia Pacific,Japan
COMP_004930,Hale-Durham,healthcare,39,8500,919611990.9,107333982.24,724649350.61,334040542.86,2.4153,1.6124,0.8552,9.8028,North America,United States
COMP_004931,Barnett & Guerra Ltd,healthcare,2,3974,426651269.33,24579198.98,378177851.96,302616283.99,1.2712,0.9865,4.0049,2.3746,Europe,Germany
COMP_004932,Hines Inc,manufacturing,18,2829,690843874.22,35833619.77,370482980.86,154287610.61,1.8979,1.3592,0.7136,4.3762,Latin America,Brazil
COMP_004933,Anderson-Hines,professional_services,48,818,96174297.85,15006523.17,82246599.36,21440525.09,2.0934,1.1463,0.3526,12.2209,Latin America,Mexico
COMP_004934,Anderson LLC,retail,8,1734,223536511.55,23482013.81,157067194.45,61965993.91,1.0203,0.8342,0.6516,11.3041,Latin America,Chile
COMP_004935,Weiss-Cross,healthcare,34,4196,491603158.45,69096066.74,821754262.89,240540884.51,1.6993,1.3356,0.4139,5.3611,Asia Pacific,Japan
COMP_004936,Coleman Group,technology,43,1201,176473286.3,18353873.17,95154038.12,32972927.35,2.628,2.0843,0.5303,9.2537,Europe,France
COMP_004937,"Jones, Freeman and Yang",hospitality,21,993,182000146.13,26370769.57,137577965.2,40025326.36,1.0441,0.7772,0.4103,14.5923,Europe,Switzerland
COMP_004938,PeaceAgreement and Sons,energy,28,48153,5711107058.65,539089645.73,6788757194.68,2760538783.13,2.2097,1.5618,0.6853,5.2201,Europe,Switzerland
COMP_004939,Blackwell and Sons,healthcare,13,2894,763363714.25,94324790.99,949248956.79,340399007.84,3.067,2.7158,0.5591,5.5384,North America,Canada
COMP_004940,Wood LLC,manufacturing,2,16099,1625495369.52,119772915.81,2287139604.75,1292123421.89,1.6319,1.1956,1.2986,2.4333,Asia Pacific,Hong Kong
COMP_004941,"Morrow, Bishop and Walton",financial_services,46,12139,1715826719.17,115075539.46,1323769533.48,636024203.08,2.6519,1.7855,0.9248,3.3793,Asia Pacific,Australia
COMP_004942,WhoBank Ltd,technology,3,1922,217413471.33,6661308.05,380427921.03,157486103.53,1.4934,1.3427,0.7064,2.0315,North America,United States
COMP_004943,DrugCertainly Group,construction,10,2026,424993528.33,22446156.04,513062675.84,239055423.7,1.3078,0.9728,0.8724,3.6797,North America,Canada
COMP_004944,Lopez and Sons,financial_services,24,2593,1822644204.86,304563404.04,1000241446.84,537712437.42,2.2428,1.5658,1.1625,8.4175,North America,Canada
COMP_004945,Graham-Morgan,professional_services,24,634,79496545.78,13957770.88,43704629.56,17252201.25,3.8175,2.2655,0.6522,15.6198,Europe,France
COMP_004946,Valdez Group,hospitality,17,1234,188257472.19,23481105.47,158412673.58,94022599.64,2.3171,1.8726,1.4602,4.5378,Asia Pacific,Hong Kong
COMP_004947,Hernandez & Collins Ltd,transportation,35,1411,626978269.34,22958183.21,467767210.05,232270050.39,3.6599,2.5691,0.9863,3.8915,North America,Canada
COMP_004948,Nicholson Inc,transportation,34,808,744211014.58,48896400.49,592909424.95,230129505.76,2.6847,1.8544,0.6344,5.4592,Europe,United Kingdom
COMP_004949,Green Group,technology,17,1632,402743558.71,63125163.02,258113216.4,72806320.1,2.5813,1.5915,0.3929,17.6983,Latin America,Chile
COMP_004950,White Group,technology,13,3643,422674784.8,61450739.19,224568756.77,138373507.1,3.4103,3.0613,1.6053,7.1885,Asia Pacific,Hong Kong
COMP_004951,Fleming Inc,technology,10,1805,198131615.59,24318036.79,166521083.72,69500388.26,1.4696,1.2028,0.7163,7.304,Latin America,Brazil
COMP_004952,Drake-Reed,financial_services,31,573,265804661.29,6550477.93,415817809.78,119173848.01,3.0003,2.3973,0.4017,1.9028,Europe,Switzerland
COMP_004953,Oconnor Ltd,professional_services,11,199,40486688.99,5629079.61,37432739.66,11771214.69,1.1727,1.0545,0.4587,11.9045,Asia Pacific,Hong Kong
COMP_004954,TravelInterview Inc,manufacturing,46,7681,1350774897.27,157196168.07,1238127995.64,349054920.85,2.4765,1.3185,0.3926,15.4261,Latin America,Chile
COMP_004955,Martin & Anderson PLC,retail,24,1295,226274492.12,26252730.81,287227692.41,101025811.69,2.4831,1.9106,0.5426,7.2805,Asia Pacific,Hong Kong
COMP_004956,Cruz & Gibson Group,financial_services,22,10414,3747326122.79,490690716.16,2035965747.54,884643600.54,2.4653,1.3439,0.7684,14.6128,Latin America,Brazil
COMP_004957,ReadyReligious Group,hospitality,34,378,72039503.46,3501784.64,43834942.39,19200021.85,3.0523,2.5548,0.7794,4.8035,Europe,Switzerland
COMP_004958,Henderson Inc,energy,19,30486,6365704203.99,937085589.07,11781253749.06,6478161187.65,2.9763,2.0671,1.2216,3.9125,North America,United States
COMP_004959,Coleman-Harmon,transportation,3,1020,194555606.81,20672297.15,263904941.19,167390091.48,2.1783,1.9161,1.7343,3.6571,Latin America,Brazil
COMP_004960,BusinessPm Group,hospitality,37,611,150124517.89,13455695.62,92311235.79,44003507.54,3.009,2.6061,0.9109,11.317,Asia Pacific,Singapore
COMP_004961,MorningHotel Group,manufacturing,32,5544,1095934977.94,173596383.9,1296412534.3,400171998.92,1.6338,1.4069,0.4465,7.063,Asia Pacific,Australia
COMP_004962,Joseph & Richard LLC,financial_services,18,7036,1028281298.85,112151816.8,846700337.61,483777297.6,1.4726,0.83,1.333,4.0007,North America,Canada
COMP_004963,Rodriguez and Sons,construction,39,1311,149496030.88,7370485.09,82468224.42,21379220.13,1.3157,0.7335,0.35,8.4118,Asia Pacific,Australia
COMP_004964,Pollard PLC,manufacturing,39,10455,1499731330.08,149338585.5,2854952674.35,1528221380.45,2.0543,1.4442,1.1519,2.4553,North America,Canada
COMP_004965,Malone & Berg Inc,healthcare,14,2145,485188229.48,77921893.15,390930454.55,187659837.24,2.0115,1.4079,0.9232,6.8597,Europe,Netherlands
COMP_004966,CitizenAccount LLC,financial_services,26,8694,1087996887.56,37864540.66,1091932474.39,582222803.61,2.8416,2.1556,1.1423,2.9908,Asia Pacific,Singapore
COMP_004967,"Lawrence, Gonzalez and Hess",technology,21,4550,483668323.99,14480843.93,300519621.57,138398004.13,3.2829,2.0793,0.8537,3.2016,North America,United States
COMP_004968,ShouldTurn Group,manufacturing,30,13986,1433098789.44,252992638.2,780336445.32,206115133.15,2.9184,1.5054,0.3589,16.4927,Latin America,Brazil
COMP_004969,LearnAnything Group,retail,29,2966,478653146.6,22635268.67,261618926.79,101401466.62,3.8873,2.3512,0.6329,4.8785,Asia Pacific,Hong Kong
COMP_004970,Campbell & Martinez Group,retail,5,1655,214698312.59,23547981.53,135976532.67,66562875.45,2.8904,1.8179,0.9589,5.2839,Asia Pacific,Australia
COMP_004971,Richardson-Small,hospitality,35,770,95544967.8,5794261.03,54090468.91,27435336.39,3.805,1.9642,1.0293,5.1427,Latin America,Chile
COMP_004972,RichHope LLC,energy,32,36557,8984654401.04,1515895937.27,6504046595.75,3639514488.06,2.6039,2.1592,1.2705,7.8255,North America,Canada
COMP_004973,Simmons & Leonard Inc,transportation,36,4022,529798846.84,46340983.98,359104312.91,129799912.51,3.4989,2.1024,0.5661,6.1942,North America,United States
COMP_004974,OccurExample and Sons,manufacturing,11,11371,1417485034.69,33004093.38,1510442138.81,549408128.97,2.0086,1.3483,0.5717,2.7454,Europe,Netherlands
COMP_004975,Carter & Butler Group,healthcare,47,1259,255912013.11,40493116.98,331339252.12,132868241.89,2.948,2.5632,0.6695,5.9738,North America,United States
COMP_004976,Nguyen & Fields PLC,hospitality,4,464,89898567.27,3957004.42,88159131.52,54434181.46,1.2239,0.9759,1.6141,2.7015,North America,Canada
COMP_004977,Rodriguez Ltd,energy,30,2870,1278326164.81,136620216.2,1124959276.52,622448381.74,2.5593,1.4101,1.2387,8.1869,Europe,France
COMP_004978,Johnson & Rodgers and Sons,technology,5,691,103784037.9,9579928.04,79274986.62,29892434.23,1.2978,1.1171,0.6053,5.2163,North America,United States
COMP_004979,Miller Inc,healthcare,9,10,5938698.19,316072.67,7439892.11,4628598.58,2.6116,2.156,1.6464,2.2884,North America,United States
COMP_004980,Martinez and Sons,financial_services,22,801,205932607.73,10675956.08,114700018.21,54153617.57,3.0531,1.5686,0.8944,3.4286,Latin America,Brazil
COMP_004981,Schultz & Jordan LLC,hospitality,24,486,195479480.81,23835442.91,312783426.45,144504518.87,3.4341,2.8877,0.8587,3.0419,Asia Pacific,Japan
COMP_004982,Reed Group,energy,4,12818,2461419266.61,279617287.05,3672126465.03,1507847804.05,2.0225,1.6402,0.6967,3.2435,Europe,Netherlands
COMP_004983,Barker and Sons,retail,37,2127,332328733.33,10826461.51,270730165.08,113292196.91,2.295,1.6886,0.7196,3.3432,Latin America,Brazil
COMP_004984,WhyThat Ltd,financial_services,24,5788,4197107497.01,173295944.62,6141516285.94,2223598163.72,2.5789,2.108,0.5675,3.1601,Latin America,Brazil
COMP_004985,TendNeed PLC,hospitality,15,852,110581431.39,14984849.79,117169920.78,62124100.45,1.8944,1.399,1.1286,4.3926,Europe,Netherlands
COMP_004986,Ellis Inc,transportation,40,652,161613055.08,28599988.74,100073658.99,35352828.67,3.228,2.4956,0.5462,11.5616,Asia Pacific,Hong Kong
COMP_004987,Nguyen Inc,transportation,36,4059,730835272.96,39572167.52,457692191.17,137885673.84,2.8895,2.5197,0.4312,7.4105,Asia Pacific,Singapore
COMP_004988,Lynch Ltd,healthcare,35,5948,602250153.05,49319782.67,512418298.46,136895881.37,3.8478,2.605,0.3645,7.8427,Latin America,Brazil
COMP_004989,PullTask Inc,healthcare,4,6805,732594336.4,84206747.62,468247100.71,179024525.84,0.9266,0.5273,0.619,7.8104,Latin America,Brazil
COMP_004990,Hunt-Swanson,retail,36,3341,385333818.18,32723299.37,538236497.79,215399497.66,1.9606,1.6309,0.6672,3.6563,Latin America,Chile
COMP_004991,Morgan Ltd,healthcare,28,9446,975533315.85,115474158.95,1644679218.57,668776948.85,1.7418,1.3684,0.6853,4.5485,Latin America,Mexico
COMP_004992,SoFive Group,financial_services,20,18300,2872080767.33,484019132.63,3357327392.92,1440402462.04,1.8428,1.4708,0.7514,9.7087,Latin America,Brazil
COMP_004993,InstitutionAge and Sons,healthcare,38,1334,344932907.13,60177835.6,268752832.87,125955031.94,1.6928,1.4424,0.8821,12.3799,Asia Pacific,Japan
COMP_004994,"Scott, Delgado and Andrade",manufacturing,37,12036,1300444468.23,181515127.92,732007934.69,212971599.52,2.3589,2.117,0.4103,17.0508,Latin America,Brazil
COMP_004995,Sanford-Leon,technology,4,288,35151913.91,943976.01,53535513.75,23804057.96,3.1056,2.6853,0.8006,1.62,Latin America,Brazil
COMP_004996,OwnEvery LLC,professional_services,30,203,89791033.17,11483050.88,69783184.15,35669021.82,1.5138,1.2739,1.0456,10.6018,Latin America,Mexico
COMP_004997,"Palmer, Dickerson and Sanchez",hospitality,20,181,24756821.26,782026.93,14674850.28,6368203.89,1.0553,0.7027,0.7666,4.0533,Asia Pacific,Hong Kong
COMP_004998,Brooks Group,technology,22,1440,164593576.11,26640677.31,91532597.26,34160756.44,2.6618,2.3277,0.5954,11.5368,Asia Pacific,Australia
COMP_004999,Lewis Group,retail,30,1915,408241199.55,50442422.24,456140303.7,173979451.74,1.0716,0.9145,0.6166,5.7772,Asia Pacific,Japan
COMP_005000,Hill & Barker and Sons,transportation,29,4984,601339254.55,108124307.4,764808437.95,305528270.24,2.8507,2.2934,0.6652,12.3345,Asia Pacific,Australia
